Goon Squad Galaxy Simulator
Commands:
  help | quit(q) | end(e)
  Deploy: dN or d N (e.g. d0) | Double deploy: ddN
           Add contributors after the command, e.g. d0 0 1 1
  View: deadpool (dp)
  Pay wind: pay <amount> p1|p2:idx[,idx]
  Use ability: u <src> <abil>
    Target shorthand: uN A>targets (enemy) or uN A<targets (ally); example: u2 
0>3 4
  Inspect cards: vh hand card, vb board card, vo opponent board
  AI assist: ai 
Turn and game summaries print automatically after each end of turn.
Start flags: --ai p1|p2|both (auto-turns for AI), --auto
See: gamerules.md
Tip: Type ai to have the current player act once.
Use ai p1 or ai p2 to target a side.
Deploy with dN (you can list contributors: e.g. d0 0 1 1); end turn with e or 
end.
Turn 1 | Player: P2
                                  PCU Board P1                                  
┏━━━┳━━━━━━━━━━━━━━┳━━━━━━┳━━━━━━━━━━━━━━━━━━━━━━━━━━━━━━━━━━━━━━━━━━━━━━━━━━━━┓
┃ # ┃ Name         ┃ Wind ┃ Abilities                                          ┃
┡━━━╇━━━━━━━━━━━━━━╇━━━━━━╇━━━━━━━━━━━━━━━━━━━━━━━━━━━━━━━━━━━━━━━━━━━━━━━━━━━━┩
│ 0 │ Grim⭐✋🥩🌀 │    0 │ 0 DEFILE NATURE Remove 1 wind from any target      │
│   │              │      │ Goon.                                              │
└───┴──────────────┴──────┴────────────────────────────────────────────────────┘
                            NARC Board P2                            
┏━━━┳━━━━━━━━━━━━━━━━━━━━━━━┳━━━━━━┳━━━━━━━━━━━━━━━━━━━━━━━━━━━━━━━━┓
┃ # ┃ Name                  ┃ Wind ┃ Abilities                      ┃
┡━━━╇━━━━━━━━━━━━━━━━━━━━━━━╇━━━━━━╇━━━━━━━━━━━━━━━━━━━━━━━━━━━━━━━━┩
│ 0 │ Lokar Simmons⭐✋🥩🚨 │    0 │ 0 RESOURCEFUL [2⟲] Draw a card │
└───┴───────────────────────┴──────┴────────────────────────────────┘
Dead Pool 🥩:0 ⚙️ :0
          NARC P2 hand (6)          
┏━━━┳━━━━━━━━━━━━━━━━━━━━━━━┳━━━━━━┓
┃ # ┃ Name                  ┃ Cost ┃
┡━━━╇━━━━━━━━━━━━━━━━━━━━━━━╇━━━━━━┩
│ 0 │ MediFlux-1NDS⚙️ 🚨     │ 2⟲   │
│ 1 │ Detainment Probe⚙️ 🚨  │ 1⟲   │
│ 2 │ Sausage Droid🥩⚙️ 🚨   │ 1⟲   │
│ 3 │ Marine Marauder🥩⚙️ 🚨 │ 3⟲   │
│ 4 │ Hover Shield⚙️ 🚨      │ 2⟲   │
│ 5 │ Buzzkill🔶✋⚙️ 🚨      │ 5⟲   │
└───┴───────────────────────┴──────┘
Turn 1 ends. P2 leaves 2 goons on the board. P1 now has 1 board / 6 hand 
(retired 0); P2 has 2 board / 5 hand (retired 0). Dead Pool holds 0.
  P2 deployed Detainment Probe.
Turn 2 | Player: P1
                                 NARC Board P2                                  
┏━━━┳━━━━━━━━━━━━━━━━━━━━━━━┳━━━━━━┳━━━━━━━━━━━━━━━━━━━━━━━━━━━━━━━━━━━━━━━━━━━┓
┃ # ┃ Name                  ┃ Wind ┃ Abilities                                 ┃
┡━━━╇━━━━━━━━━━━━━━━━━━━━━━━╇━━━━━━╇━━━━━━━━━━━━━━━━━━━━━━━━━━━━━━━━━━━━━━━━━━━┩
│ 0 │ Lokar Simmons⭐✋🥩🚨 │    1 │ 0 RESOURCEFUL [2⟲] Draw a card            │
│ 1 │ Detainment Probe⚙️ 🚨  │    0 │ 0 SHACKLE BEAM [1⟲] Target Goon may not   │
│   │                       │      │ unwind, act or contribute wind to deploy  │
│   │                       │      │ next turn.                                │
└───┴───────────────────────┴──────┴───────────────────────────────────────────┘
                                  PCU Board P1                                  
┏━━━┳━━━━━━━━━━━━━━┳━━━━━━┳━━━━━━━━━━━━━━━━━━━━━━━━━━━━━━━━━━━━━━━━━━━━━━━━━━━━┓
┃ # ┃ Name         ┃ Wind ┃ Abilities                                          ┃
┡━━━╇━━━━━━━━━━━━━━╇━━━━━━╇━━━━━━━━━━━━━━━━━━━━━━━━━━━━━━━━━━━━━━━━━━━━━━━━━━━━┩
│ 0 │ Grim⭐✋🥩🌀 │    0 │ 0 DEFILE NATURE Remove 1 wind from any target      │
│   │              │      │ Goon.                                              │
└───┴──────────────┴──────┴────────────────────────────────────────────────────┘
Dead Pool 🥩:0 ⚙️ :0
           PCU P1 hand (7)           
┏━━━┳━━━━━━━━━━━━━━━━━━━━━━━━┳━━━━━━┓
┃ # ┃ Name                   ┃ Cost ┃
┡━━━╇━━━━━━━━━━━━━━━━━━━━━━━━╇━━━━━━┩
│ 0 │ Restless Natives🚫🥩🌀 │ 2⟲   │
│ 1 │ Mutt⚙️ 🌀               │ 4⟲   │
│ 2 │ Helvis🌀               │ 12⟲  │
│ 3 │ Restless Natives🚫🥩🌀 │ 2⟲   │
│ 4 │ Vex🔶✋🥩🌀            │ 4⟲   │
│ 5 │ Käsekobold🥩🌀         │ 2⟲   │
│ 6 │ Meatjacker🚫⚙️ 🌀       │ 1⚈   │
└───┴────────────────────────┴──────┘
Previous Turn
Turn 1 ends. P2 leaves 2 goons on the board. P1 now has 1 board / 6 hand 
(retired 0); P2 has 2 board / 5 hand (retired 0). Dead Pool holds 0.
  P2 deployed Detainment Probe.
could not pay wind
Turn 2 ends. P1 leaves 2 goons on the board. P1 now has 2 board / 6 hand 
(retired 0); P2 has 2 board / 5 hand (retired 0). Dead Pool holds 0.
  P1 deployed Restless Natives.
Turn 3 | Player: P2
                                  PCU Board P1                                  
┏━━━┳━━━━━━━━━━━━━━━━━━━━━━━━┳━━━━━━┳━━━━━━━━━━━━━━━━━━━━━━━━━━━━━━━━━━━━━━━━━━┓
┃ # ┃ Name                   ┃ Wind ┃ Abilities                                ┃
┡━━━╇━━━━━━━━━━━━━━━━━━━━━━━━╇━━━━━━╇━━━━━━━━━━━━━━━━━━━━━━━━━━━━━━━━━━━━━━━━━━┩
│ 0 │ Grim⭐✋🥩🌀           │    1 │ 0 DEFILE NATURE Remove 1 wind from any   │
│   │                        │      │ target Goon.                             │
│ 1 │ Restless Natives🚫🥩🌀 │    0 │ 0 MOB [1⟲] Add 1 wind to 2 target Goons  │
│   │                        │      │ 1 STEADY DRUM [1⟲] Remove 1 wind from    │
│   │                        │      │ target allied Goon.                      │
└───┴────────────────────────┴──────┴──────────────────────────────────────────┘
                                 NARC Board P2                                  
┏━━━┳━━━━━━━━━━━━━━━━━━━━━━━┳━━━━━━┳━━━━━━━━━━━━━━━━━━━━━━━━━━━━━━━━━━━━━━━━━━━┓
┃ # ┃ Name                  ┃ Wind ┃ Abilities                                 ┃
┡━━━╇━━━━━━━━━━━━━━━━━━━━━━━╇━━━━━━╇━━━━━━━━━━━━━━━━━━━━━━━━━━━━━━━━━━━━━━━━━━━┩
│ 0 │ Lokar Simmons⭐✋🥩🚨 │    0 │ 0 RESOURCEFUL [2⟲] Draw a card            │
│ 1 │ Detainment Probe⚙️ 🚨  │    0 │ 0 SHACKLE BEAM [1⟲] Target Goon may not   │
│   │                       │      │ unwind, act or contribute wind to deploy  │
│   │                       │      │ next turn.                                │
└───┴───────────────────────┴──────┴───────────────────────────────────────────┘
Dead Pool 🥩:0 ⚙️ :0
           NARC P2 hand (6)           
┏━━━┳━━━━━━━━━━━━━━━━━━━━━━━━━┳━━━━━━┓
┃ # ┃ Name                    ┃ Cost ┃
┡━━━╇━━━━━━━━━━━━━━━━━━━━━━━━━╇━━━━━━┩
│ 0 │ MediFlux-1NDS⚙️ 🚨       │ 2⟲   │
│ 1 │ Sausage Droid🥩⚙️ 🚨     │ 1⟲   │
│ 2 │ Marine Marauder🥩⚙️ 🚨   │ 3⟲   │
│ 3 │ Hover Shield⚙️ 🚨        │ 2⟲   │
│ 4 │ Buzzkill🔶✋⚙️ 🚨        │ 5⟲   │
│ 5 │ Target Marker Probe⚙️ 🚨 │ 1⟲   │
└───┴─────────────────────────┴──────┘
Previous Turn
Turn 2 ends. P1 leaves 2 goons on the board. P1 now has 2 board / 6 hand 
(retired 0); P2 has 2 board / 5 hand (retired 0). Dead Pool holds 0.
  P1 deployed Restless Natives.
Turn 3 ends. P2 leaves 3 goons on the board. P1 now has 2 board / 6 hand 
(retired 0); P2 has 3 board / 5 hand (retired 0). Dead Pool holds 0.
  P2 deployed Sausage Droid.
Turn 4 | Player: P1
                                 NARC Board P2                                  
┏━━━┳━━━━━━━━━━━━━━━━━━━━━━━┳━━━━━━┳━━━━━━━━━━━━━━━━━━━━━━━━━━━━━━━━━━━━━━━━━━━┓
┃ # ┃ Name                  ┃ Wind ┃ Abilities                                 ┃
┡━━━╇━━━━━━━━━━━━━━━━━━━━━━━╇━━━━━━╇━━━━━━━━━━━━━━━━━━━━━━━━━━━━━━━━━━━━━━━━━━━┩
│ 0 │ Lokar Simmons⭐✋🥩🚨 │    0 │ 0 RESOURCEFUL [2⟲] Draw a card            │
│ 1 │ Detainment Probe⚙️ 🚨  │    2 │ 0 SHACKLE BEAM [1⟲] Target Goon may not   │
│   │                       │      │ unwind, act or contribute wind to deploy  │
│   │                       │      │ next turn.                                │
│ 2 │ Sausage Droid🥩⚙️ 🚨   │    0 │ 0 PROCESS [1⟲ 1⚈] Burn 1 biological from  │
│   │                       │      │ Dead Pool to remove 1 wind from target    │
│   │                       │      │ Goon.                                     │
│   │                       │      │ 1 OVERCLOCKED BURST [1⟲] Banish 1         │
│   │                       │      │ mechanical from Dead Pool to add 1 wind   │
│   │                       │      │ to target Goon.                           │
└───┴───────────────────────┴──────┴───────────────────────────────────────────┘
                                  PCU Board P1                                  
┏━━━┳━━━━━━━━━━━━━━━━━━━━━━━━┳━━━━━━┳━━━━━━━━━━━━━━━━━━━━━━━━━━━━━━━━━━━━━━━━━━┓
┃ # ┃ Name                   ┃ Wind ┃ Abilities                                ┃
┡━━━╇━━━━━━━━━━━━━━━━━━━━━━━━╇━━━━━━╇━━━━━━━━━━━━━━━━━━━━━━━━━━━━━━━━━━━━━━━━━━┩
│ 0 │ Grim⭐✋🥩🌀           │    0 │ 0 DEFILE NATURE Remove 1 wind from any   │
│   │                        │      │ target Goon.                             │
│ 1 │ Restless Natives🚫🥩🌀 │    0 │ 0 MOB [1⟲] Add 1 wind to 2 target Goons  │
│   │                        │      │ 1 STEADY DRUM [1⟲] Remove 1 wind from    │
│   │                        │      │ target allied Goon.                      │
└───┴────────────────────────┴──────┴──────────────────────────────────────────┘
Dead Pool 🥩:0 ⚙️ :0
           PCU P1 hand (7)           
┏━━━┳━━━━━━━━━━━━━━━━━━━━━━━━┳━━━━━━┓
┃ # ┃ Name                   ┃ Cost ┃
┡━━━╇━━━━━━━━━━━━━━━━━━━━━━━━╇━━━━━━┩
│ 0 │ Mutt⚙️ 🌀               │ 4⟲   │
│ 1 │ Helvis🌀               │ 12⟲  │
│ 2 │ Restless Natives🚫🥩🌀 │ 2⟲   │
│ 3 │ Vex🔶✋🥩🌀            │ 4⟲   │
│ 4 │ Käsekobold🥩🌀         │ 2⟲   │
│ 5 │ Meatjacker🚫⚙️ 🌀       │ 1⚈   │
│ 6 │ Krax🔶✋🥩🌀           │ 6⟲   │
└───┴────────────────────────┴──────┘
Previous Turn
Turn 3 ends. P2 leaves 3 goons on the board. P1 now has 2 board / 6 hand 
(retired 0); P2 has 3 board / 5 hand (retired 0). Dead Pool holds 0.
  P2 deployed Sausage Droid.
could not pay wind
Turn 4 ends. P1 leaves 3 goons on the board. P1 now has 3 board / 6 hand 
(retired 0); P2 has 3 board / 5 hand (retired 0). Dead Pool holds 0.
  P1 deployed Restless Natives.
Turn 5 | Player: P2
                                  PCU Board P1                                  
┏━━━┳━━━━━━━━━━━━━━━━━━━━━━━━┳━━━━━━┳━━━━━━━━━━━━━━━━━━━━━━━━━━━━━━━━━━━━━━━━━━┓
┃ # ┃ Name                   ┃ Wind ┃ Abilities                                ┃
┡━━━╇━━━━━━━━━━━━━━━━━━━━━━━━╇━━━━━━╇━━━━━━━━━━━━━━━━━━━━━━━━━━━━━━━━━━━━━━━━━━┩
│ 0 │ Grim⭐✋🥩🌀           │    0 │ 0 DEFILE NATURE Remove 1 wind from any   │
│   │                        │      │ target Goon.                             │
│ 1 │ Restless Natives🚫🥩🌀 │    3 │ 0 MOB [1⟲] Add 1 wind to 2 target Goons  │
│   │                        │      │ 1 STEADY DRUM [1⟲] Remove 1 wind from    │
│   │                        │      │ target allied Goon.                      │
│ 2 │ Restless Natives🚫🥩🌀 │    0 │ 0 MOB [1⟲] Add 1 wind to 2 target Goons  │
│   │                        │      │ 1 STEADY DRUM [1⟲] Remove 1 wind from    │
│   │                        │      │ target allied Goon.                      │
└───┴────────────────────────┴──────┴──────────────────────────────────────────┘
                                 NARC Board P2                                  
┏━━━┳━━━━━━━━━━━━━━━━━━━━━━━┳━━━━━━┳━━━━━━━━━━━━━━━━━━━━━━━━━━━━━━━━━━━━━━━━━━━┓
┃ # ┃ Name                  ┃ Wind ┃ Abilities                                 ┃
┡━━━╇━━━━━━━━━━━━━━━━━━━━━━━╇━━━━━━╇━━━━━━━━━━━━━━━━━━━━━━━━━━━━━━━━━━━━━━━━━━━┩
│ 0 │ Lokar Simmons⭐✋🥩🚨 │    0 │ 0 RESOURCEFUL [2⟲] Draw a card            │
│ 1 │ Detainment Probe⚙️ 🚨  │    3 │ 0 SHACKLE BEAM [1⟲] Target Goon may not   │
│   │                       │      │ unwind, act or contribute wind to deploy  │
│   │                       │      │ next turn.                                │
│ 2 │ Sausage Droid🥩⚙️ 🚨   │    0 │ 0 PROCESS [1⟲ 1⚈] Burn 1 biological from  │
│   │                       │      │ Dead Pool to remove 1 wind from target    │
│   │                       │      │ Goon.                                     │
│   │                       │      │ 1 OVERCLOCKED BURST [1⟲] Banish 1         │
│   │                       │      │ mechanical from Dead Pool to add 1 wind   │
│   │                       │      │ to target Goon.                           │
└───┴───────────────────────┴──────┴───────────────────────────────────────────┘
Dead Pool 🥩:0 ⚙️ :0
           NARC P2 hand (6)           
┏━━━┳━━━━━━━━━━━━━━━━━━━━━━━━━┳━━━━━━┓
┃ # ┃ Name                    ┃ Cost ┃
┡━━━╇━━━━━━━━━━━━━━━━━━━━━━━━━╇━━━━━━┩
│ 0 │ MediFlux-1NDS⚙️ 🚨       │ 2⟲   │
│ 1 │ Marine Marauder🥩⚙️ 🚨   │ 3⟲   │
│ 2 │ Hover Shield⚙️ 🚨        │ 2⟲   │
│ 3 │ Buzzkill🔶✋⚙️ 🚨        │ 5⟲   │
│ 4 │ Target Marker Probe⚙️ 🚨 │ 1⟲   │
│ 5 │ Sentry Node⚙️ 🚨         │ 4⟲   │
└───┴─────────────────────────┴──────┘
Previous Turn
Turn 4 ends. P1 leaves 3 goons on the board. P1 now has 3 board / 6 hand 
(retired 0); P2 has 3 board / 5 hand (retired 0). Dead Pool holds 0.
  P1 deployed Restless Natives.
Turn 5 ends. P2 leaves 3 goons on the board. P1 now has 2 board / 6 hand 
(retired 1); P2 has 3 board / 5 hand (retired 1). Dead Pool holds 3.
  P2 deployed Target Marker Probe.
  P2's Detainment Probe was retired.
  Opponent (P1)'s Restless Natives was retired.
  Detainment Probe was sent to the Dead Pool.
  Detainment Probe was sent to the Dead Pool.
  Restless Natives was sent to the Dead Pool.
Turn 6 | Player: P1
                                 NARC Board P2                                  
┏━━━┳━━━━━━━━━━━━━━━━━━━━━━━━━┳━━━━━━┳━━━━━━━━━━━━━━━━━━━━━━━━━━━━━━━━━━━━━━━━━┓
┃ # ┃ Name                    ┃ Wind ┃ Abilities                               ┃
┡━━━╇━━━━━━━━━━━━━━━━━━━━━━━━━╇━━━━━━╇━━━━━━━━━━━━━━━━━━━━━━━━━━━━━━━━━━━━━━━━━┩
│ 0 │ Lokar Simmons⭐✋🥩🚨   │    0 │ 0 RESOURCEFUL [2⟲] Draw a card          │
│ 1 │ Sausage Droid🥩⚙️ 🚨     │    1 │ 0 PROCESS [1⟲ 1⚈] Burn 1 biological     │
│   │                         │      │ from Dead Pool to remove 1 wind from    │
│   │                         │      │ target Goon.                            │
│   │                         │      │ 1 OVERCLOCKED BURST [1⟲] Banish 1       │
│   │                         │      │ mechanical from Dead Pool to add 1 wind │
│   │                         │      │ to target Goon.                         │
│ 2 │ Target Marker Probe⚙️ 🚨 │    0 │ 0 MARK TARGET [1⟲] When a Goon adds     │
│   │                         │      │ wind as damage to the MARKED target     │
│   │                         │      │ this turn, increase by 1. Nob Lobber    │
│   │                         │      │ and Marine Marauder may forego wind     │
│   │                         │      │ cost when targeting only the MARKED     │
│   │                         │      │ target.                                 │
└───┴─────────────────────────┴──────┴─────────────────────────────────────────┘
                                  PCU Board P1                                  
┏━━━┳━━━━━━━━━━━━━━━━━━━━━━━━┳━━━━━━┳━━━━━━━━━━━━━━━━━━━━━━━━━━━━━━━━━━━━━━━━━━┓
┃ # ┃ Name                   ┃ Wind ┃ Abilities                                ┃
┡━━━╇━━━━━━━━━━━━━━━━━━━━━━━━╇━━━━━━╇━━━━━━━━━━━━━━━━━━━━━━━━━━━━━━━━━━━━━━━━━━┩
│ 0 │ Grim⭐✋🥩🌀           │    0 │ 0 DEFILE NATURE Remove 1 wind from any   │
│   │                        │      │ target Goon.                             │
│ 1 │ Restless Natives🚫🥩🌀 │    0 │ 0 MOB [1⟲] Add 1 wind to 2 target Goons  │
│   │                        │      │ 1 STEADY DRUM [1⟲] Remove 1 wind from    │
│   │                        │      │ target allied Goon.                      │
└───┴────────────────────────┴──────┴──────────────────────────────────────────┘
Dead Pool 🥩:1 ⚙️ :1
         PCU P1 hand (7)         
┏━━━┳━━━━━━━━━━━━━━━━━━━━┳━━━━━━┓
┃ # ┃ Name               ┃ Cost ┃
┡━━━╇━━━━━━━━━━━━━━━━━━━━╇━━━━━━┩
│ 0 │ Mutt⚙️ 🌀           │ 4⟲   │
│ 1 │ Helvis🌀           │ 12⟲  │
│ 2 │ Vex🔶✋🥩🌀        │ 4⟲   │
│ 3 │ Käsekobold🥩🌀     │ 2⟲   │
│ 4 │ Meatjacker🚫⚙️ 🌀   │ 1⚈   │
│ 5 │ Krax🔶✋🥩🌀       │ 6⟲   │
│ 6 │ Technomancer🥩⚙️ 🌀 │ 4⟲   │
└───┴────────────────────┴──────┘
Previous Turn
Turn 5 ends. P2 leaves 3 goons on the board. P1 now has 2 board / 6 hand 
(retired 1); P2 has 3 board / 5 hand (retired 1). Dead Pool holds 3.
  P2 deployed Target Marker Probe.
  P2's Detainment Probe was retired.
  Opponent (P1)'s Restless Natives was retired.
  Detainment Probe was sent to the Dead Pool.
  Detainment Probe was sent to the Dead Pool.
  Restless Natives was sent to the Dead Pool.
could not pay wind
Turn 6 ends. P1 leaves 3 goons on the board. P1 now has 3 board / 6 hand 
(retired 1); P2 has 3 board / 5 hand (retired 1). Dead Pool holds 3.
  P1 deployed Käsekobold.
Turn 7 | Player: P2
                                  PCU Board P1                                  
┏━━━┳━━━━━━━━━━━━━━━━━━━━━━━━┳━━━━━━┳━━━━━━━━━━━━━━━━━━━━━━━━━━━━━━━━━━━━━━━━━━┓
┃ # ┃ Name                   ┃ Wind ┃ Abilities                                ┃
┡━━━╇━━━━━━━━━━━━━━━━━━━━━━━━╇━━━━━━╇━━━━━━━━━━━━━━━━━━━━━━━━━━━━━━━━━━━━━━━━━━┩
│ 0 │ Grim⭐✋🥩🌀           │    0 │ 0 DEFILE NATURE Remove 1 wind from any   │
│   │                        │      │ target Goon.                             │
│ 1 │ Restless Natives🚫🥩🌀 │    3 │ 0 MOB [1⟲] Add 1 wind to 2 target Goons  │
│   │                        │      │ 1 STEADY DRUM [1⟲] Remove 1 wind from    │
│   │                        │      │ target allied Goon.                      │
│ 2 │ Käsekobold🥩🌀         │    1 │ 0 ADD NAUSEAM [1⟲] Add 1 wind to target  │
│   │                        │      │ Goon                                     │
│   │                        │      │ 1 REVOLT Add 1 wind to any Goon who      │
│   │                        │      │ targets Käsekobold with ability          │
└───┴────────────────────────┴──────┴──────────────────────────────────────────┘
                                 NARC Board P2                                  
┏━━━┳━━━━━━━━━━━━━━━━━━━━━━━━━┳━━━━━━┳━━━━━━━━━━━━━━━━━━━━━━━━━━━━━━━━━━━━━━━━━┓
┃ # ┃ Name                    ┃ Wind ┃ Abilities                               ┃
┡━━━╇━━━━━━━━━━━━━━━━━━━━━━━━━╇━━━━━━╇━━━━━━━━━━━━━━━━━━━━━━━━━━━━━━━━━━━━━━━━━┩
│ 0 │ Lokar Simmons⭐✋🥩🚨   │    0 │ 0 RESOURCEFUL [2⟲] Draw a card          │
│ 1 │ Sausage Droid🥩⚙️ 🚨     │    1 │ 0 PROCESS [1⟲ 1⚈] Burn 1 biological     │
│   │                         │      │ from Dead Pool to remove 1 wind from    │
│   │                         │      │ target Goon.                            │
│   │                         │      │ 1 OVERCLOCKED BURST [1⟲] Banish 1       │
│   │                         │      │ mechanical from Dead Pool to add 1 wind │
│   │                         │      │ to target Goon.                         │
│ 2 │ Target Marker Probe⚙️ 🚨 │    0 │ 0 MARK TARGET [1⟲] When a Goon adds     │
│   │                         │      │ wind as damage to the MARKED target     │
│   │                         │      │ this turn, increase by 1. Nob Lobber    │
│   │                         │      │ and Marine Marauder may forego wind     │
│   │                         │      │ cost when targeting only the MARKED     │
│   │                         │      │ target.                                 │
└───┴─────────────────────────┴──────┴─────────────────────────────────────────┘
Dead Pool 🥩:1 ⚙️ :1
          NARC P2 hand (6)          
┏━━━┳━━━━━━━━━━━━━━━━━━━━━━━┳━━━━━━┓
┃ # ┃ Name                  ┃ Cost ┃
┡━━━╇━━━━━━━━━━━━━━━━━━━━━━━╇━━━━━━┩
│ 0 │ MediFlux-1NDS⚙️ 🚨     │ 2⟲   │
│ 1 │ Marine Marauder🥩⚙️ 🚨 │ 3⟲   │
│ 2 │ Hover Shield⚙️ 🚨      │ 2⟲   │
│ 3 │ Buzzkill🔶✋⚙️ 🚨      │ 5⟲   │
│ 4 │ Sentry Node⚙️ 🚨       │ 4⟲   │
│ 5 │ Nob Lobber⚙️ 🚨        │ 4⟲   │
└───┴───────────────────────┴──────┘
Previous Turn
Turn 6 ends. P1 leaves 3 goons on the board. P1 now has 3 board / 6 hand 
(retired 1); P2 has 3 board / 5 hand (retired 1). Dead Pool holds 3.
  P1 deployed Käsekobold.
Turn 7 ends. P2 leaves 4 goons on the board. P1 now has 3 board / 6 hand 
(retired 1); P2 has 4 board / 5 hand (retired 1). Dead Pool holds 3.
  P2 deployed MediFlux-1NDS.
Turn 8 | Player: P1
                                 NARC Board P2                                  
┏━━━┳━━━━━━━━━━━━━━━━━━━━━━━━━┳━━━━━━┳━━━━━━━━━━━━━━━━━━━━━━━━━━━━━━━━━━━━━━━━━┓
┃ # ┃ Name                    ┃ Wind ┃ Abilities                               ┃
┡━━━╇━━━━━━━━━━━━━━━━━━━━━━━━━╇━━━━━━╇━━━━━━━━━━━━━━━━━━━━━━━━━━━━━━━━━━━━━━━━━┩
│ 0 │ Lokar Simmons⭐✋🥩🚨   │    0 │ 0 RESOURCEFUL [2⟲] Draw a card          │
│ 1 │ Sausage Droid🥩⚙️ 🚨     │    3 │ 0 PROCESS [1⟲ 1⚈] Burn 1 biological     │
│   │                         │      │ from Dead Pool to remove 1 wind from    │
│   │                         │      │ target Goon.                            │
│   │                         │      │ 1 OVERCLOCKED BURST [1⟲] Banish 1       │
│   │                         │      │ mechanical from Dead Pool to add 1 wind │
│   │                         │      │ to target Goon.                         │
│ 2 │ Target Marker Probe⚙️ 🚨 │    0 │ 0 MARK TARGET [1⟲] When a Goon adds     │
│   │                         │      │ wind as damage to the MARKED target     │
│   │                         │      │ this turn, increase by 1. Nob Lobber    │
│   │                         │      │ and Marine Marauder may forego wind     │
│   │                         │      │ cost when targeting only the MARKED     │
│   │                         │      │ target.                                 │
│ 3 │ MediFlux-1NDS⚙️ 🚨       │    0 │ 0 DORSAL CAVITY RINSE [1⟲] Remove 1     │
│   │                         │      │ wind from target Goon.                  │
└───┴─────────────────────────┴──────┴─────────────────────────────────────────┘
                                  PCU Board P1                                  
┏━━━┳━━━━━━━━━━━━━━━━━━━━━━━━┳━━━━━━┳━━━━━━━━━━━━━━━━━━━━━━━━━━━━━━━━━━━━━━━━━━┓
┃ # ┃ Name                   ┃ Wind ┃ Abilities                                ┃
┡━━━╇━━━━━━━━━━━━━━━━━━━━━━━━╇━━━━━━╇━━━━━━━━━━━━━━━━━━━━━━━━━━━━━━━━━━━━━━━━━━┩
│ 0 │ Grim⭐✋🥩🌀           │    0 │ 0 DEFILE NATURE Remove 1 wind from any   │
│   │                        │      │ target Goon.                             │
│ 1 │ Restless Natives🚫🥩🌀 │    3 │ 0 MOB [1⟲] Add 1 wind to 2 target Goons  │
│   │                        │      │ 1 STEADY DRUM [1⟲] Remove 1 wind from    │
│   │                        │      │ target allied Goon.                      │
│ 2 │ Käsekobold🥩🌀         │    0 │ 0 ADD NAUSEAM [1⟲] Add 1 wind to target  │
│   │                        │      │ Goon                                     │
│   │                        │      │ 1 REVOLT Add 1 wind to any Goon who      │
│   │                        │      │ targets Käsekobold with ability          │
└───┴────────────────────────┴──────┴──────────────────────────────────────────┘
Dead Pool 🥩:1 ⚙️ :1
         PCU P1 hand (7)         
┏━━━┳━━━━━━━━━━━━━━━━━━━━┳━━━━━━┓
┃ # ┃ Name               ┃ Cost ┃
┡━━━╇━━━━━━━━━━━━━━━━━━━━╇━━━━━━┩
│ 0 │ Mutt⚙️ 🌀           │ 4⟲   │
│ 1 │ Helvis🌀           │ 12⟲  │
│ 2 │ Vex🔶✋🥩🌀        │ 4⟲   │
│ 3 │ Meatjacker🚫⚙️ 🌀   │ 1⚈   │
│ 4 │ Krax🔶✋🥩🌀       │ 6⟲   │
│ 5 │ Technomancer🥩⚙️ 🌀 │ 4⟲   │
│ 6 │ Blood Howler⚙️ 🌀   │ 2⟲   │
└───┴────────────────────┴──────┘
Previous Turn
Turn 7 ends. P2 leaves 4 goons on the board. P1 now has 3 board / 6 hand 
(retired 1); P2 has 4 board / 5 hand (retired 1). Dead Pool holds 3.
  P2 deployed MediFlux-1NDS.
could not pay wind
Turn 8 ends. P1 leaves 3 goons on the board. P1 now has 3 board / 6 hand 
(retired 2); P2 has 3 board / 5 hand (retired 2). Dead Pool holds 6.
  P1 deployed Blood Howler.
  P1's Restless Natives was retired.
  Opponent (P2)'s Sausage Droid was retired.
  Restless Natives was sent to the Dead Pool.
  Restless Natives was sent to the Dead Pool.
  Sausage Droid was sent to the Dead Pool.
Turn 9 | Player: P2
                                  PCU Board P1                                  
┏━━━┳━━━━━━━━━━━━━━━━━━┳━━━━━━┳━━━━━━━━━━━━━━━━━━━━━━━━━━━━━━━━━━━━━━━━━━━━━━━━┓
┃ # ┃ Name             ┃ Wind ┃ Abilities                                      ┃
┡━━━╇━━━━━━━━━━━━━━━━━━╇━━━━━━╇━━━━━━━━━━━━━━━━━━━━━━━━━━━━━━━━━━━━━━━━━━━━━━━━┩
│ 0 │ Grim⭐✋🥩🌀     │    0 │ 0 DEFILE NATURE Remove 1 wind from any target  │
│   │                  │      │ Goon.                                          │
│ 1 │ Käsekobold🥩🌀   │    2 │ 0 ADD NAUSEAM [1⟲] Add 1 wind to target Goon   │
│   │                  │      │ 1 REVOLT Add 1 wind to any Goon who targets    │
│   │                  │      │ Käsekobold with ability                        │
│ 2 │ Blood Howler⚙️ 🌀 │    0 │ 0 BALLISTIC BARRAGE Distribute X wind among    │
│   │                  │      │ target Goons.                                  │
└───┴──────────────────┴──────┴────────────────────────────────────────────────┘
                                 NARC Board P2                                  
┏━━━┳━━━━━━━━━━━━━━━━━━━━━━━━━┳━━━━━━┳━━━━━━━━━━━━━━━━━━━━━━━━━━━━━━━━━━━━━━━━━┓
┃ # ┃ Name                    ┃ Wind ┃ Abilities                               ┃
┡━━━╇━━━━━━━━━━━━━━━━━━━━━━━━━╇━━━━━━╇━━━━━━━━━━━━━━━━━━━━━━━━━━━━━━━━━━━━━━━━━┩
│ 0 │ Lokar Simmons⭐✋🥩🚨   │    0 │ 0 RESOURCEFUL [2⟲] Draw a card          │
│ 1 │ Target Marker Probe⚙️ 🚨 │    0 │ 0 MARK TARGET [1⟲] When a Goon adds     │
│   │                         │      │ wind as damage to the MARKED target     │
│   │                         │      │ this turn, increase by 1. Nob Lobber    │
│   │                         │      │ and Marine Marauder may forego wind     │
│   │                         │      │ cost when targeting only the MARKED     │
│   │                         │      │ target.                                 │
│ 2 │ MediFlux-1NDS⚙️ 🚨       │    0 │ 0 DORSAL CAVITY RINSE [1⟲] Remove 1     │
│   │                         │      │ wind from target Goon.                  │
└───┴─────────────────────────┴──────┴─────────────────────────────────────────┘
Dead Pool 🥩:4 ⚙️ :2
          NARC P2 hand (6)          
┏━━━┳━━━━━━━━━━━━━━━━━━━━━━━┳━━━━━━┓
┃ # ┃ Name                  ┃ Cost ┃
┡━━━╇━━━━━━━━━━━━━━━━━━━━━━━╇━━━━━━┩
│ 0 │ Marine Marauder🥩⚙️ 🚨 │ 3⟲   │
│ 1 │ Hover Shield⚙️ 🚨      │ 2⟲   │
│ 2 │ Buzzkill🔶✋⚙️ 🚨      │ 5⟲   │
│ 3 │ Sentry Node⚙️ 🚨       │ 4⟲   │
│ 4 │ Nob Lobber⚙️ 🚨        │ 4⟲   │
│ 5 │ Impact Simulant⚙️ 🚨   │ -    │
└───┴───────────────────────┴──────┘
Previous Turn
Turn 8 ends. P1 leaves 3 goons on the board. P1 now has 3 board / 6 hand 
(retired 2); P2 has 3 board / 5 hand (retired 2). Dead Pool holds 6.
  P1 deployed Blood Howler.
  P1's Restless Natives was retired.
  Opponent (P2)'s Sausage Droid was retired.
  Restless Natives was sent to the Dead Pool.
  Restless Natives was sent to the Dead Pool.
  Sausage Droid was sent to the Dead Pool.
Turn 9 ends. P2 leaves 4 goons on the board. P1 now has 3 board / 6 hand 
(retired 2); P2 has 4 board / 5 hand (retired 2). Dead Pool holds 6.
  P2 deployed Impact Simulant.
Turn 10 | Player: P1
                                 NARC Board P2                                  
┏━━━┳━━━━━━━━━━━━━━━━━━━━━━━━━┳━━━━━━┳━━━━━━━━━━━━━━━━━━━━━━━━━━━━━━━━━━━━━━━━━┓
┃ # ┃ Name                    ┃ Wind ┃ Abilities                               ┃
┡━━━╇━━━━━━━━━━━━━━━━━━━━━━━━━╇━━━━━━╇━━━━━━━━━━━━━━━━━━━━━━━━━━━━━━━━━━━━━━━━━┩
│ 0 │ Lokar Simmons⭐✋🥩🚨   │    0 │ 0 RESOURCEFUL [2⟲] Draw a card          │
│ 1 │ Target Marker Probe⚙️ 🚨 │    0 │ 0 MARK TARGET [1⟲] When a Goon adds     │
│   │                         │      │ wind as damage to the MARKED target     │
│   │                         │      │ this turn, increase by 1. Nob Lobber    │
│   │                         │      │ and Marine Marauder may forego wind     │
│   │                         │      │ cost when targeting only the MARKED     │
│   │                         │      │ target.                                 │
│ 2 │ MediFlux-1NDS⚙️ 🚨       │    0 │ 0 DORSAL CAVITY RINSE [1⟲] Remove 1     │
│   │                         │      │ wind from target Goon.                  │
│ 3 │ Impact Simulant⚙️ 🚨     │    0 │ -                                       │
└───┴─────────────────────────┴──────┴─────────────────────────────────────────┘
                                  PCU Board P1                                  
┏━━━┳━━━━━━━━━━━━━━━━━━┳━━━━━━┳━━━━━━━━━━━━━━━━━━━━━━━━━━━━━━━━━━━━━━━━━━━━━━━━┓
┃ # ┃ Name             ┃ Wind ┃ Abilities                                      ┃
┡━━━╇━━━━━━━━━━━━━━━━━━╇━━━━━━╇━━━━━━━━━━━━━━━━━━━━━━━━━━━━━━━━━━━━━━━━━━━━━━━━┩
│ 0 │ Grim⭐✋🥩🌀     │    0 │ 0 DEFILE NATURE Remove 1 wind from any target  │
│   │                  │      │ Goon.                                          │
│ 1 │ Käsekobold🥩🌀   │    1 │ 0 ADD NAUSEAM [1⟲] Add 1 wind to target Goon   │
│   │                  │      │ 1 REVOLT Add 1 wind to any Goon who targets    │
│   │                  │      │ Käsekobold with ability                        │
│ 2 │ Blood Howler⚙️ 🌀 │    0 │ 0 BALLISTIC BARRAGE Distribute X wind among    │
│   │                  │      │ target Goons.                                  │
└───┴──────────────────┴──────┴────────────────────────────────────────────────┘
Dead Pool 🥩:4 ⚙️ :2
         PCU P1 hand (7)         
┏━━━┳━━━━━━━━━━━━━━━━━━━━┳━━━━━━┓
┃ # ┃ Name               ┃ Cost ┃
┡━━━╇━━━━━━━━━━━━━━━━━━━━╇━━━━━━┩
│ 0 │ Mutt⚙️ 🌀           │ 4⟲   │
│ 1 │ Helvis🌀           │ 12⟲  │
│ 2 │ Vex🔶✋🥩🌀        │ 4⟲   │
│ 3 │ Meatjacker🚫⚙️ 🌀   │ 1⚈   │
│ 4 │ Krax🔶✋🥩🌀       │ 6⟲   │
│ 5 │ Technomancer🥩⚙️ 🌀 │ 4⟲   │
│ 6 │ Mutt⚙️ 🌀           │ 4⟲   │
└───┴────────────────────┴──────┘
Previous Turn
Turn 9 ends. P2 leaves 4 goons on the board. P1 now has 3 board / 6 hand 
(retired 2); P2 has 4 board / 5 hand (retired 2). Dead Pool holds 6.
  P2 deployed Impact Simulant.
could not pay wind
cannot deploy: requires Krax on your board
Turn 10 ends. P1 leaves 3 goons on the board. P1 now has 3 board / 6 hand 
(retired 3); P2 has 4 board / 5 hand (retired 2). Dead Pool holds 8.
  P1 deployed Vex.
  P1's Käsekobold was retired.
  Käsekobold was sent to the Dead Pool.
  Käsekobold was sent to the Dead Pool.
Turn 11 | Player: P2
                                  PCU Board P1                                  
┏━━━┳━━━━━━━━━━━━━━━━━━┳━━━━━━┳━━━━━━━━━━━━━━━━━━━━━━━━━━━━━━━━━━━━━━━━━━━━━━━━┓
┃ # ┃ Name             ┃ Wind ┃ Abilities                                      ┃
┡━━━╇━━━━━━━━━━━━━━━━━━╇━━━━━━╇━━━━━━━━━━━━━━━━━━━━━━━━━━━━━━━━━━━━━━━━━━━━━━━━┩
│ 0 │ Grim⭐✋🥩🌀     │    0 │ 0 DEFILE NATURE Remove 1 wind from any target  │
│   │                  │      │ Goon.                                          │
│ 1 │ Blood Howler⚙️ 🌀 │    1 │ 0 BALLISTIC BARRAGE Distribute X wind among    │
│   │                  │      │ target Goons.                                  │
│ 2 │ Vex🔶✋🥩🌀      │    0 │ 0 PLINK Add 1 wind to target Goon              │
│   │                  │      │ 1 SNIPE [2⟲] Add 2 wind to target Goon         │
│   │                  │      │ 2 DOME [3⟲] Destroy target Goon.               │
└───┴──────────────────┴──────┴────────────────────────────────────────────────┘
                                 NARC Board P2                                  
┏━━━┳━━━━━━━━━━━━━━━━━━━━━━━━━┳━━━━━━┳━━━━━━━━━━━━━━━━━━━━━━━━━━━━━━━━━━━━━━━━━┓
┃ # ┃ Name                    ┃ Wind ┃ Abilities                               ┃
┡━━━╇━━━━━━━━━━━━━━━━━━━━━━━━━╇━━━━━━╇━━━━━━━━━━━━━━━━━━━━━━━━━━━━━━━━━━━━━━━━━┩
│ 0 │ Lokar Simmons⭐✋🥩🚨   │    0 │ 0 RESOURCEFUL [2⟲] Draw a card          │
│ 1 │ Target Marker Probe⚙️ 🚨 │    0 │ 0 MARK TARGET [1⟲] When a Goon adds     │
│   │                         │      │ wind as damage to the MARKED target     │
│   │                         │      │ this turn, increase by 1. Nob Lobber    │
│   │                         │      │ and Marine Marauder may forego wind     │
│   │                         │      │ cost when targeting only the MARKED     │
│   │                         │      │ target.                                 │
│ 2 │ MediFlux-1NDS⚙️ 🚨       │    0 │ 0 DORSAL CAVITY RINSE [1⟲] Remove 1     │
│   │                         │      │ wind from target Goon.                  │
│ 3 │ Impact Simulant⚙️ 🚨     │    0 │ -                                       │
└───┴─────────────────────────┴──────┴─────────────────────────────────────────┘
Dead Pool 🥩:6 ⚙️ :2
          NARC P2 hand (6)          
┏━━━┳━━━━━━━━━━━━━━━━━━━━━━━┳━━━━━━┓
┃ # ┃ Name                  ┃ Cost ┃
┡━━━╇━━━━━━━━━━━━━━━━━━━━━━━╇━━━━━━┩
│ 0 │ Marine Marauder🥩⚙️ 🚨 │ 3⟲   │
│ 1 │ Hover Shield⚙️ 🚨      │ 2⟲   │
│ 2 │ Buzzkill🔶✋⚙️ 🚨      │ 5⟲   │
│ 3 │ Sentry Node⚙️ 🚨       │ 4⟲   │
│ 4 │ Nob Lobber⚙️ 🚨        │ 4⟲   │
│ 5 │ Killjoy🔶✋⚙️ 🚨       │ 4⟲   │
└───┴───────────────────────┴──────┘
Previous Turn
Turn 10 ends. P1 leaves 3 goons on the board. P1 now has 3 board / 6 hand 
(retired 3); P2 has 4 board / 5 hand (retired 2). Dead Pool holds 8.
  P1 deployed Vex.
  P1's Käsekobold was retired.
  Käsekobold was sent to the Dead Pool.
  Käsekobold was sent to the Dead Pool.
Turn 11 ends. P2 leaves 5 goons on the board. P1 now has 3 board / 6 hand 
(retired 3); P2 has 5 board / 5 hand (retired 2). Dead Pool holds 8.
  P2 deployed Hover Shield.
Turn 12 | Player: P1
                                 NARC Board P2                                  
┏━━━┳━━━━━━━━━━━━━━━━━━━━━━━━━┳━━━━━━┳━━━━━━━━━━━━━━━━━━━━━━━━━━━━━━━━━━━━━━━━━┓
┃ # ┃ Name                    ┃ Wind ┃ Abilities                               ┃
┡━━━╇━━━━━━━━━━━━━━━━━━━━━━━━━╇━━━━━━╇━━━━━━━━━━━━━━━━━━━━━━━━━━━━━━━━━━━━━━━━━┩
│ 0 │ Lokar Simmons⭐✋🥩🚨   │    0 │ 0 RESOURCEFUL [2⟲] Draw a card          │
│ 1 │ Target Marker Probe⚙️ 🚨 │    2 │ 0 MARK TARGET [1⟲] When a Goon adds     │
│   │                         │      │ wind as damage to the MARKED target     │
│   │                         │      │ this turn, increase by 1. Nob Lobber    │
│   │                         │      │ and Marine Marauder may forego wind     │
│   │                         │      │ cost when targeting only the MARKED     │
│   │                         │      │ target.                                 │
│ 2 │ MediFlux-1NDS⚙️ 🚨       │    0 │ 0 DORSAL CAVITY RINSE [1⟲] Remove 1     │
│   │                         │      │ wind from target Goon.                  │
│ 3 │ Impact Simulant⚙️ 🚨     │    0 │ -                                       │
│ 4 │ Hover Shield⚙️ 🚨        │    0 │ 0 COVER [1⟲] Target Goon may not be     │
│   │                         │      │ targeted by enemy Goon abilities until  │
│   │                         │      │ the beginning of player's next turn.    │
└───┴─────────────────────────┴──────┴─────────────────────────────────────────┘
                                  PCU Board P1                                  
┏━━━┳━━━━━━━━━━━━━━━━━━┳━━━━━━┳━━━━━━━━━━━━━━━━━━━━━━━━━━━━━━━━━━━━━━━━━━━━━━━━┓
┃ # ┃ Name             ┃ Wind ┃ Abilities                                      ┃
┡━━━╇━━━━━━━━━━━━━━━━━━╇━━━━━━╇━━━━━━━━━━━━━━━━━━━━━━━━━━━━━━━━━━━━━━━━━━━━━━━━┩
│ 0 │ Grim⭐✋🥩🌀     │    0 │ 0 DEFILE NATURE Remove 1 wind from any target  │
│   │                  │      │ Goon.                                          │
│ 1 │ Blood Howler⚙️ 🌀 │    0 │ 0 BALLISTIC BARRAGE Distribute X wind among    │
│   │                  │      │ target Goons.                                  │
│ 2 │ Vex🔶✋🥩🌀      │    0 │ 0 PLINK Add 1 wind to target Goon              │
│   │                  │      │ 1 SNIPE [2⟲] Add 2 wind to target Goon         │
│   │                  │      │ 2 DOME [3⟲] Destroy target Goon.               │
└───┴──────────────────┴──────┴────────────────────────────────────────────────┘
Dead Pool 🥩:6 ⚙️ :2
         PCU P1 hand (7)         
┏━━━┳━━━━━━━━━━━━━━━━━━━━┳━━━━━━┓
┃ # ┃ Name               ┃ Cost ┃
┡━━━╇━━━━━━━━━━━━━━━━━━━━╇━━━━━━┩
│ 0 │ Mutt⚙️ 🌀           │ 4⟲   │
│ 1 │ Helvis🌀           │ 12⟲  │
│ 2 │ Meatjacker🚫⚙️ 🌀   │ 1⚈   │
│ 3 │ Krax🔶✋🥩🌀       │ 6⟲   │
│ 4 │ Technomancer🥩⚙️ 🌀 │ 4⟲   │
│ 5 │ Mutt⚙️ 🌀           │ 4⟲   │
│ 6 │ Dragoon⚙️ 🌀        │ 6⟲   │
└───┴────────────────────┴──────┘
Previous Turn
Turn 11 ends. P2 leaves 5 goons on the board. P1 now has 3 board / 6 hand 
(retired 3); P2 has 5 board / 5 hand (retired 2). Dead Pool holds 8.
  P2 deployed Hover Shield.
could not pay wind
cannot deploy: requires Krax on your board
Turn 12 ends. P1 leaves 3 goons on the board. P1 now has 3 board / 6 hand 
(retired 4); P2 has 5 board / 5 hand (retired 2). Dead Pool holds 10.
  P1 deployed Technomancer.
  P1's Blood Howler was retired.
  Blood Howler was sent to the Dead Pool.
  Blood Howler was sent to the Dead Pool.
Turn 13 | Player: P2
                                  PCU Board P1                                  
┏━━━┳━━━━━━━━━━━━━━━━━━━━┳━━━━━━┳━━━━━━━━━━━━━━━━━━━━━━━━━━━━━━━━━━━━━━━━━━━━━━┓
┃ # ┃ Name               ┃ Wind ┃ Abilities                                    ┃
┡━━━╇━━━━━━━━━━━━━━━━━━━━╇━━━━━━╇━━━━━━━━━━━━━━━━━━━━━━━━━━━━━━━━━━━━━━━━━━━━━━┩
│ 0 │ Grim⭐✋🥩🌀       │    0 │ 0 DEFILE NATURE Remove 1 wind from any       │
│   │                    │      │ target Goon.                                 │
│ 1 │ Vex🔶✋🥩🌀        │    3 │ 0 PLINK Add 1 wind to target Goon            │
│   │                    │      │ 1 SNIPE [2⟲] Add 2 wind to target Goon       │
│   │                    │      │ 2 DOME [3⟲] Destroy target Goon.             │
│ 2 │ Technomancer🥩⚙️ 🌀 │    0 │ 0 RAISE [1⟲ 1⚈] Goon with meat from Dead     │
│   │                    │      │ Pool enters play under player's control.     │
│   │                    │      │ 1 RECYCLE [1⟲ 1⛭] Goon with gear from Dead   │
│   │                    │      │ Pool enters play under player's control.     │
└───┴────────────────────┴──────┴──────────────────────────────────────────────┘
                                 NARC Board P2                                  
┏━━━┳━━━━━━━━━━━━━━━━━━━━━━━━━┳━━━━━━┳━━━━━━━━━━━━━━━━━━━━━━━━━━━━━━━━━━━━━━━━━┓
┃ # ┃ Name                    ┃ Wind ┃ Abilities                               ┃
┡━━━╇━━━━━━━━━━━━━━━━━━━━━━━━━╇━━━━━━╇━━━━━━━━━━━━━━━━━━━━━━━━━━━━━━━━━━━━━━━━━┩
│ 0 │ Lokar Simmons⭐✋🥩🚨   │    0 │ 0 RESOURCEFUL [2⟲] Draw a card          │
│ 1 │ Target Marker Probe⚙️ 🚨 │    1 │ 0 MARK TARGET [1⟲] When a Goon adds     │
│   │                         │      │ wind as damage to the MARKED target     │
│   │                         │      │ this turn, increase by 1. Nob Lobber    │
│   │                         │      │ and Marine Marauder may forego wind     │
│   │                         │      │ cost when targeting only the MARKED     │
│   │                         │      │ target.                                 │
│ 2 │ MediFlux-1NDS⚙️ 🚨       │    0 │ 0 DORSAL CAVITY RINSE [1⟲] Remove 1     │
│   │                         │      │ wind from target Goon.                  │
│ 3 │ Impact Simulant⚙️ 🚨     │    0 │ -                                       │
│ 4 │ Hover Shield⚙️ 🚨        │    0 │ 0 COVER [1⟲] Target Goon may not be     │
│   │                         │      │ targeted by enemy Goon abilities until  │
│   │                         │      │ the beginning of player's next turn.    │
└───┴─────────────────────────┴──────┴─────────────────────────────────────────┘
Dead Pool 🥩:6 ⚙️ :4
          NARC P2 hand (6)          
┏━━━┳━━━━━━━━━━━━━━━━━━━━━━━┳━━━━━━┓
┃ # ┃ Name                  ┃ Cost ┃
┡━━━╇━━━━━━━━━━━━━━━━━━━━━━━╇━━━━━━┩
│ 0 │ Marine Marauder🥩⚙️ 🚨 │ 3⟲   │
│ 1 │ Buzzkill🔶✋⚙️ 🚨      │ 5⟲   │
│ 2 │ Sentry Node⚙️ 🚨       │ 4⟲   │
│ 3 │ Nob Lobber⚙️ 🚨        │ 4⟲   │
│ 4 │ Killjoy🔶✋⚙️ 🚨       │ 4⟲   │
│ 5 │ K-9.0⚙️ 🚨             │ 3⟲   │
└───┴───────────────────────┴──────┘
Previous Turn
Turn 12 ends. P1 leaves 3 goons on the board. P1 now has 3 board / 6 hand 
(retired 4); P2 has 5 board / 5 hand (retired 2). Dead Pool holds 10.
  P1 deployed Technomancer.
  P1's Blood Howler was retired.
  Blood Howler was sent to the Dead Pool.
  Blood Howler was sent to the Dead Pool.
Turn 13 ends. P2 leaves 5 goons on the board. P1 now has 3 board / 6 hand 
(retired 4); P2 has 5 board / 5 hand (retired 3). Dead Pool holds 12.
  P2 deployed Marine Marauder.
  P2's Target Marker Probe was retired.
  Target Marker Probe was sent to the Dead Pool.
  Target Marker Probe was sent to the Dead Pool.
Turn 14 | Player: P1
                                 NARC Board P2                                  
┏━━━┳━━━━━━━━━━━━━━━━━━━━━━━┳━━━━━━┳━━━━━━━━━━━━━━━━━━━━━━━━━━━━━━━━━━━━━━━━━━━┓
┃ # ┃ Name                  ┃ Wind ┃ Abilities                                 ┃
┡━━━╇━━━━━━━━━━━━━━━━━━━━━━━╇━━━━━━╇━━━━━━━━━━━━━━━━━━━━━━━━━━━━━━━━━━━━━━━━━━━┩
│ 0 │ Lokar Simmons⭐✋🥩🚨 │    0 │ 0 RESOURCEFUL [2⟲] Draw a card            │
│ 1 │ MediFlux-1NDS⚙️ 🚨     │    0 │ 0 DORSAL CAVITY RINSE [1⟲] Remove 1 wind  │
│   │                       │      │ from target Goon.                         │
│ 2 │ Impact Simulant⚙️ 🚨   │    0 │ -                                         │
│ 3 │ Hover Shield⚙️ 🚨      │    0 │ 0 COVER [1⟲] Target Goon may not be       │
│   │                       │      │ targeted by enemy Goon abilities until    │
│   │                       │      │ the beginning of player's next turn.      │
│ 4 │ Marine Marauder🥩⚙️ 🚨 │    0 │ 0 PRECISION STRIKE [1⟲] Add 1 wind to     │
│   │                       │      │ target Goon.                              │
│   │                       │      │ 1 ORDINANCE ARRAY [3⟲] Distribute 3 wind  │
│   │                       │      │ among 3 target Goons.                     │
└───┴───────────────────────┴──────┴───────────────────────────────────────────┘
                                  PCU Board P1                                  
┏━━━┳━━━━━━━━━━━━━━━━━━━━┳━━━━━━┳━━━━━━━━━━━━━━━━━━━━━━━━━━━━━━━━━━━━━━━━━━━━━━┓
┃ # ┃ Name               ┃ Wind ┃ Abilities                                    ┃
┡━━━╇━━━━━━━━━━━━━━━━━━━━╇━━━━━━╇━━━━━━━━━━━━━━━━━━━━━━━━━━━━━━━━━━━━━━━━━━━━━━┩
│ 0 │ Grim⭐✋🥩🌀       │    0 │ 0 DEFILE NATURE Remove 1 wind from any       │
│   │                    │      │ target Goon.                                 │
│ 1 │ Vex🔶✋🥩🌀        │    2 │ 0 PLINK Add 1 wind to target Goon            │
│   │                    │      │ 1 SNIPE [2⟲] Add 2 wind to target Goon       │
│   │                    │      │ 2 DOME [3⟲] Destroy target Goon.             │
│ 2 │ Technomancer🥩⚙️ 🌀 │    0 │ 0 RAISE [1⟲ 1⚈] Goon with meat from Dead     │
│   │                    │      │ Pool enters play under player's control.     │
│   │                    │      │ 1 RECYCLE [1⟲ 1⛭] Goon with gear from Dead   │
│   │                    │      │ Pool enters play under player's control.     │
└───┴────────────────────┴──────┴──────────────────────────────────────────────┘
Dead Pool 🥩:6 ⚙️ :6
        PCU P1 hand (7)        
┏━━━┳━━━━━━━━━━━━━━━━━━┳━━━━━━┓
┃ # ┃ Name             ┃ Cost ┃
┡━━━╇━━━━━━━━━━━━━━━━━━╇━━━━━━┩
│ 0 │ Mutt⚙️ 🌀         │ 4⟲   │
│ 1 │ Helvis🌀         │ 12⟲  │
│ 2 │ Meatjacker🚫⚙️ 🌀 │ 1⚈   │
│ 3 │ Krax🔶✋🥩🌀     │ 6⟲   │
│ 4 │ Mutt⚙️ 🌀         │ 4⟲   │
│ 5 │ Dragoon⚙️ 🌀      │ 6⟲   │
│ 6 │ Mutt⚙️ 🌀         │ 4⟲   │
└───┴──────────────────┴──────┘
Previous Turn
Turn 13 ends. P2 leaves 5 goons on the board. P1 now has 3 board / 6 hand 
(retired 4); P2 has 5 board / 5 hand (retired 3). Dead Pool holds 12.
  P2 deployed Marine Marauder.
  P2's Target Marker Probe was retired.
  Target Marker Probe was sent to the Dead Pool.
  Target Marker Probe was sent to the Dead Pool.
could not pay wind
cannot deploy: requires Krax on your board
cannot deploy: requires Krax on your board
cannot deploy: requires Krax on your board
Turn 14 ends. P1 leaves 2 goons on the board. P1 now has 2 board / 6 hand 
(retired 6); P2 has 5 board / 5 hand (retired 3). Dead Pool holds 16.
  P1 deployed Krax.
  P1's Vex was retired.
  P1's Technomancer was retired.
  Vex was sent to the Dead Pool.
  Vex was sent to the Dead Pool.
  Technomancer was sent to the Dead Pool.
  Technomancer was sent to the Dead Pool.
Turn 15 | Player: P2
                                  PCU Board P1                                  
┏━━━┳━━━━━━━━━━━━━━┳━━━━━━┳━━━━━━━━━━━━━━━━━━━━━━━━━━━━━━━━━━━━━━━━━━━━━━━━━━━━┓
┃ # ┃ Name         ┃ Wind ┃ Abilities                                          ┃
┡━━━╇━━━━━━━━━━━━━━╇━━━━━━╇━━━━━━━━━━━━━━━━━━━━━━━━━━━━━━━━━━━━━━━━━━━━━━━━━━━━┩
│ 0 │ Grim⭐✋🥩🌀 │    1 │ 0 DEFILE NATURE Remove 1 wind from any target      │
│   │              │      │ Goon.                                              │
│ 1 │ Krax🔶✋🥩🌀 │    0 │ 0 BASH IN SKULL [1⟲] Add 2 wind to target Goon     │
│   │              │      │ 1 CHAIN REACTION If BASH IN SKULL destroys a Goon, │
│   │              │      │ Krax may add 2 wind to another target Goon. This   │
│   │              │      │ may chain as long as it is able.                   │
└───┴──────────────┴──────┴────────────────────────────────────────────────────┘
                                 NARC Board P2                                  
┏━━━┳━━━━━━━━━━━━━━━━━━━━━━━┳━━━━━━┳━━━━━━━━━━━━━━━━━━━━━━━━━━━━━━━━━━━━━━━━━━━┓
┃ # ┃ Name                  ┃ Wind ┃ Abilities                                 ┃
┡━━━╇━━━━━━━━━━━━━━━━━━━━━━━╇━━━━━━╇━━━━━━━━━━━━━━━━━━━━━━━━━━━━━━━━━━━━━━━━━━━┩
│ 0 │ Lokar Simmons⭐✋🥩🚨 │    0 │ 0 RESOURCEFUL [2⟲] Draw a card            │
│ 1 │ MediFlux-1NDS⚙️ 🚨     │    0 │ 0 DORSAL CAVITY RINSE [1⟲] Remove 1 wind  │
│   │                       │      │ from target Goon.                         │
│ 2 │ Impact Simulant⚙️ 🚨   │    0 │ -                                         │
│ 3 │ Hover Shield⚙️ 🚨      │    0 │ 0 COVER [1⟲] Target Goon may not be       │
│   │                       │      │ targeted by enemy Goon abilities until    │
│   │                       │      │ the beginning of player's next turn.      │
│ 4 │ Marine Marauder🥩⚙️ 🚨 │    0 │ 0 PRECISION STRIKE [1⟲] Add 1 wind to     │
│   │                       │      │ target Goon.                              │
│   │                       │      │ 1 ORDINANCE ARRAY [3⟲] Distribute 3 wind  │
│   │                       │      │ among 3 target Goons.                     │
└───┴───────────────────────┴──────┴───────────────────────────────────────────┘
Dead Pool 🥩:10 ⚙️ :8
          NARC P2 hand (6)          
┏━━━┳━━━━━━━━━━━━━━━━━━━━━━━┳━━━━━━┓
┃ # ┃ Name                  ┃ Cost ┃
┡━━━╇━━━━━━━━━━━━━━━━━━━━━━━╇━━━━━━┩
│ 0 │ Buzzkill🔶✋⚙️ 🚨      │ 5⟲   │
│ 1 │ Sentry Node⚙️ 🚨       │ 4⟲   │
│ 2 │ Nob Lobber⚙️ 🚨        │ 4⟲   │
│ 3 │ Killjoy🔶✋⚙️ 🚨       │ 4⟲   │
│ 4 │ K-9.0⚙️ 🚨             │ 3⟲   │
│ 5 │ Shield Array Node⚙️ 🚨 │ 2⟲   │
└───┴───────────────────────┴──────┘
Previous Turn
Turn 14 ends. P1 leaves 2 goons on the board. P1 now has 2 board / 6 hand 
(retired 6); P2 has 5 board / 5 hand (retired 3). Dead Pool holds 16.
  P1 deployed Krax.
  P1's Vex was retired.
  P1's Technomancer was retired.
  Vex was sent to the Dead Pool.
  Vex was sent to the Dead Pool.
  Technomancer was sent to the Dead Pool.
  Technomancer was sent to the Dead Pool.
Turn 15 ends. P2 leaves 6 goons on the board. P1 now has 2 board / 6 hand 
(retired 6); P2 has 6 board / 5 hand (retired 3). Dead Pool holds 16.
  P2 deployed Shield Array Node.
Turn 16 | Player: P1
                                 NARC Board P2                                  
┏━━━┳━━━━━━━━━━━━━━━━━━━━━━━┳━━━━━━┳━━━━━━━━━━━━━━━━━━━━━━━━━━━━━━━━━━━━━━━━━━━┓
┃ # ┃ Name                  ┃ Wind ┃ Abilities                                 ┃
┡━━━╇━━━━━━━━━━━━━━━━━━━━━━━╇━━━━━━╇━━━━━━━━━━━━━━━━━━━━━━━━━━━━━━━━━━━━━━━━━━━┩
│ 0 │ Lokar Simmons⭐✋🥩🚨 │    0 │ 0 RESOURCEFUL [2⟲] Draw a card            │
│ 1 │ MediFlux-1NDS⚙️ 🚨     │    2 │ 0 DORSAL CAVITY RINSE [1⟲] Remove 1 wind  │
│   │                       │      │ from target Goon.                         │
│ 2 │ Impact Simulant⚙️ 🚨   │    0 │ -                                         │
│ 3 │ Hover Shield⚙️ 🚨      │    0 │ 0 COVER [1⟲] Target Goon may not be       │
│   │                       │      │ targeted by enemy Goon abilities until    │
│   │                       │      │ the beginning of player's next turn.      │
│ 4 │ Marine Marauder🥩⚙️ 🚨 │    1 │ 0 PRECISION STRIKE [1⟲] Add 1 wind to     │
│   │                       │      │ target Goon.                              │
│   │                       │      │ 1 ORDINANCE ARRAY [3⟲] Distribute 3 wind  │
│   │                       │      │ among 3 target Goons.                     │
│ 5 │ Shield Array Node⚙️ 🚨 │    0 │ 0 FORTIFICATION NETWORK While 2+ Shield   │
│   │                       │      │ Array Nodes are in play, Player's Goons   │
│   │                       │      │ may not be the target of negative         │
│   │                       │      │ effects.                                  │
│   │                       │      │ 1 SURGE BARRIER [1⟲] Banish 1 mechanical  │
│   │                       │      │ from Dead Pool to give allied Goons       │
│   │                       │      │ Resist until end of turn.                 │
└───┴───────────────────────┴──────┴───────────────────────────────────────────┘
                                  PCU Board P1                                  
┏━━━┳━━━━━━━━━━━━━━┳━━━━━━┳━━━━━━━━━━━━━━━━━━━━━━━━━━━━━━━━━━━━━━━━━━━━━━━━━━━━┓
┃ # ┃ Name         ┃ Wind ┃ Abilities                                          ┃
┡━━━╇━━━━━━━━━━━━━━╇━━━━━━╇━━━━━━━━━━━━━━━━━━━━━━━━━━━━━━━━━━━━━━━━━━━━━━━━━━━━┩
│ 0 │ Grim⭐✋🥩🌀 │    0 │ 0 DEFILE NATURE Remove 1 wind from any target      │
│   │              │      │ Goon.                                              │
│ 1 │ Krax🔶✋🥩🌀 │    0 │ 0 BASH IN SKULL [1⟲] Add 2 wind to target Goon     │
│   │              │      │ 1 CHAIN REACTION If BASH IN SKULL destroys a Goon, │
│   │              │      │ Krax may add 2 wind to another target Goon. This   │
│   │              │      │ may chain as long as it is able.                   │
└───┴──────────────┴──────┴────────────────────────────────────────────────────┘
Dead Pool 🥩:10 ⚙️ :8
           PCU P1 hand (7)           
┏━━━┳━━━━━━━━━━━━━━━━━━━━━━━━┳━━━━━━┓
┃ # ┃ Name                   ┃ Cost ┃
┡━━━╇━━━━━━━━━━━━━━━━━━━━━━━━╇━━━━━━┩
│ 0 │ Mutt⚙️ 🌀               │ 4⟲   │
│ 1 │ Helvis🌀               │ 12⟲  │
│ 2 │ Meatjacker🚫⚙️ 🌀       │ 1⚈   │
│ 3 │ Mutt⚙️ 🌀               │ 4⟲   │
│ 4 │ Dragoon⚙️ 🌀            │ 6⟲   │
│ 5 │ Mutt⚙️ 🌀               │ 4⟲   │
│ 6 │ Restless Natives🚫🥩🌀 │ 2⟲   │
└───┴────────────────────────┴──────┘
Previous Turn
Turn 15 ends. P2 leaves 6 goons on the board. P1 now has 2 board / 6 hand 
(retired 6); P2 has 6 board / 5 hand (retired 3). Dead Pool holds 16.
  P2 deployed Shield Array Node.
could not pay wind
Turn 16 ends. P1 leaves 3 goons on the board. P1 now has 3 board / 6 hand 
(retired 6); P2 has 5 board / 5 hand (retired 4). Dead Pool holds 17.
  P1 deployed Restless Natives.
  Opponent (P2)'s MediFlux-1NDS was retired.
  MediFlux-1NDS was sent to the Dead Pool.
Turn 17 | Player: P2
                                  PCU Board P1                                  
┏━━━┳━━━━━━━━━━━━━━━━━━━━━━━━┳━━━━━━┳━━━━━━━━━━━━━━━━━━━━━━━━━━━━━━━━━━━━━━━━━━┓
┃ # ┃ Name                   ┃ Wind ┃ Abilities                                ┃
┡━━━╇━━━━━━━━━━━━━━━━━━━━━━━━╇━━━━━━╇━━━━━━━━━━━━━━━━━━━━━━━━━━━━━━━━━━━━━━━━━━┩
│ 0 │ Grim⭐✋🥩🌀           │    0 │ 0 DEFILE NATURE Remove 1 wind from any   │
│   │                        │      │ target Goon.                             │
│ 1 │ Krax🔶✋🥩🌀           │    3 │ 0 BASH IN SKULL [1⟲] Add 2 wind to       │
│   │                        │      │ target Goon                              │
│   │                        │      │ 1 CHAIN REACTION If BASH IN SKULL        │
│   │                        │      │ destroys a Goon, Krax may add 2 wind to  │
│   │                        │      │ another target Goon. This may chain as   │
│   │                        │      │ long as it is able.                      │
│ 2 │ Restless Natives🚫🥩🌀 │    0 │ 0 MOB [1⟲] Add 1 wind to 2 target Goons  │
│   │                        │      │ 1 STEADY DRUM [1⟲] Remove 1 wind from    │
│   │                        │      │ target allied Goon.                      │
└───┴────────────────────────┴──────┴──────────────────────────────────────────┘
                                 NARC Board P2                                  
┏━━━┳━━━━━━━━━━━━━━━━━━━━━━━┳━━━━━━┳━━━━━━━━━━━━━━━━━━━━━━━━━━━━━━━━━━━━━━━━━━━┓
┃ # ┃ Name                  ┃ Wind ┃ Abilities                                 ┃
┡━━━╇━━━━━━━━━━━━━━━━━━━━━━━╇━━━━━━╇━━━━━━━━━━━━━━━━━━━━━━━━━━━━━━━━━━━━━━━━━━━┩
│ 0 │ Lokar Simmons⭐✋🥩🚨 │    0 │ 0 RESOURCEFUL [2⟲] Draw a card            │
│ 1 │ Impact Simulant⚙️ 🚨   │    0 │ -                                         │
│ 2 │ Hover Shield⚙️ 🚨      │    0 │ 0 COVER [1⟲] Target Goon may not be       │
│   │                       │      │ targeted by enemy Goon abilities until    │
│   │                       │      │ the beginning of player's next turn.      │
│ 3 │ Marine Marauder🥩⚙️ 🚨 │    0 │ 0 PRECISION STRIKE [1⟲] Add 1 wind to     │
│   │                       │      │ target Goon.                              │
│   │                       │      │ 1 ORDINANCE ARRAY [3⟲] Distribute 3 wind  │
│   │                       │      │ among 3 target Goons.                     │
│ 4 │ Shield Array Node⚙️ 🚨 │    0 │ 0 FORTIFICATION NETWORK While 2+ Shield   │
│   │                       │      │ Array Nodes are in play, Player's Goons   │
│   │                       │      │ may not be the target of negative         │
│   │                       │      │ effects.                                  │
│   │                       │      │ 1 SURGE BARRIER [1⟲] Banish 1 mechanical  │
│   │                       │      │ from Dead Pool to give allied Goons       │
│   │                       │      │ Resist until end of turn.                 │
└───┴───────────────────────┴──────┴───────────────────────────────────────────┘
Dead Pool 🥩:10 ⚙️ :9
          NARC P2 hand (6)           
┏━━━┳━━━━━━━━━━━━━━━━━━━━━━━━┳━━━━━━┓
┃ # ┃ Name                   ┃ Cost ┃
┡━━━╇━━━━━━━━━━━━━━━━━━━━━━━━╇━━━━━━┩
│ 0 │ Buzzkill🔶✋⚙️ 🚨       │ 5⟲   │
│ 1 │ Sentry Node⚙️ 🚨        │ 4⟲   │
│ 2 │ Nob Lobber⚙️ 🚨         │ 4⟲   │
│ 3 │ Killjoy🔶✋⚙️ 🚨        │ 4⟲   │
│ 4 │ K-9.0⚙️ 🚨              │ 3⟲   │
│ 5 │ Compliance Auditon⚙️ 🚨 │ 1⟲   │
└───┴────────────────────────┴──────┘
Previous Turn
Turn 16 ends. P1 leaves 3 goons on the board. P1 now has 3 board / 6 hand 
(retired 6); P2 has 5 board / 5 hand (retired 4). Dead Pool holds 17.
  P1 deployed Restless Natives.
  Opponent (P2)'s MediFlux-1NDS was retired.
  MediFlux-1NDS was sent to the Dead Pool.
Turn 17 ends. P2 leaves 6 goons on the board. P1 now has 3 board / 6 hand 
(retired 6); P2 has 6 board / 5 hand (retired 4). Dead Pool holds 17.
  P2 deployed Compliance Auditon.
Turn 18 | Player: P1
                                 NARC Board P2                                  
┏━━━┳━━━━━━━━━━━━━━━━━━━━━━━━┳━━━━━━┳━━━━━━━━━━━━━━━━━━━━━━━━━━━━━━━━━━━━━━━━━━┓
┃ # ┃ Name                   ┃ Wind ┃ Abilities                                ┃
┡━━━╇━━━━━━━━━━━━━━━━━━━━━━━━╇━━━━━━╇━━━━━━━━━━━━━━━━━━━━━━━━━━━━━━━━━━━━━━━━━━┩
│ 0 │ Lokar Simmons⭐✋🥩🚨  │    0 │ 0 RESOURCEFUL [2⟲] Draw a card           │
│ 1 │ Impact Simulant⚙️ 🚨    │    1 │ -                                        │
│ 2 │ Hover Shield⚙️ 🚨       │    0 │ 0 COVER [1⟲] Target Goon may not be      │
│   │                        │      │ targeted by enemy Goon abilities until   │
│   │                        │      │ the beginning of player's next turn.     │
│ 3 │ Marine Marauder🥩⚙️ 🚨  │    1 │ 0 PRECISION STRIKE [1⟲] Add 1 wind to    │
│   │                        │      │ target Goon.                             │
│   │                        │      │ 1 ORDINANCE ARRAY [3⟲] Distribute 3 wind │
│   │                        │      │ among 3 target Goons.                    │
│ 4 │ Shield Array Node⚙️ 🚨  │    0 │ 0 FORTIFICATION NETWORK While 2+ Shield  │
│   │                        │      │ Array Nodes are in play, Player's Goons  │
│   │                        │      │ may not be the target of negative        │
│   │                        │      │ effects.                                 │
│   │                        │      │ 1 SURGE BARRIER [1⟲] Banish 1 mechanical │
│   │                        │      │ from Dead Pool to give allied Goons      │
│   │                        │      │ Resist until end of turn.                │
│ 5 │ Compliance Auditon⚙️ 🚨 │    0 │ 0 LITIGIOUS GRIDLOCK [1⟲] Target goon    │
│   │                        │      │ does not unwind in its next unwind       │
│   │                        │      │ phase.                                   │
└───┴────────────────────────┴──────┴──────────────────────────────────────────┘
                                  PCU Board P1                                  
┏━━━┳━━━━━━━━━━━━━━━━━━━━━━━━┳━━━━━━┳━━━━━━━━━━━━━━━━━━━━━━━━━━━━━━━━━━━━━━━━━━┓
┃ # ┃ Name                   ┃ Wind ┃ Abilities                                ┃
┡━━━╇━━━━━━━━━━━━━━━━━━━━━━━━╇━━━━━━╇━━━━━━━━━━━━━━━━━━━━━━━━━━━━━━━━━━━━━━━━━━┩
│ 0 │ Grim⭐✋🥩🌀           │    0 │ 0 DEFILE NATURE Remove 1 wind from any   │
│   │                        │      │ target Goon.                             │
│ 1 │ Krax🔶✋🥩🌀           │    2 │ 0 BASH IN SKULL [1⟲] Add 2 wind to       │
│   │                        │      │ target Goon                              │
│   │                        │      │ 1 CHAIN REACTION If BASH IN SKULL        │
│   │                        │      │ destroys a Goon, Krax may add 2 wind to  │
│   │                        │      │ another target Goon. This may chain as   │
│   │                        │      │ long as it is able.                      │
│ 2 │ Restless Natives🚫🥩🌀 │    0 │ 0 MOB [1⟲] Add 1 wind to 2 target Goons  │
│   │                        │      │ 1 STEADY DRUM [1⟲] Remove 1 wind from    │
│   │                        │      │ target allied Goon.                      │
└───┴────────────────────────┴──────┴──────────────────────────────────────────┘
Dead Pool 🥩:10 ⚙️ :9
        PCU P1 hand (7)        
┏━━━┳━━━━━━━━━━━━━━━━━━┳━━━━━━┓
┃ # ┃ Name             ┃ Cost ┃
┡━━━╇━━━━━━━━━━━━━━━━━━╇━━━━━━┩
│ 0 │ Mutt⚙️ 🌀         │ 4⟲   │
│ 1 │ Helvis🌀         │ 12⟲  │
│ 2 │ Meatjacker🚫⚙️ 🌀 │ 1⚈   │
│ 3 │ Mutt⚙️ 🌀         │ 4⟲   │
│ 4 │ Dragoon⚙️ 🌀      │ 6⟲   │
│ 5 │ Mutt⚙️ 🌀         │ 4⟲   │
│ 6 │ Mutt⚙️ 🌀         │ 4⟲   │
└───┴──────────────────┴──────┘
Previous Turn
Turn 17 ends. P2 leaves 6 goons on the board. P1 now has 3 board / 6 hand 
(retired 6); P2 has 6 board / 5 hand (retired 4). Dead Pool holds 17.
  P2 deployed Compliance Auditon.
could not pay wind
Turn 18 ends. P1 leaves 3 goons on the board. P1 now has 3 board / 6 hand 
(retired 7); P2 has 6 board / 5 hand (retired 4). Dead Pool holds 19.
  P1 deployed Mutt.
  P1's Krax was retired.
  Krax was sent to the Dead Pool.
  Krax was sent to the Dead Pool.
Turn 19 | Player: P2
                                  PCU Board P1                                  
┏━━━┳━━━━━━━━━━━━━━━━━━━━━━━━┳━━━━━━┳━━━━━━━━━━━━━━━━━━━━━━━━━━━━━━━━━━━━━━━━━━┓
┃ # ┃ Name                   ┃ Wind ┃ Abilities                                ┃
┡━━━╇━━━━━━━━━━━━━━━━━━━━━━━━╇━━━━━━╇━━━━━━━━━━━━━━━━━━━━━━━━━━━━━━━━━━━━━━━━━━┩
│ 0 │ Grim⭐✋🥩🌀           │    0 │ 0 DEFILE NATURE Remove 1 wind from any   │
│   │                        │      │ target Goon.                             │
│ 1 │ Restless Natives🚫🥩🌀 │    3 │ 0 MOB [1⟲] Add 1 wind to 2 target Goons  │
│   │                        │      │ 1 STEADY DRUM [1⟲] Remove 1 wind from    │
│   │                        │      │ target allied Goon.                      │
│ 2 │ Mutt⚙️ 🌀               │    0 │ 0 MAUL [1⟲] Add 1 wind to target Goon    │
│   │                        │      │ 1 MANS BEST FIEND [4⟲] Some or all wind  │
│   │                        │      │ applied to Krax as damage from enemy     │
│   │                        │      │ Goon ability may be applied to Mutt      │
│   │                        │      │ instead. If Krax is destroyed, Mutt is   │
│   │                        │      │ destroyed.                               │
└───┴────────────────────────┴──────┴──────────────────────────────────────────┘
                                 NARC Board P2                                  
┏━━━┳━━━━━━━━━━━━━━━━━━━━━━━━┳━━━━━━┳━━━━━━━━━━━━━━━━━━━━━━━━━━━━━━━━━━━━━━━━━━┓
┃ # ┃ Name                   ┃ Wind ┃ Abilities                                ┃
┡━━━╇━━━━━━━━━━━━━━━━━━━━━━━━╇━━━━━━╇━━━━━━━━━━━━━━━━━━━━━━━━━━━━━━━━━━━━━━━━━━┩
│ 0 │ Lokar Simmons⭐✋🥩🚨  │    0 │ 0 RESOURCEFUL [2⟲] Draw a card           │
│ 1 │ Impact Simulant⚙️ 🚨    │    0 │ -                                        │
│ 2 │ Hover Shield⚙️ 🚨       │    0 │ 0 COVER [1⟲] Target Goon may not be      │
│   │                        │      │ targeted by enemy Goon abilities until   │
│   │                        │      │ the beginning of player's next turn.     │
│ 3 │ Marine Marauder🥩⚙️ 🚨  │    1 │ 0 PRECISION STRIKE [1⟲] Add 1 wind to    │
│   │                        │      │ target Goon.                             │
│   │                        │      │ 1 ORDINANCE ARRAY [3⟲] Distribute 3 wind │
│   │                        │      │ among 3 target Goons.                    │
│ 4 │ Shield Array Node⚙️ 🚨  │    0 │ 0 FORTIFICATION NETWORK While 2+ Shield  │
│   │                        │      │ Array Nodes are in play, Player's Goons  │
│   │                        │      │ may not be the target of negative        │
│   │                        │      │ effects.                                 │
│   │                        │      │ 1 SURGE BARRIER [1⟲] Banish 1 mechanical │
│   │                        │      │ from Dead Pool to give allied Goons      │
│   │                        │      │ Resist until end of turn.                │
│ 5 │ Compliance Auditon⚙️ 🚨 │    0 │ 0 LITIGIOUS GRIDLOCK [1⟲] Target goon    │
│   │                        │      │ does not unwind in its next unwind       │
│   │                        │      │ phase.                                   │
└───┴────────────────────────┴──────┴──────────────────────────────────────────┘
Dead Pool 🥩:12 ⚙️ :9
       NARC P2 hand (6)        
┏━━━┳━━━━━━━━━━━━━━━━━━┳━━━━━━┓
┃ # ┃ Name             ┃ Cost ┃
┡━━━╇━━━━━━━━━━━━━━━━━━╇━━━━━━┩
│ 0 │ Buzzkill🔶✋⚙️ 🚨 │ 5⟲   │
│ 1 │ Sentry Node⚙️ 🚨  │ 4⟲   │
│ 2 │ Nob Lobber⚙️ 🚨   │ 4⟲   │
│ 3 │ Killjoy🔶✋⚙️ 🚨  │ 4⟲   │
│ 4 │ K-9.0⚙️ 🚨        │ 3⟲   │
│ 5 │ Hover Shield⚙️ 🚨 │ 2⟲   │
└───┴──────────────────┴──────┘
Previous Turn
Turn 18 ends. P1 leaves 3 goons on the board. P1 now has 3 board / 6 hand 
(retired 7); P2 has 6 board / 5 hand (retired 4). Dead Pool holds 19.
  P1 deployed Mutt.
  P1's Krax was retired.
  Krax was sent to the Dead Pool.
  Krax was sent to the Dead Pool.
Turn 19 ends. P2 leaves 7 goons on the board. P1 now has 2 board / 6 hand 
(retired 8); P2 has 7 board / 5 hand (retired 4). Dead Pool holds 20.
  P2 deployed Hover Shield.
  Opponent (P1)'s Restless Natives was retired.
  Restless Natives was sent to the Dead Pool.
Turn 20 | Player: P1
                                 NARC Board P2                                  
┏━━━┳━━━━━━━━━━━━━━━━━━━━━━━━┳━━━━━━┳━━━━━━━━━━━━━━━━━━━━━━━━━━━━━━━━━━━━━━━━━━┓
┃ # ┃ Name                   ┃ Wind ┃ Abilities                                ┃
┡━━━╇━━━━━━━━━━━━━━━━━━━━━━━━╇━━━━━━╇━━━━━━━━━━━━━━━━━━━━━━━━━━━━━━━━━━━━━━━━━━┩
│ 0 │ Lokar Simmons⭐✋🥩🚨  │    0 │ 0 RESOURCEFUL [2⟲] Draw a card           │
│ 1 │ Impact Simulant⚙️ 🚨    │    2 │ -                                        │
│ 2 │ Hover Shield⚙️ 🚨       │    0 │ 0 COVER [1⟲] Target Goon may not be      │
│   │                        │      │ targeted by enemy Goon abilities until   │
│   │                        │      │ the beginning of player's next turn.     │
│ 3 │ Marine Marauder🥩⚙️ 🚨  │    2 │ 0 PRECISION STRIKE [1⟲] Add 1 wind to    │
│   │                        │      │ target Goon.                             │
│   │                        │      │ 1 ORDINANCE ARRAY [3⟲] Distribute 3 wind │
│   │                        │      │ among 3 target Goons.                    │
│ 4 │ Shield Array Node⚙️ 🚨  │    0 │ 0 FORTIFICATION NETWORK While 2+ Shield  │
│   │                        │      │ Array Nodes are in play, Player's Goons  │
│   │                        │      │ may not be the target of negative        │
│   │                        │      │ effects.                                 │
│   │                        │      │ 1 SURGE BARRIER [1⟲] Banish 1 mechanical │
│   │                        │      │ from Dead Pool to give allied Goons      │
│   │                        │      │ Resist until end of turn.                │
│ 5 │ Compliance Auditon⚙️ 🚨 │    0 │ 0 LITIGIOUS GRIDLOCK [1⟲] Target goon    │
│   │                        │      │ does not unwind in its next unwind       │
│   │                        │      │ phase.                                   │
│ 6 │ Hover Shield⚙️ 🚨       │    0 │ 0 COVER [1⟲] Target Goon may not be      │
│   │                        │      │ targeted by enemy Goon abilities until   │
│   │                        │      │ the beginning of player's next turn.     │
└───┴────────────────────────┴──────┴──────────────────────────────────────────┘
                                  PCU Board P1                                  
┏━━━┳━━━━━━━━━━━━━━┳━━━━━━┳━━━━━━━━━━━━━━━━━━━━━━━━━━━━━━━━━━━━━━━━━━━━━━━━━━━━┓
┃ # ┃ Name         ┃ Wind ┃ Abilities                                          ┃
┡━━━╇━━━━━━━━━━━━━━╇━━━━━━╇━━━━━━━━━━━━━━━━━━━━━━━━━━━━━━━━━━━━━━━━━━━━━━━━━━━━┩
│ 0 │ Grim⭐✋🥩🌀 │    0 │ 0 DEFILE NATURE Remove 1 wind from any target      │
│   │              │      │ Goon.                                              │
│ 1 │ Mutt⚙️ 🌀     │    0 │ 0 MAUL [1⟲] Add 1 wind to target Goon              │
│   │              │      │ 1 MANS BEST FIEND [4⟲] Some or all wind applied to │
│   │              │      │ Krax as damage from enemy Goon ability may be      │
│   │              │      │ applied to Mutt instead. If Krax is destroyed,     │
│   │              │      │ Mutt is destroyed.                                 │
└───┴──────────────┴──────┴────────────────────────────────────────────────────┘
Dead Pool 🥩:13 ⚙️ :9
        PCU P1 hand (7)        
┏━━━┳━━━━━━━━━━━━━━━━━━┳━━━━━━┓
┃ # ┃ Name             ┃ Cost ┃
┡━━━╇━━━━━━━━━━━━━━━━━━╇━━━━━━┩
│ 0 │ Helvis🌀         │ 12⟲  │
│ 1 │ Meatjacker🚫⚙️ 🌀 │ 1⚈   │
│ 2 │ Mutt⚙️ 🌀         │ 4⟲   │
│ 3 │ Dragoon⚙️ 🌀      │ 6⟲   │
│ 4 │ Mutt⚙️ 🌀         │ 4⟲   │
│ 5 │ Mutt⚙️ 🌀         │ 4⟲   │
│ 6 │ Nives⚙️ 🌀        │ 4⟲   │
└───┴──────────────────┴──────┘
Previous Turn
Turn 19 ends. P2 leaves 7 goons on the board. P1 now has 2 board / 6 hand 
(retired 8); P2 has 7 board / 5 hand (retired 4). Dead Pool holds 20.
  P2 deployed Hover Shield.
  Opponent (P1)'s Restless Natives was retired.
  Restless Natives was sent to the Dead Pool.
could not pay wind
cannot deploy: requires Krax on your board
cannot deploy: requires Krax on your board
cannot deploy: requires Krax on your board
cannot deploy: requires Vex on your board
cannot deploy: requires Krax on your board
Turn 20 ends. P1 leaves 2 goons on the board. P1 now has 2 board / 7 hand 
(retired 8); P2 has 7 board / 5 hand (retired 4). Dead Pool holds 20.
  No notable card changes.
Turn 21 | Player: P2
                                  PCU Board P1                                  
┏━━━┳━━━━━━━━━━━━━━┳━━━━━━┳━━━━━━━━━━━━━━━━━━━━━━━━━━━━━━━━━━━━━━━━━━━━━━━━━━━━┓
┃ # ┃ Name         ┃ Wind ┃ Abilities                                          ┃
┡━━━╇━━━━━━━━━━━━━━╇━━━━━━╇━━━━━━━━━━━━━━━━━━━━━━━━━━━━━━━━━━━━━━━━━━━━━━━━━━━━┩
│ 0 │ Grim⭐✋🥩🌀 │    0 │ 0 DEFILE NATURE Remove 1 wind from any target      │
│   │              │      │ Goon.                                              │
│ 1 │ Mutt⚙️ 🌀     │    1 │ 0 MAUL [1⟲] Add 1 wind to target Goon              │
│   │              │      │ 1 MANS BEST FIEND [4⟲] Some or all wind applied to │
│   │              │      │ Krax as damage from enemy Goon ability may be      │
│   │              │      │ applied to Mutt instead. If Krax is destroyed,     │
│   │              │      │ Mutt is destroyed.                                 │
└───┴──────────────┴──────┴────────────────────────────────────────────────────┘
                                 NARC Board P2                                  
┏━━━┳━━━━━━━━━━━━━━━━━━━━━━━━┳━━━━━━┳━━━━━━━━━━━━━━━━━━━━━━━━━━━━━━━━━━━━━━━━━━┓
┃ # ┃ Name                   ┃ Wind ┃ Abilities                                ┃
┡━━━╇━━━━━━━━━━━━━━━━━━━━━━━━╇━━━━━━╇━━━━━━━━━━━━━━━━━━━━━━━━━━━━━━━━━━━━━━━━━━┩
│ 0 │ Lokar Simmons⭐✋🥩🚨  │    0 │ 0 RESOURCEFUL [2⟲] Draw a card           │
│ 1 │ Impact Simulant⚙️ 🚨    │    1 │ -                                        │
│ 2 │ Hover Shield⚙️ 🚨       │    0 │ 0 COVER [1⟲] Target Goon may not be      │
│   │                        │      │ targeted by enemy Goon abilities until   │
│   │                        │      │ the beginning of player's next turn.     │
│ 3 │ Marine Marauder🥩⚙️ 🚨  │    2 │ 0 PRECISION STRIKE [1⟲] Add 1 wind to    │
│   │                        │      │ target Goon.                             │
│   │                        │      │ 1 ORDINANCE ARRAY [3⟲] Distribute 3 wind │
│   │                        │      │ among 3 target Goons.                    │
│ 4 │ Shield Array Node⚙️ 🚨  │    0 │ 0 FORTIFICATION NETWORK While 2+ Shield  │
│   │                        │      │ Array Nodes are in play, Player's Goons  │
│   │                        │      │ may not be the target of negative        │
│   │                        │      │ effects.                                 │
│   │                        │      │ 1 SURGE BARRIER [1⟲] Banish 1 mechanical │
│   │                        │      │ from Dead Pool to give allied Goons      │
│   │                        │      │ Resist until end of turn.                │
│ 5 │ Compliance Auditon⚙️ 🚨 │    0 │ 0 LITIGIOUS GRIDLOCK [1⟲] Target goon    │
│   │                        │      │ does not unwind in its next unwind       │
│   │                        │      │ phase.                                   │
│ 6 │ Hover Shield⚙️ 🚨       │    0 │ 0 COVER [1⟲] Target Goon may not be      │
│   │                        │      │ targeted by enemy Goon abilities until   │
│   │                        │      │ the beginning of player's next turn.     │
└───┴────────────────────────┴──────┴──────────────────────────────────────────┘
Dead Pool 🥩:13 ⚙️ :9
       NARC P2 hand (6)        
┏━━━┳━━━━━━━━━━━━━━━━━━┳━━━━━━┓
┃ # ┃ Name             ┃ Cost ┃
┡━━━╇━━━━━━━━━━━━━━━━━━╇━━━━━━┩
│ 0 │ Buzzkill🔶✋⚙️ 🚨 │ 5⟲   │
│ 1 │ Sentry Node⚙️ 🚨  │ 4⟲   │
│ 2 │ Nob Lobber⚙️ 🚨   │ 4⟲   │
│ 3 │ Killjoy🔶✋⚙️ 🚨  │ 4⟲   │
│ 4 │ K-9.0⚙️ 🚨        │ 3⟲   │
│ 5 │ Narcstar🚨       │ 12⟲  │
└───┴──────────────────┴──────┘
Previous Turn
Turn 20 ends. P1 leaves 2 goons on the board. P1 now has 2 board / 7 hand 
(retired 8); P2 has 7 board / 5 hand (retired 4). Dead Pool holds 20.
  No notable card changes.
Turn 21 ends. P2 leaves 7 goons on the board. P1 now has 2 board / 7 hand 
(retired 8); P2 has 7 board / 5 hand (retired 5). Dead Pool holds 22.
  P2 deployed K-9.0.
  P2's Impact Simulant was retired.
  Impact Simulant was sent to the Dead Pool.
  Impact Simulant was sent to the Dead Pool.
Turn 22 | Player: P1
                                 NARC Board P2                                  
┏━━━┳━━━━━━━━━━━━━━━━━━━━━━━━┳━━━━━━┳━━━━━━━━━━━━━━━━━━━━━━━━━━━━━━━━━━━━━━━━━━┓
┃ # ┃ Name                   ┃ Wind ┃ Abilities                                ┃
┡━━━╇━━━━━━━━━━━━━━━━━━━━━━━━╇━━━━━━╇━━━━━━━━━━━━━━━━━━━━━━━━━━━━━━━━━━━━━━━━━━┩
│ 0 │ Lokar Simmons⭐✋🥩🚨  │    0 │ 0 RESOURCEFUL [2⟲] Draw a card           │
│ 1 │ Hover Shield⚙️ 🚨       │    0 │ 0 COVER [1⟲] Target Goon may not be      │
│   │                        │      │ targeted by enemy Goon abilities until   │
│   │                        │      │ the beginning of player's next turn.     │
│ 2 │ Marine Marauder🥩⚙️ 🚨  │    3 │ 0 PRECISION STRIKE [1⟲] Add 1 wind to    │
│   │                        │      │ target Goon.                             │
│   │                        │      │ 1 ORDINANCE ARRAY [3⟲] Distribute 3 wind │
│   │                        │      │ among 3 target Goons.                    │
│ 3 │ Shield Array Node⚙️ 🚨  │    0 │ 0 FORTIFICATION NETWORK While 2+ Shield  │
│   │                        │      │ Array Nodes are in play, Player's Goons  │
│   │                        │      │ may not be the target of negative        │
│   │                        │      │ effects.                                 │
│   │                        │      │ 1 SURGE BARRIER [1⟲] Banish 1 mechanical │
│   │                        │      │ from Dead Pool to give allied Goons      │
│   │                        │      │ Resist until end of turn.                │
│ 4 │ Compliance Auditon⚙️ 🚨 │    0 │ 0 LITIGIOUS GRIDLOCK [1⟲] Target goon    │
│   │                        │      │ does not unwind in its next unwind       │
│   │                        │      │ phase.                                   │
│ 5 │ Hover Shield⚙️ 🚨       │    0 │ 0 COVER [1⟲] Target Goon may not be      │
│   │                        │      │ targeted by enemy Goon abilities until   │
│   │                        │      │ the beginning of player's next turn.     │
│ 6 │ K-9.0⚙️ 🚨              │    0 │ 0 SCAN FOR VULNERABILITY [2⟲] A goon may │
│   │                        │      │ use an ability twice on the scanned      │
│   │                        │      │ target this turn.                        │
└───┴────────────────────────┴──────┴──────────────────────────────────────────┘
                                  PCU Board P1                                  
┏━━━┳━━━━━━━━━━━━━━┳━━━━━━┳━━━━━━━━━━━━━━━━━━━━━━━━━━━━━━━━━━━━━━━━━━━━━━━━━━━━┓
┃ # ┃ Name         ┃ Wind ┃ Abilities                                          ┃
┡━━━╇━━━━━━━━━━━━━━╇━━━━━━╇━━━━━━━━━━━━━━━━━━━━━━━━━━━━━━━━━━━━━━━━━━━━━━━━━━━━┩
│ 0 │ Grim⭐✋🥩🌀 │    0 │ 0 DEFILE NATURE Remove 1 wind from any target      │
│   │              │      │ Goon.                                              │
│ 1 │ Mutt⚙️ 🌀     │    1 │ 0 MAUL [1⟲] Add 1 wind to target Goon              │
│   │              │      │ 1 MANS BEST FIEND [4⟲] Some or all wind applied to │
│   │              │      │ Krax as damage from enemy Goon ability may be      │
│   │              │      │ applied to Mutt instead. If Krax is destroyed,     │
│   │              │      │ Mutt is destroyed.                                 │
└───┴──────────────┴──────┴────────────────────────────────────────────────────┘
Dead Pool 🥩:13 ⚙️ :11
        PCU P1 hand (8)        
┏━━━┳━━━━━━━━━━━━━━━━━━┳━━━━━━┓
┃ # ┃ Name             ┃ Cost ┃
┡━━━╇━━━━━━━━━━━━━━━━━━╇━━━━━━┩
│ 0 │ Helvis🌀         │ 12⟲  │
│ 1 │ Meatjacker🚫⚙️ 🌀 │ 1⚈   │
│ 2 │ Mutt⚙️ 🌀         │ 4⟲   │
│ 3 │ Dragoon⚙️ 🌀      │ 6⟲   │
│ 4 │ Mutt⚙️ 🌀         │ 4⟲   │
│ 5 │ Mutt⚙️ 🌀         │ 4⟲   │
│ 6 │ Nives⚙️ 🌀        │ 4⟲   │
│ 7 │ Void Freak🚫🥩🌀 │ 1⟲   │
└───┴──────────────────┴──────┘
Previous Turn
Turn 21 ends. P2 leaves 7 goons on the board. P1 now has 2 board / 7 hand 
(retired 8); P2 has 7 board / 5 hand (retired 5). Dead Pool holds 22.
  P2 deployed K-9.0.
  P2's Impact Simulant was retired.
  Impact Simulant was sent to the Dead Pool.
  Impact Simulant was sent to the Dead Pool.
could not pay wind
Turn 22 ends. P1 leaves 3 goons on the board. P1 now has 3 board / 7 hand 
(retired 8); P2 has 6 board / 5 hand (retired 6). Dead Pool holds 23.
  P1 deployed Void Freak.
  Opponent (P2)'s Marine Marauder was retired.
  Marine Marauder was sent to the Dead Pool.
Turn 23 | Player: P2
                                  PCU Board P1                                  
┏━━━┳━━━━━━━━━━━━━━━━━━┳━━━━━━┳━━━━━━━━━━━━━━━━━━━━━━━━━━━━━━━━━━━━━━━━━━━━━━━━┓
┃ # ┃ Name             ┃ Wind ┃ Abilities                                      ┃
┡━━━╇━━━━━━━━━━━━━━━━━━╇━━━━━━╇━━━━━━━━━━━━━━━━━━━━━━━━━━━━━━━━━━━━━━━━━━━━━━━━┩
│ 0 │ Grim⭐✋🥩🌀     │    0 │ 0 DEFILE NATURE Remove 1 wind from any target  │
│   │                  │      │ Goon.                                          │
│ 1 │ Mutt⚙️ 🌀         │    3 │ 0 MAUL [1⟲] Add 1 wind to target Goon          │
│   │                  │      │ 1 MANS BEST FIEND [4⟲] Some or all wind        │
│   │                  │      │ applied to Krax as damage from enemy Goon      │
│   │                  │      │ ability may be applied to Mutt instead. If     │
│   │                  │      │ Krax is destroyed, Mutt is destroyed.          │
│ 2 │ Void Freak🚫🥩🌀 │    0 │ 0 THRASHING VAULT [1⟲] Add 1 wind to target    │
│   │                  │      │ Goon. Must always use this ability on owners   │
│   │                  │      │ turn if able                                   │
│   │                  │      │ 1 BLOODLUST Must attack if able.               │
└───┴──────────────────┴──────┴────────────────────────────────────────────────┘
                                 NARC Board P2                                  
┏━━━┳━━━━━━━━━━━━━━━━━━━━━━━━┳━━━━━━┳━━━━━━━━━━━━━━━━━━━━━━━━━━━━━━━━━━━━━━━━━━┓
┃ # ┃ Name                   ┃ Wind ┃ Abilities                                ┃
┡━━━╇━━━━━━━━━━━━━━━━━━━━━━━━╇━━━━━━╇━━━━━━━━━━━━━━━━━━━━━━━━━━━━━━━━━━━━━━━━━━┩
│ 0 │ Lokar Simmons⭐✋🥩🚨  │    0 │ 0 RESOURCEFUL [2⟲] Draw a card           │
│ 1 │ Hover Shield⚙️ 🚨       │    0 │ 0 COVER [1⟲] Target Goon may not be      │
│   │                        │      │ targeted by enemy Goon abilities until   │
│   │                        │      │ the beginning of player's next turn.     │
│ 2 │ Shield Array Node⚙️ 🚨  │    0 │ 0 FORTIFICATION NETWORK While 2+ Shield  │
│   │                        │      │ Array Nodes are in play, Player's Goons  │
│   │                        │      │ may not be the target of negative        │
│   │                        │      │ effects.                                 │
│   │                        │      │ 1 SURGE BARRIER [1⟲] Banish 1 mechanical │
│   │                        │      │ from Dead Pool to give allied Goons      │
│   │                        │      │ Resist until end of turn.                │
│ 3 │ Compliance Auditon⚙️ 🚨 │    0 │ 0 LITIGIOUS GRIDLOCK [1⟲] Target goon    │
│   │                        │      │ does not unwind in its next unwind       │
│   │                        │      │ phase.                                   │
│ 4 │ Hover Shield⚙️ 🚨       │    0 │ 0 COVER [1⟲] Target Goon may not be      │
│   │                        │      │ targeted by enemy Goon abilities until   │
│   │                        │      │ the beginning of player's next turn.     │
│ 5 │ K-9.0⚙️ 🚨              │    0 │ 0 SCAN FOR VULNERABILITY [2⟲] A goon may │
│   │                        │      │ use an ability twice on the scanned      │
│   │                        │      │ target this turn.                        │
└───┴────────────────────────┴──────┴──────────────────────────────────────────┘
Dead Pool 🥩:14 ⚙️ :12
       NARC P2 hand (6)        
┏━━━┳━━━━━━━━━━━━━━━━━━┳━━━━━━┓
┃ # ┃ Name             ┃ Cost ┃
┡━━━╇━━━━━━━━━━━━━━━━━━╇━━━━━━┩
│ 0 │ Buzzkill🔶✋⚙️ 🚨 │ 5⟲   │
│ 1 │ Sentry Node⚙️ 🚨  │ 4⟲   │
│ 2 │ Nob Lobber⚙️ 🚨   │ 4⟲   │
│ 3 │ Killjoy🔶✋⚙️ 🚨  │ 4⟲   │
│ 4 │ Narcstar🚨       │ 12⟲  │
│ 5 │ Task Mistres⚙️ 🚨 │ 2⟲   │
└───┴──────────────────┴──────┘
Previous Turn
Turn 22 ends. P1 leaves 3 goons on the board. P1 now has 3 board / 7 hand 
(retired 8); P2 has 6 board / 5 hand (retired 6). Dead Pool holds 23.
  P1 deployed Void Freak.
  Opponent (P2)'s Marine Marauder was retired.
  Marine Marauder was sent to the Dead Pool.
Turn 23 ends. P2 leaves 7 goons on the board. P1 now has 3 board / 7 hand 
(retired 8); P2 has 7 board / 5 hand (retired 6). Dead Pool holds 23.
  P2 deployed Task Mistres.
Turn 24 | Player: P1
                                 NARC Board P2                                  
┏━━━┳━━━━━━━━━━━━━━━━━━━━━━━━┳━━━━━━┳━━━━━━━━━━━━━━━━━━━━━━━━━━━━━━━━━━━━━━━━━━┓
┃ # ┃ Name                   ┃ Wind ┃ Abilities                                ┃
┡━━━╇━━━━━━━━━━━━━━━━━━━━━━━━╇━━━━━━╇━━━━━━━━━━━━━━━━━━━━━━━━━━━━━━━━━━━━━━━━━━┩
│ 0 │ Lokar Simmons⭐✋🥩🚨  │    0 │ 0 RESOURCEFUL [2⟲] Draw a card           │
│ 1 │ Hover Shield⚙️ 🚨       │    2 │ 0 COVER [1⟲] Target Goon may not be      │
│   │                        │      │ targeted by enemy Goon abilities until   │
│   │                        │      │ the beginning of player's next turn.     │
│ 2 │ Shield Array Node⚙️ 🚨  │    0 │ 0 FORTIFICATION NETWORK While 2+ Shield  │
│   │                        │      │ Array Nodes are in play, Player's Goons  │
│   │                        │      │ may not be the target of negative        │
│   │                        │      │ effects.                                 │
│   │                        │      │ 1 SURGE BARRIER [1⟲] Banish 1 mechanical │
│   │                        │      │ from Dead Pool to give allied Goons      │
│   │                        │      │ Resist until end of turn.                │
│ 3 │ Compliance Auditon⚙️ 🚨 │    0 │ 0 LITIGIOUS GRIDLOCK [1⟲] Target goon    │
│   │                        │      │ does not unwind in its next unwind       │
│   │                        │      │ phase.                                   │
│ 4 │ Hover Shield⚙️ 🚨       │    0 │ 0 COVER [1⟲] Target Goon may not be      │
│   │                        │      │ targeted by enemy Goon abilities until   │
│   │                        │      │ the beginning of player's next turn.     │
│ 5 │ K-9.0⚙️ 🚨              │    0 │ 0 SCAN FOR VULNERABILITY [2⟲] A goon may │
│   │                        │      │ use an ability twice on the scanned      │
│   │                        │      │ target this turn.                        │
│ 6 │ Task Mistres⚙️ 🚨       │    0 │ 0 BIDE TIME Mistrex gains Resist until   │
│   │                        │      │ beginning of Player's next turn.         │
│   │                        │      │ 1 TAZING CRACK [1⟲] Target Goon does not │
│   │                        │      │ unwind during its next unwind.           │
│   │                        │      │ 2 DOMINATE [2⟲] Use target Goon ability  │
│   │                        │      │ on a target of Player's choice. Target   │
│   │                        │      │ Goon pays wind as it would on its turn.  │
└───┴────────────────────────┴──────┴──────────────────────────────────────────┘
                                  PCU Board P1                                  
┏━━━┳━━━━━━━━━━━━━━━━━━┳━━━━━━┳━━━━━━━━━━━━━━━━━━━━━━━━━━━━━━━━━━━━━━━━━━━━━━━━┓
┃ # ┃ Name             ┃ Wind ┃ Abilities                                      ┃
┡━━━╇━━━━━━━━━━━━━━━━━━╇━━━━━━╇━━━━━━━━━━━━━━━━━━━━━━━━━━━━━━━━━━━━━━━━━━━━━━━━┩
│ 0 │ Grim⭐✋🥩🌀     │    0 │ 0 DEFILE NATURE Remove 1 wind from any target  │
│   │                  │      │ Goon.                                          │
│ 1 │ Mutt⚙️ 🌀         │    2 │ 0 MAUL [1⟲] Add 1 wind to target Goon          │
│   │                  │      │ 1 MANS BEST FIEND [4⟲] Some or all wind        │
│   │                  │      │ applied to Krax as damage from enemy Goon      │
│   │                  │      │ ability may be applied to Mutt instead. If     │
│   │                  │      │ Krax is destroyed, Mutt is destroyed.          │
│ 2 │ Void Freak🚫🥩🌀 │    0 │ 0 THRASHING VAULT [1⟲] Add 1 wind to target    │
│   │                  │      │ Goon. Must always use this ability on owners   │
│   │                  │      │ turn if able                                   │
│   │                  │      │ 1 BLOODLUST Must attack if able.               │
└───┴──────────────────┴──────┴────────────────────────────────────────────────┘
Dead Pool 🥩:14 ⚙️ :12
          PCU P1 hand (8)          
┏━━━┳━━━━━━━━━━━━━━━━━━━━━━┳━━━━━━┓
┃ # ┃ Name                 ┃ Cost ┃
┡━━━╇━━━━━━━━━━━━━━━━━━━━━━╇━━━━━━┩
│ 0 │ Helvis🌀             │ 12⟲  │
│ 1 │ Meatjacker🚫⚙️ 🌀     │ 1⚈   │
│ 2 │ Mutt⚙️ 🌀             │ 4⟲   │
│ 3 │ Dragoon⚙️ 🌀          │ 6⟲   │
│ 4 │ Mutt⚙️ 🌀             │ 4⟲   │
│ 5 │ Mutt⚙️ 🌀             │ 4⟲   │
│ 6 │ Nives⚙️ 🌀            │ 4⟲   │
│ 7 │ Primordial Oozer🥩🌀 │ 1⟲   │
└───┴──────────────────────┴──────┘
Previous Turn
Turn 23 ends. P2 leaves 7 goons on the board. P1 now has 3 board / 7 hand 
(retired 8); P2 has 7 board / 5 hand (retired 6). Dead Pool holds 23.
  P2 deployed Task Mistres.
could not pay wind
Turn 24 ends. P1 leaves 4 goons on the board. P1 now has 4 board / 7 hand 
(retired 8); P2 has 7 board / 5 hand (retired 6). Dead Pool holds 23.
  P1 deployed Primordial Oozer.
Turn 25 | Player: P2
                                  PCU Board P1                                  
┏━━━┳━━━━━━━━━━━━━━━━━━━━━━┳━━━━━━┳━━━━━━━━━━━━━━━━━━━━━━━━━━━━━━━━━━━━━━━━━━━━┓
┃ # ┃ Name                 ┃ Wind ┃ Abilities                                  ┃
┡━━━╇━━━━━━━━━━━━━━━━━━━━━━╇━━━━━━╇━━━━━━━━━━━━━━━━━━━━━━━━━━━━━━━━━━━━━━━━━━━━┩
│ 0 │ Grim⭐✋🥩🌀         │    0 │ 0 DEFILE NATURE Remove 1 wind from any     │
│   │                      │      │ target Goon.                               │
│ 1 │ Mutt⚙️ 🌀             │    3 │ 0 MAUL [1⟲] Add 1 wind to target Goon      │
│   │                      │      │ 1 MANS BEST FIEND [4⟲] Some or all wind    │
│   │                      │      │ applied to Krax as damage from enemy Goon  │
│   │                      │      │ ability may be applied to Mutt instead. If │
│   │                      │      │ Krax is destroyed, Mutt is destroyed.      │
│ 2 │ Void Freak🚫🥩🌀     │    1 │ 0 THRASHING VAULT [1⟲] Add 1 wind to       │
│   │                      │      │ target Goon. Must always use this ability  │
│   │                      │      │ on owners turn if able                     │
│   │                      │      │ 1 BLOODLUST Must attack if able.           │
│ 3 │ Primordial Oozer🥩🌀 │    0 │ 0 DISCHARGE [1⟲] Add 1 wind to target Goon │
│   │                      │      │ 1 GOOP Unfriendly Goon who targets Oozer   │
│   │                      │      │ with an ability does not unwind during its │
│   │                      │      │ next unwind phase.                         │
└───┴──────────────────────┴──────┴────────────────────────────────────────────┘
                                 NARC Board P2                                  
┏━━━┳━━━━━━━━━━━━━━━━━━━━━━━━┳━━━━━━┳━━━━━━━━━━━━━━━━━━━━━━━━━━━━━━━━━━━━━━━━━━┓
┃ # ┃ Name                   ┃ Wind ┃ Abilities                                ┃
┡━━━╇━━━━━━━━━━━━━━━━━━━━━━━━╇━━━━━━╇━━━━━━━━━━━━━━━━━━━━━━━━━━━━━━━━━━━━━━━━━━┩
│ 0 │ Lokar Simmons⭐✋🥩🚨  │    0 │ 0 RESOURCEFUL [2⟲] Draw a card           │
│ 1 │ Hover Shield⚙️ 🚨       │    2 │ 0 COVER [1⟲] Target Goon may not be      │
│   │                        │      │ targeted by enemy Goon abilities until   │
│   │                        │      │ the beginning of player's next turn.     │
│ 2 │ Shield Array Node⚙️ 🚨  │    0 │ 0 FORTIFICATION NETWORK While 2+ Shield  │
│   │                        │      │ Array Nodes are in play, Player's Goons  │
│   │                        │      │ may not be the target of negative        │
│   │                        │      │ effects.                                 │
│   │                        │      │ 1 SURGE BARRIER [1⟲] Banish 1 mechanical │
│   │                        │      │ from Dead Pool to give allied Goons      │
│   │                        │      │ Resist until end of turn.                │
│ 3 │ Compliance Auditon⚙️ 🚨 │    0 │ 0 LITIGIOUS GRIDLOCK [1⟲] Target goon    │
│   │                        │      │ does not unwind in its next unwind       │
│   │                        │      │ phase.                                   │
│ 4 │ Hover Shield⚙️ 🚨       │    0 │ 0 COVER [1⟲] Target Goon may not be      │
│   │                        │      │ targeted by enemy Goon abilities until   │
│   │                        │      │ the beginning of player's next turn.     │
│ 5 │ K-9.0⚙️ 🚨              │    0 │ 0 SCAN FOR VULNERABILITY [2⟲] A goon may │
│   │                        │      │ use an ability twice on the scanned      │
│   │                        │      │ target this turn.                        │
│ 6 │ Task Mistres⚙️ 🚨       │    0 │ 0 BIDE TIME Mistrex gains Resist until   │
│   │                        │      │ beginning of Player's next turn.         │
│   │                        │      │ 1 TAZING CRACK [1⟲] Target Goon does not │
│   │                        │      │ unwind during its next unwind.           │
│   │                        │      │ 2 DOMINATE [2⟲] Use target Goon ability  │
│   │                        │      │ on a target of Player's choice. Target   │
│   │                        │      │ Goon pays wind as it would on its turn.  │
└───┴────────────────────────┴──────┴──────────────────────────────────────────┘
Dead Pool 🥩:14 ⚙️ :12
        NARC P2 hand (6)        
┏━━━┳━━━━━━━━━━━━━━━━━━━┳━━━━━━┓
┃ # ┃ Name              ┃ Cost ┃
┡━━━╇━━━━━━━━━━━━━━━━━━━╇━━━━━━┩
│ 0 │ Buzzkill🔶✋⚙️ 🚨  │ 5⟲   │
│ 1 │ Sentry Node⚙️ 🚨   │ 4⟲   │
│ 2 │ Nob Lobber⚙️ 🚨    │ 4⟲   │
│ 3 │ Killjoy🔶✋⚙️ 🚨   │ 4⟲   │
│ 4 │ Narcstar🚨        │ 12⟲  │
│ 5 │ MediFlux-1NDS⚙️ 🚨 │ 2⟲   │
└───┴───────────────────┴──────┘
Previous Turn
Turn 24 ends. P1 leaves 4 goons on the board. P1 now has 4 board / 7 hand 
(retired 8); P2 has 7 board / 5 hand (retired 6). Dead Pool holds 23.
  P1 deployed Primordial Oozer.
Turn 25 ends. P2 leaves 7 goons on the board. P1 now has 4 board / 7 hand 
(retired 8); P2 has 7 board / 5 hand (retired 7). Dead Pool holds 25.
  P2 deployed MediFlux-1NDS.
  P2's Hover Shield was retired.
  Hover Shield was sent to the Dead Pool.
  Hover Shield was sent to the Dead Pool.
Turn 26 | Player: P1
                                 NARC Board P2                                  
┏━━━┳━━━━━━━━━━━━━━━━━━━━━━━━┳━━━━━━┳━━━━━━━━━━━━━━━━━━━━━━━━━━━━━━━━━━━━━━━━━━┓
┃ # ┃ Name                   ┃ Wind ┃ Abilities                                ┃
┡━━━╇━━━━━━━━━━━━━━━━━━━━━━━━╇━━━━━━╇━━━━━━━━━━━━━━━━━━━━━━━━━━━━━━━━━━━━━━━━━━┩
│ 0 │ Lokar Simmons⭐✋🥩🚨  │    0 │ 0 RESOURCEFUL [2⟲] Draw a card           │
│ 1 │ Shield Array Node⚙️ 🚨  │    0 │ 0 FORTIFICATION NETWORK While 2+ Shield  │
│   │                        │      │ Array Nodes are in play, Player's Goons  │
│   │                        │      │ may not be the target of negative        │
│   │                        │      │ effects.                                 │
│   │                        │      │ 1 SURGE BARRIER [1⟲] Banish 1 mechanical │
│   │                        │      │ from Dead Pool to give allied Goons      │
│   │                        │      │ Resist until end of turn.                │
│ 2 │ Compliance Auditon⚙️ 🚨 │    0 │ 0 LITIGIOUS GRIDLOCK [1⟲] Target goon    │
│   │                        │      │ does not unwind in its next unwind       │
│   │                        │      │ phase.                                   │
│ 3 │ Hover Shield⚙️ 🚨       │    0 │ 0 COVER [1⟲] Target Goon may not be      │
│   │                        │      │ targeted by enemy Goon abilities until   │
│   │                        │      │ the beginning of player's next turn.     │
│ 4 │ K-9.0⚙️ 🚨              │    0 │ 0 SCAN FOR VULNERABILITY [2⟲] A goon may │
│   │                        │      │ use an ability twice on the scanned      │
│   │                        │      │ target this turn.                        │
│ 5 │ Task Mistres⚙️ 🚨       │    0 │ 0 BIDE TIME Mistrex gains Resist until   │
│   │                        │      │ beginning of Player's next turn.         │
│   │                        │      │ 1 TAZING CRACK [1⟲] Target Goon does not │
│   │                        │      │ unwind during its next unwind.           │
│   │                        │      │ 2 DOMINATE [2⟲] Use target Goon ability  │
│   │                        │      │ on a target of Player's choice. Target   │
│   │                        │      │ Goon pays wind as it would on its turn.  │
│ 6 │ MediFlux-1NDS⚙️ 🚨      │    0 │ 0 DORSAL CAVITY RINSE [1⟲] Remove 1 wind │
│   │                        │      │ from target Goon.                        │
└───┴────────────────────────┴──────┴──────────────────────────────────────────┘
                                  PCU Board P1                                  
┏━━━┳━━━━━━━━━━━━━━━━━━━━━━┳━━━━━━┳━━━━━━━━━━━━━━━━━━━━━━━━━━━━━━━━━━━━━━━━━━━━┓
┃ # ┃ Name                 ┃ Wind ┃ Abilities                                  ┃
┡━━━╇━━━━━━━━━━━━━━━━━━━━━━╇━━━━━━╇━━━━━━━━━━━━━━━━━━━━━━━━━━━━━━━━━━━━━━━━━━━━┩
│ 0 │ Grim⭐✋🥩🌀         │    0 │ 0 DEFILE NATURE Remove 1 wind from any     │
│   │                      │      │ target Goon.                               │
│ 1 │ Mutt⚙️ 🌀             │    2 │ 0 MAUL [1⟲] Add 1 wind to target Goon      │
│   │                      │      │ 1 MANS BEST FIEND [4⟲] Some or all wind    │
│   │                      │      │ applied to Krax as damage from enemy Goon  │
│   │                      │      │ ability may be applied to Mutt instead. If │
│   │                      │      │ Krax is destroyed, Mutt is destroyed.      │
│ 2 │ Void Freak🚫🥩🌀     │    1 │ 0 THRASHING VAULT [1⟲] Add 1 wind to       │
│   │                      │      │ target Goon. Must always use this ability  │
│   │                      │      │ on owners turn if able                     │
│   │                      │      │ 1 BLOODLUST Must attack if able.           │
│ 3 │ Primordial Oozer🥩🌀 │    0 │ 0 DISCHARGE [1⟲] Add 1 wind to target Goon │
│   │                      │      │ 1 GOOP Unfriendly Goon who targets Oozer   │
│   │                      │      │ with an ability does not unwind during its │
│   │                      │      │ next unwind phase.                         │
└───┴──────────────────────┴──────┴────────────────────────────────────────────┘
Dead Pool 🥩:14 ⚙️ :14
          PCU P1 hand (8)           
┏━━━┳━━━━━━━━━━━━━━━━━━━━━━━┳━━━━━━┓
┃ # ┃ Name                  ┃ Cost ┃
┡━━━╇━━━━━━━━━━━━━━━━━━━━━━━╇━━━━━━┩
│ 0 │ Helvis🌀              │ 12⟲  │
│ 1 │ Meatjacker🚫⚙️ 🌀      │ 1⚈   │
│ 2 │ Mutt⚙️ 🌀              │ 4⟲   │
│ 3 │ Dragoon⚙️ 🌀           │ 6⟲   │
│ 4 │ Mutt⚙️ 🌀              │ 4⟲   │
│ 5 │ Mutt⚙️ 🌀              │ 4⟲   │
│ 6 │ Nives⚙️ 🌀             │ 4⟲   │
│ 7 │ Annihilist Overseer🌀 │ 4⟲   │
└───┴───────────────────────┴──────┘
Previous Turn
Turn 25 ends. P2 leaves 7 goons on the board. P1 now has 4 board / 7 hand 
(retired 8); P2 has 7 board / 5 hand (retired 7). Dead Pool holds 25.
  P2 deployed MediFlux-1NDS.
  P2's Hover Shield was retired.
  Hover Shield was sent to the Dead Pool.
  Hover Shield was sent to the Dead Pool.
could not pay wind
cannot deploy: requires Krax on your board
cannot deploy: requires Krax on your board
cannot deploy: requires Krax on your board
cannot deploy: requires Vex on your board
Turn 26 ends. P1 leaves 4 goons on the board. P1 now has 4 board / 7 hand 
(retired 9); P2 has 7 board / 5 hand (retired 7). Dead Pool holds 27.
  P1 deployed Annihilist Overseer.
  P1's Mutt was retired.
  Mutt was sent to the Dead Pool.
  Mutt was sent to the Dead Pool.
Turn 27 | Player: P2
                                  PCU Board P1                                  
┏━━━┳━━━━━━━━━━━━━━━━━━━━━━━┳━━━━━━┳━━━━━━━━━━━━━━━━━━━━━━━━━━━━━━━━━━━━━━━━━━━┓
┃ # ┃ Name                  ┃ Wind ┃ Abilities                                 ┃
┡━━━╇━━━━━━━━━━━━━━━━━━━━━━━╇━━━━━━╇━━━━━━━━━━━━━━━━━━━━━━━━━━━━━━━━━━━━━━━━━━━┩
│ 0 │ Grim⭐✋🥩🌀          │    0 │ 0 DEFILE NATURE Remove 1 wind from any    │
│   │                       │      │ target Goon.                              │
│ 1 │ Void Freak🚫🥩🌀      │    3 │ 0 THRASHING VAULT [1⟲] Add 1 wind to      │
│   │                       │      │ target Goon. Must always use this ability │
│   │                       │      │ on owners turn if able                    │
│   │                       │      │ 1 BLOODLUST Must attack if able.          │
│ 2 │ Primordial Oozer🥩🌀  │    1 │ 0 DISCHARGE [1⟲] Add 1 wind to target     │
│   │                       │      │ Goon                                      │
│   │                       │      │ 1 GOOP Unfriendly Goon who targets Oozer  │
│   │                       │      │ with an ability does not unwind during    │
│   │                       │      │ its next unwind phase.                    │
│ 3 │ Annihilist Overseer🌀 │    0 │ 0 BLIND [1⟲] Target Goon may not use      │
│   │                       │      │ abilities or contribute wind on its next  │
│   │                       │      │ turn.                                     │
│   │                       │      │ 1 BEHEAD [3⟲] Destroy target Goon.        │
└───┴───────────────────────┴──────┴───────────────────────────────────────────┘
                                 NARC Board P2                                  
┏━━━┳━━━━━━━━━━━━━━━━━━━━━━━━┳━━━━━━┳━━━━━━━━━━━━━━━━━━━━━━━━━━━━━━━━━━━━━━━━━━┓
┃ # ┃ Name                   ┃ Wind ┃ Abilities                                ┃
┡━━━╇━━━━━━━━━━━━━━━━━━━━━━━━╇━━━━━━╇━━━━━━━━━━━━━━━━━━━━━━━━━━━━━━━━━━━━━━━━━━┩
│ 0 │ Lokar Simmons⭐✋🥩🚨  │    0 │ 0 RESOURCEFUL [2⟲] Draw a card           │
│ 1 │ Shield Array Node⚙️ 🚨  │    0 │ 0 FORTIFICATION NETWORK While 2+ Shield  │
│   │                        │      │ Array Nodes are in play, Player's Goons  │
│   │                        │      │ may not be the target of negative        │
│   │                        │      │ effects.                                 │
│   │                        │      │ 1 SURGE BARRIER [1⟲] Banish 1 mechanical │
│   │                        │      │ from Dead Pool to give allied Goons      │
│   │                        │      │ Resist until end of turn.                │
│ 2 │ Compliance Auditon⚙️ 🚨 │    0 │ 0 LITIGIOUS GRIDLOCK [1⟲] Target goon    │
│   │                        │      │ does not unwind in its next unwind       │
│   │                        │      │ phase.                                   │
│ 3 │ Hover Shield⚙️ 🚨       │    0 │ 0 COVER [1⟲] Target Goon may not be      │
│   │                        │      │ targeted by enemy Goon abilities until   │
│   │                        │      │ the beginning of player's next turn.     │
│ 4 │ K-9.0⚙️ 🚨              │    0 │ 0 SCAN FOR VULNERABILITY [2⟲] A goon may │
│   │                        │      │ use an ability twice on the scanned      │
│   │                        │      │ target this turn.                        │
│ 5 │ Task Mistres⚙️ 🚨       │    0 │ 0 BIDE TIME Mistrex gains Resist until   │
│   │                        │      │ beginning of Player's next turn.         │
│   │                        │      │ 1 TAZING CRACK [1⟲] Target Goon does not │
│   │                        │      │ unwind during its next unwind.           │
│   │                        │      │ 2 DOMINATE [2⟲] Use target Goon ability  │
│   │                        │      │ on a target of Player's choice. Target   │
│   │                        │      │ Goon pays wind as it would on its turn.  │
│ 6 │ MediFlux-1NDS⚙️ 🚨      │    0 │ 0 DORSAL CAVITY RINSE [1⟲] Remove 1 wind │
│   │                        │      │ from target Goon.                        │
└───┴────────────────────────┴──────┴──────────────────────────────────────────┘
Dead Pool 🥩:14 ⚙️ :16
          NARC P2 hand (6)          
┏━━━┳━━━━━━━━━━━━━━━━━━━━━━━┳━━━━━━┓
┃ # ┃ Name                  ┃ Cost ┃
┡━━━╇━━━━━━━━━━━━━━━━━━━━━━━╇━━━━━━┩
│ 0 │ Buzzkill🔶✋⚙️ 🚨      │ 5⟲   │
│ 1 │ Sentry Node⚙️ 🚨       │ 4⟲   │
│ 2 │ Nob Lobber⚙️ 🚨        │ 4⟲   │
│ 3 │ Killjoy🔶✋⚙️ 🚨       │ 4⟲   │
│ 4 │ Narcstar🚨            │ 12⟲  │
│ 5 │ Shield Array Node⚙️ 🚨 │ 2⟲   │
└───┴───────────────────────┴──────┘
Previous Turn
Turn 26 ends. P1 leaves 4 goons on the board. P1 now has 4 board / 7 hand 
(retired 9); P2 has 7 board / 5 hand (retired 7). Dead Pool holds 27.
  P1 deployed Annihilist Overseer.
  P1's Mutt was retired.
  Mutt was sent to the Dead Pool.
  Mutt was sent to the Dead Pool.
Turn 27 ends. P2 leaves 8 goons on the board. P1 now has 4 board / 7 hand 
(retired 9); P2 has 8 board / 5 hand (retired 7). Dead Pool holds 27.
  P2 deployed Shield Array Node.
Turn 28 | Player: P1
                                 NARC Board P2                                  
┏━━━┳━━━━━━━━━━━━━━━━━━━━━━━━┳━━━━━━┳━━━━━━━━━━━━━━━━━━━━━━━━━━━━━━━━━━━━━━━━━━┓
┃ # ┃ Name                   ┃ Wind ┃ Abilities                                ┃
┡━━━╇━━━━━━━━━━━━━━━━━━━━━━━━╇━━━━━━╇━━━━━━━━━━━━━━━━━━━━━━━━━━━━━━━━━━━━━━━━━━┩
│ 0 │ Lokar Simmons⭐✋🥩🚨  │    0 │ 0 RESOURCEFUL [2⟲] Draw a card           │
│ 1 │ Shield Array Node⚙️ 🚨  │    2 │ 0 FORTIFICATION NETWORK While 2+ Shield  │
│   │                        │      │ Array Nodes are in play, Player's Goons  │
│   │                        │      │ may not be the target of negative        │
│   │                        │      │ effects.                                 │
│   │                        │      │ 1 SURGE BARRIER [1⟲] Banish 1 mechanical │
│   │                        │      │ from Dead Pool to give allied Goons      │
│   │                        │      │ Resist until end of turn.                │
│ 2 │ Compliance Auditon⚙️ 🚨 │    0 │ 0 LITIGIOUS GRIDLOCK [1⟲] Target goon    │
│   │                        │      │ does not unwind in its next unwind       │
│   │                        │      │ phase.                                   │
│ 3 │ Hover Shield⚙️ 🚨       │    0 │ 0 COVER [1⟲] Target Goon may not be      │
│   │                        │      │ targeted by enemy Goon abilities until   │
│   │                        │      │ the beginning of player's next turn.     │
│ 4 │ K-9.0⚙️ 🚨              │    0 │ 0 SCAN FOR VULNERABILITY [2⟲] A goon may │
│   │                        │      │ use an ability twice on the scanned      │
│   │                        │      │ target this turn.                        │
│ 5 │ Task Mistres⚙️ 🚨       │    0 │ 0 BIDE TIME Mistrex gains Resist until   │
│   │                        │      │ beginning of Player's next turn.         │
│   │                        │      │ 1 TAZING CRACK [1⟲] Target Goon does not │
│   │                        │      │ unwind during its next unwind.           │
│   │                        │      │ 2 DOMINATE [2⟲] Use target Goon ability  │
│   │                        │      │ on a target of Player's choice. Target   │
│   │                        │      │ Goon pays wind as it would on its turn.  │
│ 6 │ MediFlux-1NDS⚙️ 🚨      │    0 │ 0 DORSAL CAVITY RINSE [1⟲] Remove 1 wind │
│   │                        │      │ from target Goon.                        │
│ 7 │ Shield Array Node⚙️ 🚨  │    0 │ 0 FORTIFICATION NETWORK While 2+ Shield  │
│   │                        │      │ Array Nodes are in play, Player's Goons  │
│   │                        │      │ may not be the target of negative        │
│   │                        │      │ effects.                                 │
│   │                        │      │ 1 SURGE BARRIER [1⟲] Banish 1 mechanical │
│   │                        │      │ from Dead Pool to give allied Goons      │
│   │                        │      │ Resist until end of turn.                │
└───┴────────────────────────┴──────┴──────────────────────────────────────────┘
                                  PCU Board P1                                  
┏━━━┳━━━━━━━━━━━━━━━━━━━━━━━┳━━━━━━┳━━━━━━━━━━━━━━━━━━━━━━━━━━━━━━━━━━━━━━━━━━━┓
┃ # ┃ Name                  ┃ Wind ┃ Abilities                                 ┃
┡━━━╇━━━━━━━━━━━━━━━━━━━━━━━╇━━━━━━╇━━━━━━━━━━━━━━━━━━━━━━━━━━━━━━━━━━━━━━━━━━━┩
│ 0 │ Grim⭐✋🥩🌀          │    0 │ 0 DEFILE NATURE Remove 1 wind from any    │
│   │                       │      │ target Goon.                              │
│ 1 │ Void Freak🚫🥩🌀      │    3 │ 0 THRASHING VAULT [1⟲] Add 1 wind to      │
│   │                       │      │ target Goon. Must always use this ability │
│   │                       │      │ on owners turn if able                    │
│   │                       │      │ 1 BLOODLUST Must attack if able.          │
│ 2 │ Primordial Oozer🥩🌀  │    1 │ 0 DISCHARGE [1⟲] Add 1 wind to target     │
│   │                       │      │ Goon                                      │
│   │                       │      │ 1 GOOP Unfriendly Goon who targets Oozer  │
│   │                       │      │ with an ability does not unwind during    │
│   │                       │      │ its next unwind phase.                    │
│ 3 │ Annihilist Overseer🌀 │    0 │ 0 BLIND [1⟲] Target Goon may not use      │
│   │                       │      │ abilities or contribute wind on its next  │
│   │                       │      │ turn.                                     │
│   │                       │      │ 1 BEHEAD [3⟲] Destroy target Goon.        │
└───┴───────────────────────┴──────┴───────────────────────────────────────────┘
Dead Pool 🥩:14 ⚙️ :16
        PCU P1 hand (8)        
┏━━━┳━━━━━━━━━━━━━━━━━━┳━━━━━━┓
┃ # ┃ Name             ┃ Cost ┃
┡━━━╇━━━━━━━━━━━━━━━━━━╇━━━━━━┩
│ 0 │ Helvis🌀         │ 12⟲  │
│ 1 │ Meatjacker🚫⚙️ 🌀 │ 1⚈   │
│ 2 │ Mutt⚙️ 🌀         │ 4⟲   │
│ 3 │ Dragoon⚙️ 🌀      │ 6⟲   │
│ 4 │ Mutt⚙️ 🌀         │ 4⟲   │
│ 5 │ Mutt⚙️ 🌀         │ 4⟲   │
│ 6 │ Nives⚙️ 🌀        │ 4⟲   │
│ 7 │ Käsekobold🥩🌀   │ 2⟲   │
└───┴──────────────────┴──────┘
Previous Turn
Turn 27 ends. P2 leaves 8 goons on the board. P1 now has 4 board / 7 hand 
(retired 9); P2 has 8 board / 5 hand (retired 7). Dead Pool holds 27.
  P2 deployed Shield Array Node.
could not pay wind
Turn 28 ends. P1 leaves 4 goons on the board. P1 now has 4 board / 7 hand 
(retired 10); P2 has 8 board / 5 hand (retired 7). Dead Pool holds 29.
  P1 deployed Käsekobold.
  P1's Void Freak was retired.
  Void Freak was sent to the Dead Pool.
  Void Freak was sent to the Dead Pool.
Turn 29 | Player: P2
                                  PCU Board P1                                  
┏━━━┳━━━━━━━━━━━━━━━━━━━━━━━┳━━━━━━┳━━━━━━━━━━━━━━━━━━━━━━━━━━━━━━━━━━━━━━━━━━━┓
┃ # ┃ Name                  ┃ Wind ┃ Abilities                                 ┃
┡━━━╇━━━━━━━━━━━━━━━━━━━━━━━╇━━━━━━╇━━━━━━━━━━━━━━━━━━━━━━━━━━━━━━━━━━━━━━━━━━━┩
│ 0 │ Grim⭐✋🥩🌀          │    0 │ 0 DEFILE NATURE Remove 1 wind from any    │
│   │                       │      │ target Goon.                              │
│ 1 │ Primordial Oozer🥩🌀  │    2 │ 0 DISCHARGE [1⟲] Add 1 wind to target     │
│   │                       │      │ Goon                                      │
│   │                       │      │ 1 GOOP Unfriendly Goon who targets Oozer  │
│   │                       │      │ with an ability does not unwind during    │
│   │                       │      │ its next unwind phase.                    │
│ 2 │ Annihilist Overseer🌀 │    3 │ 0 BLIND [1⟲] Target Goon may not use      │
│   │                       │      │ abilities or contribute wind on its next  │
│   │                       │      │ turn.                                     │
│   │                       │      │ 1 BEHEAD [3⟲] Destroy target Goon.        │
│ 3 │ Käsekobold🥩🌀        │    1 │ 0 ADD NAUSEAM [1⟲] Add 1 wind to target   │
│   │                       │      │ Goon                                      │
│   │                       │      │ 1 REVOLT Add 1 wind to any Goon who       │
│   │                       │      │ targets Käsekobold with ability           │
└───┴───────────────────────┴──────┴───────────────────────────────────────────┘
                                 NARC Board P2                                  
┏━━━┳━━━━━━━━━━━━━━━━━━━━━━━━┳━━━━━━┳━━━━━━━━━━━━━━━━━━━━━━━━━━━━━━━━━━━━━━━━━━┓
┃ # ┃ Name                   ┃ Wind ┃ Abilities                                ┃
┡━━━╇━━━━━━━━━━━━━━━━━━━━━━━━╇━━━━━━╇━━━━━━━━━━━━━━━━━━━━━━━━━━━━━━━━━━━━━━━━━━┩
│ 0 │ Lokar Simmons⭐✋🥩🚨  │    0 │ 0 RESOURCEFUL [2⟲] Draw a card           │
│ 1 │ Shield Array Node⚙️ 🚨  │    1 │ 0 FORTIFICATION NETWORK While 2+ Shield  │
│   │                        │      │ Array Nodes are in play, Player's Goons  │
│   │                        │      │ may not be the target of negative        │
│   │                        │      │ effects.                                 │
│   │                        │      │ 1 SURGE BARRIER [1⟲] Banish 1 mechanical │
│   │                        │      │ from Dead Pool to give allied Goons      │
│   │                        │      │ Resist until end of turn.                │
│ 2 │ Compliance Auditon⚙️ 🚨 │    0 │ 0 LITIGIOUS GRIDLOCK [1⟲] Target goon    │
│   │                        │      │ does not unwind in its next unwind       │
│   │                        │      │ phase.                                   │
│ 3 │ Hover Shield⚙️ 🚨       │    0 │ 0 COVER [1⟲] Target Goon may not be      │
│   │                        │      │ targeted by enemy Goon abilities until   │
│   │                        │      │ the beginning of player's next turn.     │
│ 4 │ K-9.0⚙️ 🚨              │    0 │ 0 SCAN FOR VULNERABILITY [2⟲] A goon may │
│   │                        │      │ use an ability twice on the scanned      │
│   │                        │      │ target this turn.                        │
│ 5 │ Task Mistres⚙️ 🚨       │    0 │ 0 BIDE TIME Mistrex gains Resist until   │
│   │                        │      │ beginning of Player's next turn.         │
│   │                        │      │ 1 TAZING CRACK [1⟲] Target Goon does not │
│   │                        │      │ unwind during its next unwind.           │
│   │                        │      │ 2 DOMINATE [2⟲] Use target Goon ability  │
│   │                        │      │ on a target of Player's choice. Target   │
│   │                        │      │ Goon pays wind as it would on its turn.  │
│ 6 │ MediFlux-1NDS⚙️ 🚨      │    0 │ 0 DORSAL CAVITY RINSE [1⟲] Remove 1 wind │
│   │                        │      │ from target Goon.                        │
│ 7 │ Shield Array Node⚙️ 🚨  │    0 │ 0 FORTIFICATION NETWORK While 2+ Shield  │
│   │                        │      │ Array Nodes are in play, Player's Goons  │
│   │                        │      │ may not be the target of negative        │
│   │                        │      │ effects.                                 │
│   │                        │      │ 1 SURGE BARRIER [1⟲] Banish 1 mechanical │
│   │                        │      │ from Dead Pool to give allied Goons      │
│   │                        │      │ Resist until end of turn.                │
└───┴────────────────────────┴──────┴──────────────────────────────────────────┘
Dead Pool 🥩:16 ⚙️ :16
           NARC P2 hand (6)           
┏━━━┳━━━━━━━━━━━━━━━━━━━━━━━━━┳━━━━━━┓
┃ # ┃ Name                    ┃ Cost ┃
┡━━━╇━━━━━━━━━━━━━━━━━━━━━━━━━╇━━━━━━┩
│ 0 │ Buzzkill🔶✋⚙️ 🚨        │ 5⟲   │
│ 1 │ Sentry Node⚙️ 🚨         │ 4⟲   │
│ 2 │ Nob Lobber⚙️ 🚨          │ 4⟲   │
│ 3 │ Killjoy🔶✋⚙️ 🚨         │ 4⟲   │
│ 4 │ Narcstar🚨              │ 12⟲  │
│ 5 │ Target Marker Probe⚙️ 🚨 │ 1⟲   │
└───┴─────────────────────────┴──────┘
Previous Turn
Turn 28 ends. P1 leaves 4 goons on the board. P1 now has 4 board / 7 hand 
(retired 10); P2 has 8 board / 5 hand (retired 7). Dead Pool holds 29.
  P1 deployed Käsekobold.
  P1's Void Freak was retired.
  Void Freak was sent to the Dead Pool.
  Void Freak was sent to the Dead Pool.
Turn 29 ends. P2 leaves 9 goons on the board. P1 now has 4 board / 7 hand 
(retired 10); P2 has 9 board / 5 hand (retired 7). Dead Pool holds 29.
  P2 deployed Target Marker Probe.
Turn 30 | Player: P1
                                 NARC Board P2                                  
┏━━━┳━━━━━━━━━━━━━━━━━━━━━━━━━┳━━━━━━┳━━━━━━━━━━━━━━━━━━━━━━━━━━━━━━━━━━━━━━━━━┓
┃ # ┃ Name                    ┃ Wind ┃ Abilities                               ┃
┡━━━╇━━━━━━━━━━━━━━━━━━━━━━━━━╇━━━━━━╇━━━━━━━━━━━━━━━━━━━━━━━━━━━━━━━━━━━━━━━━━┩
│ 0 │ Lokar Simmons⭐✋🥩🚨   │    0 │ 0 RESOURCEFUL [2⟲] Draw a card          │
│ 1 │ Shield Array Node⚙️ 🚨   │    2 │ 0 FORTIFICATION NETWORK While 2+ Shield │
│   │                         │      │ Array Nodes are in play, Player's Goons │
│   │                         │      │ may not be the target of negative       │
│   │                         │      │ effects.                                │
│   │                         │      │ 1 SURGE BARRIER [1⟲] Banish 1           │
│   │                         │      │ mechanical from Dead Pool to give       │
│   │                         │      │ allied Goons Resist until end of turn.  │
│ 2 │ Compliance Auditon⚙️ 🚨  │    0 │ 0 LITIGIOUS GRIDLOCK [1⟲] Target goon   │
│   │                         │      │ does not unwind in its next unwind      │
│   │                         │      │ phase.                                  │
│ 3 │ Hover Shield⚙️ 🚨        │    0 │ 0 COVER [1⟲] Target Goon may not be     │
│   │                         │      │ targeted by enemy Goon abilities until  │
│   │                         │      │ the beginning of player's next turn.    │
│ 4 │ K-9.0⚙️ 🚨               │    0 │ 0 SCAN FOR VULNERABILITY [2⟲] A goon    │
│   │                         │      │ may use an ability twice on the scanned │
│   │                         │      │ target this turn.                       │
│ 5 │ Task Mistres⚙️ 🚨        │    0 │ 0 BIDE TIME Mistrex gains Resist until  │
│   │                         │      │ beginning of Player's next turn.        │
│   │                         │      │ 1 TAZING CRACK [1⟲] Target Goon does    │
│   │                         │      │ not unwind during its next unwind.      │
│   │                         │      │ 2 DOMINATE [2⟲] Use target Goon ability │
│   │                         │      │ on a target of Player's choice. Target  │
│   │                         │      │ Goon pays wind as it would on its turn. │
│ 6 │ MediFlux-1NDS⚙️ 🚨       │    0 │ 0 DORSAL CAVITY RINSE [1⟲] Remove 1     │
│   │                         │      │ wind from target Goon.                  │
│ 7 │ Shield Array Node⚙️ 🚨   │    0 │ 0 FORTIFICATION NETWORK While 2+ Shield │
│   │                         │      │ Array Nodes are in play, Player's Goons │
│   │                         │      │ may not be the target of negative       │
│   │                         │      │ effects.                                │
│   │                         │      │ 1 SURGE BARRIER [1⟲] Banish 1           │
│   │                         │      │ mechanical from Dead Pool to give       │
│   │                         │      │ allied Goons Resist until end of turn.  │
│ 8 │ Target Marker Probe⚙️ 🚨 │    0 │ 0 MARK TARGET [1⟲] When a Goon adds     │
│   │                         │      │ wind as damage to the MARKED target     │
│   │                         │      │ this turn, increase by 1. Nob Lobber    │
│   │                         │      │ and Marine Marauder may forego wind     │
│   │                         │      │ cost when targeting only the MARKED     │
│   │                         │      │ target.                                 │
└───┴─────────────────────────┴──────┴─────────────────────────────────────────┘
                                  PCU Board P1                                  
┏━━━┳━━━━━━━━━━━━━━━━━━━━━━━┳━━━━━━┳━━━━━━━━━━━━━━━━━━━━━━━━━━━━━━━━━━━━━━━━━━━┓
┃ # ┃ Name                  ┃ Wind ┃ Abilities                                 ┃
┡━━━╇━━━━━━━━━━━━━━━━━━━━━━━╇━━━━━━╇━━━━━━━━━━━━━━━━━━━━━━━━━━━━━━━━━━━━━━━━━━━┩
│ 0 │ Grim⭐✋🥩🌀          │    0 │ 0 DEFILE NATURE Remove 1 wind from any    │
│   │                       │      │ target Goon.                              │
│ 1 │ Primordial Oozer🥩🌀  │    1 │ 0 DISCHARGE [1⟲] Add 1 wind to target     │
│   │                       │      │ Goon                                      │
│   │                       │      │ 1 GOOP Unfriendly Goon who targets Oozer  │
│   │                       │      │ with an ability does not unwind during    │
│   │                       │      │ its next unwind phase.                    │
│ 2 │ Annihilist Overseer🌀 │    2 │ 0 BLIND [1⟲] Target Goon may not use      │
│   │                       │      │ abilities or contribute wind on its next  │
│   │                       │      │ turn.                                     │
│   │                       │      │ 1 BEHEAD [3⟲] Destroy target Goon.        │
│ 3 │ Käsekobold🥩🌀        │    0 │ 0 ADD NAUSEAM [1⟲] Add 1 wind to target   │
│   │                       │      │ Goon                                      │
│   │                       │      │ 1 REVOLT Add 1 wind to any Goon who       │
│   │                       │      │ targets Käsekobold with ability           │
└───┴───────────────────────┴──────┴───────────────────────────────────────────┘
Dead Pool 🥩:16 ⚙️ :16
          PCU P1 hand (8)           
┏━━━┳━━━━━━━━━━━━━━━━━━━━━━━┳━━━━━━┓
┃ # ┃ Name                  ┃ Cost ┃
┡━━━╇━━━━━━━━━━━━━━━━━━━━━━━╇━━━━━━┩
│ 0 │ Helvis🌀              │ 12⟲  │
│ 1 │ Meatjacker🚫⚙️ 🌀      │ 1⚈   │
│ 2 │ Mutt⚙️ 🌀              │ 4⟲   │
│ 3 │ Dragoon⚙️ 🌀           │ 6⟲   │
│ 4 │ Mutt⚙️ 🌀              │ 4⟲   │
│ 5 │ Mutt⚙️ 🌀              │ 4⟲   │
│ 6 │ Nives⚙️ 🌀             │ 4⟲   │
│ 7 │ Local Singularity🚫🌀 │ 2⟲   │
└───┴───────────────────────┴──────┘
Previous Turn
Turn 29 ends. P2 leaves 9 goons on the board. P1 now has 4 board / 7 hand 
(retired 10); P2 has 9 board / 5 hand (retired 7). Dead Pool holds 29.
  P2 deployed Target Marker Probe.
could not pay wind
Turn 30 ends. P1 leaves 5 goons on the board. P1 now has 5 board / 7 hand 
(retired 10); P2 has 9 board / 5 hand (retired 7). Dead Pool holds 29.
  P1 deployed Local Singularity.
Turn 31 | Player: P2
                                  PCU Board P1                                  
┏━━━┳━━━━━━━━━━━━━━━━━━━━━━━┳━━━━━━┳━━━━━━━━━━━━━━━━━━━━━━━━━━━━━━━━━━━━━━━━━━━┓
┃ # ┃ Name                  ┃ Wind ┃ Abilities                                 ┃
┡━━━╇━━━━━━━━━━━━━━━━━━━━━━━╇━━━━━━╇━━━━━━━━━━━━━━━━━━━━━━━━━━━━━━━━━━━━━━━━━━━┩
│ 0 │ Grim⭐✋🥩🌀          │    0 │ 0 DEFILE NATURE Remove 1 wind from any    │
│   │                       │      │ target Goon.                              │
│ 1 │ Primordial Oozer🥩🌀  │    3 │ 0 DISCHARGE [1⟲] Add 1 wind to target     │
│   │                       │      │ Goon                                      │
│   │                       │      │ 1 GOOP Unfriendly Goon who targets Oozer  │
│   │                       │      │ with an ability does not unwind during    │
│   │                       │      │ its next unwind phase.                    │
│ 2 │ Annihilist Overseer🌀 │    3 │ 0 BLIND [1⟲] Target Goon may not use      │
│   │                       │      │ abilities or contribute wind on its next  │
│   │                       │      │ turn.                                     │
│   │                       │      │ 1 BEHEAD [3⟲] Destroy target Goon.        │
│ 3 │ Käsekobold🥩🌀        │    0 │ 0 ADD NAUSEAM [1⟲] Add 1 wind to target   │
│   │                       │      │ Goon                                      │
│   │                       │      │ 1 REVOLT Add 1 wind to any Goon who       │
│   │                       │      │ targets Käsekobold with ability           │
│ 4 │ Local Singularity🚫🌀 │    0 │ 0 DRAW FIRE Player's Goons cannot be      │
│   │                       │      │ targeted by unfriendly abilities while    │
│   │                       │      │ Singularity is in play. Singularity must  │
│   │                       │      │ be destroyed first.                       │
└───┴───────────────────────┴──────┴───────────────────────────────────────────┘
                                 NARC Board P2                                  
┏━━━┳━━━━━━━━━━━━━━━━━━━━━━━━━┳━━━━━━┳━━━━━━━━━━━━━━━━━━━━━━━━━━━━━━━━━━━━━━━━━┓
┃ # ┃ Name                    ┃ Wind ┃ Abilities                               ┃
┡━━━╇━━━━━━━━━━━━━━━━━━━━━━━━━╇━━━━━━╇━━━━━━━━━━━━━━━━━━━━━━━━━━━━━━━━━━━━━━━━━┩
│ 0 │ Lokar Simmons⭐✋🥩🚨   │    0 │ 0 RESOURCEFUL [2⟲] Draw a card          │
│ 1 │ Shield Array Node⚙️ 🚨   │    1 │ 0 FORTIFICATION NETWORK While 2+ Shield │
│   │                         │      │ Array Nodes are in play, Player's Goons │
│   │                         │      │ may not be the target of negative       │
│   │                         │      │ effects.                                │
│   │                         │      │ 1 SURGE BARRIER [1⟲] Banish 1           │
│   │                         │      │ mechanical from Dead Pool to give       │
│   │                         │      │ allied Goons Resist until end of turn.  │
│ 2 │ Compliance Auditon⚙️ 🚨  │    0 │ 0 LITIGIOUS GRIDLOCK [1⟲] Target goon   │
│   │                         │      │ does not unwind in its next unwind      │
│   │                         │      │ phase.                                  │
│ 3 │ Hover Shield⚙️ 🚨        │    0 │ 0 COVER [1⟲] Target Goon may not be     │
│   │                         │      │ targeted by enemy Goon abilities until  │
│   │                         │      │ the beginning of player's next turn.    │
│ 4 │ K-9.0⚙️ 🚨               │    0 │ 0 SCAN FOR VULNERABILITY [2⟲] A goon    │
│   │                         │      │ may use an ability twice on the scanned │
│   │                         │      │ target this turn.                       │
│ 5 │ Task Mistres⚙️ 🚨        │    0 │ 0 BIDE TIME Mistrex gains Resist until  │
│   │                         │      │ beginning of Player's next turn.        │
│   │                         │      │ 1 TAZING CRACK [1⟲] Target Goon does    │
│   │                         │      │ not unwind during its next unwind.      │
│   │                         │      │ 2 DOMINATE [2⟲] Use target Goon ability │
│   │                         │      │ on a target of Player's choice. Target  │
│   │                         │      │ Goon pays wind as it would on its turn. │
│ 6 │ MediFlux-1NDS⚙️ 🚨       │    0 │ 0 DORSAL CAVITY RINSE [1⟲] Remove 1     │
│   │                         │      │ wind from target Goon.                  │
│ 7 │ Shield Array Node⚙️ 🚨   │    0 │ 0 FORTIFICATION NETWORK While 2+ Shield │
│   │                         │      │ Array Nodes are in play, Player's Goons │
│   │                         │      │ may not be the target of negative       │
│   │                         │      │ effects.                                │
│   │                         │      │ 1 SURGE BARRIER [1⟲] Banish 1           │
│   │                         │      │ mechanical from Dead Pool to give       │
│   │                         │      │ allied Goons Resist until end of turn.  │
│ 8 │ Target Marker Probe⚙️ 🚨 │    0 │ 0 MARK TARGET [1⟲] When a Goon adds     │
│   │                         │      │ wind as damage to the MARKED target     │
│   │                         │      │ this turn, increase by 1. Nob Lobber    │
│   │                         │      │ and Marine Marauder may forego wind     │
│   │                         │      │ cost when targeting only the MARKED     │
│   │                         │      │ target.                                 │
└───┴─────────────────────────┴──────┴─────────────────────────────────────────┘
Dead Pool 🥩:16 ⚙️ :16
       NARC P2 hand (6)        
┏━━━┳━━━━━━━━━━━━━━━━━━┳━━━━━━┓
┃ # ┃ Name             ┃ Cost ┃
┡━━━╇━━━━━━━━━━━━━━━━━━╇━━━━━━┩
│ 0 │ Buzzkill🔶✋⚙️ 🚨 │ 5⟲   │
│ 1 │ Sentry Node⚙️ 🚨  │ 4⟲   │
│ 2 │ Nob Lobber⚙️ 🚨   │ 4⟲   │
│ 3 │ Killjoy🔶✋⚙️ 🚨  │ 4⟲   │
│ 4 │ Narcstar🚨       │ 12⟲  │
│ 5 │ K-9.0⚙️ 🚨        │ 3⟲   │
└───┴──────────────────┴──────┘
Previous Turn
Turn 30 ends. P1 leaves 5 goons on the board. P1 now has 5 board / 7 hand 
(retired 10); P2 has 9 board / 5 hand (retired 7). Dead Pool holds 29.
  P1 deployed Local Singularity.
Turn 31 ends. P2 leaves 9 goons on the board. P1 now has 5 board / 7 hand 
(retired 10); P2 has 9 board / 5 hand (retired 8). Dead Pool holds 31.
  P2 deployed K-9.0.
  P2's Shield Array Node was retired.
  Shield Array Node was sent to the Dead Pool.
  Shield Array Node was sent to the Dead Pool.
Turn 32 | Player: P1
                                 NARC Board P2                                  
┏━━━┳━━━━━━━━━━━━━━━━━━━━━━━━━┳━━━━━━┳━━━━━━━━━━━━━━━━━━━━━━━━━━━━━━━━━━━━━━━━━┓
┃ # ┃ Name                    ┃ Wind ┃ Abilities                               ┃
┡━━━╇━━━━━━━━━━━━━━━━━━━━━━━━━╇━━━━━━╇━━━━━━━━━━━━━━━━━━━━━━━━━━━━━━━━━━━━━━━━━┩
│ 0 │ Lokar Simmons⭐✋🥩🚨   │    0 │ 0 RESOURCEFUL [2⟲] Draw a card          │
│ 1 │ Compliance Auditon⚙️ 🚨  │    0 │ 0 LITIGIOUS GRIDLOCK [1⟲] Target goon   │
│   │                         │      │ does not unwind in its next unwind      │
│   │                         │      │ phase.                                  │
│ 2 │ Hover Shield⚙️ 🚨        │    0 │ 0 COVER [1⟲] Target Goon may not be     │
│   │                         │      │ targeted by enemy Goon abilities until  │
│   │                         │      │ the beginning of player's next turn.    │
│ 3 │ K-9.0⚙️ 🚨               │    0 │ 0 SCAN FOR VULNERABILITY [2⟲] A goon    │
│   │                         │      │ may use an ability twice on the scanned │
│   │                         │      │ target this turn.                       │
│ 4 │ Task Mistres⚙️ 🚨        │    0 │ 0 BIDE TIME Mistrex gains Resist until  │
│   │                         │      │ beginning of Player's next turn.        │
│   │                         │      │ 1 TAZING CRACK [1⟲] Target Goon does    │
│   │                         │      │ not unwind during its next unwind.      │
│   │                         │      │ 2 DOMINATE [2⟲] Use target Goon ability │
│   │                         │      │ on a target of Player's choice. Target  │
│   │                         │      │ Goon pays wind as it would on its turn. │
│ 5 │ MediFlux-1NDS⚙️ 🚨       │    0 │ 0 DORSAL CAVITY RINSE [1⟲] Remove 1     │
│   │                         │      │ wind from target Goon.                  │
│ 6 │ Shield Array Node⚙️ 🚨   │    0 │ 0 FORTIFICATION NETWORK While 2+ Shield │
│   │                         │      │ Array Nodes are in play, Player's Goons │
│   │                         │      │ may not be the target of negative       │
│   │                         │      │ effects.                                │
│   │                         │      │ 1 SURGE BARRIER [1⟲] Banish 1           │
│   │                         │      │ mechanical from Dead Pool to give       │
│   │                         │      │ allied Goons Resist until end of turn.  │
│ 7 │ Target Marker Probe⚙️ 🚨 │    0 │ 0 MARK TARGET [1⟲] When a Goon adds     │
│   │                         │      │ wind as damage to the MARKED target     │
│   │                         │      │ this turn, increase by 1. Nob Lobber    │
│   │                         │      │ and Marine Marauder may forego wind     │
│   │                         │      │ cost when targeting only the MARKED     │
│   │                         │      │ target.                                 │
│ 8 │ K-9.0⚙️ 🚨               │    0 │ 0 SCAN FOR VULNERABILITY [2⟲] A goon    │
│   │                         │      │ may use an ability twice on the scanned │
│   │                         │      │ target this turn.                       │
└───┴─────────────────────────┴──────┴─────────────────────────────────────────┘
                                  PCU Board P1                                  
┏━━━┳━━━━━━━━━━━━━━━━━━━━━━━┳━━━━━━┳━━━━━━━━━━━━━━━━━━━━━━━━━━━━━━━━━━━━━━━━━━━┓
┃ # ┃ Name                  ┃ Wind ┃ Abilities                                 ┃
┡━━━╇━━━━━━━━━━━━━━━━━━━━━━━╇━━━━━━╇━━━━━━━━━━━━━━━━━━━━━━━━━━━━━━━━━━━━━━━━━━━┩
│ 0 │ Grim⭐✋🥩🌀          │    0 │ 0 DEFILE NATURE Remove 1 wind from any    │
│   │                       │      │ target Goon.                              │
│ 1 │ Primordial Oozer🥩🌀  │    2 │ 0 DISCHARGE [1⟲] Add 1 wind to target     │
│   │                       │      │ Goon                                      │
│   │                       │      │ 1 GOOP Unfriendly Goon who targets Oozer  │
│   │                       │      │ with an ability does not unwind during    │
│   │                       │      │ its next unwind phase.                    │
│ 2 │ Annihilist Overseer🌀 │    2 │ 0 BLIND [1⟲] Target Goon may not use      │
│   │                       │      │ abilities or contribute wind on its next  │
│   │                       │      │ turn.                                     │
│   │                       │      │ 1 BEHEAD [3⟲] Destroy target Goon.        │
│ 3 │ Käsekobold🥩🌀        │    0 │ 0 ADD NAUSEAM [1⟲] Add 1 wind to target   │
│   │                       │      │ Goon                                      │
│   │                       │      │ 1 REVOLT Add 1 wind to any Goon who       │
│   │                       │      │ targets Käsekobold with ability           │
│ 4 │ Local Singularity🚫🌀 │    0 │ 0 DRAW FIRE Player's Goons cannot be      │
│   │                       │      │ targeted by unfriendly abilities while    │
│   │                       │      │ Singularity is in play. Singularity must  │
│   │                       │      │ be destroyed first.                       │
└───┴───────────────────────┴──────┴───────────────────────────────────────────┘
Dead Pool 🥩:16 ⚙️ :18
        PCU P1 hand (8)        
┏━━━┳━━━━━━━━━━━━━━━━━━┳━━━━━━┓
┃ # ┃ Name             ┃ Cost ┃
┡━━━╇━━━━━━━━━━━━━━━━━━╇━━━━━━┩
│ 0 │ Helvis🌀         │ 12⟲  │
│ 1 │ Meatjacker🚫⚙️ 🌀 │ 1⚈   │
│ 2 │ Mutt⚙️ 🌀         │ 4⟲   │
│ 3 │ Dragoon⚙️ 🌀      │ 6⟲   │
│ 4 │ Mutt⚙️ 🌀         │ 4⟲   │
│ 5 │ Mutt⚙️ 🌀         │ 4⟲   │
│ 6 │ Nives⚙️ 🌀        │ 4⟲   │
│ 7 │ Käsekobold🥩🌀   │ 2⟲   │
└───┴──────────────────┴──────┘
Previous Turn
Turn 31 ends. P2 leaves 9 goons on the board. P1 now has 5 board / 7 hand 
(retired 10); P2 has 9 board / 5 hand (retired 8). Dead Pool holds 31.
  P2 deployed K-9.0.
  P2's Shield Array Node was retired.
  Shield Array Node was sent to the Dead Pool.
  Shield Array Node was sent to the Dead Pool.
could not pay wind
Turn 32 ends. P1 leaves 5 goons on the board. P1 now has 5 board / 7 hand 
(retired 11); P2 has 9 board / 5 hand (retired 8). Dead Pool holds 33.
  P1 deployed Käsekobold.
  P1's Primordial Oozer was retired.
  Primordial Oozer was sent to the Dead Pool.
  Primordial Oozer was sent to the Dead Pool.
Turn 33 | Player: P2
                                  PCU Board P1                                  
┏━━━┳━━━━━━━━━━━━━━━━━━━━━━━┳━━━━━━┳━━━━━━━━━━━━━━━━━━━━━━━━━━━━━━━━━━━━━━━━━━━┓
┃ # ┃ Name                  ┃ Wind ┃ Abilities                                 ┃
┡━━━╇━━━━━━━━━━━━━━━━━━━━━━━╇━━━━━━╇━━━━━━━━━━━━━━━━━━━━━━━━━━━━━━━━━━━━━━━━━━━┩
│ 0 │ Grim⭐✋🥩🌀          │    0 │ 0 DEFILE NATURE Remove 1 wind from any    │
│   │                       │      │ target Goon.                              │
│ 1 │ Annihilist Overseer🌀 │    3 │ 0 BLIND [1⟲] Target Goon may not use      │
│   │                       │      │ abilities or contribute wind on its next  │
│   │                       │      │ turn.                                     │
│   │                       │      │ 1 BEHEAD [3⟲] Destroy target Goon.        │
│ 2 │ Käsekobold🥩🌀        │    0 │ 0 ADD NAUSEAM [1⟲] Add 1 wind to target   │
│   │                       │      │ Goon                                      │
│   │                       │      │ 1 REVOLT Add 1 wind to any Goon who       │
│   │                       │      │ targets Käsekobold with ability           │
│ 3 │ Local Singularity🚫🌀 │    0 │ 0 DRAW FIRE Player's Goons cannot be      │
│   │                       │      │ targeted by unfriendly abilities while    │
│   │                       │      │ Singularity is in play. Singularity must  │
│   │                       │      │ be destroyed first.                       │
│ 4 │ Käsekobold🥩🌀        │    1 │ 0 ADD NAUSEAM [1⟲] Add 1 wind to target   │
│   │                       │      │ Goon                                      │
│   │                       │      │ 1 REVOLT Add 1 wind to any Goon who       │
│   │                       │      │ targets Käsekobold with ability           │
└───┴───────────────────────┴──────┴───────────────────────────────────────────┘
                                 NARC Board P2                                  
┏━━━┳━━━━━━━━━━━━━━━━━━━━━━━━━┳━━━━━━┳━━━━━━━━━━━━━━━━━━━━━━━━━━━━━━━━━━━━━━━━━┓
┃ # ┃ Name                    ┃ Wind ┃ Abilities                               ┃
┡━━━╇━━━━━━━━━━━━━━━━━━━━━━━━━╇━━━━━━╇━━━━━━━━━━━━━━━━━━━━━━━━━━━━━━━━━━━━━━━━━┩
│ 0 │ Lokar Simmons⭐✋🥩🚨   │    0 │ 0 RESOURCEFUL [2⟲] Draw a card          │
│ 1 │ Compliance Auditon⚙️ 🚨  │    0 │ 0 LITIGIOUS GRIDLOCK [1⟲] Target goon   │
│   │                         │      │ does not unwind in its next unwind      │
│   │                         │      │ phase.                                  │
│ 2 │ Hover Shield⚙️ 🚨        │    0 │ 0 COVER [1⟲] Target Goon may not be     │
│   │                         │      │ targeted by enemy Goon abilities until  │
│   │                         │      │ the beginning of player's next turn.    │
│ 3 │ K-9.0⚙️ 🚨               │    0 │ 0 SCAN FOR VULNERABILITY [2⟲] A goon    │
│   │                         │      │ may use an ability twice on the scanned │
│   │                         │      │ target this turn.                       │
│ 4 │ Task Mistres⚙️ 🚨        │    0 │ 0 BIDE TIME Mistrex gains Resist until  │
│   │                         │      │ beginning of Player's next turn.        │
│   │                         │      │ 1 TAZING CRACK [1⟲] Target Goon does    │
│   │                         │      │ not unwind during its next unwind.      │
│   │                         │      │ 2 DOMINATE [2⟲] Use target Goon ability │
│   │                         │      │ on a target of Player's choice. Target  │
│   │                         │      │ Goon pays wind as it would on its turn. │
│ 5 │ MediFlux-1NDS⚙️ 🚨       │    0 │ 0 DORSAL CAVITY RINSE [1⟲] Remove 1     │
│   │                         │      │ wind from target Goon.                  │
│ 6 │ Shield Array Node⚙️ 🚨   │    0 │ 0 FORTIFICATION NETWORK While 2+ Shield │
│   │                         │      │ Array Nodes are in play, Player's Goons │
│   │                         │      │ may not be the target of negative       │
│   │                         │      │ effects.                                │
│   │                         │      │ 1 SURGE BARRIER [1⟲] Banish 1           │
│   │                         │      │ mechanical from Dead Pool to give       │
│   │                         │      │ allied Goons Resist until end of turn.  │
│ 7 │ Target Marker Probe⚙️ 🚨 │    0 │ 0 MARK TARGET [1⟲] When a Goon adds     │
│   │                         │      │ wind as damage to the MARKED target     │
│   │                         │      │ this turn, increase by 1. Nob Lobber    │
│   │                         │      │ and Marine Marauder may forego wind     │
│   │                         │      │ cost when targeting only the MARKED     │
│   │                         │      │ target.                                 │
│ 8 │ K-9.0⚙️ 🚨               │    0 │ 0 SCAN FOR VULNERABILITY [2⟲] A goon    │
│   │                         │      │ may use an ability twice on the scanned │
│   │                         │      │ target this turn.                       │
└───┴─────────────────────────┴──────┴─────────────────────────────────────────┘
Dead Pool 🥩:18 ⚙️ :18
         NARC P2 hand (6)          
┏━━━┳━━━━━━━━━━━━━━━━━━━━━━┳━━━━━━┓
┃ # ┃ Name                 ┃ Cost ┃
┡━━━╇━━━━━━━━━━━━━━━━━━━━━━╇━━━━━━┩
│ 0 │ Buzzkill🔶✋⚙️ 🚨     │ 5⟲   │
│ 1 │ Sentry Node⚙️ 🚨      │ 4⟲   │
│ 2 │ Nob Lobber⚙️ 🚨       │ 4⟲   │
│ 3 │ Killjoy🔶✋⚙️ 🚨      │ 4⟲   │
│ 4 │ Narcstar🚨           │ 12⟲  │
│ 5 │ Detainment Probe⚙️ 🚨 │ 1⟲   │
└───┴──────────────────────┴──────┘
Previous Turn
Turn 32 ends. P1 leaves 5 goons on the board. P1 now has 5 board / 7 hand 
(retired 11); P2 has 9 board / 5 hand (retired 8). Dead Pool holds 33.
  P1 deployed Käsekobold.
  P1's Primordial Oozer was retired.
  Primordial Oozer was sent to the Dead Pool.
  Primordial Oozer was sent to the Dead Pool.
Turn 33 ends. P2 leaves 10 goons on the board. P1 now has 5 board / 7 hand 
(retired 11); P2 has 10 board / 5 hand (retired 8). Dead Pool holds 33.
  P2 deployed Detainment Probe.
Turn 34 | Player: P1
                                 NARC Board P2                                  
┏━━━┳━━━━━━━━━━━━━━━━━━━━━━━━━┳━━━━━━┳━━━━━━━━━━━━━━━━━━━━━━━━━━━━━━━━━━━━━━━━━┓
┃ # ┃ Name                    ┃ Wind ┃ Abilities                               ┃
┡━━━╇━━━━━━━━━━━━━━━━━━━━━━━━━╇━━━━━━╇━━━━━━━━━━━━━━━━━━━━━━━━━━━━━━━━━━━━━━━━━┩
│ 0 │ Lokar Simmons⭐✋🥩🚨   │    0 │ 0 RESOURCEFUL [2⟲] Draw a card          │
│ 1 │ Compliance Auditon⚙️ 🚨  │    1 │ 0 LITIGIOUS GRIDLOCK [1⟲] Target goon   │
│   │                         │      │ does not unwind in its next unwind      │
│   │                         │      │ phase.                                  │
│ 2 │ Hover Shield⚙️ 🚨        │    0 │ 0 COVER [1⟲] Target Goon may not be     │
│   │                         │      │ targeted by enemy Goon abilities until  │
│   │                         │      │ the beginning of player's next turn.    │
│ 3 │ K-9.0⚙️ 🚨               │    0 │ 0 SCAN FOR VULNERABILITY [2⟲] A goon    │
│   │                         │      │ may use an ability twice on the scanned │
│   │                         │      │ target this turn.                       │
│ 4 │ Task Mistres⚙️ 🚨        │    0 │ 0 BIDE TIME Mistrex gains Resist until  │
│   │                         │      │ beginning of Player's next turn.        │
│   │                         │      │ 1 TAZING CRACK [1⟲] Target Goon does    │
│   │                         │      │ not unwind during its next unwind.      │
│   │                         │      │ 2 DOMINATE [2⟲] Use target Goon ability │
│   │                         │      │ on a target of Player's choice. Target  │
│   │                         │      │ Goon pays wind as it would on its turn. │
│ 5 │ MediFlux-1NDS⚙️ 🚨       │    0 │ 0 DORSAL CAVITY RINSE [1⟲] Remove 1     │
│   │                         │      │ wind from target Goon.                  │
│ 6 │ Shield Array Node⚙️ 🚨   │    0 │ 0 FORTIFICATION NETWORK While 2+ Shield │
│   │                         │      │ Array Nodes are in play, Player's Goons │
│   │                         │      │ may not be the target of negative       │
│   │                         │      │ effects.                                │
│   │                         │      │ 1 SURGE BARRIER [1⟲] Banish 1           │
│   │                         │      │ mechanical from Dead Pool to give       │
│   │                         │      │ allied Goons Resist until end of turn.  │
│ 7 │ Target Marker Probe⚙️ 🚨 │    0 │ 0 MARK TARGET [1⟲] When a Goon adds     │
│   │                         │      │ wind as damage to the MARKED target     │
│   │                         │      │ this turn, increase by 1. Nob Lobber    │
│   │                         │      │ and Marine Marauder may forego wind     │
│   │                         │      │ cost when targeting only the MARKED     │
│   │                         │      │ target.                                 │
│ 8 │ K-9.0⚙️ 🚨               │    0 │ 0 SCAN FOR VULNERABILITY [2⟲] A goon    │
│   │                         │      │ may use an ability twice on the scanned │
│   │                         │      │ target this turn.                       │
│ 9 │ Detainment Probe⚙️ 🚨    │    0 │ 0 SHACKLE BEAM [1⟲] Target Goon may not │
│   │                         │      │ unwind, act or contribute wind to       │
│   │                         │      │ deploy next turn.                       │
└───┴─────────────────────────┴──────┴─────────────────────────────────────────┘
                                  PCU Board P1                                  
┏━━━┳━━━━━━━━━━━━━━━━━━━━━━━┳━━━━━━┳━━━━━━━━━━━━━━━━━━━━━━━━━━━━━━━━━━━━━━━━━━━┓
┃ # ┃ Name                  ┃ Wind ┃ Abilities                                 ┃
┡━━━╇━━━━━━━━━━━━━━━━━━━━━━━╇━━━━━━╇━━━━━━━━━━━━━━━━━━━━━━━━━━━━━━━━━━━━━━━━━━━┩
│ 0 │ Grim⭐✋🥩🌀          │    0 │ 0 DEFILE NATURE Remove 1 wind from any    │
│   │                       │      │ target Goon.                              │
│ 1 │ Annihilist Overseer🌀 │    2 │ 0 BLIND [1⟲] Target Goon may not use      │
│   │                       │      │ abilities or contribute wind on its next  │
│   │                       │      │ turn.                                     │
│   │                       │      │ 1 BEHEAD [3⟲] Destroy target Goon.        │
│ 2 │ Käsekobold🥩🌀        │    0 │ 0 ADD NAUSEAM [1⟲] Add 1 wind to target   │
│   │                       │      │ Goon                                      │
│   │                       │      │ 1 REVOLT Add 1 wind to any Goon who       │
│   │                       │      │ targets Käsekobold with ability           │
│ 3 │ Local Singularity🚫🌀 │    0 │ 0 DRAW FIRE Player's Goons cannot be      │
│   │                       │      │ targeted by unfriendly abilities while    │
│   │                       │      │ Singularity is in play. Singularity must  │
│   │                       │      │ be destroyed first.                       │
│ 4 │ Käsekobold🥩🌀        │    0 │ 0 ADD NAUSEAM [1⟲] Add 1 wind to target   │
│   │                       │      │ Goon                                      │
│   │                       │      │ 1 REVOLT Add 1 wind to any Goon who       │
│   │                       │      │ targets Käsekobold with ability           │
└───┴───────────────────────┴──────┴───────────────────────────────────────────┘
Dead Pool 🥩:18 ⚙️ :18
         PCU P1 hand (8)         
┏━━━┳━━━━━━━━━━━━━━━━━━━━┳━━━━━━┓
┃ # ┃ Name               ┃ Cost ┃
┡━━━╇━━━━━━━━━━━━━━━━━━━━╇━━━━━━┩
│ 0 │ Helvis🌀           │ 12⟲  │
│ 1 │ Meatjacker🚫⚙️ 🌀   │ 1⚈   │
│ 2 │ Mutt⚙️ 🌀           │ 4⟲   │
│ 3 │ Dragoon⚙️ 🌀        │ 6⟲   │
│ 4 │ Mutt⚙️ 🌀           │ 4⟲   │
│ 5 │ Mutt⚙️ 🌀           │ 4⟲   │
│ 6 │ Nives⚙️ 🌀          │ 4⟲   │
│ 7 │ Meat Vegetable🥩🌀 │ -    │
└───┴────────────────────┴──────┘
Previous Turn
Turn 33 ends. P2 leaves 10 goons on the board. P1 now has 5 board / 7 hand 
(retired 11); P2 has 10 board / 5 hand (retired 8). Dead Pool holds 33.
  P2 deployed Detainment Probe.
could not pay wind
Turn 34 ends. P1 leaves 6 goons on the board. P1 now has 6 board / 7 hand 
(retired 11); P2 has 10 board / 5 hand (retired 8). Dead Pool holds 33.
  P1 deployed Meat Vegetable.
Turn 35 | Player: P2
                                  PCU Board P1                                  
┏━━━┳━━━━━━━━━━━━━━━━━━━━━━━┳━━━━━━┳━━━━━━━━━━━━━━━━━━━━━━━━━━━━━━━━━━━━━━━━━━━┓
┃ # ┃ Name                  ┃ Wind ┃ Abilities                                 ┃
┡━━━╇━━━━━━━━━━━━━━━━━━━━━━━╇━━━━━━╇━━━━━━━━━━━━━━━━━━━━━━━━━━━━━━━━━━━━━━━━━━━┩
│ 0 │ Grim⭐✋🥩🌀          │    0 │ 0 DEFILE NATURE Remove 1 wind from any    │
│   │                       │      │ target Goon.                              │
│ 1 │ Annihilist Overseer🌀 │    3 │ 0 BLIND [1⟲] Target Goon may not use      │
│   │                       │      │ abilities or contribute wind on its next  │
│   │                       │      │ turn.                                     │
│   │                       │      │ 1 BEHEAD [3⟲] Destroy target Goon.        │
│ 2 │ Käsekobold🥩🌀        │    0 │ 0 ADD NAUSEAM [1⟲] Add 1 wind to target   │
│   │                       │      │ Goon                                      │
│   │                       │      │ 1 REVOLT Add 1 wind to any Goon who       │
│   │                       │      │ targets Käsekobold with ability           │
│ 3 │ Local Singularity🚫🌀 │    0 │ 0 DRAW FIRE Player's Goons cannot be      │
│   │                       │      │ targeted by unfriendly abilities while    │
│   │                       │      │ Singularity is in play. Singularity must  │
│   │                       │      │ be destroyed first.                       │
│ 4 │ Käsekobold🥩🌀        │    0 │ 0 ADD NAUSEAM [1⟲] Add 1 wind to target   │
│   │                       │      │ Goon                                      │
│   │                       │      │ 1 REVOLT Add 1 wind to any Goon who       │
│   │                       │      │ targets Käsekobold with ability           │
│ 5 │ Meat Vegetable🥩🌀    │    0 │ -                                         │
└───┴───────────────────────┴──────┴───────────────────────────────────────────┘
                                 NARC Board P2                                  
┏━━━┳━━━━━━━━━━━━━━━━━━━━━━━━━┳━━━━━━┳━━━━━━━━━━━━━━━━━━━━━━━━━━━━━━━━━━━━━━━━━┓
┃ # ┃ Name                    ┃ Wind ┃ Abilities                               ┃
┡━━━╇━━━━━━━━━━━━━━━━━━━━━━━━━╇━━━━━━╇━━━━━━━━━━━━━━━━━━━━━━━━━━━━━━━━━━━━━━━━━┩
│ 0 │ Lokar Simmons⭐✋🥩🚨   │    0 │ 0 RESOURCEFUL [2⟲] Draw a card          │
│ 1 │ Compliance Auditon⚙️ 🚨  │    0 │ 0 LITIGIOUS GRIDLOCK [1⟲] Target goon   │
│   │                         │      │ does not unwind in its next unwind      │
│   │                         │      │ phase.                                  │
│ 2 │ Hover Shield⚙️ 🚨        │    0 │ 0 COVER [1⟲] Target Goon may not be     │
│   │                         │      │ targeted by enemy Goon abilities until  │
│   │                         │      │ the beginning of player's next turn.    │
│ 3 │ K-9.0⚙️ 🚨               │    0 │ 0 SCAN FOR VULNERABILITY [2⟲] A goon    │
│   │                         │      │ may use an ability twice on the scanned │
│   │                         │      │ target this turn.                       │
│ 4 │ Task Mistres⚙️ 🚨        │    0 │ 0 BIDE TIME Mistrex gains Resist until  │
│   │                         │      │ beginning of Player's next turn.        │
│   │                         │      │ 1 TAZING CRACK [1⟲] Target Goon does    │
│   │                         │      │ not unwind during its next unwind.      │
│   │                         │      │ 2 DOMINATE [2⟲] Use target Goon ability │
│   │                         │      │ on a target of Player's choice. Target  │
│   │                         │      │ Goon pays wind as it would on its turn. │
│ 5 │ MediFlux-1NDS⚙️ 🚨       │    0 │ 0 DORSAL CAVITY RINSE [1⟲] Remove 1     │
│   │                         │      │ wind from target Goon.                  │
│ 6 │ Shield Array Node⚙️ 🚨   │    0 │ 0 FORTIFICATION NETWORK While 2+ Shield │
│   │                         │      │ Array Nodes are in play, Player's Goons │
│   │                         │      │ may not be the target of negative       │
│   │                         │      │ effects.                                │
│   │                         │      │ 1 SURGE BARRIER [1⟲] Banish 1           │
│   │                         │      │ mechanical from Dead Pool to give       │
│   │                         │      │ allied Goons Resist until end of turn.  │
│ 7 │ Target Marker Probe⚙️ 🚨 │    0 │ 0 MARK TARGET [1⟲] When a Goon adds     │
│   │                         │      │ wind as damage to the MARKED target     │
│   │                         │      │ this turn, increase by 1. Nob Lobber    │
│   │                         │      │ and Marine Marauder may forego wind     │
│   │                         │      │ cost when targeting only the MARKED     │
│   │                         │      │ target.                                 │
│ 8 │ K-9.0⚙️ 🚨               │    0 │ 0 SCAN FOR VULNERABILITY [2⟲] A goon    │
│   │                         │      │ may use an ability twice on the scanned │
│   │                         │      │ target this turn.                       │
│ 9 │ Detainment Probe⚙️ 🚨    │    0 │ 0 SHACKLE BEAM [1⟲] Target Goon may not │
│   │                         │      │ unwind, act or contribute wind to       │
│   │                         │      │ deploy next turn.                       │
└───┴─────────────────────────┴──────┴─────────────────────────────────────────┘
Dead Pool 🥩:18 ⚙️ :18
         NARC P2 hand (6)         
┏━━━┳━━━━━━━━━━━━━━━━━━━━━┳━━━━━━┓
┃ # ┃ Name                ┃ Cost ┃
┡━━━╇━━━━━━━━━━━━━━━━━━━━━╇━━━━━━┩
│ 0 │ Buzzkill🔶✋⚙️ 🚨    │ 5⟲   │
│ 1 │ Sentry Node⚙️ 🚨     │ 4⟲   │
│ 2 │ Nob Lobber⚙️ 🚨      │ 4⟲   │
│ 3 │ Killjoy🔶✋⚙️ 🚨     │ 4⟲   │
│ 4 │ Narcstar🚨          │ 12⟲  │
│ 5 │ Sausage Droid🥩⚙️ 🚨 │ 1⟲   │
└───┴─────────────────────┴──────┘
Previous Turn
Turn 34 ends. P1 leaves 6 goons on the board. P1 now has 6 board / 7 hand 
(retired 11); P2 has 10 board / 5 hand (retired 8). Dead Pool holds 33.
  P1 deployed Meat Vegetable.
Turn 35 ends. P2 leaves 11 goons on the board. P1 now has 6 board / 7 hand 
(retired 11); P2 has 11 board / 5 hand (retired 8). Dead Pool holds 33.
  P2 deployed Sausage Droid.
Turn 36 | Player: P1
                                 NARC Board P2                                  
┏━━━━┳━━━━━━━━━━━━━━━━━━━━━━━━━┳━━━━━━┳━━━━━━━━━━━━━━━━━━━━━━━━━━━━━━━━━━━━━━━━┓
┃  # ┃ Name                    ┃ Wind ┃ Abilities                              ┃
┡━━━━╇━━━━━━━━━━━━━━━━━━━━━━━━━╇━━━━━━╇━━━━━━━━━━━━━━━━━━━━━━━━━━━━━━━━━━━━━━━━┩
│  0 │ Lokar Simmons⭐✋🥩🚨   │    0 │ 0 RESOURCEFUL [2⟲] Draw a card         │
│  1 │ Compliance Auditon⚙️ 🚨  │    1 │ 0 LITIGIOUS GRIDLOCK [1⟲] Target goon  │
│    │                         │      │ does not unwind in its next unwind     │
│    │                         │      │ phase.                                 │
│  2 │ Hover Shield⚙️ 🚨        │    0 │ 0 COVER [1⟲] Target Goon may not be    │
│    │                         │      │ targeted by enemy Goon abilities until │
│    │                         │      │ the beginning of player's next turn.   │
│  3 │ K-9.0⚙️ 🚨               │    0 │ 0 SCAN FOR VULNERABILITY [2⟲] A goon   │
│    │                         │      │ may use an ability twice on the        │
│    │                         │      │ scanned target this turn.              │
│  4 │ Task Mistres⚙️ 🚨        │    0 │ 0 BIDE TIME Mistrex gains Resist until │
│    │                         │      │ beginning of Player's next turn.       │
│    │                         │      │ 1 TAZING CRACK [1⟲] Target Goon does   │
│    │                         │      │ not unwind during its next unwind.     │
│    │                         │      │ 2 DOMINATE [2⟲] Use target Goon        │
│    │                         │      │ ability on a target of Player's        │
│    │                         │      │ choice. Target Goon pays wind as it    │
│    │                         │      │ would on its turn.                     │
│  5 │ MediFlux-1NDS⚙️ 🚨       │    0 │ 0 DORSAL CAVITY RINSE [1⟲] Remove 1    │
│    │                         │      │ wind from target Goon.                 │
│  6 │ Shield Array Node⚙️ 🚨   │    0 │ 0 FORTIFICATION NETWORK While 2+       │
│    │                         │      │ Shield Array Nodes are in play,        │
│    │                         │      │ Player's Goons may not be the target   │
│    │                         │      │ of negative effects.                   │
│    │                         │      │ 1 SURGE BARRIER [1⟲] Banish 1          │
│    │                         │      │ mechanical from Dead Pool to give      │
│    │                         │      │ allied Goons Resist until end of turn. │
│  7 │ Target Marker Probe⚙️ 🚨 │    0 │ 0 MARK TARGET [1⟲] When a Goon adds    │
│    │                         │      │ wind as damage to the MARKED target    │
│    │                         │      │ this turn, increase by 1. Nob Lobber   │
│    │                         │      │ and Marine Marauder may forego wind    │
│    │                         │      │ cost when targeting only the MARKED    │
│    │                         │      │ target.                                │
│  8 │ K-9.0⚙️ 🚨               │    0 │ 0 SCAN FOR VULNERABILITY [2⟲] A goon   │
│    │                         │      │ may use an ability twice on the        │
│    │                         │      │ scanned target this turn.              │
│  9 │ Detainment Probe⚙️ 🚨    │    1 │ 0 SHACKLE BEAM [1⟲] Target Goon may    │
│    │                         │      │ not unwind, act or contribute wind to  │
│    │                         │      │ deploy next turn.                      │
│ 10 │ Sausage Droid🥩⚙️ 🚨     │    0 │ 0 PROCESS [1⟲ 1⚈] Burn 1 biological    │
│    │                         │      │ from Dead Pool to remove 1 wind from   │
│    │                         │      │ target Goon.                           │
│    │                         │      │ 1 OVERCLOCKED BURST [1⟲] Banish 1      │
│    │                         │      │ mechanical from Dead Pool to add 1     │
│    │                         │      │ wind to target Goon.                   │
└────┴─────────────────────────┴──────┴────────────────────────────────────────┘
                                  PCU Board P1                                  
┏━━━┳━━━━━━━━━━━━━━━━━━━━━━━┳━━━━━━┳━━━━━━━━━━━━━━━━━━━━━━━━━━━━━━━━━━━━━━━━━━━┓
┃ # ┃ Name                  ┃ Wind ┃ Abilities                                 ┃
┡━━━╇━━━━━━━━━━━━━━━━━━━━━━━╇━━━━━━╇━━━━━━━━━━━━━━━━━━━━━━━━━━━━━━━━━━━━━━━━━━━┩
│ 0 │ Grim⭐✋🥩🌀          │    0 │ 0 DEFILE NATURE Remove 1 wind from any    │
│   │                       │      │ target Goon.                              │
│ 1 │ Annihilist Overseer🌀 │    2 │ 0 BLIND [1⟲] Target Goon may not use      │
│   │                       │      │ abilities or contribute wind on its next  │
│   │                       │      │ turn.                                     │
│   │                       │      │ 1 BEHEAD [3⟲] Destroy target Goon.        │
│ 2 │ Käsekobold🥩🌀        │    0 │ 0 ADD NAUSEAM [1⟲] Add 1 wind to target   │
│   │                       │      │ Goon                                      │
│   │                       │      │ 1 REVOLT Add 1 wind to any Goon who       │
│   │                       │      │ targets Käsekobold with ability           │
│ 3 │ Local Singularity🚫🌀 │    0 │ 0 DRAW FIRE Player's Goons cannot be      │
│   │                       │      │ targeted by unfriendly abilities while    │
│   │                       │      │ Singularity is in play. Singularity must  │
│   │                       │      │ be destroyed first.                       │
│ 4 │ Käsekobold🥩🌀        │    0 │ 0 ADD NAUSEAM [1⟲] Add 1 wind to target   │
│   │                       │      │ Goon                                      │
│   │                       │      │ 1 REVOLT Add 1 wind to any Goon who       │
│   │                       │      │ targets Käsekobold with ability           │
│ 5 │ Meat Vegetable🥩🌀    │    0 │ -                                         │
└───┴───────────────────────┴──────┴───────────────────────────────────────────┘
Dead Pool 🥩:18 ⚙️ :18
        PCU P1 hand (8)        
┏━━━┳━━━━━━━━━━━━━━━━━━┳━━━━━━┓
┃ # ┃ Name             ┃ Cost ┃
┡━━━╇━━━━━━━━━━━━━━━━━━╇━━━━━━┩
│ 0 │ Helvis🌀         │ 12⟲  │
│ 1 │ Meatjacker🚫⚙️ 🌀 │ 1⚈   │
│ 2 │ Mutt⚙️ 🌀         │ 4⟲   │
│ 3 │ Dragoon⚙️ 🌀      │ 6⟲   │
│ 4 │ Mutt⚙️ 🌀         │ 4⟲   │
│ 5 │ Mutt⚙️ 🌀         │ 4⟲   │
│ 6 │ Nives⚙️ 🌀        │ 4⟲   │
│ 7 │ Vex🔶✋🥩🌀      │ 4⟲   │
└───┴──────────────────┴──────┘
Previous Turn
Turn 35 ends. P2 leaves 11 goons on the board. P1 now has 6 board / 7 hand 
(retired 11); P2 has 11 board / 5 hand (retired 8). Dead Pool holds 33.
  P2 deployed Sausage Droid.
could not pay wind
cannot deploy: requires Krax on your board
cannot deploy: requires Krax on your board
cannot deploy: requires Krax on your board
cannot deploy: requires Vex on your board
Turn 36 ends. P1 leaves 6 goons on the board. P1 now has 6 board / 7 hand 
(retired 12); P2 has 11 board / 5 hand (retired 8). Dead Pool holds 35.
  P1 deployed Vex.
  P1's Annihilist Overseer was retired.
  Annihilist Overseer was sent to the Dead Pool.
  Annihilist Overseer was sent to the Dead Pool.
Turn 37 | Player: P2
                                  PCU Board P1                                  
┏━━━┳━━━━━━━━━━━━━━━━━━━━━━━┳━━━━━━┳━━━━━━━━━━━━━━━━━━━━━━━━━━━━━━━━━━━━━━━━━━━┓
┃ # ┃ Name                  ┃ Wind ┃ Abilities                                 ┃
┡━━━╇━━━━━━━━━━━━━━━━━━━━━━━╇━━━━━━╇━━━━━━━━━━━━━━━━━━━━━━━━━━━━━━━━━━━━━━━━━━━┩
│ 0 │ Grim⭐✋🥩🌀          │    0 │ 0 DEFILE NATURE Remove 1 wind from any    │
│   │                       │      │ target Goon.                              │
│ 1 │ Käsekobold🥩🌀        │    3 │ 0 ADD NAUSEAM [1⟲] Add 1 wind to target   │
│   │                       │      │ Goon                                      │
│   │                       │      │ 1 REVOLT Add 1 wind to any Goon who       │
│   │                       │      │ targets Käsekobold with ability           │
│ 2 │ Local Singularity🚫🌀 │    0 │ 0 DRAW FIRE Player's Goons cannot be      │
│   │                       │      │ targeted by unfriendly abilities while    │
│   │                       │      │ Singularity is in play. Singularity must  │
│   │                       │      │ be destroyed first.                       │
│ 3 │ Käsekobold🥩🌀        │    0 │ 0 ADD NAUSEAM [1⟲] Add 1 wind to target   │
│   │                       │      │ Goon                                      │
│   │                       │      │ 1 REVOLT Add 1 wind to any Goon who       │
│   │                       │      │ targets Käsekobold with ability           │
│ 4 │ Meat Vegetable🥩🌀    │    0 │ -                                         │
│ 5 │ Vex🔶✋🥩🌀           │    0 │ 0 PLINK Add 1 wind to target Goon         │
│   │                       │      │ 1 SNIPE [2⟲] Add 2 wind to target Goon    │
│   │                       │      │ 2 DOME [3⟲] Destroy target Goon.          │
└───┴───────────────────────┴──────┴───────────────────────────────────────────┘
                                 NARC Board P2                                  
┏━━━━┳━━━━━━━━━━━━━━━━━━━━━━━━━┳━━━━━━┳━━━━━━━━━━━━━━━━━━━━━━━━━━━━━━━━━━━━━━━━┓
┃  # ┃ Name                    ┃ Wind ┃ Abilities                              ┃
┡━━━━╇━━━━━━━━━━━━━━━━━━━━━━━━━╇━━━━━━╇━━━━━━━━━━━━━━━━━━━━━━━━━━━━━━━━━━━━━━━━┩
│  0 │ Lokar Simmons⭐✋🥩🚨   │    0 │ 0 RESOURCEFUL [2⟲] Draw a card         │
│  1 │ Compliance Auditon⚙️ 🚨  │    2 │ 0 LITIGIOUS GRIDLOCK [1⟲] Target goon  │
│    │                         │      │ does not unwind in its next unwind     │
│    │                         │      │ phase.                                 │
│  2 │ Hover Shield⚙️ 🚨        │    0 │ 0 COVER [1⟲] Target Goon may not be    │
│    │                         │      │ targeted by enemy Goon abilities until │
│    │                         │      │ the beginning of player's next turn.   │
│  3 │ K-9.0⚙️ 🚨               │    0 │ 0 SCAN FOR VULNERABILITY [2⟲] A goon   │
│    │                         │      │ may use an ability twice on the        │
│    │                         │      │ scanned target this turn.              │
│  4 │ Task Mistres⚙️ 🚨        │    0 │ 0 BIDE TIME Mistrex gains Resist until │
│    │                         │      │ beginning of Player's next turn.       │
│    │                         │      │ 1 TAZING CRACK [1⟲] Target Goon does   │
│    │                         │      │ not unwind during its next unwind.     │
│    │                         │      │ 2 DOMINATE [2⟲] Use target Goon        │
│    │                         │      │ ability on a target of Player's        │
│    │                         │      │ choice. Target Goon pays wind as it    │
│    │                         │      │ would on its turn.                     │
│  5 │ MediFlux-1NDS⚙️ 🚨       │    0 │ 0 DORSAL CAVITY RINSE [1⟲] Remove 1    │
│    │                         │      │ wind from target Goon.                 │
│  6 │ Shield Array Node⚙️ 🚨   │    0 │ 0 FORTIFICATION NETWORK While 2+       │
│    │                         │      │ Shield Array Nodes are in play,        │
│    │                         │      │ Player's Goons may not be the target   │
│    │                         │      │ of negative effects.                   │
│    │                         │      │ 1 SURGE BARRIER [1⟲] Banish 1          │
│    │                         │      │ mechanical from Dead Pool to give      │
│    │                         │      │ allied Goons Resist until end of turn. │
│  7 │ Target Marker Probe⚙️ 🚨 │    0 │ 0 MARK TARGET [1⟲] When a Goon adds    │
│    │                         │      │ wind as damage to the MARKED target    │
│    │                         │      │ this turn, increase by 1. Nob Lobber   │
│    │                         │      │ and Marine Marauder may forego wind    │
│    │                         │      │ cost when targeting only the MARKED    │
│    │                         │      │ target.                                │
│  8 │ K-9.0⚙️ 🚨               │    0 │ 0 SCAN FOR VULNERABILITY [2⟲] A goon   │
│    │                         │      │ may use an ability twice on the        │
│    │                         │      │ scanned target this turn.              │
│  9 │ Detainment Probe⚙️ 🚨    │    0 │ 0 SHACKLE BEAM [1⟲] Target Goon may    │
│    │                         │      │ not unwind, act or contribute wind to  │
│    │                         │      │ deploy next turn.                      │
│ 10 │ Sausage Droid🥩⚙️ 🚨     │    0 │ 0 PROCESS [1⟲ 1⚈] Burn 1 biological    │
│    │                         │      │ from Dead Pool to remove 1 wind from   │
│    │                         │      │ target Goon.                           │
│    │                         │      │ 1 OVERCLOCKED BURST [1⟲] Banish 1      │
│    │                         │      │ mechanical from Dead Pool to add 1     │
│    │                         │      │ wind to target Goon.                   │
└────┴─────────────────────────┴──────┴────────────────────────────────────────┘
Dead Pool 🥩:18 ⚙️ :18
       NARC P2 hand (6)        
┏━━━┳━━━━━━━━━━━━━━━━━━┳━━━━━━┓
┃ # ┃ Name             ┃ Cost ┃
┡━━━╇━━━━━━━━━━━━━━━━━━╇━━━━━━┩
│ 0 │ Buzzkill🔶✋⚙️ 🚨 │ 5⟲   │
│ 1 │ Sentry Node⚙️ 🚨  │ 4⟲   │
│ 2 │ Nob Lobber⚙️ 🚨   │ 4⟲   │
│ 3 │ Killjoy🔶✋⚙️ 🚨  │ 4⟲   │
│ 4 │ Narcstar🚨       │ 12⟲  │
│ 5 │ Nob Lobber⚙️ 🚨   │ 4⟲   │
└───┴──────────────────┴──────┘
Previous Turn
Turn 36 ends. P1 leaves 6 goons on the board. P1 now has 6 board / 7 hand 
(retired 12); P2 has 11 board / 5 hand (retired 8). Dead Pool holds 35.
  P1 deployed Vex.
  P1's Annihilist Overseer was retired.
  Annihilist Overseer was sent to the Dead Pool.
  Annihilist Overseer was sent to the Dead Pool.
Turn 37 ends. P2 leaves 11 goons on the board. P1 now has 6 board / 7 hand 
(retired 12); P2 has 11 board / 5 hand (retired 9). Dead Pool holds 37.
  P2 deployed Sentry Node.
  P2's Compliance Auditon was retired.
  Compliance Auditon was sent to the Dead Pool.
  Compliance Auditon was sent to the Dead Pool.
Turn 38 | Player: P1
                                 NARC Board P2                                  
┏━━━━┳━━━━━━━━━━━━━━━━━━━━━━━━━┳━━━━━━┳━━━━━━━━━━━━━━━━━━━━━━━━━━━━━━━━━━━━━━━━┓
┃  # ┃ Name                    ┃ Wind ┃ Abilities                              ┃
┡━━━━╇━━━━━━━━━━━━━━━━━━━━━━━━━╇━━━━━━╇━━━━━━━━━━━━━━━━━━━━━━━━━━━━━━━━━━━━━━━━┩
│  0 │ Lokar Simmons⭐✋🥩🚨   │    0 │ 0 RESOURCEFUL [2⟲] Draw a card         │
│  1 │ Hover Shield⚙️ 🚨        │    2 │ 0 COVER [1⟲] Target Goon may not be    │
│    │                         │      │ targeted by enemy Goon abilities until │
│    │                         │      │ the beginning of player's next turn.   │
│  2 │ K-9.0⚙️ 🚨               │    0 │ 0 SCAN FOR VULNERABILITY [2⟲] A goon   │
│    │                         │      │ may use an ability twice on the        │
│    │                         │      │ scanned target this turn.              │
│  3 │ Task Mistres⚙️ 🚨        │    0 │ 0 BIDE TIME Mistrex gains Resist until │
│    │                         │      │ beginning of Player's next turn.       │
│    │                         │      │ 1 TAZING CRACK [1⟲] Target Goon does   │
│    │                         │      │ not unwind during its next unwind.     │
│    │                         │      │ 2 DOMINATE [2⟲] Use target Goon        │
│    │                         │      │ ability on a target of Player's        │
│    │                         │      │ choice. Target Goon pays wind as it    │
│    │                         │      │ would on its turn.                     │
│  4 │ MediFlux-1NDS⚙️ 🚨       │    0 │ 0 DORSAL CAVITY RINSE [1⟲] Remove 1    │
│    │                         │      │ wind from target Goon.                 │
│  5 │ Shield Array Node⚙️ 🚨   │    0 │ 0 FORTIFICATION NETWORK While 2+       │
│    │                         │      │ Shield Array Nodes are in play,        │
│    │                         │      │ Player's Goons may not be the target   │
│    │                         │      │ of negative effects.                   │
│    │                         │      │ 1 SURGE BARRIER [1⟲] Banish 1          │
│    │                         │      │ mechanical from Dead Pool to give      │
│    │                         │      │ allied Goons Resist until end of turn. │
│  6 │ Target Marker Probe⚙️ 🚨 │    0 │ 0 MARK TARGET [1⟲] When a Goon adds    │
│    │                         │      │ wind as damage to the MARKED target    │
│    │                         │      │ this turn, increase by 1. Nob Lobber   │
│    │                         │      │ and Marine Marauder may forego wind    │
│    │                         │      │ cost when targeting only the MARKED    │
│    │                         │      │ target.                                │
│  7 │ K-9.0⚙️ 🚨               │    0 │ 0 SCAN FOR VULNERABILITY [2⟲] A goon   │
│    │                         │      │ may use an ability twice on the        │
│    │                         │      │ scanned target this turn.              │
│  8 │ Detainment Probe⚙️ 🚨    │    1 │ 0 SHACKLE BEAM [1⟲] Target Goon may    │
│    │                         │      │ not unwind, act or contribute wind to  │
│    │                         │      │ deploy next turn.                      │
│  9 │ Sausage Droid🥩⚙️ 🚨     │    0 │ 0 PROCESS [1⟲ 1⚈] Burn 1 biological    │
│    │                         │      │ from Dead Pool to remove 1 wind from   │
│    │                         │      │ target Goon.                           │
│    │                         │      │ 1 OVERCLOCKED BURST [1⟲] Banish 1      │
│    │                         │      │ mechanical from Dead Pool to add 1     │
│    │                         │      │ wind to target Goon.                   │
│ 10 │ Sentry Node⚙️ 🚨         │    0 │ 0 AUTOBURST Add 1 wind to target Goon. │
│    │                         │      │ 1 LEAD LASER [2⟲] Add 2 wind to target │
│    │                         │      │ Goon.                                  │
└────┴─────────────────────────┴──────┴────────────────────────────────────────┘
                                  PCU Board P1                                  
┏━━━┳━━━━━━━━━━━━━━━━━━━━━━━┳━━━━━━┳━━━━━━━━━━━━━━━━━━━━━━━━━━━━━━━━━━━━━━━━━━━┓
┃ # ┃ Name                  ┃ Wind ┃ Abilities                                 ┃
┡━━━╇━━━━━━━━━━━━━━━━━━━━━━━╇━━━━━━╇━━━━━━━━━━━━━━━━━━━━━━━━━━━━━━━━━━━━━━━━━━━┩
│ 0 │ Grim⭐✋🥩🌀          │    0 │ 0 DEFILE NATURE Remove 1 wind from any    │
│   │                       │      │ target Goon.                              │
│ 1 │ Käsekobold🥩🌀        │    2 │ 0 ADD NAUSEAM [1⟲] Add 1 wind to target   │
│   │                       │      │ Goon                                      │
│   │                       │      │ 1 REVOLT Add 1 wind to any Goon who       │
│   │                       │      │ targets Käsekobold with ability           │
│ 2 │ Local Singularity🚫🌀 │    0 │ 0 DRAW FIRE Player's Goons cannot be      │
│   │                       │      │ targeted by unfriendly abilities while    │
│   │                       │      │ Singularity is in play. Singularity must  │
│   │                       │      │ be destroyed first.                       │
│ 3 │ Käsekobold🥩🌀        │    0 │ 0 ADD NAUSEAM [1⟲] Add 1 wind to target   │
│   │                       │      │ Goon                                      │
│   │                       │      │ 1 REVOLT Add 1 wind to any Goon who       │
│   │                       │      │ targets Käsekobold with ability           │
│ 4 │ Meat Vegetable🥩🌀    │    0 │ -                                         │
│ 5 │ Vex🔶✋🥩🌀           │    0 │ 0 PLINK Add 1 wind to target Goon         │
│   │                       │      │ 1 SNIPE [2⟲] Add 2 wind to target Goon    │
│   │                       │      │ 2 DOME [3⟲] Destroy target Goon.          │
└───┴───────────────────────┴──────┴───────────────────────────────────────────┘
Dead Pool 🥩:18 ⚙️ :20
          PCU P1 hand (8)          
┏━━━┳━━━━━━━━━━━━━━━━━━━━━━┳━━━━━━┓
┃ # ┃ Name                 ┃ Cost ┃
┡━━━╇━━━━━━━━━━━━━━━━━━━━━━╇━━━━━━┩
│ 0 │ Helvis🌀             │ 12⟲  │
│ 1 │ Meatjacker🚫⚙️ 🌀     │ 1⚈   │
│ 2 │ Mutt⚙️ 🌀             │ 4⟲   │
│ 3 │ Dragoon⚙️ 🌀          │ 6⟲   │
│ 4 │ Mutt⚙️ 🌀             │ 4⟲   │
│ 5 │ Mutt⚙️ 🌀             │ 4⟲   │
│ 6 │ Nives⚙️ 🌀            │ 4⟲   │
│ 7 │ Psychodelic Toad🥩🌀 │ 2⟲   │
└───┴──────────────────────┴──────┘
Previous Turn
Turn 37 ends. P2 leaves 11 goons on the board. P1 now has 6 board / 7 hand 
(retired 12); P2 has 11 board / 5 hand (retired 9). Dead Pool holds 37.
  P2 deployed Sentry Node.
  P2's Compliance Auditon was retired.
  Compliance Auditon was sent to the Dead Pool.
  Compliance Auditon was sent to the Dead Pool.
could not pay wind
Turn 38 ends. P1 leaves 6 goons on the board. P1 now has 6 board / 7 hand 
(retired 13); P2 has 11 board / 5 hand (retired 9). Dead Pool holds 39.
  P1 deployed Psychodelic Toad.
  P1's Käsekobold was retired.
  Käsekobold was sent to the Dead Pool.
  Käsekobold was sent to the Dead Pool.
Turn 39 | Player: P2
                                  PCU Board P1                                  
┏━━━┳━━━━━━━━━━━━━━━━━━━━━━━┳━━━━━━┳━━━━━━━━━━━━━━━━━━━━━━━━━━━━━━━━━━━━━━━━━━━┓
┃ # ┃ Name                  ┃ Wind ┃ Abilities                                 ┃
┡━━━╇━━━━━━━━━━━━━━━━━━━━━━━╇━━━━━━╇━━━━━━━━━━━━━━━━━━━━━━━━━━━━━━━━━━━━━━━━━━━┩
│ 0 │ Grim⭐✋🥩🌀          │    0 │ 0 DEFILE NATURE Remove 1 wind from any    │
│   │                       │      │ target Goon.                              │
│ 1 │ Local Singularity🚫🌀 │    0 │ 0 DRAW FIRE Player's Goons cannot be      │
│   │                       │      │ targeted by unfriendly abilities while    │
│   │                       │      │ Singularity is in play. Singularity must  │
│   │                       │      │ be destroyed first.                       │
│ 2 │ Käsekobold🥩🌀        │    0 │ 0 ADD NAUSEAM [1⟲] Add 1 wind to target   │
│   │                       │      │ Goon                                      │
│   │                       │      │ 1 REVOLT Add 1 wind to any Goon who       │
│   │                       │      │ targets Käsekobold with ability           │
│ 3 │ Meat Vegetable🥩🌀    │    0 │ -                                         │
│ 4 │ Vex🔶✋🥩🌀           │    3 │ 0 PLINK Add 1 wind to target Goon         │
│   │                       │      │ 1 SNIPE [2⟲] Add 2 wind to target Goon    │
│   │                       │      │ 2 DOME [3⟲] Destroy target Goon.          │
│ 5 │ Psychodelic Toad🥩🌀  │    0 │ 0 DOSE [2⟲] Target Goon may not use       │
│   │                       │      │ abilities or contribute wind on its       │
│   │                       │      │ Player’s next turn. Target may still      │
│   │                       │      │ unwind.                                   │
└───┴───────────────────────┴──────┴───────────────────────────────────────────┘
                                 NARC Board P2                                  
┏━━━━┳━━━━━━━━━━━━━━━━━━━━━━━━━┳━━━━━━┳━━━━━━━━━━━━━━━━━━━━━━━━━━━━━━━━━━━━━━━━┓
┃  # ┃ Name                    ┃ Wind ┃ Abilities                              ┃
┡━━━━╇━━━━━━━━━━━━━━━━━━━━━━━━━╇━━━━━━╇━━━━━━━━━━━━━━━━━━━━━━━━━━━━━━━━━━━━━━━━┩
│  0 │ Lokar Simmons⭐✋🥩🚨   │    0 │ 0 RESOURCEFUL [2⟲] Draw a card         │
│  1 │ Hover Shield⚙️ 🚨        │    2 │ 0 COVER [1⟲] Target Goon may not be    │
│    │                         │      │ targeted by enemy Goon abilities until │
│    │                         │      │ the beginning of player's next turn.   │
│  2 │ K-9.0⚙️ 🚨               │    0 │ 0 SCAN FOR VULNERABILITY [2⟲] A goon   │
│    │                         │      │ may use an ability twice on the        │
│    │                         │      │ scanned target this turn.              │
│  3 │ Task Mistres⚙️ 🚨        │    0 │ 0 BIDE TIME Mistrex gains Resist until │
│    │                         │      │ beginning of Player's next turn.       │
│    │                         │      │ 1 TAZING CRACK [1⟲] Target Goon does   │
│    │                         │      │ not unwind during its next unwind.     │
│    │                         │      │ 2 DOMINATE [2⟲] Use target Goon        │
│    │                         │      │ ability on a target of Player's        │
│    │                         │      │ choice. Target Goon pays wind as it    │
│    │                         │      │ would on its turn.                     │
│  4 │ MediFlux-1NDS⚙️ 🚨       │    0 │ 0 DORSAL CAVITY RINSE [1⟲] Remove 1    │
│    │                         │      │ wind from target Goon.                 │
│  5 │ Shield Array Node⚙️ 🚨   │    0 │ 0 FORTIFICATION NETWORK While 2+       │
│    │                         │      │ Shield Array Nodes are in play,        │
│    │                         │      │ Player's Goons may not be the target   │
│    │                         │      │ of negative effects.                   │
│    │                         │      │ 1 SURGE BARRIER [1⟲] Banish 1          │
│    │                         │      │ mechanical from Dead Pool to give      │
│    │                         │      │ allied Goons Resist until end of turn. │
│  6 │ Target Marker Probe⚙️ 🚨 │    0 │ 0 MARK TARGET [1⟲] When a Goon adds    │
│    │                         │      │ wind as damage to the MARKED target    │
│    │                         │      │ this turn, increase by 1. Nob Lobber   │
│    │                         │      │ and Marine Marauder may forego wind    │
│    │                         │      │ cost when targeting only the MARKED    │
│    │                         │      │ target.                                │
│  7 │ K-9.0⚙️ 🚨               │    0 │ 0 SCAN FOR VULNERABILITY [2⟲] A goon   │
│    │                         │      │ may use an ability twice on the        │
│    │                         │      │ scanned target this turn.              │
│  8 │ Detainment Probe⚙️ 🚨    │    0 │ 0 SHACKLE BEAM [1⟲] Target Goon may    │
│    │                         │      │ not unwind, act or contribute wind to  │
│    │                         │      │ deploy next turn.                      │
│  9 │ Sausage Droid🥩⚙️ 🚨     │    0 │ 0 PROCESS [1⟲ 1⚈] Burn 1 biological    │
│    │                         │      │ from Dead Pool to remove 1 wind from   │
│    │                         │      │ target Goon.                           │
│    │                         │      │ 1 OVERCLOCKED BURST [1⟲] Banish 1      │
│    │                         │      │ mechanical from Dead Pool to add 1     │
│    │                         │      │ wind to target Goon.                   │
│ 10 │ Sentry Node⚙️ 🚨         │    0 │ 0 AUTOBURST Add 1 wind to target Goon. │
│    │                         │      │ 1 LEAD LASER [2⟲] Add 2 wind to target │
│    │                         │      │ Goon.                                  │
└────┴─────────────────────────┴──────┴────────────────────────────────────────┘
Dead Pool 🥩:20 ⚙️ :20
        NARC P2 hand (6)        
┏━━━┳━━━━━━━━━━━━━━━━━━━┳━━━━━━┓
┃ # ┃ Name              ┃ Cost ┃
┡━━━╇━━━━━━━━━━━━━━━━━━━╇━━━━━━┩
│ 0 │ Buzzkill🔶✋⚙️ 🚨  │ 5⟲   │
│ 1 │ Nob Lobber⚙️ 🚨    │ 4⟲   │
│ 2 │ Killjoy🔶✋⚙️ 🚨   │ 4⟲   │
│ 3 │ Narcstar🚨        │ 12⟲  │
│ 4 │ Nob Lobber⚙️ 🚨    │ 4⟲   │
│ 5 │ MediFlux-1NDS⚙️ 🚨 │ 2⟲   │
└───┴───────────────────┴──────┘
Previous Turn
Turn 38 ends. P1 leaves 6 goons on the board. P1 now has 6 board / 7 hand 
(retired 13); P2 has 11 board / 5 hand (retired 9). Dead Pool holds 39.
  P1 deployed Psychodelic Toad.
  P1's Käsekobold was retired.
  Käsekobold was sent to the Dead Pool.
  Käsekobold was sent to the Dead Pool.
Turn 39 ends. P2 leaves 11 goons on the board. P1 now has 5 board / 7 hand 
(retired 14); P2 has 11 board / 5 hand (retired 10). Dead Pool holds 42.
  P2 deployed MediFlux-1NDS.
  P2's Hover Shield was retired.
  Opponent (P1)'s Vex was retired.
  Vex was sent to the Dead Pool.
  Hover Shield was sent to the Dead Pool.
  Hover Shield was sent to the Dead Pool.
Turn 40 | Player: P1
                                 NARC Board P2                                  
┏━━━━┳━━━━━━━━━━━━━━━━━━━━━━━━━┳━━━━━━┳━━━━━━━━━━━━━━━━━━━━━━━━━━━━━━━━━━━━━━━━┓
┃  # ┃ Name                    ┃ Wind ┃ Abilities                              ┃
┡━━━━╇━━━━━━━━━━━━━━━━━━━━━━━━━╇━━━━━━╇━━━━━━━━━━━━━━━━━━━━━━━━━━━━━━━━━━━━━━━━┩
│  0 │ Lokar Simmons⭐✋🥩🚨   │    0 │ 0 RESOURCEFUL [2⟲] Draw a card         │
│  1 │ K-9.0⚙️ 🚨               │    0 │ 0 SCAN FOR VULNERABILITY [2⟲] A goon   │
│    │                         │      │ may use an ability twice on the        │
│    │                         │      │ scanned target this turn.              │
│  2 │ Task Mistres⚙️ 🚨        │    0 │ 0 BIDE TIME Mistrex gains Resist until │
│    │                         │      │ beginning of Player's next turn.       │
│    │                         │      │ 1 TAZING CRACK [1⟲] Target Goon does   │
│    │                         │      │ not unwind during its next unwind.     │
│    │                         │      │ 2 DOMINATE [2⟲] Use target Goon        │
│    │                         │      │ ability on a target of Player's        │
│    │                         │      │ choice. Target Goon pays wind as it    │
│    │                         │      │ would on its turn.                     │
│  3 │ MediFlux-1NDS⚙️ 🚨       │    0 │ 0 DORSAL CAVITY RINSE [1⟲] Remove 1    │
│    │                         │      │ wind from target Goon.                 │
│  4 │ Shield Array Node⚙️ 🚨   │    0 │ 0 FORTIFICATION NETWORK While 2+       │
│    │                         │      │ Shield Array Nodes are in play,        │
│    │                         │      │ Player's Goons may not be the target   │
│    │                         │      │ of negative effects.                   │
│    │                         │      │ 1 SURGE BARRIER [1⟲] Banish 1          │
│    │                         │      │ mechanical from Dead Pool to give      │
│    │                         │      │ allied Goons Resist until end of turn. │
│  5 │ Target Marker Probe⚙️ 🚨 │    0 │ 0 MARK TARGET [1⟲] When a Goon adds    │
│    │                         │      │ wind as damage to the MARKED target    │
│    │                         │      │ this turn, increase by 1. Nob Lobber   │
│    │                         │      │ and Marine Marauder may forego wind    │
│    │                         │      │ cost when targeting only the MARKED    │
│    │                         │      │ target.                                │
│  6 │ K-9.0⚙️ 🚨               │    0 │ 0 SCAN FOR VULNERABILITY [2⟲] A goon   │
│    │                         │      │ may use an ability twice on the        │
│    │                         │      │ scanned target this turn.              │
│  7 │ Detainment Probe⚙️ 🚨    │    0 │ 0 SHACKLE BEAM [1⟲] Target Goon may    │
│    │                         │      │ not unwind, act or contribute wind to  │
│    │                         │      │ deploy next turn.                      │
│  8 │ Sausage Droid🥩⚙️ 🚨     │    0 │ 0 PROCESS [1⟲ 1⚈] Burn 1 biological    │
│    │                         │      │ from Dead Pool to remove 1 wind from   │
│    │                         │      │ target Goon.                           │
│    │                         │      │ 1 OVERCLOCKED BURST [1⟲] Banish 1      │
│    │                         │      │ mechanical from Dead Pool to add 1     │
│    │                         │      │ wind to target Goon.                   │
│  9 │ Sentry Node⚙️ 🚨         │    2 │ 0 AUTOBURST Add 1 wind to target Goon. │
│    │                         │      │ 1 LEAD LASER [2⟲] Add 2 wind to target │
│    │                         │      │ Goon.                                  │
│ 10 │ MediFlux-1NDS⚙️ 🚨       │    0 │ 0 DORSAL CAVITY RINSE [1⟲] Remove 1    │
│    │                         │      │ wind from target Goon.                 │
└────┴─────────────────────────┴──────┴────────────────────────────────────────┘
                                  PCU Board P1                                  
┏━━━┳━━━━━━━━━━━━━━━━━━━━━━━┳━━━━━━┳━━━━━━━━━━━━━━━━━━━━━━━━━━━━━━━━━━━━━━━━━━━┓
┃ # ┃ Name                  ┃ Wind ┃ Abilities                                 ┃
┡━━━╇━━━━━━━━━━━━━━━━━━━━━━━╇━━━━━━╇━━━━━━━━━━━━━━━━━━━━━━━━━━━━━━━━━━━━━━━━━━━┩
│ 0 │ Grim⭐✋🥩🌀          │    0 │ 0 DEFILE NATURE Remove 1 wind from any    │
│   │                       │      │ target Goon.                              │
│ 1 │ Local Singularity🚫🌀 │    0 │ 0 DRAW FIRE Player's Goons cannot be      │
│   │                       │      │ targeted by unfriendly abilities while    │
│   │                       │      │ Singularity is in play. Singularity must  │
│   │                       │      │ be destroyed first.                       │
│ 2 │ Käsekobold🥩🌀        │    0 │ 0 ADD NAUSEAM [1⟲] Add 1 wind to target   │
│   │                       │      │ Goon                                      │
│   │                       │      │ 1 REVOLT Add 1 wind to any Goon who       │
│   │                       │      │ targets Käsekobold with ability           │
│ 3 │ Meat Vegetable🥩🌀    │    0 │ -                                         │
│ 4 │ Psychodelic Toad🥩🌀  │    0 │ 0 DOSE [2⟲] Target Goon may not use       │
│   │                       │      │ abilities or contribute wind on its       │
│   │                       │      │ Player’s next turn. Target may still      │
│   │                       │      │ unwind.                                   │
└───┴───────────────────────┴──────┴───────────────────────────────────────────┘
Dead Pool 🥩:21 ⚙️ :22
        PCU P1 hand (8)        
┏━━━┳━━━━━━━━━━━━━━━━━━┳━━━━━━┓
┃ # ┃ Name             ┃ Cost ┃
┡━━━╇━━━━━━━━━━━━━━━━━━╇━━━━━━┩
│ 0 │ Helvis🌀         │ 12⟲  │
│ 1 │ Meatjacker🚫⚙️ 🌀 │ 1⚈   │
│ 2 │ Mutt⚙️ 🌀         │ 4⟲   │
│ 3 │ Dragoon⚙️ 🌀      │ 6⟲   │
│ 4 │ Mutt⚙️ 🌀         │ 4⟲   │
│ 5 │ Mutt⚙️ 🌀         │ 4⟲   │
│ 6 │ Nives⚙️ 🌀        │ 4⟲   │
│ 7 │ Voidling🥩🌀     │ 3⟲   │
└───┴──────────────────┴──────┘
Previous Turn
Turn 39 ends. P2 leaves 11 goons on the board. P1 now has 5 board / 7 hand 
(retired 14); P2 has 11 board / 5 hand (retired 10). Dead Pool holds 42.
  P2 deployed MediFlux-1NDS.
  P2's Hover Shield was retired.
  Opponent (P1)'s Vex was retired.
  Vex was sent to the Dead Pool.
  Hover Shield was sent to the Dead Pool.
  Hover Shield was sent to the Dead Pool.
could not pay wind
Turn 40 ends. P1 leaves 6 goons on the board. P1 now has 6 board / 7 hand 
(retired 14); P2 has 11 board / 5 hand (retired 10). Dead Pool holds 42.
  P1 deployed Voidling.
Turn 41 | Player: P2
                                  PCU Board P1                                  
┏━━━┳━━━━━━━━━━━━━━━━━━━━━━━┳━━━━━━┳━━━━━━━━━━━━━━━━━━━━━━━━━━━━━━━━━━━━━━━━━━━┓
┃ # ┃ Name                  ┃ Wind ┃ Abilities                                 ┃
┡━━━╇━━━━━━━━━━━━━━━━━━━━━━━╇━━━━━━╇━━━━━━━━━━━━━━━━━━━━━━━━━━━━━━━━━━━━━━━━━━━┩
│ 0 │ Grim⭐✋🥩🌀          │    0 │ 0 DEFILE NATURE Remove 1 wind from any    │
│   │                       │      │ target Goon.                              │
│ 1 │ Local Singularity🚫🌀 │    3 │ 0 DRAW FIRE Player's Goons cannot be      │
│   │                       │      │ targeted by unfriendly abilities while    │
│   │                       │      │ Singularity is in play. Singularity must  │
│   │                       │      │ be destroyed first.                       │
│ 2 │ Käsekobold🥩🌀        │    0 │ 0 ADD NAUSEAM [1⟲] Add 1 wind to target   │
│   │                       │      │ Goon                                      │
│   │                       │      │ 1 REVOLT Add 1 wind to any Goon who       │
│   │                       │      │ targets Käsekobold with ability           │
│ 3 │ Meat Vegetable🥩🌀    │    0 │ -                                         │
│ 4 │ Psychodelic Toad🥩🌀  │    2 │ 0 DOSE [2⟲] Target Goon may not use       │
│   │                       │      │ abilities or contribute wind on its       │
│   │                       │      │ Player’s next turn. Target may still      │
│   │                       │      │ unwind.                                   │
│ 5 │ Voidling🥩🌀          │    0 │ 0 SHOT SPOTTER [1⟲] If target takes wind  │
│   │                       │      │ as damage this turn, they do not unwind   │
│   │                       │      │ during their next unwind phase.           │
│   │                       │      │ 1 RALLY RINGER [4⟲] Move any card from    │
│   │                       │      │ deck to hand; reshuffle deck.             │
└───┴───────────────────────┴──────┴───────────────────────────────────────────┘
                                 NARC Board P2                                  
┏━━━━┳━━━━━━━━━━━━━━━━━━━━━━━━━┳━━━━━━┳━━━━━━━━━━━━━━━━━━━━━━━━━━━━━━━━━━━━━━━━┓
┃  # ┃ Name                    ┃ Wind ┃ Abilities                              ┃
┡━━━━╇━━━━━━━━━━━━━━━━━━━━━━━━━╇━━━━━━╇━━━━━━━━━━━━━━━━━━━━━━━━━━━━━━━━━━━━━━━━┩
│  0 │ Lokar Simmons⭐✋🥩🚨   │    0 │ 0 RESOURCEFUL [2⟲] Draw a card         │
│  1 │ K-9.0⚙️ 🚨               │    0 │ 0 SCAN FOR VULNERABILITY [2⟲] A goon   │
│    │                         │      │ may use an ability twice on the        │
│    │                         │      │ scanned target this turn.              │
│  2 │ Task Mistres⚙️ 🚨        │    0 │ 0 BIDE TIME Mistrex gains Resist until │
│    │                         │      │ beginning of Player's next turn.       │
│    │                         │      │ 1 TAZING CRACK [1⟲] Target Goon does   │
│    │                         │      │ not unwind during its next unwind.     │
│    │                         │      │ 2 DOMINATE [2⟲] Use target Goon        │
│    │                         │      │ ability on a target of Player's        │
│    │                         │      │ choice. Target Goon pays wind as it    │
│    │                         │      │ would on its turn.                     │
│  3 │ MediFlux-1NDS⚙️ 🚨       │    0 │ 0 DORSAL CAVITY RINSE [1⟲] Remove 1    │
│    │                         │      │ wind from target Goon.                 │
│  4 │ Shield Array Node⚙️ 🚨   │    0 │ 0 FORTIFICATION NETWORK While 2+       │
│    │                         │      │ Shield Array Nodes are in play,        │
│    │                         │      │ Player's Goons may not be the target   │
│    │                         │      │ of negative effects.                   │
│    │                         │      │ 1 SURGE BARRIER [1⟲] Banish 1          │
│    │                         │      │ mechanical from Dead Pool to give      │
│    │                         │      │ allied Goons Resist until end of turn. │
│  5 │ Target Marker Probe⚙️ 🚨 │    0 │ 0 MARK TARGET [1⟲] When a Goon adds    │
│    │                         │      │ wind as damage to the MARKED target    │
│    │                         │      │ this turn, increase by 1. Nob Lobber   │
│    │                         │      │ and Marine Marauder may forego wind    │
│    │                         │      │ cost when targeting only the MARKED    │
│    │                         │      │ target.                                │
│  6 │ K-9.0⚙️ 🚨               │    0 │ 0 SCAN FOR VULNERABILITY [2⟲] A goon   │
│    │                         │      │ may use an ability twice on the        │
│    │                         │      │ scanned target this turn.              │
│  7 │ Detainment Probe⚙️ 🚨    │    0 │ 0 SHACKLE BEAM [1⟲] Target Goon may    │
│    │                         │      │ not unwind, act or contribute wind to  │
│    │                         │      │ deploy next turn.                      │
│  8 │ Sausage Droid🥩⚙️ 🚨     │    0 │ 0 PROCESS [1⟲ 1⚈] Burn 1 biological    │
│    │                         │      │ from Dead Pool to remove 1 wind from   │
│    │                         │      │ target Goon.                           │
│    │                         │      │ 1 OVERCLOCKED BURST [1⟲] Banish 1      │
│    │                         │      │ mechanical from Dead Pool to add 1     │
│    │                         │      │ wind to target Goon.                   │
│  9 │ Sentry Node⚙️ 🚨         │    1 │ 0 AUTOBURST Add 1 wind to target Goon. │
│    │                         │      │ 1 LEAD LASER [2⟲] Add 2 wind to target │
│    │                         │      │ Goon.                                  │
│ 10 │ MediFlux-1NDS⚙️ 🚨       │    0 │ 0 DORSAL CAVITY RINSE [1⟲] Remove 1    │
│    │                         │      │ wind from target Goon.                 │
└────┴─────────────────────────┴──────┴────────────────────────────────────────┘
Dead Pool 🥩:21 ⚙️ :22
         NARC P2 hand (6)         
┏━━━┳━━━━━━━━━━━━━━━━━━━━━┳━━━━━━┓
┃ # ┃ Name                ┃ Cost ┃
┡━━━╇━━━━━━━━━━━━━━━━━━━━━╇━━━━━━┩
│ 0 │ Buzzkill🔶✋⚙️ 🚨    │ 5⟲   │
│ 1 │ Nob Lobber⚙️ 🚨      │ 4⟲   │
│ 2 │ Killjoy🔶✋⚙️ 🚨     │ 4⟲   │
│ 3 │ Narcstar🚨          │ 12⟲  │
│ 4 │ Nob Lobber⚙️ 🚨      │ 4⟲   │
│ 5 │ Impact Simulant⚙️ 🚨 │ -    │
└───┴─────────────────────┴──────┘
Previous Turn
Turn 40 ends. P1 leaves 6 goons on the board. P1 now has 6 board / 7 hand 
(retired 14); P2 has 11 board / 5 hand (retired 10). Dead Pool holds 42.
  P1 deployed Voidling.
Turn 41 ends. P2 leaves 12 goons on the board. P1 now has 5 board / 7 hand 
(retired 15); P2 has 12 board / 5 hand (retired 10). Dead Pool holds 43.
  P2 deployed Impact Simulant.
  Opponent (P1)'s Local Singularity was retired.
  Local Singularity was sent to the Dead Pool.
Turn 42 | Player: P1
                                 NARC Board P2                                  
┏━━━━┳━━━━━━━━━━━━━━━━━━━━━━━━━┳━━━━━━┳━━━━━━━━━━━━━━━━━━━━━━━━━━━━━━━━━━━━━━━━┓
┃  # ┃ Name                    ┃ Wind ┃ Abilities                              ┃
┡━━━━╇━━━━━━━━━━━━━━━━━━━━━━━━━╇━━━━━━╇━━━━━━━━━━━━━━━━━━━━━━━━━━━━━━━━━━━━━━━━┩
│  0 │ Lokar Simmons⭐✋🥩🚨   │    0 │ 0 RESOURCEFUL [2⟲] Draw a card         │
│  1 │ K-9.0⚙️ 🚨               │    0 │ 0 SCAN FOR VULNERABILITY [2⟲] A goon   │
│    │                         │      │ may use an ability twice on the        │
│    │                         │      │ scanned target this turn.              │
│  2 │ Task Mistres⚙️ 🚨        │    0 │ 0 BIDE TIME Mistrex gains Resist until │
│    │                         │      │ beginning of Player's next turn.       │
│    │                         │      │ 1 TAZING CRACK [1⟲] Target Goon does   │
│    │                         │      │ not unwind during its next unwind.     │
│    │                         │      │ 2 DOMINATE [2⟲] Use target Goon        │
│    │                         │      │ ability on a target of Player's        │
│    │                         │      │ choice. Target Goon pays wind as it    │
│    │                         │      │ would on its turn.                     │
│  3 │ MediFlux-1NDS⚙️ 🚨       │    0 │ 0 DORSAL CAVITY RINSE [1⟲] Remove 1    │
│    │                         │      │ wind from target Goon.                 │
│  4 │ Shield Array Node⚙️ 🚨   │    0 │ 0 FORTIFICATION NETWORK While 2+       │
│    │                         │      │ Shield Array Nodes are in play,        │
│    │                         │      │ Player's Goons may not be the target   │
│    │                         │      │ of negative effects.                   │
│    │                         │      │ 1 SURGE BARRIER [1⟲] Banish 1          │
│    │                         │      │ mechanical from Dead Pool to give      │
│    │                         │      │ allied Goons Resist until end of turn. │
│  5 │ Target Marker Probe⚙️ 🚨 │    0 │ 0 MARK TARGET [1⟲] When a Goon adds    │
│    │                         │      │ wind as damage to the MARKED target    │
│    │                         │      │ this turn, increase by 1. Nob Lobber   │
│    │                         │      │ and Marine Marauder may forego wind    │
│    │                         │      │ cost when targeting only the MARKED    │
│    │                         │      │ target.                                │
│  6 │ K-9.0⚙️ 🚨               │    0 │ 0 SCAN FOR VULNERABILITY [2⟲] A goon   │
│    │                         │      │ may use an ability twice on the        │
│    │                         │      │ scanned target this turn.              │
│  7 │ Detainment Probe⚙️ 🚨    │    0 │ 0 SHACKLE BEAM [1⟲] Target Goon may    │
│    │                         │      │ not unwind, act or contribute wind to  │
│    │                         │      │ deploy next turn.                      │
│  8 │ Sausage Droid🥩⚙️ 🚨     │    0 │ 0 PROCESS [1⟲ 1⚈] Burn 1 biological    │
│    │                         │      │ from Dead Pool to remove 1 wind from   │
│    │                         │      │ target Goon.                           │
│    │                         │      │ 1 OVERCLOCKED BURST [1⟲] Banish 1      │
│    │                         │      │ mechanical from Dead Pool to add 1     │
│    │                         │      │ wind to target Goon.                   │
│  9 │ Sentry Node⚙️ 🚨         │    3 │ 0 AUTOBURST Add 1 wind to target Goon. │
│    │                         │      │ 1 LEAD LASER [2⟲] Add 2 wind to target │
│    │                         │      │ Goon.                                  │
│ 10 │ MediFlux-1NDS⚙️ 🚨       │    0 │ 0 DORSAL CAVITY RINSE [1⟲] Remove 1    │
│    │                         │      │ wind from target Goon.                 │
│ 11 │ Impact Simulant⚙️ 🚨     │    0 │ -                                      │
└────┴─────────────────────────┴──────┴────────────────────────────────────────┘
                                  PCU Board P1                                  
┏━━━┳━━━━━━━━━━━━━━━━━━━━━━┳━━━━━━┳━━━━━━━━━━━━━━━━━━━━━━━━━━━━━━━━━━━━━━━━━━━━┓
┃ # ┃ Name                 ┃ Wind ┃ Abilities                                  ┃
┡━━━╇━━━━━━━━━━━━━━━━━━━━━━╇━━━━━━╇━━━━━━━━━━━━━━━━━━━━━━━━━━━━━━━━━━━━━━━━━━━━┩
│ 0 │ Grim⭐✋🥩🌀         │    0 │ 0 DEFILE NATURE Remove 1 wind from any     │
│   │                      │      │ target Goon.                               │
│ 1 │ Käsekobold🥩🌀       │    0 │ 0 ADD NAUSEAM [1⟲] Add 1 wind to target    │
│   │                      │      │ Goon                                       │
│   │                      │      │ 1 REVOLT Add 1 wind to any Goon who        │
│   │                      │      │ targets Käsekobold with ability            │
│ 2 │ Meat Vegetable🥩🌀   │    0 │ -                                          │
│ 3 │ Psychodelic Toad🥩🌀 │    1 │ 0 DOSE [2⟲] Target Goon may not use        │
│   │                      │      │ abilities or contribute wind on its        │
│   │                      │      │ Player’s next turn. Target may still       │
│   │                      │      │ unwind.                                    │
│ 4 │ Voidling🥩🌀         │    0 │ 0 SHOT SPOTTER [1⟲] If target takes wind   │
│   │                      │      │ as damage this turn, they do not unwind    │
│   │                      │      │ during their next unwind phase.            │
│   │                      │      │ 1 RALLY RINGER [4⟲] Move any card from     │
│   │                      │      │ deck to hand; reshuffle deck.              │
└───┴──────────────────────┴──────┴────────────────────────────────────────────┘
Dead Pool 🥩:21 ⚙️ :22
        PCU P1 hand (8)        
┏━━━┳━━━━━━━━━━━━━━━━━━┳━━━━━━┓
┃ # ┃ Name             ┃ Cost ┃
┡━━━╇━━━━━━━━━━━━━━━━━━╇━━━━━━┩
│ 0 │ Helvis🌀         │ 12⟲  │
│ 1 │ Meatjacker🚫⚙️ 🌀 │ 1⚈   │
│ 2 │ Mutt⚙️ 🌀         │ 4⟲   │
│ 3 │ Dragoon⚙️ 🌀      │ 6⟲   │
│ 4 │ Mutt⚙️ 🌀         │ 4⟲   │
│ 5 │ Mutt⚙️ 🌀         │ 4⟲   │
│ 6 │ Nives⚙️ 🌀        │ 4⟲   │
│ 7 │ Blood Howler⚙️ 🌀 │ 2⟲   │
└───┴──────────────────┴──────┘
Previous Turn
Turn 41 ends. P2 leaves 12 goons on the board. P1 now has 5 board / 7 hand 
(retired 15); P2 has 12 board / 5 hand (retired 10). Dead Pool holds 43.
  P2 deployed Impact Simulant.
  Opponent (P1)'s Local Singularity was retired.
  Local Singularity was sent to the Dead Pool.
could not pay wind
Turn 42 ends. P1 leaves 6 goons on the board. P1 now has 6 board / 7 hand 
(retired 15); P2 has 12 board / 5 hand (retired 10). Dead Pool holds 43.
  P1 deployed Blood Howler.
Turn 43 | Player: P2
                                  PCU Board P1                                  
┏━━━┳━━━━━━━━━━━━━━━━━━━━━━┳━━━━━━┳━━━━━━━━━━━━━━━━━━━━━━━━━━━━━━━━━━━━━━━━━━━━┓
┃ # ┃ Name                 ┃ Wind ┃ Abilities                                  ┃
┡━━━╇━━━━━━━━━━━━━━━━━━━━━━╇━━━━━━╇━━━━━━━━━━━━━━━━━━━━━━━━━━━━━━━━━━━━━━━━━━━━┩
│ 0 │ Grim⭐✋🥩🌀         │    0 │ 0 DEFILE NATURE Remove 1 wind from any     │
│   │                      │      │ target Goon.                               │
│ 1 │ Käsekobold🥩🌀       │    2 │ 0 ADD NAUSEAM [1⟲] Add 1 wind to target    │
│   │                      │      │ Goon                                       │
│   │                      │      │ 1 REVOLT Add 1 wind to any Goon who        │
│   │                      │      │ targets Käsekobold with ability            │
│ 2 │ Meat Vegetable🥩🌀   │    0 │ -                                          │
│ 3 │ Psychodelic Toad🥩🌀 │    3 │ 0 DOSE [2⟲] Target Goon may not use        │
│   │                      │      │ abilities or contribute wind on its        │
│   │                      │      │ Player’s next turn. Target may still       │
│   │                      │      │ unwind.                                    │
│ 4 │ Voidling🥩🌀         │    0 │ 0 SHOT SPOTTER [1⟲] If target takes wind   │
│   │                      │      │ as damage this turn, they do not unwind    │
│   │                      │      │ during their next unwind phase.            │
│   │                      │      │ 1 RALLY RINGER [4⟲] Move any card from     │
│   │                      │      │ deck to hand; reshuffle deck.              │
│ 5 │ Blood Howler⚙️ 🌀     │    0 │ 0 BALLISTIC BARRAGE Distribute X wind      │
│   │                      │      │ among target Goons.                        │
└───┴──────────────────────┴──────┴────────────────────────────────────────────┘
                                 NARC Board P2                                  
┏━━━━┳━━━━━━━━━━━━━━━━━━━━━━━━━┳━━━━━━┳━━━━━━━━━━━━━━━━━━━━━━━━━━━━━━━━━━━━━━━━┓
┃  # ┃ Name                    ┃ Wind ┃ Abilities                              ┃
┡━━━━╇━━━━━━━━━━━━━━━━━━━━━━━━━╇━━━━━━╇━━━━━━━━━━━━━━━━━━━━━━━━━━━━━━━━━━━━━━━━┩
│  0 │ Lokar Simmons⭐✋🥩🚨   │    0 │ 0 RESOURCEFUL [2⟲] Draw a card         │
│  1 │ K-9.0⚙️ 🚨               │    0 │ 0 SCAN FOR VULNERABILITY [2⟲] A goon   │
│    │                         │      │ may use an ability twice on the        │
│    │                         │      │ scanned target this turn.              │
│  2 │ Task Mistres⚙️ 🚨        │    0 │ 0 BIDE TIME Mistrex gains Resist until │
│    │                         │      │ beginning of Player's next turn.       │
│    │                         │      │ 1 TAZING CRACK [1⟲] Target Goon does   │
│    │                         │      │ not unwind during its next unwind.     │
│    │                         │      │ 2 DOMINATE [2⟲] Use target Goon        │
│    │                         │      │ ability on a target of Player's        │
│    │                         │      │ choice. Target Goon pays wind as it    │
│    │                         │      │ would on its turn.                     │
│  3 │ MediFlux-1NDS⚙️ 🚨       │    0 │ 0 DORSAL CAVITY RINSE [1⟲] Remove 1    │
│    │                         │      │ wind from target Goon.                 │
│  4 │ Shield Array Node⚙️ 🚨   │    0 │ 0 FORTIFICATION NETWORK While 2+       │
│    │                         │      │ Shield Array Nodes are in play,        │
│    │                         │      │ Player's Goons may not be the target   │
│    │                         │      │ of negative effects.                   │
│    │                         │      │ 1 SURGE BARRIER [1⟲] Banish 1          │
│    │                         │      │ mechanical from Dead Pool to give      │
│    │                         │      │ allied Goons Resist until end of turn. │
│  5 │ Target Marker Probe⚙️ 🚨 │    0 │ 0 MARK TARGET [1⟲] When a Goon adds    │
│    │                         │      │ wind as damage to the MARKED target    │
│    │                         │      │ this turn, increase by 1. Nob Lobber   │
│    │                         │      │ and Marine Marauder may forego wind    │
│    │                         │      │ cost when targeting only the MARKED    │
│    │                         │      │ target.                                │
│  6 │ K-9.0⚙️ 🚨               │    0 │ 0 SCAN FOR VULNERABILITY [2⟲] A goon   │
│    │                         │      │ may use an ability twice on the        │
│    │                         │      │ scanned target this turn.              │
│  7 │ Detainment Probe⚙️ 🚨    │    0 │ 0 SHACKLE BEAM [1⟲] Target Goon may    │
│    │                         │      │ not unwind, act or contribute wind to  │
│    │                         │      │ deploy next turn.                      │
│  8 │ Sausage Droid🥩⚙️ 🚨     │    0 │ 0 PROCESS [1⟲ 1⚈] Burn 1 biological    │
│    │                         │      │ from Dead Pool to remove 1 wind from   │
│    │                         │      │ target Goon.                           │
│    │                         │      │ 1 OVERCLOCKED BURST [1⟲] Banish 1      │
│    │                         │      │ mechanical from Dead Pool to add 1     │
│    │                         │      │ wind to target Goon.                   │
│  9 │ Sentry Node⚙️ 🚨         │    2 │ 0 AUTOBURST Add 1 wind to target Goon. │
│    │                         │      │ 1 LEAD LASER [2⟲] Add 2 wind to target │
│    │                         │      │ Goon.                                  │
│ 10 │ MediFlux-1NDS⚙️ 🚨       │    0 │ 0 DORSAL CAVITY RINSE [1⟲] Remove 1    │
│    │                         │      │ wind from target Goon.                 │
│ 11 │ Impact Simulant⚙️ 🚨     │    0 │ -                                      │
└────┴─────────────────────────┴──────┴────────────────────────────────────────┘
Dead Pool 🥩:21 ⚙️ :22
         NARC P2 hand (6)         
┏━━━┳━━━━━━━━━━━━━━━━━━━━━┳━━━━━━┓
┃ # ┃ Name                ┃ Cost ┃
┡━━━╇━━━━━━━━━━━━━━━━━━━━━╇━━━━━━┩
│ 0 │ Buzzkill🔶✋⚙️ 🚨    │ 5⟲   │
│ 1 │ Nob Lobber⚙️ 🚨      │ 4⟲   │
│ 2 │ Killjoy🔶✋⚙️ 🚨     │ 4⟲   │
│ 3 │ Narcstar🚨          │ 12⟲  │
│ 4 │ Nob Lobber⚙️ 🚨      │ 4⟲   │
│ 5 │ Dormex Lurker🚫⚙️ 🚨 │ 2⟲   │
└───┴─────────────────────┴──────┘
Previous Turn
Turn 42 ends. P1 leaves 6 goons on the board. P1 now has 6 board / 7 hand 
(retired 15); P2 has 12 board / 5 hand (retired 10). Dead Pool holds 43.
  P1 deployed Blood Howler.
Turn 43 ends. P2 leaves 13 goons on the board. P1 now has 6 board / 7 hand 
(retired 15); P2 has 13 board / 5 hand (retired 10). Dead Pool holds 43.
  P2 deployed Dormex Lurker.
Turn 44 | Player: P1
                                 NARC Board P2                                  
┏━━━━┳━━━━━━━━━━━━━━━━━━━━━━━━━┳━━━━━━┳━━━━━━━━━━━━━━━━━━━━━━━━━━━━━━━━━━━━━━━━┓
┃  # ┃ Name                    ┃ Wind ┃ Abilities                              ┃
┡━━━━╇━━━━━━━━━━━━━━━━━━━━━━━━━╇━━━━━━╇━━━━━━━━━━━━━━━━━━━━━━━━━━━━━━━━━━━━━━━━┩
│  0 │ Lokar Simmons⭐✋🥩🚨   │    0 │ 0 RESOURCEFUL [2⟲] Draw a card         │
│  1 │ K-9.0⚙️ 🚨               │    2 │ 0 SCAN FOR VULNERABILITY [2⟲] A goon   │
│    │                         │      │ may use an ability twice on the        │
│    │                         │      │ scanned target this turn.              │
│  2 │ Task Mistres⚙️ 🚨        │    0 │ 0 BIDE TIME Mistrex gains Resist until │
│    │                         │      │ beginning of Player's next turn.       │
│    │                         │      │ 1 TAZING CRACK [1⟲] Target Goon does   │
│    │                         │      │ not unwind during its next unwind.     │
│    │                         │      │ 2 DOMINATE [2⟲] Use target Goon        │
│    │                         │      │ ability on a target of Player's        │
│    │                         │      │ choice. Target Goon pays wind as it    │
│    │                         │      │ would on its turn.                     │
│  3 │ MediFlux-1NDS⚙️ 🚨       │    0 │ 0 DORSAL CAVITY RINSE [1⟲] Remove 1    │
│    │                         │      │ wind from target Goon.                 │
│  4 │ Shield Array Node⚙️ 🚨   │    0 │ 0 FORTIFICATION NETWORK While 2+       │
│    │                         │      │ Shield Array Nodes are in play,        │
│    │                         │      │ Player's Goons may not be the target   │
│    │                         │      │ of negative effects.                   │
│    │                         │      │ 1 SURGE BARRIER [1⟲] Banish 1          │
│    │                         │      │ mechanical from Dead Pool to give      │
│    │                         │      │ allied Goons Resist until end of turn. │
│  5 │ Target Marker Probe⚙️ 🚨 │    0 │ 0 MARK TARGET [1⟲] When a Goon adds    │
│    │                         │      │ wind as damage to the MARKED target    │
│    │                         │      │ this turn, increase by 1. Nob Lobber   │
│    │                         │      │ and Marine Marauder may forego wind    │
│    │                         │      │ cost when targeting only the MARKED    │
│    │                         │      │ target.                                │
│  6 │ K-9.0⚙️ 🚨               │    0 │ 0 SCAN FOR VULNERABILITY [2⟲] A goon   │
│    │                         │      │ may use an ability twice on the        │
│    │                         │      │ scanned target this turn.              │
│  7 │ Detainment Probe⚙️ 🚨    │    1 │ 0 SHACKLE BEAM [1⟲] Target Goon may    │
│    │                         │      │ not unwind, act or contribute wind to  │
│    │                         │      │ deploy next turn.                      │
│  8 │ Sausage Droid🥩⚙️ 🚨     │    0 │ 0 PROCESS [1⟲ 1⚈] Burn 1 biological    │
│    │                         │      │ from Dead Pool to remove 1 wind from   │
│    │                         │      │ target Goon.                           │
│    │                         │      │ 1 OVERCLOCKED BURST [1⟲] Banish 1      │
│    │                         │      │ mechanical from Dead Pool to add 1     │
│    │                         │      │ wind to target Goon.                   │
│  9 │ Sentry Node⚙️ 🚨         │    2 │ 0 AUTOBURST Add 1 wind to target Goon. │
│    │                         │      │ 1 LEAD LASER [2⟲] Add 2 wind to target │
│    │                         │      │ Goon.                                  │
│ 10 │ MediFlux-1NDS⚙️ 🚨       │    0 │ 0 DORSAL CAVITY RINSE [1⟲] Remove 1    │
│    │                         │      │ wind from target Goon.                 │
│ 11 │ Impact Simulant⚙️ 🚨     │    0 │ -                                      │
│ 12 │ Dormex Lurker🚫⚙️ 🚨     │    0 │ 0 SELF DESTRUCT Destroy Lurker, add 3  │
│    │                         │      │ wind to target Goon                    │
│    │                         │      │ 1 REACTIVE MUNITIONS Destroy Goon who  │
│    │                         │      │ destroys Lurker.                       │
└────┴─────────────────────────┴──────┴────────────────────────────────────────┘
                                  PCU Board P1                                  
┏━━━┳━━━━━━━━━━━━━━━━━━━━━━┳━━━━━━┳━━━━━━━━━━━━━━━━━━━━━━━━━━━━━━━━━━━━━━━━━━━━┓
┃ # ┃ Name                 ┃ Wind ┃ Abilities                                  ┃
┡━━━╇━━━━━━━━━━━━━━━━━━━━━━╇━━━━━━╇━━━━━━━━━━━━━━━━━━━━━━━━━━━━━━━━━━━━━━━━━━━━┩
│ 0 │ Grim⭐✋🥩🌀         │    0 │ 0 DEFILE NATURE Remove 1 wind from any     │
│   │                      │      │ target Goon.                               │
│ 1 │ Käsekobold🥩🌀       │    1 │ 0 ADD NAUSEAM [1⟲] Add 1 wind to target    │
│   │                      │      │ Goon                                       │
│   │                      │      │ 1 REVOLT Add 1 wind to any Goon who        │
│   │                      │      │ targets Käsekobold with ability            │
│ 2 │ Meat Vegetable🥩🌀   │    0 │ -                                          │
│ 3 │ Psychodelic Toad🥩🌀 │    2 │ 0 DOSE [2⟲] Target Goon may not use        │
│   │                      │      │ abilities or contribute wind on its        │
│   │                      │      │ Player’s next turn. Target may still       │
│   │                      │      │ unwind.                                    │
│ 4 │ Voidling🥩🌀         │    0 │ 0 SHOT SPOTTER [1⟲] If target takes wind   │
│   │                      │      │ as damage this turn, they do not unwind    │
│   │                      │      │ during their next unwind phase.            │
│   │                      │      │ 1 RALLY RINGER [4⟲] Move any card from     │
│   │                      │      │ deck to hand; reshuffle deck.              │
│ 5 │ Blood Howler⚙️ 🌀     │    0 │ 0 BALLISTIC BARRAGE Distribute X wind      │
│   │                      │      │ among target Goons.                        │
└───┴──────────────────────┴──────┴────────────────────────────────────────────┘
Dead Pool 🥩:21 ⚙️ :22
        PCU P1 hand (8)        
┏━━━┳━━━━━━━━━━━━━━━━━━┳━━━━━━┓
┃ # ┃ Name             ┃ Cost ┃
┡━━━╇━━━━━━━━━━━━━━━━━━╇━━━━━━┩
│ 0 │ Helvis🌀         │ 12⟲  │
│ 1 │ Meatjacker🚫⚙️ 🌀 │ 1⚈   │
│ 2 │ Mutt⚙️ 🌀         │ 4⟲   │
│ 3 │ Dragoon⚙️ 🌀      │ 6⟲   │
│ 4 │ Mutt⚙️ 🌀         │ 4⟲   │
│ 5 │ Mutt⚙️ 🌀         │ 4⟲   │
│ 6 │ Nives⚙️ 🌀        │ 4⟲   │
│ 7 │ Krax🔶✋🥩🌀     │ 6⟲   │
└───┴──────────────────┴──────┘
Previous Turn
Turn 43 ends. P2 leaves 13 goons on the board. P1 now has 6 board / 7 hand 
(retired 15); P2 has 13 board / 5 hand (retired 10). Dead Pool holds 43.
  P2 deployed Dormex Lurker.
could not pay wind
cannot deploy: requires Krax on your board
cannot deploy: requires Krax on your board
cannot deploy: requires Krax on your board
cannot deploy: requires Vex on your board
cannot deploy: requires Krax on your board
Turn 44 ends. P1 leaves 6 goons on the board. P1 now has 6 board / 7 hand 
(retired 16); P2 has 13 board / 5 hand (retired 10). Dead Pool holds 45.
  P1 deployed Krax.
  P1's Käsekobold was retired.
  Käsekobold was sent to the Dead Pool.
  Käsekobold was sent to the Dead Pool.
Turn 45 | Player: P2
                                  PCU Board P1                                  
┏━━━┳━━━━━━━━━━━━━━━━━━━━━━┳━━━━━━┳━━━━━━━━━━━━━━━━━━━━━━━━━━━━━━━━━━━━━━━━━━━━┓
┃ # ┃ Name                 ┃ Wind ┃ Abilities                                  ┃
┡━━━╇━━━━━━━━━━━━━━━━━━━━━━╇━━━━━━╇━━━━━━━━━━━━━━━━━━━━━━━━━━━━━━━━━━━━━━━━━━━━┩
│ 0 │ Grim⭐✋🥩🌀         │    1 │ 0 DEFILE NATURE Remove 1 wind from any     │
│   │                      │      │ target Goon.                               │
│ 1 │ Meat Vegetable🥩🌀   │    3 │ -                                          │
│ 2 │ Psychodelic Toad🥩🌀 │    2 │ 0 DOSE [2⟲] Target Goon may not use        │
│   │                      │      │ abilities or contribute wind on its        │
│   │                      │      │ Player’s next turn. Target may still       │
│   │                      │      │ unwind.                                    │
│ 3 │ Voidling🥩🌀         │    0 │ 0 SHOT SPOTTER [1⟲] If target takes wind   │
│   │                      │      │ as damage this turn, they do not unwind    │
│   │                      │      │ during their next unwind phase.            │
│   │                      │      │ 1 RALLY RINGER [4⟲] Move any card from     │
│   │                      │      │ deck to hand; reshuffle deck.              │
│ 4 │ Blood Howler⚙️ 🌀     │    0 │ 0 BALLISTIC BARRAGE Distribute X wind      │
│   │                      │      │ among target Goons.                        │
│ 5 │ Krax🔶✋🥩🌀         │    0 │ 0 BASH IN SKULL [1⟲] Add 2 wind to target  │
│   │                      │      │ Goon                                       │
│   │                      │      │ 1 CHAIN REACTION If BASH IN SKULL destroys │
│   │                      │      │ a Goon, Krax may add 2 wind to another     │
│   │                      │      │ target Goon. This may chain as long as it  │
│   │                      │      │ is able.                                   │
└───┴──────────────────────┴──────┴────────────────────────────────────────────┘
                                 NARC Board P2                                  
┏━━━━┳━━━━━━━━━━━━━━━━━━━━━━━━━┳━━━━━━┳━━━━━━━━━━━━━━━━━━━━━━━━━━━━━━━━━━━━━━━━┓
┃  # ┃ Name                    ┃ Wind ┃ Abilities                              ┃
┡━━━━╇━━━━━━━━━━━━━━━━━━━━━━━━━╇━━━━━━╇━━━━━━━━━━━━━━━━━━━━━━━━━━━━━━━━━━━━━━━━┩
│  0 │ Lokar Simmons⭐✋🥩🚨   │    0 │ 0 RESOURCEFUL [2⟲] Draw a card         │
│  1 │ K-9.0⚙️ 🚨               │    2 │ 0 SCAN FOR VULNERABILITY [2⟲] A goon   │
│    │                         │      │ may use an ability twice on the        │
│    │                         │      │ scanned target this turn.              │
│  2 │ Task Mistres⚙️ 🚨        │    0 │ 0 BIDE TIME Mistrex gains Resist until │
│    │                         │      │ beginning of Player's next turn.       │
│    │                         │      │ 1 TAZING CRACK [1⟲] Target Goon does   │
│    │                         │      │ not unwind during its next unwind.     │
│    │                         │      │ 2 DOMINATE [2⟲] Use target Goon        │
│    │                         │      │ ability on a target of Player's        │
│    │                         │      │ choice. Target Goon pays wind as it    │
│    │                         │      │ would on its turn.                     │
│  3 │ MediFlux-1NDS⚙️ 🚨       │    0 │ 0 DORSAL CAVITY RINSE [1⟲] Remove 1    │
│    │                         │      │ wind from target Goon.                 │
│  4 │ Shield Array Node⚙️ 🚨   │    0 │ 0 FORTIFICATION NETWORK While 2+       │
│    │                         │      │ Shield Array Nodes are in play,        │
│    │                         │      │ Player's Goons may not be the target   │
│    │                         │      │ of negative effects.                   │
│    │                         │      │ 1 SURGE BARRIER [1⟲] Banish 1          │
│    │                         │      │ mechanical from Dead Pool to give      │
│    │                         │      │ allied Goons Resist until end of turn. │
│  5 │ Target Marker Probe⚙️ 🚨 │    0 │ 0 MARK TARGET [1⟲] When a Goon adds    │
│    │                         │      │ wind as damage to the MARKED target    │
│    │                         │      │ this turn, increase by 1. Nob Lobber   │
│    │                         │      │ and Marine Marauder may forego wind    │
│    │                         │      │ cost when targeting only the MARKED    │
│    │                         │      │ target.                                │
│  6 │ K-9.0⚙️ 🚨               │    0 │ 0 SCAN FOR VULNERABILITY [2⟲] A goon   │
│    │                         │      │ may use an ability twice on the        │
│    │                         │      │ scanned target this turn.              │
│  7 │ Detainment Probe⚙️ 🚨    │    0 │ 0 SHACKLE BEAM [1⟲] Target Goon may    │
│    │                         │      │ not unwind, act or contribute wind to  │
│    │                         │      │ deploy next turn.                      │
│  8 │ Sausage Droid🥩⚙️ 🚨     │    0 │ 0 PROCESS [1⟲ 1⚈] Burn 1 biological    │
│    │                         │      │ from Dead Pool to remove 1 wind from   │
│    │                         │      │ target Goon.                           │
│    │                         │      │ 1 OVERCLOCKED BURST [1⟲] Banish 1      │
│    │                         │      │ mechanical from Dead Pool to add 1     │
│    │                         │      │ wind to target Goon.                   │
│  9 │ Sentry Node⚙️ 🚨         │    1 │ 0 AUTOBURST Add 1 wind to target Goon. │
│    │                         │      │ 1 LEAD LASER [2⟲] Add 2 wind to target │
│    │                         │      │ Goon.                                  │
│ 10 │ MediFlux-1NDS⚙️ 🚨       │    0 │ 0 DORSAL CAVITY RINSE [1⟲] Remove 1    │
│    │                         │      │ wind from target Goon.                 │
│ 11 │ Impact Simulant⚙️ 🚨     │    0 │ -                                      │
│ 12 │ Dormex Lurker🚫⚙️ 🚨     │    0 │ 0 SELF DESTRUCT Destroy Lurker, add 3  │
│    │                         │      │ wind to target Goon                    │
│    │                         │      │ 1 REACTIVE MUNITIONS Destroy Goon who  │
│    │                         │      │ destroys Lurker.                       │
└────┴─────────────────────────┴──────┴────────────────────────────────────────┘
Dead Pool 🥩:23 ⚙️ :22
           NARC P2 hand (6)           
┏━━━┳━━━━━━━━━━━━━━━━━━━━━━━━━┳━━━━━━┓
┃ # ┃ Name                    ┃ Cost ┃
┡━━━╇━━━━━━━━━━━━━━━━━━━━━━━━━╇━━━━━━┩
│ 0 │ Buzzkill🔶✋⚙️ 🚨        │ 5⟲   │
│ 1 │ Nob Lobber⚙️ 🚨          │ 4⟲   │
│ 2 │ Killjoy🔶✋⚙️ 🚨         │ 4⟲   │
│ 3 │ Narcstar🚨              │ 12⟲  │
│ 4 │ Nob Lobber⚙️ 🚨          │ 4⟲   │
│ 5 │ Target Marker Probe⚙️ 🚨 │ 1⟲   │
└───┴─────────────────────────┴──────┘
Previous Turn
Turn 44 ends. P1 leaves 6 goons on the board. P1 now has 6 board / 7 hand 
(retired 16); P2 has 13 board / 5 hand (retired 10). Dead Pool holds 45.
  P1 deployed Krax.
  P1's Käsekobold was retired.
  Käsekobold was sent to the Dead Pool.
  Käsekobold was sent to the Dead Pool.
Turn 45 ends. P2 leaves 14 goons on the board. P1 now has 5 board / 7 hand 
(retired 17); P2 has 14 board / 5 hand (retired 10). Dead Pool holds 46.
  P2 deployed Target Marker Probe.
  Opponent (P1)'s Meat Vegetable was retired.
  Meat Vegetable was sent to the Dead Pool.
Turn 46 | Player: P1
                                 NARC Board P2                                  
┏━━━━┳━━━━━━━━━━━━━━━━━━━━━━━━━┳━━━━━━┳━━━━━━━━━━━━━━━━━━━━━━━━━━━━━━━━━━━━━━━━┓
┃  # ┃ Name                    ┃ Wind ┃ Abilities                              ┃
┡━━━━╇━━━━━━━━━━━━━━━━━━━━━━━━━╇━━━━━━╇━━━━━━━━━━━━━━━━━━━━━━━━━━━━━━━━━━━━━━━━┩
│  0 │ Lokar Simmons⭐✋🥩🚨   │    0 │ 0 RESOURCEFUL [2⟲] Draw a card         │
│  1 │ K-9.0⚙️ 🚨               │    3 │ 0 SCAN FOR VULNERABILITY [2⟲] A goon   │
│    │                         │      │ may use an ability twice on the        │
│    │                         │      │ scanned target this turn.              │
│  2 │ Task Mistres⚙️ 🚨        │    0 │ 0 BIDE TIME Mistrex gains Resist until │
│    │                         │      │ beginning of Player's next turn.       │
│    │                         │      │ 1 TAZING CRACK [1⟲] Target Goon does   │
│    │                         │      │ not unwind during its next unwind.     │
│    │                         │      │ 2 DOMINATE [2⟲] Use target Goon        │
│    │                         │      │ ability on a target of Player's        │
│    │                         │      │ choice. Target Goon pays wind as it    │
│    │                         │      │ would on its turn.                     │
│  3 │ MediFlux-1NDS⚙️ 🚨       │    0 │ 0 DORSAL CAVITY RINSE [1⟲] Remove 1    │
│    │                         │      │ wind from target Goon.                 │
│  4 │ Shield Array Node⚙️ 🚨   │    0 │ 0 FORTIFICATION NETWORK While 2+       │
│    │                         │      │ Shield Array Nodes are in play,        │
│    │                         │      │ Player's Goons may not be the target   │
│    │                         │      │ of negative effects.                   │
│    │                         │      │ 1 SURGE BARRIER [1⟲] Banish 1          │
│    │                         │      │ mechanical from Dead Pool to give      │
│    │                         │      │ allied Goons Resist until end of turn. │
│  5 │ Target Marker Probe⚙️ 🚨 │    0 │ 0 MARK TARGET [1⟲] When a Goon adds    │
│    │                         │      │ wind as damage to the MARKED target    │
│    │                         │      │ this turn, increase by 1. Nob Lobber   │
│    │                         │      │ and Marine Marauder may forego wind    │
│    │                         │      │ cost when targeting only the MARKED    │
│    │                         │      │ target.                                │
│  6 │ K-9.0⚙️ 🚨               │    0 │ 0 SCAN FOR VULNERABILITY [2⟲] A goon   │
│    │                         │      │ may use an ability twice on the        │
│    │                         │      │ scanned target this turn.              │
│  7 │ Detainment Probe⚙️ 🚨    │    0 │ 0 SHACKLE BEAM [1⟲] Target Goon may    │
│    │                         │      │ not unwind, act or contribute wind to  │
│    │                         │      │ deploy next turn.                      │
│  8 │ Sausage Droid🥩⚙️ 🚨     │    0 │ 0 PROCESS [1⟲ 1⚈] Burn 1 biological    │
│    │                         │      │ from Dead Pool to remove 1 wind from   │
│    │                         │      │ target Goon.                           │
│    │                         │      │ 1 OVERCLOCKED BURST [1⟲] Banish 1      │
│    │                         │      │ mechanical from Dead Pool to add 1     │
│    │                         │      │ wind to target Goon.                   │
│  9 │ Sentry Node⚙️ 🚨         │    1 │ 0 AUTOBURST Add 1 wind to target Goon. │
│    │                         │      │ 1 LEAD LASER [2⟲] Add 2 wind to target │
│    │                         │      │ Goon.                                  │
│ 10 │ MediFlux-1NDS⚙️ 🚨       │    0 │ 0 DORSAL CAVITY RINSE [1⟲] Remove 1    │
│    │                         │      │ wind from target Goon.                 │
│ 11 │ Impact Simulant⚙️ 🚨     │    0 │ -                                      │
│ 12 │ Dormex Lurker🚫⚙️ 🚨     │    0 │ 0 SELF DESTRUCT Destroy Lurker, add 3  │
│    │                         │      │ wind to target Goon                    │
│    │                         │      │ 1 REACTIVE MUNITIONS Destroy Goon who  │
│    │                         │      │ destroys Lurker.                       │
│ 13 │ Target Marker Probe⚙️ 🚨 │    0 │ 0 MARK TARGET [1⟲] When a Goon adds    │
│    │                         │      │ wind as damage to the MARKED target    │
│    │                         │      │ this turn, increase by 1. Nob Lobber   │
│    │                         │      │ and Marine Marauder may forego wind    │
│    │                         │      │ cost when targeting only the MARKED    │
│    │                         │      │ target.                                │
└────┴─────────────────────────┴──────┴────────────────────────────────────────┘
                                  PCU Board P1                                  
┏━━━┳━━━━━━━━━━━━━━━━━━━━━━┳━━━━━━┳━━━━━━━━━━━━━━━━━━━━━━━━━━━━━━━━━━━━━━━━━━━━┓
┃ # ┃ Name                 ┃ Wind ┃ Abilities                                  ┃
┡━━━╇━━━━━━━━━━━━━━━━━━━━━━╇━━━━━━╇━━━━━━━━━━━━━━━━━━━━━━━━━━━━━━━━━━━━━━━━━━━━┩
│ 0 │ Grim⭐✋🥩🌀         │    0 │ 0 DEFILE NATURE Remove 1 wind from any     │
│   │                      │      │ target Goon.                               │
│ 1 │ Psychodelic Toad🥩🌀 │    1 │ 0 DOSE [2⟲] Target Goon may not use        │
│   │                      │      │ abilities or contribute wind on its        │
│   │                      │      │ Player’s next turn. Target may still       │
│   │                      │      │ unwind.                                    │
│ 2 │ Voidling🥩🌀         │    0 │ 0 SHOT SPOTTER [1⟲] If target takes wind   │
│   │                      │      │ as damage this turn, they do not unwind    │
│   │                      │      │ during their next unwind phase.            │
│   │                      │      │ 1 RALLY RINGER [4⟲] Move any card from     │
│   │                      │      │ deck to hand; reshuffle deck.              │
│ 3 │ Blood Howler⚙️ 🌀     │    0 │ 0 BALLISTIC BARRAGE Distribute X wind      │
│   │                      │      │ among target Goons.                        │
│ 4 │ Krax🔶✋🥩🌀         │    0 │ 0 BASH IN SKULL [1⟲] Add 2 wind to target  │
│   │                      │      │ Goon                                       │
│   │                      │      │ 1 CHAIN REACTION If BASH IN SKULL destroys │
│   │                      │      │ a Goon, Krax may add 2 wind to another     │
│   │                      │      │ target Goon. This may chain as long as it  │
│   │                      │      │ is able.                                   │
└───┴──────────────────────┴──────┴────────────────────────────────────────────┘
Dead Pool 🥩:24 ⚙️ :22
        PCU P1 hand (8)        
┏━━━┳━━━━━━━━━━━━━━━━━━┳━━━━━━┓
┃ # ┃ Name             ┃ Cost ┃
┡━━━╇━━━━━━━━━━━━━━━━━━╇━━━━━━┩
│ 0 │ Helvis🌀         │ 12⟲  │
│ 1 │ Meatjacker🚫⚙️ 🌀 │ 1⚈   │
│ 2 │ Mutt⚙️ 🌀         │ 4⟲   │
│ 3 │ Dragoon⚙️ 🌀      │ 6⟲   │
│ 4 │ Mutt⚙️ 🌀         │ 4⟲   │
│ 5 │ Mutt⚙️ 🌀         │ 4⟲   │
│ 6 │ Nives⚙️ 🌀        │ 4⟲   │
│ 7 │ Krax🔶✋🥩🌀     │ 6⟲   │
└───┴──────────────────┴──────┘
Previous Turn
Turn 45 ends. P2 leaves 14 goons on the board. P1 now has 5 board / 7 hand 
(retired 17); P2 has 14 board / 5 hand (retired 10). Dead Pool holds 46.
  P2 deployed Target Marker Probe.
  Opponent (P1)'s Meat Vegetable was retired.
  Meat Vegetable was sent to the Dead Pool.
could not pay wind
Turn 46 ends. P1 leaves 5 goons on the board. P1 now has 5 board / 7 hand 
(retired 18); P2 has 13 board / 5 hand (retired 11). Dead Pool holds 49.
  P1 deployed Mutt.
  P1's Psychodelic Toad was retired.
  Opponent (P2)'s K-9.0 was retired.
  Psychodelic Toad was sent to the Dead Pool.
  Psychodelic Toad was sent to the Dead Pool.
  K-9.0 was sent to the Dead Pool.
Turn 47 | Player: P2
                                  PCU Board P1                                  
┏━━━┳━━━━━━━━━━━━━━━━━━┳━━━━━━┳━━━━━━━━━━━━━━━━━━━━━━━━━━━━━━━━━━━━━━━━━━━━━━━━┓
┃ # ┃ Name             ┃ Wind ┃ Abilities                                      ┃
┡━━━╇━━━━━━━━━━━━━━━━━━╇━━━━━━╇━━━━━━━━━━━━━━━━━━━━━━━━━━━━━━━━━━━━━━━━━━━━━━━━┩
│ 0 │ Grim⭐✋🥩🌀     │    0 │ 0 DEFILE NATURE Remove 1 wind from any target  │
│   │                  │      │ Goon.                                          │
│ 1 │ Voidling🥩🌀     │    1 │ 0 SHOT SPOTTER [1⟲] If target takes wind as    │
│   │                  │      │ damage this turn, they do not unwind during    │
│   │                  │      │ their next unwind phase.                       │
│   │                  │      │ 1 RALLY RINGER [4⟲] Move any card from deck to │
│   │                  │      │ hand; reshuffle deck.                          │
│ 2 │ Blood Howler⚙️ 🌀 │    0 │ 0 BALLISTIC BARRAGE Distribute X wind among    │
│   │                  │      │ target Goons.                                  │
│ 3 │ Krax🔶✋🥩🌀     │    1 │ 0 BASH IN SKULL [1⟲] Add 2 wind to target Goon │
│   │                  │      │ 1 CHAIN REACTION If BASH IN SKULL destroys a   │
│   │                  │      │ Goon, Krax may add 2 wind to another target    │
│   │                  │      │ Goon. This may chain as long as it is able.    │
│ 4 │ Mutt⚙️ 🌀         │    0 │ 0 MAUL [1⟲] Add 1 wind to target Goon          │
│   │                  │      │ 1 MANS BEST FIEND [4⟲] Some or all wind        │
│   │                  │      │ applied to Krax as damage from enemy Goon      │
│   │                  │      │ ability may be applied to Mutt instead. If     │
│   │                  │      │ Krax is destroyed, Mutt is destroyed.          │
└───┴──────────────────┴──────┴────────────────────────────────────────────────┘
                                 NARC Board P2                                  
┏━━━━┳━━━━━━━━━━━━━━━━━━━━━━━━━┳━━━━━━┳━━━━━━━━━━━━━━━━━━━━━━━━━━━━━━━━━━━━━━━━┓
┃  # ┃ Name                    ┃ Wind ┃ Abilities                              ┃
┡━━━━╇━━━━━━━━━━━━━━━━━━━━━━━━━╇━━━━━━╇━━━━━━━━━━━━━━━━━━━━━━━━━━━━━━━━━━━━━━━━┩
│  0 │ Lokar Simmons⭐✋🥩🚨   │    0 │ 0 RESOURCEFUL [2⟲] Draw a card         │
│  1 │ Task Mistres⚙️ 🚨        │    0 │ 0 BIDE TIME Mistrex gains Resist until │
│    │                         │      │ beginning of Player's next turn.       │
│    │                         │      │ 1 TAZING CRACK [1⟲] Target Goon does   │
│    │                         │      │ not unwind during its next unwind.     │
│    │                         │      │ 2 DOMINATE [2⟲] Use target Goon        │
│    │                         │      │ ability on a target of Player's        │
│    │                         │      │ choice. Target Goon pays wind as it    │
│    │                         │      │ would on its turn.                     │
│  2 │ MediFlux-1NDS⚙️ 🚨       │    0 │ 0 DORSAL CAVITY RINSE [1⟲] Remove 1    │
│    │                         │      │ wind from target Goon.                 │
│  3 │ Shield Array Node⚙️ 🚨   │    0 │ 0 FORTIFICATION NETWORK While 2+       │
│    │                         │      │ Shield Array Nodes are in play,        │
│    │                         │      │ Player's Goons may not be the target   │
│    │                         │      │ of negative effects.                   │
│    │                         │      │ 1 SURGE BARRIER [1⟲] Banish 1          │
│    │                         │      │ mechanical from Dead Pool to give      │
│    │                         │      │ allied Goons Resist until end of turn. │
│  4 │ Target Marker Probe⚙️ 🚨 │    0 │ 0 MARK TARGET [1⟲] When a Goon adds    │
│    │                         │      │ wind as damage to the MARKED target    │
│    │                         │      │ this turn, increase by 1. Nob Lobber   │
│    │                         │      │ and Marine Marauder may forego wind    │
│    │                         │      │ cost when targeting only the MARKED    │
│    │                         │      │ target.                                │
│  5 │ K-9.0⚙️ 🚨               │    0 │ 0 SCAN FOR VULNERABILITY [2⟲] A goon   │
│    │                         │      │ may use an ability twice on the        │
│    │                         │      │ scanned target this turn.              │
│  6 │ Detainment Probe⚙️ 🚨    │    0 │ 0 SHACKLE BEAM [1⟲] Target Goon may    │
│    │                         │      │ not unwind, act or contribute wind to  │
│    │                         │      │ deploy next turn.                      │
│  7 │ Sausage Droid🥩⚙️ 🚨     │    0 │ 0 PROCESS [1⟲ 1⚈] Burn 1 biological    │
│    │                         │      │ from Dead Pool to remove 1 wind from   │
│    │                         │      │ target Goon.                           │
│    │                         │      │ 1 OVERCLOCKED BURST [1⟲] Banish 1      │
│    │                         │      │ mechanical from Dead Pool to add 1     │
│    │                         │      │ wind to target Goon.                   │
│  8 │ Sentry Node⚙️ 🚨         │    0 │ 0 AUTOBURST Add 1 wind to target Goon. │
│    │                         │      │ 1 LEAD LASER [2⟲] Add 2 wind to target │
│    │                         │      │ Goon.                                  │
│  9 │ MediFlux-1NDS⚙️ 🚨       │    0 │ 0 DORSAL CAVITY RINSE [1⟲] Remove 1    │
│    │                         │      │ wind from target Goon.                 │
│ 10 │ Impact Simulant⚙️ 🚨     │    0 │ -                                      │
│ 11 │ Dormex Lurker🚫⚙️ 🚨     │    0 │ 0 SELF DESTRUCT Destroy Lurker, add 3  │
│    │                         │      │ wind to target Goon                    │
│    │                         │      │ 1 REACTIVE MUNITIONS Destroy Goon who  │
│    │                         │      │ destroys Lurker.                       │
│ 12 │ Target Marker Probe⚙️ 🚨 │    0 │ 0 MARK TARGET [1⟲] When a Goon adds    │
│    │                         │      │ wind as damage to the MARKED target    │
│    │                         │      │ this turn, increase by 1. Nob Lobber   │
│    │                         │      │ and Marine Marauder may forego wind    │
│    │                         │      │ cost when targeting only the MARKED    │
│    │                         │      │ target.                                │
└────┴─────────────────────────┴──────┴────────────────────────────────────────┘
Dead Pool 🥩:26 ⚙️ :23
           NARC P2 hand (6)            
┏━━━┳━━━━━━━━━━━━━━━━━━━━━━━━━━┳━━━━━━┓
┃ # ┃ Name                     ┃ Cost ┃
┡━━━╇━━━━━━━━━━━━━━━━━━━━━━━━━━╇━━━━━━┩
│ 0 │ Buzzkill🔶✋⚙️ 🚨         │ 5⟲   │
│ 1 │ Nob Lobber⚙️ 🚨           │ 4⟲   │
│ 2 │ Killjoy🔶✋⚙️ 🚨          │ 4⟲   │
│ 3 │ Narcstar🚨               │ 12⟲  │
│ 4 │ Nob Lobber⚙️ 🚨           │ 4⟲   │
│ 5 │ Bruut Enforcer🔶✋🚫⚙️ 🚨 │ 4⟲   │
└───┴──────────────────────────┴──────┘
Previous Turn
Turn 46 ends. P1 leaves 5 goons on the board. P1 now has 5 board / 7 hand 
(retired 18); P2 has 13 board / 5 hand (retired 11). Dead Pool holds 49.
  P1 deployed Mutt.
  P1's Psychodelic Toad was retired.
  Opponent (P2)'s K-9.0 was retired.
  Psychodelic Toad was sent to the Dead Pool.
  Psychodelic Toad was sent to the Dead Pool.
  K-9.0 was sent to the Dead Pool.
Turn 47 ends. P2 leaves 13 goons on the board. P1 now has 4 board / 7 hand 
(retired 19); P2 has 13 board / 5 hand (retired 12). Dead Pool holds 52.
  P2 deployed Nob Lobber.
  P2's Task Mistres was retired.
  Opponent (P1)'s Krax was retired.
  Krax was sent to the Dead Pool.
  Task Mistres was sent to the Dead Pool.
  Task Mistres was sent to the Dead Pool.
Turn 48 | Player: P1
                                 NARC Board P2                                  
┏━━━━┳━━━━━━━━━━━━━━━━━━━━━━━━━┳━━━━━━┳━━━━━━━━━━━━━━━━━━━━━━━━━━━━━━━━━━━━━━━━┓
┃  # ┃ Name                    ┃ Wind ┃ Abilities                              ┃
┡━━━━╇━━━━━━━━━━━━━━━━━━━━━━━━━╇━━━━━━╇━━━━━━━━━━━━━━━━━━━━━━━━━━━━━━━━━━━━━━━━┩
│  0 │ Lokar Simmons⭐✋🥩🚨   │    0 │ 0 RESOURCEFUL [2⟲] Draw a card         │
│  1 │ MediFlux-1NDS⚙️ 🚨       │    0 │ 0 DORSAL CAVITY RINSE [1⟲] Remove 1    │
│    │                         │      │ wind from target Goon.                 │
│  2 │ Shield Array Node⚙️ 🚨   │    0 │ 0 FORTIFICATION NETWORK While 2+       │
│    │                         │      │ Shield Array Nodes are in play,        │
│    │                         │      │ Player's Goons may not be the target   │
│    │                         │      │ of negative effects.                   │
│    │                         │      │ 1 SURGE BARRIER [1⟲] Banish 1          │
│    │                         │      │ mechanical from Dead Pool to give      │
│    │                         │      │ allied Goons Resist until end of turn. │
│  3 │ Target Marker Probe⚙️ 🚨 │    0 │ 0 MARK TARGET [1⟲] When a Goon adds    │
│    │                         │      │ wind as damage to the MARKED target    │
│    │                         │      │ this turn, increase by 1. Nob Lobber   │
│    │                         │      │ and Marine Marauder may forego wind    │
│    │                         │      │ cost when targeting only the MARKED    │
│    │                         │      │ target.                                │
│  4 │ K-9.0⚙️ 🚨               │    0 │ 0 SCAN FOR VULNERABILITY [2⟲] A goon   │
│    │                         │      │ may use an ability twice on the        │
│    │                         │      │ scanned target this turn.              │
│  5 │ Detainment Probe⚙️ 🚨    │    0 │ 0 SHACKLE BEAM [1⟲] Target Goon may    │
│    │                         │      │ not unwind, act or contribute wind to  │
│    │                         │      │ deploy next turn.                      │
│  6 │ Sausage Droid🥩⚙️ 🚨     │    0 │ 0 PROCESS [1⟲ 1⚈] Burn 1 biological    │
│    │                         │      │ from Dead Pool to remove 1 wind from   │
│    │                         │      │ target Goon.                           │
│    │                         │      │ 1 OVERCLOCKED BURST [1⟲] Banish 1      │
│    │                         │      │ mechanical from Dead Pool to add 1     │
│    │                         │      │ wind to target Goon.                   │
│  7 │ Sentry Node⚙️ 🚨         │    0 │ 0 AUTOBURST Add 1 wind to target Goon. │
│    │                         │      │ 1 LEAD LASER [2⟲] Add 2 wind to target │
│    │                         │      │ Goon.                                  │
│  8 │ MediFlux-1NDS⚙️ 🚨       │    0 │ 0 DORSAL CAVITY RINSE [1⟲] Remove 1    │
│    │                         │      │ wind from target Goon.                 │
│  9 │ Impact Simulant⚙️ 🚨     │    0 │ -                                      │
│ 10 │ Dormex Lurker🚫⚙️ 🚨     │    0 │ 0 SELF DESTRUCT Destroy Lurker, add 3  │
│    │                         │      │ wind to target Goon                    │
│    │                         │      │ 1 REACTIVE MUNITIONS Destroy Goon who  │
│    │                         │      │ destroys Lurker.                       │
│ 11 │ Target Marker Probe⚙️ 🚨 │    0 │ 0 MARK TARGET [1⟲] When a Goon adds    │
│    │                         │      │ wind as damage to the MARKED target    │
│    │                         │      │ this turn, increase by 1. Nob Lobber   │
│    │                         │      │ and Marine Marauder may forego wind    │
│    │                         │      │ cost when targeting only the MARKED    │
│    │                         │      │ target.                                │
│ 12 │ Nob Lobber⚙️ 🚨          │    0 │ 0 SCATTER LOAD [1⟲] Add 1 wind to 2    │
│    │                         │      │ target Goons.                          │
│    │                         │      │ 1 GOON BUSTER [3⟲] Add 1 wind to       │
│    │                         │      │ target Goon.                           │
└────┴─────────────────────────┴──────┴────────────────────────────────────────┘
                                  PCU Board P1                                  
┏━━━┳━━━━━━━━━━━━━━━━━━┳━━━━━━┳━━━━━━━━━━━━━━━━━━━━━━━━━━━━━━━━━━━━━━━━━━━━━━━━┓
┃ # ┃ Name             ┃ Wind ┃ Abilities                                      ┃
┡━━━╇━━━━━━━━━━━━━━━━━━╇━━━━━━╇━━━━━━━━━━━━━━━━━━━━━━━━━━━━━━━━━━━━━━━━━━━━━━━━┩
│ 0 │ Grim⭐✋🥩🌀     │    0 │ 0 DEFILE NATURE Remove 1 wind from any target  │
│   │                  │      │ Goon.                                          │
│ 1 │ Voidling🥩🌀     │    0 │ 0 SHOT SPOTTER [1⟲] If target takes wind as    │
│   │                  │      │ damage this turn, they do not unwind during    │
│   │                  │      │ their next unwind phase.                       │
│   │                  │      │ 1 RALLY RINGER [4⟲] Move any card from deck to │
│   │                  │      │ hand; reshuffle deck.                          │
│ 2 │ Blood Howler⚙️ 🌀 │    0 │ 0 BALLISTIC BARRAGE Distribute X wind among    │
│   │                  │      │ target Goons.                                  │
│ 3 │ Mutt⚙️ 🌀         │    0 │ 0 MAUL [1⟲] Add 1 wind to target Goon          │
│   │                  │      │ 1 MANS BEST FIEND [4⟲] Some or all wind        │
│   │                  │      │ applied to Krax as damage from enemy Goon      │
│   │                  │      │ ability may be applied to Mutt instead. If     │
│   │                  │      │ Krax is destroyed, Mutt is destroyed.          │
└───┴──────────────────┴──────┴────────────────────────────────────────────────┘
Dead Pool 🥩:27 ⚙️ :25
        PCU P1 hand (8)        
┏━━━┳━━━━━━━━━━━━━━━━━━┳━━━━━━┓
┃ # ┃ Name             ┃ Cost ┃
┡━━━╇━━━━━━━━━━━━━━━━━━╇━━━━━━┩
│ 0 │ Helvis🌀         │ 12⟲  │
│ 1 │ Meatjacker🚫⚙️ 🌀 │ 1⚈   │
│ 2 │ Dragoon⚙️ 🌀      │ 6⟲   │
│ 3 │ Mutt⚙️ 🌀         │ 4⟲   │
│ 4 │ Mutt⚙️ 🌀         │ 4⟲   │
│ 5 │ Nives⚙️ 🌀        │ 4⟲   │
│ 6 │ Krax🔶✋🥩🌀     │ 6⟲   │
│ 7 │ Dragoon⚙️ 🌀      │ 6⟲   │
└───┴──────────────────┴──────┘
Previous Turn
Turn 47 ends. P2 leaves 13 goons on the board. P1 now has 4 board / 7 hand 
(retired 19); P2 has 13 board / 5 hand (retired 12). Dead Pool holds 52.
  P2 deployed Nob Lobber.
  P2's Task Mistres was retired.
  Opponent (P1)'s Krax was retired.
  Krax was sent to the Dead Pool.
  Task Mistres was sent to the Dead Pool.
  Task Mistres was sent to the Dead Pool.
could not pay wind
cannot deploy: requires Krax on your board
cannot deploy: requires Krax on your board
cannot deploy: requires Vex on your board
cannot deploy: requires Krax on your board
Turn 48 ends. P1 leaves 4 goons on the board. P1 now has 4 board / 7 hand 
(retired 20); P2 has 13 board / 5 hand (retired 12). Dead Pool holds 54.
  P1 deployed Krax.
  P1's Voidling was retired.
  Voidling was sent to the Dead Pool.
  Voidling was sent to the Dead Pool.
Turn 49 | Player: P2
                                  PCU Board P1                                  
┏━━━┳━━━━━━━━━━━━━━━━━━┳━━━━━━┳━━━━━━━━━━━━━━━━━━━━━━━━━━━━━━━━━━━━━━━━━━━━━━━━┓
┃ # ┃ Name             ┃ Wind ┃ Abilities                                      ┃
┡━━━╇━━━━━━━━━━━━━━━━━━╇━━━━━━╇━━━━━━━━━━━━━━━━━━━━━━━━━━━━━━━━━━━━━━━━━━━━━━━━┩
│ 0 │ Grim⭐✋🥩🌀     │    2 │ 0 DEFILE NATURE Remove 1 wind from any target  │
│   │                  │      │ Goon.                                          │
│ 1 │ Blood Howler⚙️ 🌀 │    2 │ 0 BALLISTIC BARRAGE Distribute X wind among    │
│   │                  │      │ target Goons.                                  │
│ 2 │ Mutt⚙️ 🌀         │    1 │ 0 MAUL [1⟲] Add 1 wind to target Goon          │
│   │                  │      │ 1 MANS BEST FIEND [4⟲] Some or all wind        │
│   │                  │      │ applied to Krax as damage from enemy Goon      │
│   │                  │      │ ability may be applied to Mutt instead. If     │
│   │                  │      │ Krax is destroyed, Mutt is destroyed.          │
│ 3 │ Krax🔶✋🥩🌀     │    0 │ 0 BASH IN SKULL [1⟲] Add 2 wind to target Goon │
│   │                  │      │ 1 CHAIN REACTION If BASH IN SKULL destroys a   │
│   │                  │      │ Goon, Krax may add 2 wind to another target    │
│   │                  │      │ Goon. This may chain as long as it is able.    │
└───┴──────────────────┴──────┴────────────────────────────────────────────────┘
                                 NARC Board P2                                  
┏━━━━┳━━━━━━━━━━━━━━━━━━━━━━━━━┳━━━━━━┳━━━━━━━━━━━━━━━━━━━━━━━━━━━━━━━━━━━━━━━━┓
┃  # ┃ Name                    ┃ Wind ┃ Abilities                              ┃
┡━━━━╇━━━━━━━━━━━━━━━━━━━━━━━━━╇━━━━━━╇━━━━━━━━━━━━━━━━━━━━━━━━━━━━━━━━━━━━━━━━┩
│  0 │ Lokar Simmons⭐✋🥩🚨   │    0 │ 0 RESOURCEFUL [2⟲] Draw a card         │
│  1 │ MediFlux-1NDS⚙️ 🚨       │    0 │ 0 DORSAL CAVITY RINSE [1⟲] Remove 1    │
│    │                         │      │ wind from target Goon.                 │
│  2 │ Shield Array Node⚙️ 🚨   │    0 │ 0 FORTIFICATION NETWORK While 2+       │
│    │                         │      │ Shield Array Nodes are in play,        │
│    │                         │      │ Player's Goons may not be the target   │
│    │                         │      │ of negative effects.                   │
│    │                         │      │ 1 SURGE BARRIER [1⟲] Banish 1          │
│    │                         │      │ mechanical from Dead Pool to give      │
│    │                         │      │ allied Goons Resist until end of turn. │
│  3 │ Target Marker Probe⚙️ 🚨 │    0 │ 0 MARK TARGET [1⟲] When a Goon adds    │
│    │                         │      │ wind as damage to the MARKED target    │
│    │                         │      │ this turn, increase by 1. Nob Lobber   │
│    │                         │      │ and Marine Marauder may forego wind    │
│    │                         │      │ cost when targeting only the MARKED    │
│    │                         │      │ target.                                │
│  4 │ K-9.0⚙️ 🚨               │    0 │ 0 SCAN FOR VULNERABILITY [2⟲] A goon   │
│    │                         │      │ may use an ability twice on the        │
│    │                         │      │ scanned target this turn.              │
│  5 │ Detainment Probe⚙️ 🚨    │    0 │ 0 SHACKLE BEAM [1⟲] Target Goon may    │
│    │                         │      │ not unwind, act or contribute wind to  │
│    │                         │      │ deploy next turn.                      │
│  6 │ Sausage Droid🥩⚙️ 🚨     │    0 │ 0 PROCESS [1⟲ 1⚈] Burn 1 biological    │
│    │                         │      │ from Dead Pool to remove 1 wind from   │
│    │                         │      │ target Goon.                           │
│    │                         │      │ 1 OVERCLOCKED BURST [1⟲] Banish 1      │
│    │                         │      │ mechanical from Dead Pool to add 1     │
│    │                         │      │ wind to target Goon.                   │
│  7 │ Sentry Node⚙️ 🚨         │    0 │ 0 AUTOBURST Add 1 wind to target Goon. │
│    │                         │      │ 1 LEAD LASER [2⟲] Add 2 wind to target │
│    │                         │      │ Goon.                                  │
│  8 │ MediFlux-1NDS⚙️ 🚨       │    0 │ 0 DORSAL CAVITY RINSE [1⟲] Remove 1    │
│    │                         │      │ wind from target Goon.                 │
│  9 │ Impact Simulant⚙️ 🚨     │    0 │ -                                      │
│ 10 │ Dormex Lurker🚫⚙️ 🚨     │    0 │ 0 SELF DESTRUCT Destroy Lurker, add 3  │
│    │                         │      │ wind to target Goon                    │
│    │                         │      │ 1 REACTIVE MUNITIONS Destroy Goon who  │
│    │                         │      │ destroys Lurker.                       │
│ 11 │ Target Marker Probe⚙️ 🚨 │    0 │ 0 MARK TARGET [1⟲] When a Goon adds    │
│    │                         │      │ wind as damage to the MARKED target    │
│    │                         │      │ this turn, increase by 1. Nob Lobber   │
│    │                         │      │ and Marine Marauder may forego wind    │
│    │                         │      │ cost when targeting only the MARKED    │
│    │                         │      │ target.                                │
│ 12 │ Nob Lobber⚙️ 🚨          │    0 │ 0 SCATTER LOAD [1⟲] Add 1 wind to 2    │
│    │                         │      │ target Goons.                          │
│    │                         │      │ 1 GOON BUSTER [3⟲] Add 1 wind to       │
│    │                         │      │ target Goon.                           │
└────┴─────────────────────────┴──────┴────────────────────────────────────────┘
Dead Pool 🥩:29 ⚙️ :25
           NARC P2 hand (6)            
┏━━━┳━━━━━━━━━━━━━━━━━━━━━━━━━━┳━━━━━━┓
┃ # ┃ Name                     ┃ Cost ┃
┡━━━╇━━━━━━━━━━━━━━━━━━━━━━━━━━╇━━━━━━┩
│ 0 │ Buzzkill🔶✋⚙️ 🚨         │ 5⟲   │
│ 1 │ Killjoy🔶✋⚙️ 🚨          │ 4⟲   │
│ 2 │ Narcstar🚨               │ 12⟲  │
│ 3 │ Nob Lobber⚙️ 🚨           │ 4⟲   │
│ 4 │ Bruut Enforcer🔶✋🚫⚙️ 🚨 │ 4⟲   │
│ 5 │ K-9.0⚙️ 🚨                │ 3⟲   │
└───┴──────────────────────────┴──────┘
Previous Turn
Turn 48 ends. P1 leaves 4 goons on the board. P1 now has 4 board / 7 hand 
(retired 20); P2 has 13 board / 5 hand (retired 12). Dead Pool holds 54.
  P1 deployed Krax.
  P1's Voidling was retired.
  Voidling was sent to the Dead Pool.
  Voidling was sent to the Dead Pool.
Turn 49 ends. P2 leaves 14 goons on the board. P1 now has 3 board / 7 hand 
(retired 21); P2 has 14 board / 5 hand (retired 12). Dead Pool holds 55.
  P2 deployed K-9.0.
  Opponent (P1)'s Grim was retired.
  Grim was sent to the Dead Pool.
Game over! Winner: P2
Game over! Winner: P2 after 49 turns. P1 retired 21; P2 retired 12; Dead Pool 
totals 55.
