Goon Squad Galaxy Simulator
Commands:
  help | quit(q) | end(e)
  Deploy: dN or d N (e.g. d0) | Double deploy: ddN
           Add contributors after the command, e.g. d0 0 1 1
  View: deadpool (dp)
  Pay wind: pay <amount> p1|p2:idx[,idx]
  Use ability: u <src> <abil>
    Target shorthand: uN A>targets (enemy) or uN A<targets (ally); example: u2 
0>3 4
  Inspect cards: vh hand card, vb board card, vo opponent board
  AI assist: ai 
Turn and game summaries print automatically after each end of turn.
Start flags: --ai p1|p2|both (auto-turns for AI), --auto
See: gamerules.md
Tip: Type ai to have the current player act once.
Use ai p1 or ai p2 to target a side.
Deploy with dN (you can list contributors: e.g. d0 0 1 1); end turn with e or 
end.
Turn 1 | Player: P2
                                  PCU Board P1                                  
┏━━━┳━━━━━━━━━━━━━━┳━━━━━━┳━━━━━━━━━━━━━━━━━━━━━━━━━━━━━━━━━━━━━━━━━━━━━━━━━━━━┓
┃ # ┃ Name         ┃ Wind ┃ Abilities                                          ┃
┡━━━╇━━━━━━━━━━━━━━╇━━━━━━╇━━━━━━━━━━━━━━━━━━━━━━━━━━━━━━━━━━━━━━━━━━━━━━━━━━━━┩
│ 0 │ Grim⭐✋🥩🌀 │    0 │ 0 DEFILE NATURE Remove 1 wind from any target      │
│   │              │      │ Goon.                                              │
└───┴──────────────┴──────┴────────────────────────────────────────────────────┘
                            NARC Board P2                            
┏━━━┳━━━━━━━━━━━━━━━━━━━━━━━┳━━━━━━┳━━━━━━━━━━━━━━━━━━━━━━━━━━━━━━━━┓
┃ # ┃ Name                  ┃ Wind ┃ Abilities                      ┃
┡━━━╇━━━━━━━━━━━━━━━━━━━━━━━╇━━━━━━╇━━━━━━━━━━━━━━━━━━━━━━━━━━━━━━━━┩
│ 0 │ Lokar Simmons⭐✋🥩🚨 │    0 │ 0 RESOURCEFUL [2⟲] Draw a card │
└───┴───────────────────────┴──────┴────────────────────────────────┘
Dead Pool 🥩:0 ⚙️ :0
          NARC P2 hand (6)          
┏━━━┳━━━━━━━━━━━━━━━━━━━━━━━┳━━━━━━┓
┃ # ┃ Name                  ┃ Cost ┃
┡━━━╇━━━━━━━━━━━━━━━━━━━━━━━╇━━━━━━┩
│ 0 │ Buzzkill🔶✋⚙️ 🚨      │ 5⟲   │
│ 1 │ MediFlux-1NDS⚙️ 🚨     │ 2⟲   │
│ 2 │ Shield Array Node⚙️ 🚨 │ 2⟲   │
│ 3 │ Shield Array Node⚙️ 🚨 │ 2⟲   │
│ 4 │ Sausage Droid🥩⚙️ 🚨   │ 1⟲   │
│ 5 │ Task Mistres⚙️ 🚨      │ 2⟲   │
└───┴───────────────────────┴──────┘
Turn 1 ends. P2 leaves 2 goons on the board. P1 now has 1 board / 6 hand 
(retired 0); P2 has 2 board / 5 hand (retired 0). Dead Pool holds 0.
  P2 deployed Sausage Droid.
Turn 2 | Player: P1
                                 NARC Board P2                                  
┏━━━┳━━━━━━━━━━━━━━━━━━━━━━━┳━━━━━━┳━━━━━━━━━━━━━━━━━━━━━━━━━━━━━━━━━━━━━━━━━━━┓
┃ # ┃ Name                  ┃ Wind ┃ Abilities                                 ┃
┡━━━╇━━━━━━━━━━━━━━━━━━━━━━━╇━━━━━━╇━━━━━━━━━━━━━━━━━━━━━━━━━━━━━━━━━━━━━━━━━━━┩
│ 0 │ Lokar Simmons⭐✋🥩🚨 │    1 │ 0 RESOURCEFUL [2⟲] Draw a card            │
│ 1 │ Sausage Droid🥩⚙️ 🚨   │    0 │ 0 PROCESS [1⟲ 1⚈] Burn 1 biological from  │
│   │                       │      │ Dead Pool to remove 1 wind from target    │
│   │                       │      │ Goon.                                     │
│   │                       │      │ 1 OVERCLOCKED BURST [1⟲] Banish 1         │
│   │                       │      │ mechanical from Dead Pool to add 1 wind   │
│   │                       │      │ to target Goon.                           │
└───┴───────────────────────┴──────┴───────────────────────────────────────────┘
                                  PCU Board P1                                  
┏━━━┳━━━━━━━━━━━━━━┳━━━━━━┳━━━━━━━━━━━━━━━━━━━━━━━━━━━━━━━━━━━━━━━━━━━━━━━━━━━━┓
┃ # ┃ Name         ┃ Wind ┃ Abilities                                          ┃
┡━━━╇━━━━━━━━━━━━━━╇━━━━━━╇━━━━━━━━━━━━━━━━━━━━━━━━━━━━━━━━━━━━━━━━━━━━━━━━━━━━┩
│ 0 │ Grim⭐✋🥩🌀 │    0 │ 0 DEFILE NATURE Remove 1 wind from any target      │
│   │              │      │ Goon.                                              │
└───┴──────────────┴──────┴────────────────────────────────────────────────────┘
Dead Pool 🥩:0 ⚙️ :0
           PCU P1 hand (7)           
┏━━━┳━━━━━━━━━━━━━━━━━━━━━━━━┳━━━━━━┓
┃ # ┃ Name                   ┃ Cost ┃
┡━━━╇━━━━━━━━━━━━━━━━━━━━━━━━╇━━━━━━┩
│ 0 │ Annihilist Overseer🌀  │ 4⟲   │
│ 1 │ Meat Vegetable🥩🌀     │ -    │
│ 2 │ Primordial Oozer🥩🌀   │ 1⟲   │
│ 3 │ Restless Natives🚫🥩🌀 │ 2⟲   │
│ 4 │ Local Singularity🚫🌀  │ 2⟲   │
│ 5 │ Annihilist Overseer🌀  │ 4⟲   │
│ 6 │ Restless Natives🚫🥩🌀 │ 2⟲   │
└───┴────────────────────────┴──────┘
Previous Turn
Turn 1 ends. P2 leaves 2 goons on the board. P1 now has 1 board / 6 hand 
(retired 0); P2 has 2 board / 5 hand (retired 0). Dead Pool holds 0.
  P2 deployed Sausage Droid.
Turn 2 ends. P1 leaves 2 goons on the board. P1 now has 2 board / 6 hand 
(retired 0); P2 has 2 board / 5 hand (retired 0). Dead Pool holds 0.
  P1 deployed Meat Vegetable.
Turn 3 | Player: P2
                                  PCU Board P1                                  
┏━━━┳━━━━━━━━━━━━━━━━━━━━┳━━━━━━┳━━━━━━━━━━━━━━━━━━━━━━━━━━━━━━━━━━━━━━━━━━━━━━┓
┃ # ┃ Name               ┃ Wind ┃ Abilities                                    ┃
┡━━━╇━━━━━━━━━━━━━━━━━━━━╇━━━━━━╇━━━━━━━━━━━━━━━━━━━━━━━━━━━━━━━━━━━━━━━━━━━━━━┩
│ 0 │ Grim⭐✋🥩🌀       │    0 │ 0 DEFILE NATURE Remove 1 wind from any       │
│   │                    │      │ target Goon.                                 │
│ 1 │ Meat Vegetable🥩🌀 │    0 │ -                                            │
└───┴────────────────────┴──────┴──────────────────────────────────────────────┘
                                 NARC Board P2                                  
┏━━━┳━━━━━━━━━━━━━━━━━━━━━━━┳━━━━━━┳━━━━━━━━━━━━━━━━━━━━━━━━━━━━━━━━━━━━━━━━━━━┓
┃ # ┃ Name                  ┃ Wind ┃ Abilities                                 ┃
┡━━━╇━━━━━━━━━━━━━━━━━━━━━━━╇━━━━━━╇━━━━━━━━━━━━━━━━━━━━━━━━━━━━━━━━━━━━━━━━━━━┩
│ 0 │ Lokar Simmons⭐✋🥩🚨 │    0 │ 0 RESOURCEFUL [2⟲] Draw a card            │
│ 1 │ Sausage Droid🥩⚙️ 🚨   │    0 │ 0 PROCESS [1⟲ 1⚈] Burn 1 biological from  │
│   │                       │      │ Dead Pool to remove 1 wind from target    │
│   │                       │      │ Goon.                                     │
│   │                       │      │ 1 OVERCLOCKED BURST [1⟲] Banish 1         │
│   │                       │      │ mechanical from Dead Pool to add 1 wind   │
│   │                       │      │ to target Goon.                           │
└───┴───────────────────────┴──────┴───────────────────────────────────────────┘
Dead Pool 🥩:0 ⚙️ :0
          NARC P2 hand (6)          
┏━━━┳━━━━━━━━━━━━━━━━━━━━━━━┳━━━━━━┓
┃ # ┃ Name                  ┃ Cost ┃
┡━━━╇━━━━━━━━━━━━━━━━━━━━━━━╇━━━━━━┩
│ 0 │ Buzzkill🔶✋⚙️ 🚨      │ 5⟲   │
│ 1 │ MediFlux-1NDS⚙️ 🚨     │ 2⟲   │
│ 2 │ Shield Array Node⚙️ 🚨 │ 2⟲   │
│ 3 │ Shield Array Node⚙️ 🚨 │ 2⟲   │
│ 4 │ Task Mistres⚙️ 🚨      │ 2⟲   │
│ 5 │ Sentry Node⚙️ 🚨       │ 4⟲   │
└───┴───────────────────────┴──────┘
Previous Turn
Turn 2 ends. P1 leaves 2 goons on the board. P1 now has 2 board / 6 hand 
(retired 0); P2 has 2 board / 5 hand (retired 0). Dead Pool holds 0.
  P1 deployed Meat Vegetable.
Turn 3 ends. P2 leaves 3 goons on the board. P1 now has 2 board / 6 hand 
(retired 0); P2 has 3 board / 5 hand (retired 0). Dead Pool holds 0.
  P2 deployed MediFlux-1NDS.
Turn 4 | Player: P1
                                 NARC Board P2                                  
┏━━━┳━━━━━━━━━━━━━━━━━━━━━━━┳━━━━━━┳━━━━━━━━━━━━━━━━━━━━━━━━━━━━━━━━━━━━━━━━━━━┓
┃ # ┃ Name                  ┃ Wind ┃ Abilities                                 ┃
┡━━━╇━━━━━━━━━━━━━━━━━━━━━━━╇━━━━━━╇━━━━━━━━━━━━━━━━━━━━━━━━━━━━━━━━━━━━━━━━━━━┩
│ 0 │ Lokar Simmons⭐✋🥩🚨 │    0 │ 0 RESOURCEFUL [2⟲] Draw a card            │
│ 1 │ Sausage Droid🥩⚙️ 🚨   │    3 │ 0 PROCESS [1⟲ 1⚈] Burn 1 biological from  │
│   │                       │      │ Dead Pool to remove 1 wind from target    │
│   │                       │      │ Goon.                                     │
│   │                       │      │ 1 OVERCLOCKED BURST [1⟲] Banish 1         │
│   │                       │      │ mechanical from Dead Pool to add 1 wind   │
│   │                       │      │ to target Goon.                           │
│ 2 │ MediFlux-1NDS⚙️ 🚨     │    0 │ 0 DORSAL CAVITY RINSE [1⟲] Remove 1 wind  │
│   │                       │      │ from target Goon.                         │
└───┴───────────────────────┴──────┴───────────────────────────────────────────┘
                                  PCU Board P1                                  
┏━━━┳━━━━━━━━━━━━━━━━━━━━┳━━━━━━┳━━━━━━━━━━━━━━━━━━━━━━━━━━━━━━━━━━━━━━━━━━━━━━┓
┃ # ┃ Name               ┃ Wind ┃ Abilities                                    ┃
┡━━━╇━━━━━━━━━━━━━━━━━━━━╇━━━━━━╇━━━━━━━━━━━━━━━━━━━━━━━━━━━━━━━━━━━━━━━━━━━━━━┩
│ 0 │ Grim⭐✋🥩🌀       │    0 │ 0 DEFILE NATURE Remove 1 wind from any       │
│   │                    │      │ target Goon.                                 │
│ 1 │ Meat Vegetable🥩🌀 │    0 │ -                                            │
└───┴────────────────────┴──────┴──────────────────────────────────────────────┘
Dead Pool 🥩:0 ⚙️ :0
           PCU P1 hand (7)           
┏━━━┳━━━━━━━━━━━━━━━━━━━━━━━━┳━━━━━━┓
┃ # ┃ Name                   ┃ Cost ┃
┡━━━╇━━━━━━━━━━━━━━━━━━━━━━━━╇━━━━━━┩
│ 0 │ Annihilist Overseer🌀  │ 4⟲   │
│ 1 │ Primordial Oozer🥩🌀   │ 1⟲   │
│ 2 │ Restless Natives🚫🥩🌀 │ 2⟲   │
│ 3 │ Local Singularity🚫🌀  │ 2⟲   │
│ 4 │ Annihilist Overseer🌀  │ 4⟲   │
│ 5 │ Restless Natives🚫🥩🌀 │ 2⟲   │
│ 6 │ Primordial Oozer🥩🌀   │ 1⟲   │
└───┴────────────────────────┴──────┘
Previous Turn
Turn 3 ends. P2 leaves 3 goons on the board. P1 now has 2 board / 6 hand 
(retired 0); P2 has 3 board / 5 hand (retired 0). Dead Pool holds 0.
  P2 deployed MediFlux-1NDS.
Turn 4 ends. P1 leaves 3 goons on the board. P1 now has 3 board / 6 hand 
(retired 0); P2 has 3 board / 5 hand (retired 0). Dead Pool holds 0.
  P1 deployed Primordial Oozer.
Turn 5 | Player: P2
                                  PCU Board P1                                  
┏━━━┳━━━━━━━━━━━━━━━━━━━━━━┳━━━━━━┳━━━━━━━━━━━━━━━━━━━━━━━━━━━━━━━━━━━━━━━━━━━━┓
┃ # ┃ Name                 ┃ Wind ┃ Abilities                                  ┃
┡━━━╇━━━━━━━━━━━━━━━━━━━━━━╇━━━━━━╇━━━━━━━━━━━━━━━━━━━━━━━━━━━━━━━━━━━━━━━━━━━━┩
│ 0 │ Grim⭐✋🥩🌀         │    0 │ 0 DEFILE NATURE Remove 1 wind from any     │
│   │                      │      │ target Goon.                               │
│ 1 │ Meat Vegetable🥩🌀   │    1 │ -                                          │
│ 2 │ Primordial Oozer🥩🌀 │    0 │ 0 DISCHARGE [1⟲] Add 1 wind to target Goon │
│   │                      │      │ 1 GOOP Unfriendly Goon who targets Oozer   │
│   │                      │      │ with an ability does not unwind during its │
│   │                      │      │ next unwind phase.                         │
└───┴──────────────────────┴──────┴────────────────────────────────────────────┘
                                 NARC Board P2                                  
┏━━━┳━━━━━━━━━━━━━━━━━━━━━━━┳━━━━━━┳━━━━━━━━━━━━━━━━━━━━━━━━━━━━━━━━━━━━━━━━━━━┓
┃ # ┃ Name                  ┃ Wind ┃ Abilities                                 ┃
┡━━━╇━━━━━━━━━━━━━━━━━━━━━━━╇━━━━━━╇━━━━━━━━━━━━━━━━━━━━━━━━━━━━━━━━━━━━━━━━━━━┩
│ 0 │ Lokar Simmons⭐✋🥩🚨 │    0 │ 0 RESOURCEFUL [2⟲] Draw a card            │
│ 1 │ Sausage Droid🥩⚙️ 🚨   │    2 │ 0 PROCESS [1⟲ 1⚈] Burn 1 biological from  │
│   │                       │      │ Dead Pool to remove 1 wind from target    │
│   │                       │      │ Goon.                                     │
│   │                       │      │ 1 OVERCLOCKED BURST [1⟲] Banish 1         │
│   │                       │      │ mechanical from Dead Pool to add 1 wind   │
│   │                       │      │ to target Goon.                           │
│ 2 │ MediFlux-1NDS⚙️ 🚨     │    0 │ 0 DORSAL CAVITY RINSE [1⟲] Remove 1 wind  │
│   │                       │      │ from target Goon.                         │
└───┴───────────────────────┴──────┴───────────────────────────────────────────┘
Dead Pool 🥩:0 ⚙️ :0
          NARC P2 hand (6)          
┏━━━┳━━━━━━━━━━━━━━━━━━━━━━━┳━━━━━━┓
┃ # ┃ Name                  ┃ Cost ┃
┡━━━╇━━━━━━━━━━━━━━━━━━━━━━━╇━━━━━━┩
│ 0 │ Buzzkill🔶✋⚙️ 🚨      │ 5⟲   │
│ 1 │ Shield Array Node⚙️ 🚨 │ 2⟲   │
│ 2 │ Shield Array Node⚙️ 🚨 │ 2⟲   │
│ 3 │ Task Mistres⚙️ 🚨      │ 2⟲   │
│ 4 │ Sentry Node⚙️ 🚨       │ 4⟲   │
│ 5 │ Detainment Probe⚙️ 🚨  │ 1⟲   │
└───┴───────────────────────┴──────┘
Previous Turn
Turn 4 ends. P1 leaves 3 goons on the board. P1 now has 3 board / 6 hand 
(retired 0); P2 has 3 board / 5 hand (retired 0). Dead Pool holds 0.
  P1 deployed Primordial Oozer.
Turn 5 ends. P2 leaves 4 goons on the board. P1 now has 3 board / 6 hand 
(retired 0); P2 has 4 board / 5 hand (retired 0). Dead Pool holds 0.
  P2 deployed Detainment Probe.
Turn 6 | Player: P1
                                 NARC Board P2                                  
┏━━━┳━━━━━━━━━━━━━━━━━━━━━━━┳━━━━━━┳━━━━━━━━━━━━━━━━━━━━━━━━━━━━━━━━━━━━━━━━━━━┓
┃ # ┃ Name                  ┃ Wind ┃ Abilities                                 ┃
┡━━━╇━━━━━━━━━━━━━━━━━━━━━━━╇━━━━━━╇━━━━━━━━━━━━━━━━━━━━━━━━━━━━━━━━━━━━━━━━━━━┩
│ 0 │ Lokar Simmons⭐✋🥩🚨 │    0 │ 0 RESOURCEFUL [2⟲] Draw a card            │
│ 1 │ Sausage Droid🥩⚙️ 🚨   │    3 │ 0 PROCESS [1⟲ 1⚈] Burn 1 biological from  │
│   │                       │      │ Dead Pool to remove 1 wind from target    │
│   │                       │      │ Goon.                                     │
│   │                       │      │ 1 OVERCLOCKED BURST [1⟲] Banish 1         │
│   │                       │      │ mechanical from Dead Pool to add 1 wind   │
│   │                       │      │ to target Goon.                           │
│ 2 │ MediFlux-1NDS⚙️ 🚨     │    0 │ 0 DORSAL CAVITY RINSE [1⟲] Remove 1 wind  │
│   │                       │      │ from target Goon.                         │
│ 3 │ Detainment Probe⚙️ 🚨  │    0 │ 0 SHACKLE BEAM [1⟲] Target Goon may not   │
│   │                       │      │ unwind, act or contribute wind to deploy  │
│   │                       │      │ next turn.                                │
└───┴───────────────────────┴──────┴───────────────────────────────────────────┘
                                  PCU Board P1                                  
┏━━━┳━━━━━━━━━━━━━━━━━━━━━━┳━━━━━━┳━━━━━━━━━━━━━━━━━━━━━━━━━━━━━━━━━━━━━━━━━━━━┓
┃ # ┃ Name                 ┃ Wind ┃ Abilities                                  ┃
┡━━━╇━━━━━━━━━━━━━━━━━━━━━━╇━━━━━━╇━━━━━━━━━━━━━━━━━━━━━━━━━━━━━━━━━━━━━━━━━━━━┩
│ 0 │ Grim⭐✋🥩🌀         │    0 │ 0 DEFILE NATURE Remove 1 wind from any     │
│   │                      │      │ target Goon.                               │
│ 1 │ Meat Vegetable🥩🌀   │    0 │ -                                          │
│ 2 │ Primordial Oozer🥩🌀 │    0 │ 0 DISCHARGE [1⟲] Add 1 wind to target Goon │
│   │                      │      │ 1 GOOP Unfriendly Goon who targets Oozer   │
│   │                      │      │ with an ability does not unwind during its │
│   │                      │      │ next unwind phase.                         │
└───┴──────────────────────┴──────┴────────────────────────────────────────────┘
Dead Pool 🥩:0 ⚙️ :0
           PCU P1 hand (7)           
┏━━━┳━━━━━━━━━━━━━━━━━━━━━━━━┳━━━━━━┓
┃ # ┃ Name                   ┃ Cost ┃
┡━━━╇━━━━━━━━━━━━━━━━━━━━━━━━╇━━━━━━┩
│ 0 │ Annihilist Overseer🌀  │ 4⟲   │
│ 1 │ Restless Natives🚫🥩🌀 │ 2⟲   │
│ 2 │ Local Singularity🚫🌀  │ 2⟲   │
│ 3 │ Annihilist Overseer🌀  │ 4⟲   │
│ 4 │ Restless Natives🚫🥩🌀 │ 2⟲   │
│ 5 │ Primordial Oozer🥩🌀   │ 1⟲   │
│ 6 │ Mutt⚙️ 🌀               │ 4⟲   │
└───┴────────────────────────┴──────┘
Previous Turn
Turn 5 ends. P2 leaves 4 goons on the board. P1 now has 3 board / 6 hand 
(retired 0); P2 has 4 board / 5 hand (retired 0). Dead Pool holds 0.
  P2 deployed Detainment Probe.
Turn 6 ends. P1 leaves 4 goons on the board. P1 now has 4 board / 6 hand 
(retired 0); P2 has 3 board / 5 hand (retired 1). Dead Pool holds 1.
  P1 deployed Primordial Oozer.
  Opponent (P2)'s Sausage Droid was retired.
  Sausage Droid was sent to the Dead Pool.
Turn 7 | Player: P2
                                  PCU Board P1                                  
┏━━━┳━━━━━━━━━━━━━━━━━━━━━━┳━━━━━━┳━━━━━━━━━━━━━━━━━━━━━━━━━━━━━━━━━━━━━━━━━━━━┓
┃ # ┃ Name                 ┃ Wind ┃ Abilities                                  ┃
┡━━━╇━━━━━━━━━━━━━━━━━━━━━━╇━━━━━━╇━━━━━━━━━━━━━━━━━━━━━━━━━━━━━━━━━━━━━━━━━━━━┩
│ 0 │ Grim⭐✋🥩🌀         │    0 │ 0 DEFILE NATURE Remove 1 wind from any     │
│   │                      │      │ target Goon.                               │
│ 1 │ Meat Vegetable🥩🌀   │    1 │ -                                          │
│ 2 │ Primordial Oozer🥩🌀 │    1 │ 0 DISCHARGE [1⟲] Add 1 wind to target Goon │
│   │                      │      │ 1 GOOP Unfriendly Goon who targets Oozer   │
│   │                      │      │ with an ability does not unwind during its │
│   │                      │      │ next unwind phase.                         │
│ 3 │ Primordial Oozer🥩🌀 │    0 │ 0 DISCHARGE [1⟲] Add 1 wind to target Goon │
│   │                      │      │ 1 GOOP Unfriendly Goon who targets Oozer   │
│   │                      │      │ with an ability does not unwind during its │
│   │                      │      │ next unwind phase.                         │
└───┴──────────────────────┴──────┴────────────────────────────────────────────┘
                                 NARC Board P2                                  
┏━━━┳━━━━━━━━━━━━━━━━━━━━━━━┳━━━━━━┳━━━━━━━━━━━━━━━━━━━━━━━━━━━━━━━━━━━━━━━━━━━┓
┃ # ┃ Name                  ┃ Wind ┃ Abilities                                 ┃
┡━━━╇━━━━━━━━━━━━━━━━━━━━━━━╇━━━━━━╇━━━━━━━━━━━━━━━━━━━━━━━━━━━━━━━━━━━━━━━━━━━┩
│ 0 │ Lokar Simmons⭐✋🥩🚨 │    0 │ 0 RESOURCEFUL [2⟲] Draw a card            │
│ 1 │ MediFlux-1NDS⚙️ 🚨     │    0 │ 0 DORSAL CAVITY RINSE [1⟲] Remove 1 wind  │
│   │                       │      │ from target Goon.                         │
│ 2 │ Detainment Probe⚙️ 🚨  │    0 │ 0 SHACKLE BEAM [1⟲] Target Goon may not   │
│   │                       │      │ unwind, act or contribute wind to deploy  │
│   │                       │      │ next turn.                                │
└───┴───────────────────────┴──────┴───────────────────────────────────────────┘
Dead Pool 🥩:1 ⚙️ :1
           NARC P2 hand (6)            
┏━━━┳━━━━━━━━━━━━━━━━━━━━━━━━━━┳━━━━━━┓
┃ # ┃ Name                     ┃ Cost ┃
┡━━━╇━━━━━━━━━━━━━━━━━━━━━━━━━━╇━━━━━━┩
│ 0 │ Buzzkill🔶✋⚙️ 🚨         │ 5⟲   │
│ 1 │ Shield Array Node⚙️ 🚨    │ 2⟲   │
│ 2 │ Shield Array Node⚙️ 🚨    │ 2⟲   │
│ 3 │ Task Mistres⚙️ 🚨         │ 2⟲   │
│ 4 │ Sentry Node⚙️ 🚨          │ 4⟲   │
│ 5 │ Bruut Enforcer🔶✋🚫⚙️ 🚨 │ 4⟲   │
└───┴──────────────────────────┴──────┘
Previous Turn
Turn 6 ends. P1 leaves 4 goons on the board. P1 now has 4 board / 6 hand 
(retired 0); P2 has 3 board / 5 hand (retired 1). Dead Pool holds 1.
  P1 deployed Primordial Oozer.
  Opponent (P2)'s Sausage Droid was retired.
  Sausage Droid was sent to the Dead Pool.
Turn 7 ends. P2 leaves 4 goons on the board. P1 now has 4 board / 6 hand 
(retired 0); P2 has 4 board / 5 hand (retired 1). Dead Pool holds 1.
  P2 deployed Shield Array Node.
Turn 8 | Player: P1
                                 NARC Board P2                                  
┏━━━┳━━━━━━━━━━━━━━━━━━━━━━━┳━━━━━━┳━━━━━━━━━━━━━━━━━━━━━━━━━━━━━━━━━━━━━━━━━━━┓
┃ # ┃ Name                  ┃ Wind ┃ Abilities                                 ┃
┡━━━╇━━━━━━━━━━━━━━━━━━━━━━━╇━━━━━━╇━━━━━━━━━━━━━━━━━━━━━━━━━━━━━━━━━━━━━━━━━━━┩
│ 0 │ Lokar Simmons⭐✋🥩🚨 │    0 │ 0 RESOURCEFUL [2⟲] Draw a card            │
│ 1 │ MediFlux-1NDS⚙️ 🚨     │    2 │ 0 DORSAL CAVITY RINSE [1⟲] Remove 1 wind  │
│   │                       │      │ from target Goon.                         │
│ 2 │ Detainment Probe⚙️ 🚨  │    1 │ 0 SHACKLE BEAM [1⟲] Target Goon may not   │
│   │                       │      │ unwind, act or contribute wind to deploy  │
│   │                       │      │ next turn.                                │
│ 3 │ Shield Array Node⚙️ 🚨 │    0 │ 0 FORTIFICATION NETWORK While 2+ Shield   │
│   │                       │      │ Array Nodes are in play, Player's Goons   │
│   │                       │      │ may not be the target of negative         │
│   │                       │      │ effects.                                  │
│   │                       │      │ 1 SURGE BARRIER [1⟲] Banish 1 mechanical  │
│   │                       │      │ from Dead Pool to give allied Goons       │
│   │                       │      │ Resist until end of turn.                 │
└───┴───────────────────────┴──────┴───────────────────────────────────────────┘
                                  PCU Board P1                                  
┏━━━┳━━━━━━━━━━━━━━━━━━━━━━┳━━━━━━┳━━━━━━━━━━━━━━━━━━━━━━━━━━━━━━━━━━━━━━━━━━━━┓
┃ # ┃ Name                 ┃ Wind ┃ Abilities                                  ┃
┡━━━╇━━━━━━━━━━━━━━━━━━━━━━╇━━━━━━╇━━━━━━━━━━━━━━━━━━━━━━━━━━━━━━━━━━━━━━━━━━━━┩
│ 0 │ Grim⭐✋🥩🌀         │    0 │ 0 DEFILE NATURE Remove 1 wind from any     │
│   │                      │      │ target Goon.                               │
│ 1 │ Meat Vegetable🥩🌀   │    0 │ -                                          │
│ 2 │ Primordial Oozer🥩🌀 │    1 │ 0 DISCHARGE [1⟲] Add 1 wind to target Goon │
│   │                      │      │ 1 GOOP Unfriendly Goon who targets Oozer   │
│   │                      │      │ with an ability does not unwind during its │
│   │                      │      │ next unwind phase.                         │
│ 3 │ Primordial Oozer🥩🌀 │    0 │ 0 DISCHARGE [1⟲] Add 1 wind to target Goon │
│   │                      │      │ 1 GOOP Unfriendly Goon who targets Oozer   │
│   │                      │      │ with an ability does not unwind during its │
│   │                      │      │ next unwind phase.                         │
└───┴──────────────────────┴──────┴────────────────────────────────────────────┘
Dead Pool 🥩:1 ⚙️ :1
           PCU P1 hand (7)           
┏━━━┳━━━━━━━━━━━━━━━━━━━━━━━━┳━━━━━━┓
┃ # ┃ Name                   ┃ Cost ┃
┡━━━╇━━━━━━━━━━━━━━━━━━━━━━━━╇━━━━━━┩
│ 0 │ Annihilist Overseer🌀  │ 4⟲   │
│ 1 │ Restless Natives🚫🥩🌀 │ 2⟲   │
│ 2 │ Local Singularity🚫🌀  │ 2⟲   │
│ 3 │ Annihilist Overseer🌀  │ 4⟲   │
│ 4 │ Restless Natives🚫🥩🌀 │ 2⟲   │
│ 5 │ Mutt⚙️ 🌀               │ 4⟲   │
│ 6 │ Dragoon⚙️ 🌀            │ 6⟲   │
└───┴────────────────────────┴──────┘
Previous Turn
Turn 7 ends. P2 leaves 4 goons on the board. P1 now has 4 board / 6 hand 
(retired 0); P2 has 4 board / 5 hand (retired 1). Dead Pool holds 1.
  P2 deployed Shield Array Node.
Turn 8 ends. P1 leaves 5 goons on the board. P1 now has 5 board / 6 hand 
(retired 0); P2 has 4 board / 5 hand (retired 1). Dead Pool holds 1.
  P1 deployed Restless Natives.
Turn 9 | Player: P2
                                  PCU Board P1                                  
┏━━━┳━━━━━━━━━━━━━━━━━━━━━━━━┳━━━━━━┳━━━━━━━━━━━━━━━━━━━━━━━━━━━━━━━━━━━━━━━━━━┓
┃ # ┃ Name                   ┃ Wind ┃ Abilities                                ┃
┡━━━╇━━━━━━━━━━━━━━━━━━━━━━━━╇━━━━━━╇━━━━━━━━━━━━━━━━━━━━━━━━━━━━━━━━━━━━━━━━━━┩
│ 0 │ Grim⭐✋🥩🌀           │    0 │ 0 DEFILE NATURE Remove 1 wind from any   │
│   │                        │      │ target Goon.                             │
│ 1 │ Meat Vegetable🥩🌀     │    2 │ -                                        │
│ 2 │ Primordial Oozer🥩🌀   │    2 │ 0 DISCHARGE [1⟲] Add 1 wind to target    │
│   │                        │      │ Goon                                     │
│   │                        │      │ 1 GOOP Unfriendly Goon who targets Oozer │
│   │                        │      │ with an ability does not unwind during   │
│   │                        │      │ its next unwind phase.                   │
│ 3 │ Primordial Oozer🥩🌀   │    0 │ 0 DISCHARGE [1⟲] Add 1 wind to target    │
│   │                        │      │ Goon                                     │
│   │                        │      │ 1 GOOP Unfriendly Goon who targets Oozer │
│   │                        │      │ with an ability does not unwind during   │
│   │                        │      │ its next unwind phase.                   │
│ 4 │ Restless Natives🚫🥩🌀 │    0 │ 0 MOB [1⟲] Add 1 wind to 2 target Goons  │
│   │                        │      │ 1 STEADY DRUM [1⟲] Remove 1 wind from    │
│   │                        │      │ target allied Goon.                      │
└───┴────────────────────────┴──────┴──────────────────────────────────────────┘
                                 NARC Board P2                                  
┏━━━┳━━━━━━━━━━━━━━━━━━━━━━━┳━━━━━━┳━━━━━━━━━━━━━━━━━━━━━━━━━━━━━━━━━━━━━━━━━━━┓
┃ # ┃ Name                  ┃ Wind ┃ Abilities                                 ┃
┡━━━╇━━━━━━━━━━━━━━━━━━━━━━━╇━━━━━━╇━━━━━━━━━━━━━━━━━━━━━━━━━━━━━━━━━━━━━━━━━━━┩
│ 0 │ Lokar Simmons⭐✋🥩🚨 │    0 │ 0 RESOURCEFUL [2⟲] Draw a card            │
│ 1 │ MediFlux-1NDS⚙️ 🚨     │    3 │ 0 DORSAL CAVITY RINSE [1⟲] Remove 1 wind  │
│   │                       │      │ from target Goon.                         │
│ 2 │ Detainment Probe⚙️ 🚨  │    0 │ 0 SHACKLE BEAM [1⟲] Target Goon may not   │
│   │                       │      │ unwind, act or contribute wind to deploy  │
│   │                       │      │ next turn.                                │
│ 3 │ Shield Array Node⚙️ 🚨 │    0 │ 0 FORTIFICATION NETWORK While 2+ Shield   │
│   │                       │      │ Array Nodes are in play, Player's Goons   │
│   │                       │      │ may not be the target of negative         │
│   │                       │      │ effects.                                  │
│   │                       │      │ 1 SURGE BARRIER [1⟲] Banish 1 mechanical  │
│   │                       │      │ from Dead Pool to give allied Goons       │
│   │                       │      │ Resist until end of turn.                 │
└───┴───────────────────────┴──────┴───────────────────────────────────────────┘
Dead Pool 🥩:1 ⚙️ :1
           NARC P2 hand (6)            
┏━━━┳━━━━━━━━━━━━━━━━━━━━━━━━━━┳━━━━━━┓
┃ # ┃ Name                     ┃ Cost ┃
┡━━━╇━━━━━━━━━━━━━━━━━━━━━━━━━━╇━━━━━━┩
│ 0 │ Buzzkill🔶✋⚙️ 🚨         │ 5⟲   │
│ 1 │ Shield Array Node⚙️ 🚨    │ 2⟲   │
│ 2 │ Task Mistres⚙️ 🚨         │ 2⟲   │
│ 3 │ Sentry Node⚙️ 🚨          │ 4⟲   │
│ 4 │ Bruut Enforcer🔶✋🚫⚙️ 🚨 │ 4⟲   │
│ 5 │ Dormex Lurker🚫⚙️ 🚨      │ 2⟲   │
└───┴──────────────────────────┴──────┘
Previous Turn
Turn 8 ends. P1 leaves 5 goons on the board. P1 now has 5 board / 6 hand 
(retired 0); P2 has 4 board / 5 hand (retired 1). Dead Pool holds 1.
  P1 deployed Restless Natives.
Turn 9 ends. P2 leaves 4 goons on the board. P1 now has 5 board / 6 hand 
(retired 0); P2 has 4 board / 5 hand (retired 2). Dead Pool holds 3.
  P2 deployed Shield Array Node.
  P2's MediFlux-1NDS was retired.
  MediFlux-1NDS was sent to the Dead Pool.
  MediFlux-1NDS was sent to the Dead Pool.
Turn 10 | Player: P1
                                 NARC Board P2                                  
┏━━━┳━━━━━━━━━━━━━━━━━━━━━━━┳━━━━━━┳━━━━━━━━━━━━━━━━━━━━━━━━━━━━━━━━━━━━━━━━━━━┓
┃ # ┃ Name                  ┃ Wind ┃ Abilities                                 ┃
┡━━━╇━━━━━━━━━━━━━━━━━━━━━━━╇━━━━━━╇━━━━━━━━━━━━━━━━━━━━━━━━━━━━━━━━━━━━━━━━━━━┩
│ 0 │ Lokar Simmons⭐✋🥩🚨 │    0 │ 0 RESOURCEFUL [2⟲] Draw a card            │
│ 1 │ Detainment Probe⚙️ 🚨  │    2 │ 0 SHACKLE BEAM [1⟲] Target Goon may not   │
│   │                       │      │ unwind, act or contribute wind to deploy  │
│   │                       │      │ next turn.                                │
│ 2 │ Shield Array Node⚙️ 🚨 │    0 │ 0 FORTIFICATION NETWORK While 2+ Shield   │
│   │                       │      │ Array Nodes are in play, Player's Goons   │
│   │                       │      │ may not be the target of negative         │
│   │                       │      │ effects.                                  │
│   │                       │      │ 1 SURGE BARRIER [1⟲] Banish 1 mechanical  │
│   │                       │      │ from Dead Pool to give allied Goons       │
│   │                       │      │ Resist until end of turn.                 │
│ 3 │ Shield Array Node⚙️ 🚨 │    0 │ 0 FORTIFICATION NETWORK While 2+ Shield   │
│   │                       │      │ Array Nodes are in play, Player's Goons   │
│   │                       │      │ may not be the target of negative         │
│   │                       │      │ effects.                                  │
│   │                       │      │ 1 SURGE BARRIER [1⟲] Banish 1 mechanical  │
│   │                       │      │ from Dead Pool to give allied Goons       │
│   │                       │      │ Resist until end of turn.                 │
└───┴───────────────────────┴──────┴───────────────────────────────────────────┘
                                  PCU Board P1                                  
┏━━━┳━━━━━━━━━━━━━━━━━━━━━━━━┳━━━━━━┳━━━━━━━━━━━━━━━━━━━━━━━━━━━━━━━━━━━━━━━━━━┓
┃ # ┃ Name                   ┃ Wind ┃ Abilities                                ┃
┡━━━╇━━━━━━━━━━━━━━━━━━━━━━━━╇━━━━━━╇━━━━━━━━━━━━━━━━━━━━━━━━━━━━━━━━━━━━━━━━━━┩
│ 0 │ Grim⭐✋🥩🌀           │    0 │ 0 DEFILE NATURE Remove 1 wind from any   │
│   │                        │      │ target Goon.                             │
│ 1 │ Meat Vegetable🥩🌀     │    1 │ -                                        │
│ 2 │ Primordial Oozer🥩🌀   │    1 │ 0 DISCHARGE [1⟲] Add 1 wind to target    │
│   │                        │      │ Goon                                     │
│   │                        │      │ 1 GOOP Unfriendly Goon who targets Oozer │
│   │                        │      │ with an ability does not unwind during   │
│   │                        │      │ its next unwind phase.                   │
│ 3 │ Primordial Oozer🥩🌀   │    0 │ 0 DISCHARGE [1⟲] Add 1 wind to target    │
│   │                        │      │ Goon                                     │
│   │                        │      │ 1 GOOP Unfriendly Goon who targets Oozer │
│   │                        │      │ with an ability does not unwind during   │
│   │                        │      │ its next unwind phase.                   │
│ 4 │ Restless Natives🚫🥩🌀 │    0 │ 0 MOB [1⟲] Add 1 wind to 2 target Goons  │
│   │                        │      │ 1 STEADY DRUM [1⟲] Remove 1 wind from    │
│   │                        │      │ target allied Goon.                      │
└───┴────────────────────────┴──────┴──────────────────────────────────────────┘
Dead Pool 🥩:1 ⚙️ :3
           PCU P1 hand (7)           
┏━━━┳━━━━━━━━━━━━━━━━━━━━━━━━┳━━━━━━┓
┃ # ┃ Name                   ┃ Cost ┃
┡━━━╇━━━━━━━━━━━━━━━━━━━━━━━━╇━━━━━━┩
│ 0 │ Annihilist Overseer🌀  │ 4⟲   │
│ 1 │ Local Singularity🚫🌀  │ 2⟲   │
│ 2 │ Annihilist Overseer🌀  │ 4⟲   │
│ 3 │ Restless Natives🚫🥩🌀 │ 2⟲   │
│ 4 │ Mutt⚙️ 🌀               │ 4⟲   │
│ 5 │ Dragoon⚙️ 🌀            │ 6⟲   │
│ 6 │ Technomancer🥩⚙️ 🌀     │ 4⟲   │
└───┴────────────────────────┴──────┘
Previous Turn
Turn 9 ends. P2 leaves 4 goons on the board. P1 now has 5 board / 6 hand 
(retired 0); P2 has 4 board / 5 hand (retired 2). Dead Pool holds 3.
  P2 deployed Shield Array Node.
  P2's MediFlux-1NDS was retired.
  MediFlux-1NDS was sent to the Dead Pool.
  MediFlux-1NDS was sent to the Dead Pool.
Turn 10 ends. P1 leaves 6 goons on the board. P1 now has 6 board / 6 hand 
(retired 0); P2 has 4 board / 5 hand (retired 2). Dead Pool holds 3.
  P1 deployed Local Singularity.
Turn 11 | Player: P2
                                  PCU Board P1                                  
┏━━━┳━━━━━━━━━━━━━━━━━━━━━━━━┳━━━━━━┳━━━━━━━━━━━━━━━━━━━━━━━━━━━━━━━━━━━━━━━━━━┓
┃ # ┃ Name                   ┃ Wind ┃ Abilities                                ┃
┡━━━╇━━━━━━━━━━━━━━━━━━━━━━━━╇━━━━━━╇━━━━━━━━━━━━━━━━━━━━━━━━━━━━━━━━━━━━━━━━━━┩
│ 0 │ Grim⭐✋🥩🌀           │    0 │ 0 DEFILE NATURE Remove 1 wind from any   │
│   │                        │      │ target Goon.                             │
│ 1 │ Meat Vegetable🥩🌀     │    3 │ -                                        │
│ 2 │ Primordial Oozer🥩🌀   │    2 │ 0 DISCHARGE [1⟲] Add 1 wind to target    │
│   │                        │      │ Goon                                     │
│   │                        │      │ 1 GOOP Unfriendly Goon who targets Oozer │
│   │                        │      │ with an ability does not unwind during   │
│   │                        │      │ its next unwind phase.                   │
│ 3 │ Primordial Oozer🥩🌀   │    0 │ 0 DISCHARGE [1⟲] Add 1 wind to target    │
│   │                        │      │ Goon                                     │
│   │                        │      │ 1 GOOP Unfriendly Goon who targets Oozer │
│   │                        │      │ with an ability does not unwind during   │
│   │                        │      │ its next unwind phase.                   │
│ 4 │ Restless Natives🚫🥩🌀 │    0 │ 0 MOB [1⟲] Add 1 wind to 2 target Goons  │
│   │                        │      │ 1 STEADY DRUM [1⟲] Remove 1 wind from    │
│   │                        │      │ target allied Goon.                      │
│ 5 │ Local Singularity🚫🌀  │    0 │ 0 DRAW FIRE Player's Goons cannot be     │
│   │                        │      │ targeted by unfriendly abilities while   │
│   │                        │      │ Singularity is in play. Singularity must │
│   │                        │      │ be destroyed first.                      │
└───┴────────────────────────┴──────┴──────────────────────────────────────────┘
                                 NARC Board P2                                  
┏━━━┳━━━━━━━━━━━━━━━━━━━━━━━┳━━━━━━┳━━━━━━━━━━━━━━━━━━━━━━━━━━━━━━━━━━━━━━━━━━━┓
┃ # ┃ Name                  ┃ Wind ┃ Abilities                                 ┃
┡━━━╇━━━━━━━━━━━━━━━━━━━━━━━╇━━━━━━╇━━━━━━━━━━━━━━━━━━━━━━━━━━━━━━━━━━━━━━━━━━━┩
│ 0 │ Lokar Simmons⭐✋🥩🚨 │    0 │ 0 RESOURCEFUL [2⟲] Draw a card            │
│ 1 │ Detainment Probe⚙️ 🚨  │    3 │ 0 SHACKLE BEAM [1⟲] Target Goon may not   │
│   │                       │      │ unwind, act or contribute wind to deploy  │
│   │                       │      │ next turn.                                │
│ 2 │ Shield Array Node⚙️ 🚨 │    0 │ 0 FORTIFICATION NETWORK While 2+ Shield   │
│   │                       │      │ Array Nodes are in play, Player's Goons   │
│   │                       │      │ may not be the target of negative         │
│   │                       │      │ effects.                                  │
│   │                       │      │ 1 SURGE BARRIER [1⟲] Banish 1 mechanical  │
│   │                       │      │ from Dead Pool to give allied Goons       │
│   │                       │      │ Resist until end of turn.                 │
│ 3 │ Shield Array Node⚙️ 🚨 │    0 │ 0 FORTIFICATION NETWORK While 2+ Shield   │
│   │                       │      │ Array Nodes are in play, Player's Goons   │
│   │                       │      │ may not be the target of negative         │
│   │                       │      │ effects.                                  │
│   │                       │      │ 1 SURGE BARRIER [1⟲] Banish 1 mechanical  │
│   │                       │      │ from Dead Pool to give allied Goons       │
│   │                       │      │ Resist until end of turn.                 │
└───┴───────────────────────┴──────┴───────────────────────────────────────────┘
Dead Pool 🥩:1 ⚙️ :3
           NARC P2 hand (6)            
┏━━━┳━━━━━━━━━━━━━━━━━━━━━━━━━━┳━━━━━━┓
┃ # ┃ Name                     ┃ Cost ┃
┡━━━╇━━━━━━━━━━━━━━━━━━━━━━━━━━╇━━━━━━┩
│ 0 │ Buzzkill🔶✋⚙️ 🚨         │ 5⟲   │
│ 1 │ Task Mistres⚙️ 🚨         │ 2⟲   │
│ 2 │ Sentry Node⚙️ 🚨          │ 4⟲   │
│ 3 │ Bruut Enforcer🔶✋🚫⚙️ 🚨 │ 4⟲   │
│ 4 │ Dormex Lurker🚫⚙️ 🚨      │ 2⟲   │
│ 5 │ K-9.0⚙️ 🚨                │ 3⟲   │
└───┴──────────────────────────┴──────┘
Previous Turn
Turn 10 ends. P1 leaves 6 goons on the board. P1 now has 6 board / 6 hand 
(retired 0); P2 has 4 board / 5 hand (retired 2). Dead Pool holds 3.
  P1 deployed Local Singularity.
Turn 11 ends. P2 leaves 4 goons on the board. P1 now has 6 board / 6 hand 
(retired 0); P2 has 4 board / 5 hand (retired 3). Dead Pool holds 5.
  P2 deployed Task Mistres.
  P2's Detainment Probe was retired.
  Detainment Probe was sent to the Dead Pool.
  Detainment Probe was sent to the Dead Pool.
Turn 12 | Player: P1
                                 NARC Board P2                                  
┏━━━┳━━━━━━━━━━━━━━━━━━━━━━━┳━━━━━━┳━━━━━━━━━━━━━━━━━━━━━━━━━━━━━━━━━━━━━━━━━━━┓
┃ # ┃ Name                  ┃ Wind ┃ Abilities                                 ┃
┡━━━╇━━━━━━━━━━━━━━━━━━━━━━━╇━━━━━━╇━━━━━━━━━━━━━━━━━━━━━━━━━━━━━━━━━━━━━━━━━━━┩
│ 0 │ Lokar Simmons⭐✋🥩🚨 │    0 │ 0 RESOURCEFUL [2⟲] Draw a card            │
│ 1 │ Shield Array Node⚙️ 🚨 │    1 │ 0 FORTIFICATION NETWORK While 2+ Shield   │
│   │                       │      │ Array Nodes are in play, Player's Goons   │
│   │                       │      │ may not be the target of negative         │
│   │                       │      │ effects.                                  │
│   │                       │      │ 1 SURGE BARRIER [1⟲] Banish 1 mechanical  │
│   │                       │      │ from Dead Pool to give allied Goons       │
│   │                       │      │ Resist until end of turn.                 │
│ 2 │ Shield Array Node⚙️ 🚨 │    0 │ 0 FORTIFICATION NETWORK While 2+ Shield   │
│   │                       │      │ Array Nodes are in play, Player's Goons   │
│   │                       │      │ may not be the target of negative         │
│   │                       │      │ effects.                                  │
│   │                       │      │ 1 SURGE BARRIER [1⟲] Banish 1 mechanical  │
│   │                       │      │ from Dead Pool to give allied Goons       │
│   │                       │      │ Resist until end of turn.                 │
│ 3 │ Task Mistres⚙️ 🚨      │    0 │ 0 BIDE TIME Mistrex gains Resist until    │
│   │                       │      │ beginning of Player's next turn.          │
│   │                       │      │ 1 TAZING CRACK [1⟲] Target Goon does not  │
│   │                       │      │ unwind during its next unwind.            │
│   │                       │      │ 2 DOMINATE [2⟲] Use target Goon ability   │
│   │                       │      │ on a target of Player's choice. Target    │
│   │                       │      │ Goon pays wind as it would on its turn.   │
└───┴───────────────────────┴──────┴───────────────────────────────────────────┘
                                  PCU Board P1                                  
┏━━━┳━━━━━━━━━━━━━━━━━━━━━━━━┳━━━━━━┳━━━━━━━━━━━━━━━━━━━━━━━━━━━━━━━━━━━━━━━━━━┓
┃ # ┃ Name                   ┃ Wind ┃ Abilities                                ┃
┡━━━╇━━━━━━━━━━━━━━━━━━━━━━━━╇━━━━━━╇━━━━━━━━━━━━━━━━━━━━━━━━━━━━━━━━━━━━━━━━━━┩
│ 0 │ Grim⭐✋🥩🌀           │    0 │ 0 DEFILE NATURE Remove 1 wind from any   │
│   │                        │      │ target Goon.                             │
│ 1 │ Meat Vegetable🥩🌀     │    2 │ -                                        │
│ 2 │ Primordial Oozer🥩🌀   │    1 │ 0 DISCHARGE [1⟲] Add 1 wind to target    │
│   │                        │      │ Goon                                     │
│   │                        │      │ 1 GOOP Unfriendly Goon who targets Oozer │
│   │                        │      │ with an ability does not unwind during   │
│   │                        │      │ its next unwind phase.                   │
│ 3 │ Primordial Oozer🥩🌀   │    0 │ 0 DISCHARGE [1⟲] Add 1 wind to target    │
│   │                        │      │ Goon                                     │
│   │                        │      │ 1 GOOP Unfriendly Goon who targets Oozer │
│   │                        │      │ with an ability does not unwind during   │
│   │                        │      │ its next unwind phase.                   │
│ 4 │ Restless Natives🚫🥩🌀 │    0 │ 0 MOB [1⟲] Add 1 wind to 2 target Goons  │
│   │                        │      │ 1 STEADY DRUM [1⟲] Remove 1 wind from    │
│   │                        │      │ target allied Goon.                      │
│ 5 │ Local Singularity🚫🌀  │    0 │ 0 DRAW FIRE Player's Goons cannot be     │
│   │                        │      │ targeted by unfriendly abilities while   │
│   │                        │      │ Singularity is in play. Singularity must │
│   │                        │      │ be destroyed first.                      │
└───┴────────────────────────┴──────┴──────────────────────────────────────────┘
Dead Pool 🥩:1 ⚙️ :5
           PCU P1 hand (7)           
┏━━━┳━━━━━━━━━━━━━━━━━━━━━━━━┳━━━━━━┓
┃ # ┃ Name                   ┃ Cost ┃
┡━━━╇━━━━━━━━━━━━━━━━━━━━━━━━╇━━━━━━┩
│ 0 │ Annihilist Overseer🌀  │ 4⟲   │
│ 1 │ Annihilist Overseer🌀  │ 4⟲   │
│ 2 │ Restless Natives🚫🥩🌀 │ 2⟲   │
│ 3 │ Mutt⚙️ 🌀               │ 4⟲   │
│ 4 │ Dragoon⚙️ 🌀            │ 6⟲   │
│ 5 │ Technomancer🥩⚙️ 🌀     │ 4⟲   │
│ 6 │ Technomancer🥩⚙️ 🌀     │ 4⟲   │
└───┴────────────────────────┴──────┘
Previous Turn
Turn 11 ends. P2 leaves 4 goons on the board. P1 now has 6 board / 6 hand 
(retired 0); P2 has 4 board / 5 hand (retired 3). Dead Pool holds 5.
  P2 deployed Task Mistres.
  P2's Detainment Probe was retired.
  Detainment Probe was sent to the Dead Pool.
  Detainment Probe was sent to the Dead Pool.
Turn 12 ends. P1 leaves 6 goons on the board. P1 now has 6 board / 6 hand 
(retired 1); P2 has 4 board / 5 hand (retired 3). Dead Pool holds 7.
  P1 deployed Restless Natives.
  P1's Meat Vegetable was retired.
  Meat Vegetable was sent to the Dead Pool.
  Meat Vegetable was sent to the Dead Pool.
Turn 13 | Player: P2
                                  PCU Board P1                                  
┏━━━┳━━━━━━━━━━━━━━━━━━━━━━━━┳━━━━━━┳━━━━━━━━━━━━━━━━━━━━━━━━━━━━━━━━━━━━━━━━━━┓
┃ # ┃ Name                   ┃ Wind ┃ Abilities                                ┃
┡━━━╇━━━━━━━━━━━━━━━━━━━━━━━━╇━━━━━━╇━━━━━━━━━━━━━━━━━━━━━━━━━━━━━━━━━━━━━━━━━━┩
│ 0 │ Grim⭐✋🥩🌀           │    0 │ 0 DEFILE NATURE Remove 1 wind from any   │
│   │                        │      │ target Goon.                             │
│ 1 │ Primordial Oozer🥩🌀   │    2 │ 0 DISCHARGE [1⟲] Add 1 wind to target    │
│   │                        │      │ Goon                                     │
│   │                        │      │ 1 GOOP Unfriendly Goon who targets Oozer │
│   │                        │      │ with an ability does not unwind during   │
│   │                        │      │ its next unwind phase.                   │
│ 2 │ Primordial Oozer🥩🌀   │    0 │ 0 DISCHARGE [1⟲] Add 1 wind to target    │
│   │                        │      │ Goon                                     │
│   │                        │      │ 1 GOOP Unfriendly Goon who targets Oozer │
│   │                        │      │ with an ability does not unwind during   │
│   │                        │      │ its next unwind phase.                   │
│ 3 │ Restless Natives🚫🥩🌀 │    0 │ 0 MOB [1⟲] Add 1 wind to 2 target Goons  │
│   │                        │      │ 1 STEADY DRUM [1⟲] Remove 1 wind from    │
│   │                        │      │ target allied Goon.                      │
│ 4 │ Local Singularity🚫🌀  │    0 │ 0 DRAW FIRE Player's Goons cannot be     │
│   │                        │      │ targeted by unfriendly abilities while   │
│   │                        │      │ Singularity is in play. Singularity must │
│   │                        │      │ be destroyed first.                      │
│ 5 │ Restless Natives🚫🥩🌀 │    0 │ 0 MOB [1⟲] Add 1 wind to 2 target Goons  │
│   │                        │      │ 1 STEADY DRUM [1⟲] Remove 1 wind from    │
│   │                        │      │ target allied Goon.                      │
└───┴────────────────────────┴──────┴──────────────────────────────────────────┘
                                 NARC Board P2                                  
┏━━━┳━━━━━━━━━━━━━━━━━━━━━━━┳━━━━━━┳━━━━━━━━━━━━━━━━━━━━━━━━━━━━━━━━━━━━━━━━━━━┓
┃ # ┃ Name                  ┃ Wind ┃ Abilities                                 ┃
┡━━━╇━━━━━━━━━━━━━━━━━━━━━━━╇━━━━━━╇━━━━━━━━━━━━━━━━━━━━━━━━━━━━━━━━━━━━━━━━━━━┩
│ 0 │ Lokar Simmons⭐✋🥩🚨 │    0 │ 0 RESOURCEFUL [2⟲] Draw a card            │
│ 1 │ Shield Array Node⚙️ 🚨 │    1 │ 0 FORTIFICATION NETWORK While 2+ Shield   │
│   │                       │      │ Array Nodes are in play, Player's Goons   │
│   │                       │      │ may not be the target of negative         │
│   │                       │      │ effects.                                  │
│   │                       │      │ 1 SURGE BARRIER [1⟲] Banish 1 mechanical  │
│   │                       │      │ from Dead Pool to give allied Goons       │
│   │                       │      │ Resist until end of turn.                 │
│ 2 │ Shield Array Node⚙️ 🚨 │    0 │ 0 FORTIFICATION NETWORK While 2+ Shield   │
│   │                       │      │ Array Nodes are in play, Player's Goons   │
│   │                       │      │ may not be the target of negative         │
│   │                       │      │ effects.                                  │
│   │                       │      │ 1 SURGE BARRIER [1⟲] Banish 1 mechanical  │
│   │                       │      │ from Dead Pool to give allied Goons       │
│   │                       │      │ Resist until end of turn.                 │
│ 3 │ Task Mistres⚙️ 🚨      │    0 │ 0 BIDE TIME Mistrex gains Resist until    │
│   │                       │      │ beginning of Player's next turn.          │
│   │                       │      │ 1 TAZING CRACK [1⟲] Target Goon does not  │
│   │                       │      │ unwind during its next unwind.            │
│   │                       │      │ 2 DOMINATE [2⟲] Use target Goon ability   │
│   │                       │      │ on a target of Player's choice. Target    │
│   │                       │      │ Goon pays wind as it would on its turn.   │
└───┴───────────────────────┴──────┴───────────────────────────────────────────┘
Dead Pool 🥩:3 ⚙️ :5
           NARC P2 hand (6)            
┏━━━┳━━━━━━━━━━━━━━━━━━━━━━━━━━┳━━━━━━┓
┃ # ┃ Name                     ┃ Cost ┃
┡━━━╇━━━━━━━━━━━━━━━━━━━━━━━━━━╇━━━━━━┩
│ 0 │ Buzzkill🔶✋⚙️ 🚨         │ 5⟲   │
│ 1 │ Sentry Node⚙️ 🚨          │ 4⟲   │
│ 2 │ Bruut Enforcer🔶✋🚫⚙️ 🚨 │ 4⟲   │
│ 3 │ Dormex Lurker🚫⚙️ 🚨      │ 2⟲   │
│ 4 │ K-9.0⚙️ 🚨                │ 3⟲   │
│ 5 │ Compliance Auditon⚙️ 🚨   │ 1⟲   │
└───┴──────────────────────────┴──────┘
Previous Turn
Turn 12 ends. P1 leaves 6 goons on the board. P1 now has 6 board / 6 hand 
(retired 1); P2 has 4 board / 5 hand (retired 3). Dead Pool holds 7.
  P1 deployed Restless Natives.
  P1's Meat Vegetable was retired.
  Meat Vegetable was sent to the Dead Pool.
  Meat Vegetable was sent to the Dead Pool.
Turn 13 ends. P2 leaves 5 goons on the board. P1 now has 6 board / 6 hand 
(retired 1); P2 has 5 board / 5 hand (retired 3). Dead Pool holds 7.
  P2 deployed Compliance Auditon.
Turn 14 | Player: P1
                                 NARC Board P2                                  
┏━━━┳━━━━━━━━━━━━━━━━━━━━━━━━┳━━━━━━┳━━━━━━━━━━━━━━━━━━━━━━━━━━━━━━━━━━━━━━━━━━┓
┃ # ┃ Name                   ┃ Wind ┃ Abilities                                ┃
┡━━━╇━━━━━━━━━━━━━━━━━━━━━━━━╇━━━━━━╇━━━━━━━━━━━━━━━━━━━━━━━━━━━━━━━━━━━━━━━━━━┩
│ 0 │ Lokar Simmons⭐✋🥩🚨  │    0 │ 0 RESOURCEFUL [2⟲] Draw a card           │
│ 1 │ Shield Array Node⚙️ 🚨  │    2 │ 0 FORTIFICATION NETWORK While 2+ Shield  │
│   │                        │      │ Array Nodes are in play, Player's Goons  │
│   │                        │      │ may not be the target of negative        │
│   │                        │      │ effects.                                 │
│   │                        │      │ 1 SURGE BARRIER [1⟲] Banish 1 mechanical │
│   │                        │      │ from Dead Pool to give allied Goons      │
│   │                        │      │ Resist until end of turn.                │
│ 2 │ Shield Array Node⚙️ 🚨  │    0 │ 0 FORTIFICATION NETWORK While 2+ Shield  │
│   │                        │      │ Array Nodes are in play, Player's Goons  │
│   │                        │      │ may not be the target of negative        │
│   │                        │      │ effects.                                 │
│   │                        │      │ 1 SURGE BARRIER [1⟲] Banish 1 mechanical │
│   │                        │      │ from Dead Pool to give allied Goons      │
│   │                        │      │ Resist until end of turn.                │
│ 3 │ Task Mistres⚙️ 🚨       │    0 │ 0 BIDE TIME Mistrex gains Resist until   │
│   │                        │      │ beginning of Player's next turn.         │
│   │                        │      │ 1 TAZING CRACK [1⟲] Target Goon does not │
│   │                        │      │ unwind during its next unwind.           │
│   │                        │      │ 2 DOMINATE [2⟲] Use target Goon ability  │
│   │                        │      │ on a target of Player's choice. Target   │
│   │                        │      │ Goon pays wind as it would on its turn.  │
│ 4 │ Compliance Auditon⚙️ 🚨 │    0 │ 0 LITIGIOUS GRIDLOCK [1⟲] Target goon    │
│   │                        │      │ does not unwind in its next unwind       │
│   │                        │      │ phase.                                   │
└───┴────────────────────────┴──────┴──────────────────────────────────────────┘
                                  PCU Board P1                                  
┏━━━┳━━━━━━━━━━━━━━━━━━━━━━━━┳━━━━━━┳━━━━━━━━━━━━━━━━━━━━━━━━━━━━━━━━━━━━━━━━━━┓
┃ # ┃ Name                   ┃ Wind ┃ Abilities                                ┃
┡━━━╇━━━━━━━━━━━━━━━━━━━━━━━━╇━━━━━━╇━━━━━━━━━━━━━━━━━━━━━━━━━━━━━━━━━━━━━━━━━━┩
│ 0 │ Grim⭐✋🥩🌀           │    0 │ 0 DEFILE NATURE Remove 1 wind from any   │
│   │                        │      │ target Goon.                             │
│ 1 │ Primordial Oozer🥩🌀   │    1 │ 0 DISCHARGE [1⟲] Add 1 wind to target    │
│   │                        │      │ Goon                                     │
│   │                        │      │ 1 GOOP Unfriendly Goon who targets Oozer │
│   │                        │      │ with an ability does not unwind during   │
│   │                        │      │ its next unwind phase.                   │
│ 2 │ Primordial Oozer🥩🌀   │    0 │ 0 DISCHARGE [1⟲] Add 1 wind to target    │
│   │                        │      │ Goon                                     │
│   │                        │      │ 1 GOOP Unfriendly Goon who targets Oozer │
│   │                        │      │ with an ability does not unwind during   │
│   │                        │      │ its next unwind phase.                   │
│ 3 │ Restless Natives🚫🥩🌀 │    0 │ 0 MOB [1⟲] Add 1 wind to 2 target Goons  │
│   │                        │      │ 1 STEADY DRUM [1⟲] Remove 1 wind from    │
│   │                        │      │ target allied Goon.                      │
│ 4 │ Local Singularity🚫🌀  │    0 │ 0 DRAW FIRE Player's Goons cannot be     │
│   │                        │      │ targeted by unfriendly abilities while   │
│   │                        │      │ Singularity is in play. Singularity must │
│   │                        │      │ be destroyed first.                      │
│ 5 │ Restless Natives🚫🥩🌀 │    0 │ 0 MOB [1⟲] Add 1 wind to 2 target Goons  │
│   │                        │      │ 1 STEADY DRUM [1⟲] Remove 1 wind from    │
│   │                        │      │ target allied Goon.                      │
└───┴────────────────────────┴──────┴──────────────────────────────────────────┘
Dead Pool 🥩:3 ⚙️ :5
          PCU P1 hand (7)           
┏━━━┳━━━━━━━━━━━━━━━━━━━━━━━┳━━━━━━┓
┃ # ┃ Name                  ┃ Cost ┃
┡━━━╇━━━━━━━━━━━━━━━━━━━━━━━╇━━━━━━┩
│ 0 │ Annihilist Overseer🌀 │ 4⟲   │
│ 1 │ Annihilist Overseer🌀 │ 4⟲   │
│ 2 │ Mutt⚙️ 🌀              │ 4⟲   │
│ 3 │ Dragoon⚙️ 🌀           │ 6⟲   │
│ 4 │ Technomancer🥩⚙️ 🌀    │ 4⟲   │
│ 5 │ Technomancer🥩⚙️ 🌀    │ 4⟲   │
│ 6 │ Mutt⚙️ 🌀              │ 4⟲   │
└───┴───────────────────────┴──────┘
Previous Turn
Turn 13 ends. P2 leaves 5 goons on the board. P1 now has 6 board / 6 hand 
(retired 1); P2 has 5 board / 5 hand (retired 3). Dead Pool holds 7.
  P2 deployed Compliance Auditon.
Turn 14 ends. P1 leaves 6 goons on the board. P1 now has 6 board / 6 hand 
(retired 2); P2 has 5 board / 5 hand (retired 3). Dead Pool holds 9.
  P1 deployed Annihilist Overseer.
  P1's Primordial Oozer was retired.
  Primordial Oozer was sent to the Dead Pool.
  Primordial Oozer was sent to the Dead Pool.
Turn 15 | Player: P2
                                  PCU Board P1                                  
┏━━━┳━━━━━━━━━━━━━━━━━━━━━━━━┳━━━━━━┳━━━━━━━━━━━━━━━━━━━━━━━━━━━━━━━━━━━━━━━━━━┓
┃ # ┃ Name                   ┃ Wind ┃ Abilities                                ┃
┡━━━╇━━━━━━━━━━━━━━━━━━━━━━━━╇━━━━━━╇━━━━━━━━━━━━━━━━━━━━━━━━━━━━━━━━━━━━━━━━━━┩
│ 0 │ Grim⭐✋🥩🌀           │    0 │ 0 DEFILE NATURE Remove 1 wind from any   │
│   │                        │      │ target Goon.                             │
│ 1 │ Primordial Oozer🥩🌀   │    2 │ 0 DISCHARGE [1⟲] Add 1 wind to target    │
│   │                        │      │ Goon                                     │
│   │                        │      │ 1 GOOP Unfriendly Goon who targets Oozer │
│   │                        │      │ with an ability does not unwind during   │
│   │                        │      │ its next unwind phase.                   │
│ 2 │ Restless Natives🚫🥩🌀 │    0 │ 0 MOB [1⟲] Add 1 wind to 2 target Goons  │
│   │                        │      │ 1 STEADY DRUM [1⟲] Remove 1 wind from    │
│   │                        │      │ target allied Goon.                      │
│ 3 │ Local Singularity🚫🌀  │    0 │ 0 DRAW FIRE Player's Goons cannot be     │
│   │                        │      │ targeted by unfriendly abilities while   │
│   │                        │      │ Singularity is in play. Singularity must │
│   │                        │      │ be destroyed first.                      │
│ 4 │ Restless Natives🚫🥩🌀 │    0 │ 0 MOB [1⟲] Add 1 wind to 2 target Goons  │
│   │                        │      │ 1 STEADY DRUM [1⟲] Remove 1 wind from    │
│   │                        │      │ target allied Goon.                      │
│ 5 │ Annihilist Overseer🌀  │    0 │ 0 BLIND [1⟲] Target Goon may not use     │
│   │                        │      │ abilities or contribute wind on its next │
│   │                        │      │ turn.                                    │
│   │                        │      │ 1 BEHEAD [3⟲] Destroy target Goon.       │
└───┴────────────────────────┴──────┴──────────────────────────────────────────┘
                                 NARC Board P2                                  
┏━━━┳━━━━━━━━━━━━━━━━━━━━━━━━┳━━━━━━┳━━━━━━━━━━━━━━━━━━━━━━━━━━━━━━━━━━━━━━━━━━┓
┃ # ┃ Name                   ┃ Wind ┃ Abilities                                ┃
┡━━━╇━━━━━━━━━━━━━━━━━━━━━━━━╇━━━━━━╇━━━━━━━━━━━━━━━━━━━━━━━━━━━━━━━━━━━━━━━━━━┩
│ 0 │ Lokar Simmons⭐✋🥩🚨  │    0 │ 0 RESOURCEFUL [2⟲] Draw a card           │
│ 1 │ Shield Array Node⚙️ 🚨  │    2 │ 0 FORTIFICATION NETWORK While 2+ Shield  │
│   │                        │      │ Array Nodes are in play, Player's Goons  │
│   │                        │      │ may not be the target of negative        │
│   │                        │      │ effects.                                 │
│   │                        │      │ 1 SURGE BARRIER [1⟲] Banish 1 mechanical │
│   │                        │      │ from Dead Pool to give allied Goons      │
│   │                        │      │ Resist until end of turn.                │
│ 2 │ Shield Array Node⚙️ 🚨  │    0 │ 0 FORTIFICATION NETWORK While 2+ Shield  │
│   │                        │      │ Array Nodes are in play, Player's Goons  │
│   │                        │      │ may not be the target of negative        │
│   │                        │      │ effects.                                 │
│   │                        │      │ 1 SURGE BARRIER [1⟲] Banish 1 mechanical │
│   │                        │      │ from Dead Pool to give allied Goons      │
│   │                        │      │ Resist until end of turn.                │
│ 3 │ Task Mistres⚙️ 🚨       │    0 │ 0 BIDE TIME Mistrex gains Resist until   │
│   │                        │      │ beginning of Player's next turn.         │
│   │                        │      │ 1 TAZING CRACK [1⟲] Target Goon does not │
│   │                        │      │ unwind during its next unwind.           │
│   │                        │      │ 2 DOMINATE [2⟲] Use target Goon ability  │
│   │                        │      │ on a target of Player's choice. Target   │
│   │                        │      │ Goon pays wind as it would on its turn.  │
│ 4 │ Compliance Auditon⚙️ 🚨 │    0 │ 0 LITIGIOUS GRIDLOCK [1⟲] Target goon    │
│   │                        │      │ does not unwind in its next unwind       │
│   │                        │      │ phase.                                   │
└───┴────────────────────────┴──────┴──────────────────────────────────────────┘
Dead Pool 🥩:5 ⚙️ :5
           NARC P2 hand (6)            
┏━━━┳━━━━━━━━━━━━━━━━━━━━━━━━━━┳━━━━━━┓
┃ # ┃ Name                     ┃ Cost ┃
┡━━━╇━━━━━━━━━━━━━━━━━━━━━━━━━━╇━━━━━━┩
│ 0 │ Buzzkill🔶✋⚙️ 🚨         │ 5⟲   │
│ 1 │ Sentry Node⚙️ 🚨          │ 4⟲   │
│ 2 │ Bruut Enforcer🔶✋🚫⚙️ 🚨 │ 4⟲   │
│ 3 │ Dormex Lurker🚫⚙️ 🚨      │ 2⟲   │
│ 4 │ K-9.0⚙️ 🚨                │ 3⟲   │
│ 5 │ Impact Simulant⚙️ 🚨      │ -    │
└───┴──────────────────────────┴──────┘
Previous Turn
Turn 14 ends. P1 leaves 6 goons on the board. P1 now has 6 board / 6 hand 
(retired 2); P2 has 5 board / 5 hand (retired 3). Dead Pool holds 9.
  P1 deployed Annihilist Overseer.
  P1's Primordial Oozer was retired.
  Primordial Oozer was sent to the Dead Pool.
  Primordial Oozer was sent to the Dead Pool.
Turn 15 ends. P2 leaves 6 goons on the board. P1 now has 6 board / 6 hand 
(retired 2); P2 has 6 board / 5 hand (retired 3). Dead Pool holds 9.
  P2 deployed Impact Simulant.
Turn 16 | Player: P1
                                 NARC Board P2                                  
┏━━━┳━━━━━━━━━━━━━━━━━━━━━━━━┳━━━━━━┳━━━━━━━━━━━━━━━━━━━━━━━━━━━━━━━━━━━━━━━━━━┓
┃ # ┃ Name                   ┃ Wind ┃ Abilities                                ┃
┡━━━╇━━━━━━━━━━━━━━━━━━━━━━━━╇━━━━━━╇━━━━━━━━━━━━━━━━━━━━━━━━━━━━━━━━━━━━━━━━━━┩
│ 0 │ Lokar Simmons⭐✋🥩🚨  │    0 │ 0 RESOURCEFUL [2⟲] Draw a card           │
│ 1 │ Shield Array Node⚙️ 🚨  │    2 │ 0 FORTIFICATION NETWORK While 2+ Shield  │
│   │                        │      │ Array Nodes are in play, Player's Goons  │
│   │                        │      │ may not be the target of negative        │
│   │                        │      │ effects.                                 │
│   │                        │      │ 1 SURGE BARRIER [1⟲] Banish 1 mechanical │
│   │                        │      │ from Dead Pool to give allied Goons      │
│   │                        │      │ Resist until end of turn.                │
│ 2 │ Shield Array Node⚙️ 🚨  │    0 │ 0 FORTIFICATION NETWORK While 2+ Shield  │
│   │                        │      │ Array Nodes are in play, Player's Goons  │
│   │                        │      │ may not be the target of negative        │
│   │                        │      │ effects.                                 │
│   │                        │      │ 1 SURGE BARRIER [1⟲] Banish 1 mechanical │
│   │                        │      │ from Dead Pool to give allied Goons      │
│   │                        │      │ Resist until end of turn.                │
│ 3 │ Task Mistres⚙️ 🚨       │    0 │ 0 BIDE TIME Mistrex gains Resist until   │
│   │                        │      │ beginning of Player's next turn.         │
│   │                        │      │ 1 TAZING CRACK [1⟲] Target Goon does not │
│   │                        │      │ unwind during its next unwind.           │
│   │                        │      │ 2 DOMINATE [2⟲] Use target Goon ability  │
│   │                        │      │ on a target of Player's choice. Target   │
│   │                        │      │ Goon pays wind as it would on its turn.  │
│ 4 │ Compliance Auditon⚙️ 🚨 │    0 │ 0 LITIGIOUS GRIDLOCK [1⟲] Target goon    │
│   │                        │      │ does not unwind in its next unwind       │
│   │                        │      │ phase.                                   │
│ 5 │ Impact Simulant⚙️ 🚨    │    0 │ -                                        │
└───┴────────────────────────┴──────┴──────────────────────────────────────────┘
                                  PCU Board P1                                  
┏━━━┳━━━━━━━━━━━━━━━━━━━━━━━━┳━━━━━━┳━━━━━━━━━━━━━━━━━━━━━━━━━━━━━━━━━━━━━━━━━━┓
┃ # ┃ Name                   ┃ Wind ┃ Abilities                                ┃
┡━━━╇━━━━━━━━━━━━━━━━━━━━━━━━╇━━━━━━╇━━━━━━━━━━━━━━━━━━━━━━━━━━━━━━━━━━━━━━━━━━┩
│ 0 │ Grim⭐✋🥩🌀           │    0 │ 0 DEFILE NATURE Remove 1 wind from any   │
│   │                        │      │ target Goon.                             │
│ 1 │ Primordial Oozer🥩🌀   │    2 │ 0 DISCHARGE [1⟲] Add 1 wind to target    │
│   │                        │      │ Goon                                     │
│   │                        │      │ 1 GOOP Unfriendly Goon who targets Oozer │
│   │                        │      │ with an ability does not unwind during   │
│   │                        │      │ its next unwind phase.                   │
│ 2 │ Restless Natives🚫🥩🌀 │    0 │ 0 MOB [1⟲] Add 1 wind to 2 target Goons  │
│   │                        │      │ 1 STEADY DRUM [1⟲] Remove 1 wind from    │
│   │                        │      │ target allied Goon.                      │
│ 3 │ Local Singularity🚫🌀  │    0 │ 0 DRAW FIRE Player's Goons cannot be     │
│   │                        │      │ targeted by unfriendly abilities while   │
│   │                        │      │ Singularity is in play. Singularity must │
│   │                        │      │ be destroyed first.                      │
│ 4 │ Restless Natives🚫🥩🌀 │    0 │ 0 MOB [1⟲] Add 1 wind to 2 target Goons  │
│   │                        │      │ 1 STEADY DRUM [1⟲] Remove 1 wind from    │
│   │                        │      │ target allied Goon.                      │
│ 5 │ Annihilist Overseer🌀  │    0 │ 0 BLIND [1⟲] Target Goon may not use     │
│   │                        │      │ abilities or contribute wind on its next │
│   │                        │      │ turn.                                    │
│   │                        │      │ 1 BEHEAD [3⟲] Destroy target Goon.       │
└───┴────────────────────────┴──────┴──────────────────────────────────────────┘
Dead Pool 🥩:5 ⚙️ :5
          PCU P1 hand (7)           
┏━━━┳━━━━━━━━━━━━━━━━━━━━━━━┳━━━━━━┓
┃ # ┃ Name                  ┃ Cost ┃
┡━━━╇━━━━━━━━━━━━━━━━━━━━━━━╇━━━━━━┩
│ 0 │ Annihilist Overseer🌀 │ 4⟲   │
│ 1 │ Mutt⚙️ 🌀              │ 4⟲   │
│ 2 │ Dragoon⚙️ 🌀           │ 6⟲   │
│ 3 │ Technomancer🥩⚙️ 🌀    │ 4⟲   │
│ 4 │ Technomancer🥩⚙️ 🌀    │ 4⟲   │
│ 5 │ Mutt⚙️ 🌀              │ 4⟲   │
│ 6 │ Voidling🥩🌀          │ 3⟲   │
└───┴───────────────────────┴──────┘
Previous Turn
Turn 15 ends. P2 leaves 6 goons on the board. P1 now has 6 board / 6 hand 
(retired 2); P2 has 6 board / 5 hand (retired 3). Dead Pool holds 9.
  P2 deployed Impact Simulant.
Turn 16 ends. P1 leaves 6 goons on the board. P1 now has 6 board / 6 hand 
(retired 3); P2 has 6 board / 5 hand (retired 3). Dead Pool holds 11.
  P1 deployed Voidling.
  P1's Primordial Oozer was retired.
  Primordial Oozer was sent to the Dead Pool.
  Primordial Oozer was sent to the Dead Pool.
Turn 17 | Player: P2
                                  PCU Board P1                                  
┏━━━┳━━━━━━━━━━━━━━━━━━━━━━━━┳━━━━━━┳━━━━━━━━━━━━━━━━━━━━━━━━━━━━━━━━━━━━━━━━━━┓
┃ # ┃ Name                   ┃ Wind ┃ Abilities                                ┃
┡━━━╇━━━━━━━━━━━━━━━━━━━━━━━━╇━━━━━━╇━━━━━━━━━━━━━━━━━━━━━━━━━━━━━━━━━━━━━━━━━━┩
│ 0 │ Grim⭐✋🥩🌀           │    0 │ 0 DEFILE NATURE Remove 1 wind from any   │
│   │                        │      │ target Goon.                             │
│ 1 │ Restless Natives🚫🥩🌀 │    1 │ 0 MOB [1⟲] Add 1 wind to 2 target Goons  │
│   │                        │      │ 1 STEADY DRUM [1⟲] Remove 1 wind from    │
│   │                        │      │ target allied Goon.                      │
│ 2 │ Local Singularity🚫🌀  │    0 │ 0 DRAW FIRE Player's Goons cannot be     │
│   │                        │      │ targeted by unfriendly abilities while   │
│   │                        │      │ Singularity is in play. Singularity must │
│   │                        │      │ be destroyed first.                      │
│ 3 │ Restless Natives🚫🥩🌀 │    0 │ 0 MOB [1⟲] Add 1 wind to 2 target Goons  │
│   │                        │      │ 1 STEADY DRUM [1⟲] Remove 1 wind from    │
│   │                        │      │ target allied Goon.                      │
│ 4 │ Annihilist Overseer🌀  │    3 │ 0 BLIND [1⟲] Target Goon may not use     │
│   │                        │      │ abilities or contribute wind on its next │
│   │                        │      │ turn.                                    │
│   │                        │      │ 1 BEHEAD [3⟲] Destroy target Goon.       │
│ 5 │ Voidling🥩🌀           │    0 │ 0 SHOT SPOTTER [1⟲] If target takes wind │
│   │                        │      │ as damage this turn, they do not unwind  │
│   │                        │      │ during their next unwind phase.          │
│   │                        │      │ 1 RALLY RINGER [4⟲] Move any card from   │
│   │                        │      │ deck to hand; reshuffle deck.            │
└───┴────────────────────────┴──────┴──────────────────────────────────────────┘
                                 NARC Board P2                                  
┏━━━┳━━━━━━━━━━━━━━━━━━━━━━━━┳━━━━━━┳━━━━━━━━━━━━━━━━━━━━━━━━━━━━━━━━━━━━━━━━━━┓
┃ # ┃ Name                   ┃ Wind ┃ Abilities                                ┃
┡━━━╇━━━━━━━━━━━━━━━━━━━━━━━━╇━━━━━━╇━━━━━━━━━━━━━━━━━━━━━━━━━━━━━━━━━━━━━━━━━━┩
│ 0 │ Lokar Simmons⭐✋🥩🚨  │    0 │ 0 RESOURCEFUL [2⟲] Draw a card           │
│ 1 │ Shield Array Node⚙️ 🚨  │    1 │ 0 FORTIFICATION NETWORK While 2+ Shield  │
│   │                        │      │ Array Nodes are in play, Player's Goons  │
│   │                        │      │ may not be the target of negative        │
│   │                        │      │ effects.                                 │
│   │                        │      │ 1 SURGE BARRIER [1⟲] Banish 1 mechanical │
│   │                        │      │ from Dead Pool to give allied Goons      │
│   │                        │      │ Resist until end of turn.                │
│ 2 │ Shield Array Node⚙️ 🚨  │    0 │ 0 FORTIFICATION NETWORK While 2+ Shield  │
│   │                        │      │ Array Nodes are in play, Player's Goons  │
│   │                        │      │ may not be the target of negative        │
│   │                        │      │ effects.                                 │
│   │                        │      │ 1 SURGE BARRIER [1⟲] Banish 1 mechanical │
│   │                        │      │ from Dead Pool to give allied Goons      │
│   │                        │      │ Resist until end of turn.                │
│ 3 │ Task Mistres⚙️ 🚨       │    0 │ 0 BIDE TIME Mistrex gains Resist until   │
│   │                        │      │ beginning of Player's next turn.         │
│   │                        │      │ 1 TAZING CRACK [1⟲] Target Goon does not │
│   │                        │      │ unwind during its next unwind.           │
│   │                        │      │ 2 DOMINATE [2⟲] Use target Goon ability  │
│   │                        │      │ on a target of Player's choice. Target   │
│   │                        │      │ Goon pays wind as it would on its turn.  │
│ 4 │ Compliance Auditon⚙️ 🚨 │    0 │ 0 LITIGIOUS GRIDLOCK [1⟲] Target goon    │
│   │                        │      │ does not unwind in its next unwind       │
│   │                        │      │ phase.                                   │
│ 5 │ Impact Simulant⚙️ 🚨    │    0 │ -                                        │
└───┴────────────────────────┴──────┴──────────────────────────────────────────┘
Dead Pool 🥩:7 ⚙️ :5
           NARC P2 hand (6)            
┏━━━┳━━━━━━━━━━━━━━━━━━━━━━━━━━┳━━━━━━┓
┃ # ┃ Name                     ┃ Cost ┃
┡━━━╇━━━━━━━━━━━━━━━━━━━━━━━━━━╇━━━━━━┩
│ 0 │ Buzzkill🔶✋⚙️ 🚨         │ 5⟲   │
│ 1 │ Sentry Node⚙️ 🚨          │ 4⟲   │
│ 2 │ Bruut Enforcer🔶✋🚫⚙️ 🚨 │ 4⟲   │
│ 3 │ Dormex Lurker🚫⚙️ 🚨      │ 2⟲   │
│ 4 │ K-9.0⚙️ 🚨                │ 3⟲   │
│ 5 │ Hover Shield⚙️ 🚨         │ 2⟲   │
└───┴──────────────────────────┴──────┘
Previous Turn
Turn 16 ends. P1 leaves 6 goons on the board. P1 now has 6 board / 6 hand 
(retired 3); P2 has 6 board / 5 hand (retired 3). Dead Pool holds 11.
  P1 deployed Voidling.
  P1's Primordial Oozer was retired.
  Primordial Oozer was sent to the Dead Pool.
  Primordial Oozer was sent to the Dead Pool.
Turn 17 ends. P2 leaves 7 goons on the board. P1 now has 6 board / 6 hand 
(retired 3); P2 has 7 board / 5 hand (retired 3). Dead Pool holds 11.
  P2 deployed Dormex Lurker.
Turn 18 | Player: P1
                                 NARC Board P2                                  
┏━━━┳━━━━━━━━━━━━━━━━━━━━━━━━┳━━━━━━┳━━━━━━━━━━━━━━━━━━━━━━━━━━━━━━━━━━━━━━━━━━┓
┃ # ┃ Name                   ┃ Wind ┃ Abilities                                ┃
┡━━━╇━━━━━━━━━━━━━━━━━━━━━━━━╇━━━━━━╇━━━━━━━━━━━━━━━━━━━━━━━━━━━━━━━━━━━━━━━━━━┩
│ 0 │ Lokar Simmons⭐✋🥩🚨  │    0 │ 0 RESOURCEFUL [2⟲] Draw a card           │
│ 1 │ Shield Array Node⚙️ 🚨  │    3 │ 0 FORTIFICATION NETWORK While 2+ Shield  │
│   │                        │      │ Array Nodes are in play, Player's Goons  │
│   │                        │      │ may not be the target of negative        │
│   │                        │      │ effects.                                 │
│   │                        │      │ 1 SURGE BARRIER [1⟲] Banish 1 mechanical │
│   │                        │      │ from Dead Pool to give allied Goons      │
│   │                        │      │ Resist until end of turn.                │
│ 2 │ Shield Array Node⚙️ 🚨  │    0 │ 0 FORTIFICATION NETWORK While 2+ Shield  │
│   │                        │      │ Array Nodes are in play, Player's Goons  │
│   │                        │      │ may not be the target of negative        │
│   │                        │      │ effects.                                 │
│   │                        │      │ 1 SURGE BARRIER [1⟲] Banish 1 mechanical │
│   │                        │      │ from Dead Pool to give allied Goons      │
│   │                        │      │ Resist until end of turn.                │
│ 3 │ Task Mistres⚙️ 🚨       │    0 │ 0 BIDE TIME Mistrex gains Resist until   │
│   │                        │      │ beginning of Player's next turn.         │
│   │                        │      │ 1 TAZING CRACK [1⟲] Target Goon does not │
│   │                        │      │ unwind during its next unwind.           │
│   │                        │      │ 2 DOMINATE [2⟲] Use target Goon ability  │
│   │                        │      │ on a target of Player's choice. Target   │
│   │                        │      │ Goon pays wind as it would on its turn.  │
│ 4 │ Compliance Auditon⚙️ 🚨 │    0 │ 0 LITIGIOUS GRIDLOCK [1⟲] Target goon    │
│   │                        │      │ does not unwind in its next unwind       │
│   │                        │      │ phase.                                   │
│ 5 │ Impact Simulant⚙️ 🚨    │    0 │ -                                        │
│ 6 │ Dormex Lurker🚫⚙️ 🚨    │    0 │ 0 SELF DESTRUCT Destroy Lurker, add 3    │
│   │                        │      │ wind to target Goon                      │
│   │                        │      │ 1 REACTIVE MUNITIONS Destroy Goon who    │
│   │                        │      │ destroys Lurker.                         │
└───┴────────────────────────┴──────┴──────────────────────────────────────────┘
                                  PCU Board P1                                  
┏━━━┳━━━━━━━━━━━━━━━━━━━━━━━━┳━━━━━━┳━━━━━━━━━━━━━━━━━━━━━━━━━━━━━━━━━━━━━━━━━━┓
┃ # ┃ Name                   ┃ Wind ┃ Abilities                                ┃
┡━━━╇━━━━━━━━━━━━━━━━━━━━━━━━╇━━━━━━╇━━━━━━━━━━━━━━━━━━━━━━━━━━━━━━━━━━━━━━━━━━┩
│ 0 │ Grim⭐✋🥩🌀           │    0 │ 0 DEFILE NATURE Remove 1 wind from any   │
│   │                        │      │ target Goon.                             │
│ 1 │ Restless Natives🚫🥩🌀 │    1 │ 0 MOB [1⟲] Add 1 wind to 2 target Goons  │
│   │                        │      │ 1 STEADY DRUM [1⟲] Remove 1 wind from    │
│   │                        │      │ target allied Goon.                      │
│ 2 │ Local Singularity🚫🌀  │    0 │ 0 DRAW FIRE Player's Goons cannot be     │
│   │                        │      │ targeted by unfriendly abilities while   │
│   │                        │      │ Singularity is in play. Singularity must │
│   │                        │      │ be destroyed first.                      │
│ 3 │ Restless Natives🚫🥩🌀 │    0 │ 0 MOB [1⟲] Add 1 wind to 2 target Goons  │
│   │                        │      │ 1 STEADY DRUM [1⟲] Remove 1 wind from    │
│   │                        │      │ target allied Goon.                      │
│ 4 │ Annihilist Overseer🌀  │    2 │ 0 BLIND [1⟲] Target Goon may not use     │
│   │                        │      │ abilities or contribute wind on its next │
│   │                        │      │ turn.                                    │
│   │                        │      │ 1 BEHEAD [3⟲] Destroy target Goon.       │
│ 5 │ Voidling🥩🌀           │    0 │ 0 SHOT SPOTTER [1⟲] If target takes wind │
│   │                        │      │ as damage this turn, they do not unwind  │
│   │                        │      │ during their next unwind phase.          │
│   │                        │      │ 1 RALLY RINGER [4⟲] Move any card from   │
│   │                        │      │ deck to hand; reshuffle deck.            │
└───┴────────────────────────┴──────┴──────────────────────────────────────────┘
Dead Pool 🥩:7 ⚙️ :5
           PCU P1 hand (7)           
┏━━━┳━━━━━━━━━━━━━━━━━━━━━━━┳━━━━━━━┓
┃ # ┃ Name                  ┃ Cost  ┃
┡━━━╇━━━━━━━━━━━━━━━━━━━━━━━╇━━━━━━━┩
│ 0 │ Annihilist Overseer🌀 │ 4⟲    │
│ 1 │ Mutt⚙️ 🌀              │ 4⟲    │
│ 2 │ Dragoon⚙️ 🌀           │ 6⟲    │
│ 3 │ Technomancer🥩⚙️ 🌀    │ 4⟲    │
│ 4 │ Technomancer🥩⚙️ 🌀    │ 4⟲    │
│ 5 │ Mutt⚙️ 🌀              │ 4⟲    │
│ 6 │ Kriegsgheist✋🚫🌀    │ 3⛭ 3⚈ │
└───┴───────────────────────┴───────┘
Previous Turn
Turn 17 ends. P2 leaves 7 goons on the board. P1 now has 6 board / 6 hand 
(retired 3); P2 has 7 board / 5 hand (retired 3). Dead Pool holds 11.
  P2 deployed Dormex Lurker.
could not pay wind
Turn 18 ends. P1 leaves 6 goons on the board. P1 now has 6 board / 6 hand 
(retired 4); P2 has 7 board / 5 hand (retired 3). Dead Pool holds 13.
  P1 deployed Annihilist Overseer.
  P1's Restless Natives was retired.
  Restless Natives was sent to the Dead Pool.
  Restless Natives was sent to the Dead Pool.
Turn 19 | Player: P2
                                  PCU Board P1                                  
┏━━━┳━━━━━━━━━━━━━━━━━━━━━━━━┳━━━━━━┳━━━━━━━━━━━━━━━━━━━━━━━━━━━━━━━━━━━━━━━━━━┓
┃ # ┃ Name                   ┃ Wind ┃ Abilities                                ┃
┡━━━╇━━━━━━━━━━━━━━━━━━━━━━━━╇━━━━━━╇━━━━━━━━━━━━━━━━━━━━━━━━━━━━━━━━━━━━━━━━━━┩
│ 0 │ Grim⭐✋🥩🌀           │    0 │ 0 DEFILE NATURE Remove 1 wind from any   │
│   │                        │      │ target Goon.                             │
│ 1 │ Local Singularity🚫🌀  │    1 │ 0 DRAW FIRE Player's Goons cannot be     │
│   │                        │      │ targeted by unfriendly abilities while   │
│   │                        │      │ Singularity is in play. Singularity must │
│   │                        │      │ be destroyed first.                      │
│ 2 │ Restless Natives🚫🥩🌀 │    0 │ 0 MOB [1⟲] Add 1 wind to 2 target Goons  │
│   │                        │      │ 1 STEADY DRUM [1⟲] Remove 1 wind from    │
│   │                        │      │ target allied Goon.                      │
│ 3 │ Annihilist Overseer🌀  │    3 │ 0 BLIND [1⟲] Target Goon may not use     │
│   │                        │      │ abilities or contribute wind on its next │
│   │                        │      │ turn.                                    │
│   │                        │      │ 1 BEHEAD [3⟲] Destroy target Goon.       │
│ 4 │ Voidling🥩🌀           │    0 │ 0 SHOT SPOTTER [1⟲] If target takes wind │
│   │                        │      │ as damage this turn, they do not unwind  │
│   │                        │      │ during their next unwind phase.          │
│   │                        │      │ 1 RALLY RINGER [4⟲] Move any card from   │
│   │                        │      │ deck to hand; reshuffle deck.            │
│ 5 │ Annihilist Overseer🌀  │    0 │ 0 BLIND [1⟲] Target Goon may not use     │
│   │                        │      │ abilities or contribute wind on its next │
│   │                        │      │ turn.                                    │
│   │                        │      │ 1 BEHEAD [3⟲] Destroy target Goon.       │
└───┴────────────────────────┴──────┴──────────────────────────────────────────┘
                                 NARC Board P2                                  
┏━━━┳━━━━━━━━━━━━━━━━━━━━━━━━┳━━━━━━┳━━━━━━━━━━━━━━━━━━━━━━━━━━━━━━━━━━━━━━━━━━┓
┃ # ┃ Name                   ┃ Wind ┃ Abilities                                ┃
┡━━━╇━━━━━━━━━━━━━━━━━━━━━━━━╇━━━━━━╇━━━━━━━━━━━━━━━━━━━━━━━━━━━━━━━━━━━━━━━━━━┩
│ 0 │ Lokar Simmons⭐✋🥩🚨  │    0 │ 0 RESOURCEFUL [2⟲] Draw a card           │
│ 1 │ Shield Array Node⚙️ 🚨  │    2 │ 0 FORTIFICATION NETWORK While 2+ Shield  │
│   │                        │      │ Array Nodes are in play, Player's Goons  │
│   │                        │      │ may not be the target of negative        │
│   │                        │      │ effects.                                 │
│   │                        │      │ 1 SURGE BARRIER [1⟲] Banish 1 mechanical │
│   │                        │      │ from Dead Pool to give allied Goons      │
│   │                        │      │ Resist until end of turn.                │
│ 2 │ Shield Array Node⚙️ 🚨  │    0 │ 0 FORTIFICATION NETWORK While 2+ Shield  │
│   │                        │      │ Array Nodes are in play, Player's Goons  │
│   │                        │      │ may not be the target of negative        │
│   │                        │      │ effects.                                 │
│   │                        │      │ 1 SURGE BARRIER [1⟲] Banish 1 mechanical │
│   │                        │      │ from Dead Pool to give allied Goons      │
│   │                        │      │ Resist until end of turn.                │
│ 3 │ Task Mistres⚙️ 🚨       │    0 │ 0 BIDE TIME Mistrex gains Resist until   │
│   │                        │      │ beginning of Player's next turn.         │
│   │                        │      │ 1 TAZING CRACK [1⟲] Target Goon does not │
│   │                        │      │ unwind during its next unwind.           │
│   │                        │      │ 2 DOMINATE [2⟲] Use target Goon ability  │
│   │                        │      │ on a target of Player's choice. Target   │
│   │                        │      │ Goon pays wind as it would on its turn.  │
│ 4 │ Compliance Auditon⚙️ 🚨 │    0 │ 0 LITIGIOUS GRIDLOCK [1⟲] Target goon    │
│   │                        │      │ does not unwind in its next unwind       │
│   │                        │      │ phase.                                   │
│ 5 │ Impact Simulant⚙️ 🚨    │    0 │ -                                        │
│ 6 │ Dormex Lurker🚫⚙️ 🚨    │    0 │ 0 SELF DESTRUCT Destroy Lurker, add 3    │
│   │                        │      │ wind to target Goon                      │
│   │                        │      │ 1 REACTIVE MUNITIONS Destroy Goon who    │
│   │                        │      │ destroys Lurker.                         │
└───┴────────────────────────┴──────┴──────────────────────────────────────────┘
Dead Pool 🥩:9 ⚙️ :5
           NARC P2 hand (6)            
┏━━━┳━━━━━━━━━━━━━━━━━━━━━━━━━━┳━━━━━━┓
┃ # ┃ Name                     ┃ Cost ┃
┡━━━╇━━━━━━━━━━━━━━━━━━━━━━━━━━╇━━━━━━┩
│ 0 │ Buzzkill🔶✋⚙️ 🚨         │ 5⟲   │
│ 1 │ Sentry Node⚙️ 🚨          │ 4⟲   │
│ 2 │ Bruut Enforcer🔶✋🚫⚙️ 🚨 │ 4⟲   │
│ 3 │ K-9.0⚙️ 🚨                │ 3⟲   │
│ 4 │ Hover Shield⚙️ 🚨         │ 2⟲   │
│ 5 │ Sausage Droid🥩⚙️ 🚨      │ 1⟲   │
└───┴──────────────────────────┴──────┘
Previous Turn
Turn 18 ends. P1 leaves 6 goons on the board. P1 now has 6 board / 6 hand 
(retired 4); P2 has 7 board / 5 hand (retired 3). Dead Pool holds 13.
  P1 deployed Annihilist Overseer.
  P1's Restless Natives was retired.
  Restless Natives was sent to the Dead Pool.
  Restless Natives was sent to the Dead Pool.
Turn 19 ends. P2 leaves 8 goons on the board. P1 now has 5 board / 6 hand 
(retired 5); P2 has 8 board / 5 hand (retired 3). Dead Pool holds 14.
  P2 deployed Sausage Droid.
  Opponent (P1)'s Annihilist Overseer was retired.
  Annihilist Overseer was sent to the Dead Pool.
Turn 20 | Player: P1
                                 NARC Board P2                                  
┏━━━┳━━━━━━━━━━━━━━━━━━━━━━━━┳━━━━━━┳━━━━━━━━━━━━━━━━━━━━━━━━━━━━━━━━━━━━━━━━━━┓
┃ # ┃ Name                   ┃ Wind ┃ Abilities                                ┃
┡━━━╇━━━━━━━━━━━━━━━━━━━━━━━━╇━━━━━━╇━━━━━━━━━━━━━━━━━━━━━━━━━━━━━━━━━━━━━━━━━━┩
│ 0 │ Lokar Simmons⭐✋🥩🚨  │    0 │ 0 RESOURCEFUL [2⟲] Draw a card           │
│ 1 │ Shield Array Node⚙️ 🚨  │    3 │ 0 FORTIFICATION NETWORK While 2+ Shield  │
│   │                        │      │ Array Nodes are in play, Player's Goons  │
│   │                        │      │ may not be the target of negative        │
│   │                        │      │ effects.                                 │
│   │                        │      │ 1 SURGE BARRIER [1⟲] Banish 1 mechanical │
│   │                        │      │ from Dead Pool to give allied Goons      │
│   │                        │      │ Resist until end of turn.                │
│ 2 │ Shield Array Node⚙️ 🚨  │    0 │ 0 FORTIFICATION NETWORK While 2+ Shield  │
│   │                        │      │ Array Nodes are in play, Player's Goons  │
│   │                        │      │ may not be the target of negative        │
│   │                        │      │ effects.                                 │
│   │                        │      │ 1 SURGE BARRIER [1⟲] Banish 1 mechanical │
│   │                        │      │ from Dead Pool to give allied Goons      │
│   │                        │      │ Resist until end of turn.                │
│ 3 │ Task Mistres⚙️ 🚨       │    0 │ 0 BIDE TIME Mistrex gains Resist until   │
│   │                        │      │ beginning of Player's next turn.         │
│   │                        │      │ 1 TAZING CRACK [1⟲] Target Goon does not │
│   │                        │      │ unwind during its next unwind.           │
│   │                        │      │ 2 DOMINATE [2⟲] Use target Goon ability  │
│   │                        │      │ on a target of Player's choice. Target   │
│   │                        │      │ Goon pays wind as it would on its turn.  │
│ 4 │ Compliance Auditon⚙️ 🚨 │    0 │ 0 LITIGIOUS GRIDLOCK [1⟲] Target goon    │
│   │                        │      │ does not unwind in its next unwind       │
│   │                        │      │ phase.                                   │
│ 5 │ Impact Simulant⚙️ 🚨    │    0 │ -                                        │
│ 6 │ Dormex Lurker🚫⚙️ 🚨    │    0 │ 0 SELF DESTRUCT Destroy Lurker, add 3    │
│   │                        │      │ wind to target Goon                      │
│   │                        │      │ 1 REACTIVE MUNITIONS Destroy Goon who    │
│   │                        │      │ destroys Lurker.                         │
│ 7 │ Sausage Droid🥩⚙️ 🚨    │    0 │ 0 PROCESS [1⟲ 1⚈] Burn 1 biological from │
│   │                        │      │ Dead Pool to remove 1 wind from target   │
│   │                        │      │ Goon.                                    │
│   │                        │      │ 1 OVERCLOCKED BURST [1⟲] Banish 1        │
│   │                        │      │ mechanical from Dead Pool to add 1 wind  │
│   │                        │      │ to target Goon.                          │
└───┴────────────────────────┴──────┴──────────────────────────────────────────┘
                                  PCU Board P1                                  
┏━━━┳━━━━━━━━━━━━━━━━━━━━━━━━┳━━━━━━┳━━━━━━━━━━━━━━━━━━━━━━━━━━━━━━━━━━━━━━━━━━┓
┃ # ┃ Name                   ┃ Wind ┃ Abilities                                ┃
┡━━━╇━━━━━━━━━━━━━━━━━━━━━━━━╇━━━━━━╇━━━━━━━━━━━━━━━━━━━━━━━━━━━━━━━━━━━━━━━━━━┩
│ 0 │ Grim⭐✋🥩🌀           │    0 │ 0 DEFILE NATURE Remove 1 wind from any   │
│   │                        │      │ target Goon.                             │
│ 1 │ Local Singularity🚫🌀  │    1 │ 0 DRAW FIRE Player's Goons cannot be     │
│   │                        │      │ targeted by unfriendly abilities while   │
│   │                        │      │ Singularity is in play. Singularity must │
│   │                        │      │ be destroyed first.                      │
│ 2 │ Restless Natives🚫🥩🌀 │    0 │ 0 MOB [1⟲] Add 1 wind to 2 target Goons  │
│   │                        │      │ 1 STEADY DRUM [1⟲] Remove 1 wind from    │
│   │                        │      │ target allied Goon.                      │
│ 3 │ Voidling🥩🌀           │    0 │ 0 SHOT SPOTTER [1⟲] If target takes wind │
│   │                        │      │ as damage this turn, they do not unwind  │
│   │                        │      │ during their next unwind phase.          │
│   │                        │      │ 1 RALLY RINGER [4⟲] Move any card from   │
│   │                        │      │ deck to hand; reshuffle deck.            │
│ 4 │ Annihilist Overseer🌀  │    0 │ 0 BLIND [1⟲] Target Goon may not use     │
│   │                        │      │ abilities or contribute wind on its next │
│   │                        │      │ turn.                                    │
│   │                        │      │ 1 BEHEAD [3⟲] Destroy target Goon.       │
└───┴────────────────────────┴──────┴──────────────────────────────────────────┘
Dead Pool 🥩:9 ⚙️ :5
         PCU P1 hand (7)          
┏━━━┳━━━━━━━━━━━━━━━━━━━━┳━━━━━━━┓
┃ # ┃ Name               ┃ Cost  ┃
┡━━━╇━━━━━━━━━━━━━━━━━━━━╇━━━━━━━┩
│ 0 │ Mutt⚙️ 🌀           │ 4⟲    │
│ 1 │ Dragoon⚙️ 🌀        │ 6⟲    │
│ 2 │ Technomancer🥩⚙️ 🌀 │ 4⟲    │
│ 3 │ Technomancer🥩⚙️ 🌀 │ 4⟲    │
│ 4 │ Mutt⚙️ 🌀           │ 4⟲    │
│ 5 │ Kriegsgheist✋🚫🌀 │ 3⛭ 3⚈ │
│ 6 │ Void Freak🚫🥩🌀   │ 1⟲    │
└───┴────────────────────┴───────┘
Previous Turn
Turn 19 ends. P2 leaves 8 goons on the board. P1 now has 5 board / 6 hand 
(retired 5); P2 has 8 board / 5 hand (retired 3). Dead Pool holds 14.
  P2 deployed Sausage Droid.
  Opponent (P1)'s Annihilist Overseer was retired.
  Annihilist Overseer was sent to the Dead Pool.
could not pay wind
Turn 20 ends. P1 leaves 6 goons on the board. P1 now has 6 board / 6 hand 
(retired 5); P2 has 8 board / 5 hand (retired 3). Dead Pool holds 14.
  P1 deployed Void Freak.
Turn 21 | Player: P2
                                  PCU Board P1                                  
┏━━━┳━━━━━━━━━━━━━━━━━━━━━━━━┳━━━━━━┳━━━━━━━━━━━━━━━━━━━━━━━━━━━━━━━━━━━━━━━━━━┓
┃ # ┃ Name                   ┃ Wind ┃ Abilities                                ┃
┡━━━╇━━━━━━━━━━━━━━━━━━━━━━━━╇━━━━━━╇━━━━━━━━━━━━━━━━━━━━━━━━━━━━━━━━━━━━━━━━━━┩
│ 0 │ Grim⭐✋🥩🌀           │    0 │ 0 DEFILE NATURE Remove 1 wind from any   │
│   │                        │      │ target Goon.                             │
│ 1 │ Local Singularity🚫🌀  │    2 │ 0 DRAW FIRE Player's Goons cannot be     │
│   │                        │      │ targeted by unfriendly abilities while   │
│   │                        │      │ Singularity is in play. Singularity must │
│   │                        │      │ be destroyed first.                      │
│ 2 │ Restless Natives🚫🥩🌀 │    0 │ 0 MOB [1⟲] Add 1 wind to 2 target Goons  │
│   │                        │      │ 1 STEADY DRUM [1⟲] Remove 1 wind from    │
│   │                        │      │ target allied Goon.                      │
│ 3 │ Voidling🥩🌀           │    0 │ 0 SHOT SPOTTER [1⟲] If target takes wind │
│   │                        │      │ as damage this turn, they do not unwind  │
│   │                        │      │ during their next unwind phase.          │
│   │                        │      │ 1 RALLY RINGER [4⟲] Move any card from   │
│   │                        │      │ deck to hand; reshuffle deck.            │
│ 4 │ Annihilist Overseer🌀  │    3 │ 0 BLIND [1⟲] Target Goon may not use     │
│   │                        │      │ abilities or contribute wind on its next │
│   │                        │      │ turn.                                    │
│   │                        │      │ 1 BEHEAD [3⟲] Destroy target Goon.       │
│ 5 │ Void Freak🚫🥩🌀       │    0 │ 0 THRASHING VAULT [1⟲] Add 1 wind to     │
│   │                        │      │ target Goon. Must always use this        │
│   │                        │      │ ability on owners turn if able           │
│   │                        │      │ 1 BLOODLUST Must attack if able.         │
└───┴────────────────────────┴──────┴──────────────────────────────────────────┘
                                 NARC Board P2                                  
┏━━━┳━━━━━━━━━━━━━━━━━━━━━━━━┳━━━━━━┳━━━━━━━━━━━━━━━━━━━━━━━━━━━━━━━━━━━━━━━━━━┓
┃ # ┃ Name                   ┃ Wind ┃ Abilities                                ┃
┡━━━╇━━━━━━━━━━━━━━━━━━━━━━━━╇━━━━━━╇━━━━━━━━━━━━━━━━━━━━━━━━━━━━━━━━━━━━━━━━━━┩
│ 0 │ Lokar Simmons⭐✋🥩🚨  │    0 │ 0 RESOURCEFUL [2⟲] Draw a card           │
│ 1 │ Shield Array Node⚙️ 🚨  │    2 │ 0 FORTIFICATION NETWORK While 2+ Shield  │
│   │                        │      │ Array Nodes are in play, Player's Goons  │
│   │                        │      │ may not be the target of negative        │
│   │                        │      │ effects.                                 │
│   │                        │      │ 1 SURGE BARRIER [1⟲] Banish 1 mechanical │
│   │                        │      │ from Dead Pool to give allied Goons      │
│   │                        │      │ Resist until end of turn.                │
│ 2 │ Shield Array Node⚙️ 🚨  │    0 │ 0 FORTIFICATION NETWORK While 2+ Shield  │
│   │                        │      │ Array Nodes are in play, Player's Goons  │
│   │                        │      │ may not be the target of negative        │
│   │                        │      │ effects.                                 │
│   │                        │      │ 1 SURGE BARRIER [1⟲] Banish 1 mechanical │
│   │                        │      │ from Dead Pool to give allied Goons      │
│   │                        │      │ Resist until end of turn.                │
│ 3 │ Task Mistres⚙️ 🚨       │    0 │ 0 BIDE TIME Mistrex gains Resist until   │
│   │                        │      │ beginning of Player's next turn.         │
│   │                        │      │ 1 TAZING CRACK [1⟲] Target Goon does not │
│   │                        │      │ unwind during its next unwind.           │
│   │                        │      │ 2 DOMINATE [2⟲] Use target Goon ability  │
│   │                        │      │ on a target of Player's choice. Target   │
│   │                        │      │ Goon pays wind as it would on its turn.  │
│ 4 │ Compliance Auditon⚙️ 🚨 │    0 │ 0 LITIGIOUS GRIDLOCK [1⟲] Target goon    │
│   │                        │      │ does not unwind in its next unwind       │
│   │                        │      │ phase.                                   │
│ 5 │ Impact Simulant⚙️ 🚨    │    0 │ -                                        │
│ 6 │ Dormex Lurker🚫⚙️ 🚨    │    0 │ 0 SELF DESTRUCT Destroy Lurker, add 3    │
│   │                        │      │ wind to target Goon                      │
│   │                        │      │ 1 REACTIVE MUNITIONS Destroy Goon who    │
│   │                        │      │ destroys Lurker.                         │
│ 7 │ Sausage Droid🥩⚙️ 🚨    │    0 │ 0 PROCESS [1⟲ 1⚈] Burn 1 biological from │
│   │                        │      │ Dead Pool to remove 1 wind from target   │
│   │                        │      │ Goon.                                    │
│   │                        │      │ 1 OVERCLOCKED BURST [1⟲] Banish 1        │
│   │                        │      │ mechanical from Dead Pool to add 1 wind  │
│   │                        │      │ to target Goon.                          │
└───┴────────────────────────┴──────┴──────────────────────────────────────────┘
Dead Pool 🥩:9 ⚙️ :5
           NARC P2 hand (6)            
┏━━━┳━━━━━━━━━━━━━━━━━━━━━━━━━━┳━━━━━━┓
┃ # ┃ Name                     ┃ Cost ┃
┡━━━╇━━━━━━━━━━━━━━━━━━━━━━━━━━╇━━━━━━┩
│ 0 │ Buzzkill🔶✋⚙️ 🚨         │ 5⟲   │
│ 1 │ Sentry Node⚙️ 🚨          │ 4⟲   │
│ 2 │ Bruut Enforcer🔶✋🚫⚙️ 🚨 │ 4⟲   │
│ 3 │ K-9.0⚙️ 🚨                │ 3⟲   │
│ 4 │ Hover Shield⚙️ 🚨         │ 2⟲   │
│ 5 │ Bruut Enforcer🔶✋🚫⚙️ 🚨 │ 4⟲   │
└───┴──────────────────────────┴──────┘
Previous Turn
Turn 20 ends. P1 leaves 6 goons on the board. P1 now has 6 board / 6 hand 
(retired 5); P2 has 8 board / 5 hand (retired 3). Dead Pool holds 14.
  P1 deployed Void Freak.
Turn 21 ends. P2 leaves 8 goons on the board. P1 now has 5 board / 6 hand 
(retired 6); P2 has 8 board / 5 hand (retired 4). Dead Pool holds 17.
  P2 deployed Hover Shield.
  P2's Shield Array Node was retired.
  Opponent (P1)'s Annihilist Overseer was retired.
  Annihilist Overseer was sent to the Dead Pool.
  Shield Array Node was sent to the Dead Pool.
  Shield Array Node was sent to the Dead Pool.
Turn 22 | Player: P1
                                 NARC Board P2                                  
┏━━━┳━━━━━━━━━━━━━━━━━━━━━━━━┳━━━━━━┳━━━━━━━━━━━━━━━━━━━━━━━━━━━━━━━━━━━━━━━━━━┓
┃ # ┃ Name                   ┃ Wind ┃ Abilities                                ┃
┡━━━╇━━━━━━━━━━━━━━━━━━━━━━━━╇━━━━━━╇━━━━━━━━━━━━━━━━━━━━━━━━━━━━━━━━━━━━━━━━━━┩
│ 0 │ Lokar Simmons⭐✋🥩🚨  │    0 │ 0 RESOURCEFUL [2⟲] Draw a card           │
│ 1 │ Shield Array Node⚙️ 🚨  │    0 │ 0 FORTIFICATION NETWORK While 2+ Shield  │
│   │                        │      │ Array Nodes are in play, Player's Goons  │
│   │                        │      │ may not be the target of negative        │
│   │                        │      │ effects.                                 │
│   │                        │      │ 1 SURGE BARRIER [1⟲] Banish 1 mechanical │
│   │                        │      │ from Dead Pool to give allied Goons      │
│   │                        │      │ Resist until end of turn.                │
│ 2 │ Task Mistres⚙️ 🚨       │    0 │ 0 BIDE TIME Mistrex gains Resist until   │
│   │                        │      │ beginning of Player's next turn.         │
│   │                        │      │ 1 TAZING CRACK [1⟲] Target Goon does not │
│   │                        │      │ unwind during its next unwind.           │
│   │                        │      │ 2 DOMINATE [2⟲] Use target Goon ability  │
│   │                        │      │ on a target of Player's choice. Target   │
│   │                        │      │ Goon pays wind as it would on its turn.  │
│ 3 │ Compliance Auditon⚙️ 🚨 │    0 │ 0 LITIGIOUS GRIDLOCK [1⟲] Target goon    │
│   │                        │      │ does not unwind in its next unwind       │
│   │                        │      │ phase.                                   │
│ 4 │ Impact Simulant⚙️ 🚨    │    0 │ -                                        │
│ 5 │ Dormex Lurker🚫⚙️ 🚨    │    0 │ 0 SELF DESTRUCT Destroy Lurker, add 3    │
│   │                        │      │ wind to target Goon                      │
│   │                        │      │ 1 REACTIVE MUNITIONS Destroy Goon who    │
│   │                        │      │ destroys Lurker.                         │
│ 6 │ Sausage Droid🥩⚙️ 🚨    │    0 │ 0 PROCESS [1⟲ 1⚈] Burn 1 biological from │
│   │                        │      │ Dead Pool to remove 1 wind from target   │
│   │                        │      │ Goon.                                    │
│   │                        │      │ 1 OVERCLOCKED BURST [1⟲] Banish 1        │
│   │                        │      │ mechanical from Dead Pool to add 1 wind  │
│   │                        │      │ to target Goon.                          │
│ 7 │ Hover Shield⚙️ 🚨       │    0 │ 0 COVER [1⟲] Target Goon may not be      │
│   │                        │      │ targeted by enemy Goon abilities until   │
│   │                        │      │ the beginning of player's next turn.     │
└───┴────────────────────────┴──────┴──────────────────────────────────────────┘
                                  PCU Board P1                                  
┏━━━┳━━━━━━━━━━━━━━━━━━━━━━━━┳━━━━━━┳━━━━━━━━━━━━━━━━━━━━━━━━━━━━━━━━━━━━━━━━━━┓
┃ # ┃ Name                   ┃ Wind ┃ Abilities                                ┃
┡━━━╇━━━━━━━━━━━━━━━━━━━━━━━━╇━━━━━━╇━━━━━━━━━━━━━━━━━━━━━━━━━━━━━━━━━━━━━━━━━━┩
│ 0 │ Grim⭐✋🥩🌀           │    0 │ 0 DEFILE NATURE Remove 1 wind from any   │
│   │                        │      │ target Goon.                             │
│ 1 │ Local Singularity🚫🌀  │    2 │ 0 DRAW FIRE Player's Goons cannot be     │
│   │                        │      │ targeted by unfriendly abilities while   │
│   │                        │      │ Singularity is in play. Singularity must │
│   │                        │      │ be destroyed first.                      │
│ 2 │ Restless Natives🚫🥩🌀 │    0 │ 0 MOB [1⟲] Add 1 wind to 2 target Goons  │
│   │                        │      │ 1 STEADY DRUM [1⟲] Remove 1 wind from    │
│   │                        │      │ target allied Goon.                      │
│ 3 │ Voidling🥩🌀           │    0 │ 0 SHOT SPOTTER [1⟲] If target takes wind │
│   │                        │      │ as damage this turn, they do not unwind  │
│   │                        │      │ during their next unwind phase.          │
│   │                        │      │ 1 RALLY RINGER [4⟲] Move any card from   │
│   │                        │      │ deck to hand; reshuffle deck.            │
│ 4 │ Void Freak🚫🥩🌀       │    0 │ 0 THRASHING VAULT [1⟲] Add 1 wind to     │
│   │                        │      │ target Goon. Must always use this        │
│   │                        │      │ ability on owners turn if able           │
│   │                        │      │ 1 BLOODLUST Must attack if able.         │
└───┴────────────────────────┴──────┴──────────────────────────────────────────┘
Dead Pool 🥩:9 ⚙️ :7
         PCU P1 hand (7)          
┏━━━┳━━━━━━━━━━━━━━━━━━━━┳━━━━━━━┓
┃ # ┃ Name               ┃ Cost  ┃
┡━━━╇━━━━━━━━━━━━━━━━━━━━╇━━━━━━━┩
│ 0 │ Mutt⚙️ 🌀           │ 4⟲    │
│ 1 │ Dragoon⚙️ 🌀        │ 6⟲    │
│ 2 │ Technomancer🥩⚙️ 🌀 │ 4⟲    │
│ 3 │ Technomancer🥩⚙️ 🌀 │ 4⟲    │
│ 4 │ Mutt⚙️ 🌀           │ 4⟲    │
│ 5 │ Kriegsgheist✋🚫🌀 │ 3⛭ 3⚈ │
│ 6 │ Vex🔶✋🥩🌀        │ 4⟲    │
└───┴────────────────────┴───────┘
Previous Turn
Turn 21 ends. P2 leaves 8 goons on the board. P1 now has 5 board / 6 hand 
(retired 6); P2 has 8 board / 5 hand (retired 4). Dead Pool holds 17.
  P2 deployed Hover Shield.
  P2's Shield Array Node was retired.
  Opponent (P1)'s Annihilist Overseer was retired.
  Annihilist Overseer was sent to the Dead Pool.
  Shield Array Node was sent to the Dead Pool.
  Shield Array Node was sent to the Dead Pool.
could not pay wind
cannot deploy: requires Krax on your board
Turn 22 ends. P1 leaves 5 goons on the board. P1 now has 5 board / 6 hand 
(retired 7); P2 has 8 board / 5 hand (retired 4). Dead Pool holds 19.
  P1 deployed Technomancer.
  P1's Local Singularity was retired.
  Local Singularity was sent to the Dead Pool.
  Local Singularity was sent to the Dead Pool.
Turn 23 | Player: P2
                                  PCU Board P1                                  
┏━━━┳━━━━━━━━━━━━━━━━━━━━━━━━┳━━━━━━┳━━━━━━━━━━━━━━━━━━━━━━━━━━━━━━━━━━━━━━━━━━┓
┃ # ┃ Name                   ┃ Wind ┃ Abilities                                ┃
┡━━━╇━━━━━━━━━━━━━━━━━━━━━━━━╇━━━━━━╇━━━━━━━━━━━━━━━━━━━━━━━━━━━━━━━━━━━━━━━━━━┩
│ 0 │ Grim⭐✋🥩🌀           │    0 │ 0 DEFILE NATURE Remove 1 wind from any   │
│   │                        │      │ target Goon.                             │
│ 1 │ Restless Natives🚫🥩🌀 │    3 │ 0 MOB [1⟲] Add 1 wind to 2 target Goons  │
│   │                        │      │ 1 STEADY DRUM [1⟲] Remove 1 wind from    │
│   │                        │      │ target allied Goon.                      │
│ 2 │ Voidling🥩🌀           │    0 │ 0 SHOT SPOTTER [1⟲] If target takes wind │
│   │                        │      │ as damage this turn, they do not unwind  │
│   │                        │      │ during their next unwind phase.          │
│   │                        │      │ 1 RALLY RINGER [4⟲] Move any card from   │
│   │                        │      │ deck to hand; reshuffle deck.            │
│ 3 │ Void Freak🚫🥩🌀       │    0 │ 0 THRASHING VAULT [1⟲] Add 1 wind to     │
│   │                        │      │ target Goon. Must always use this        │
│   │                        │      │ ability on owners turn if able           │
│   │                        │      │ 1 BLOODLUST Must attack if able.         │
│ 4 │ Technomancer🥩⚙️ 🌀     │    0 │ 0 RAISE [1⟲ 1⚈] Goon with meat from Dead │
│   │                        │      │ Pool enters play under player's control. │
│   │                        │      │ 1 RECYCLE [1⟲ 1⛭] Goon with gear from    │
│   │                        │      │ Dead Pool enters play under player's     │
│   │                        │      │ control.                                 │
└───┴────────────────────────┴──────┴──────────────────────────────────────────┘
                                 NARC Board P2                                  
┏━━━┳━━━━━━━━━━━━━━━━━━━━━━━━┳━━━━━━┳━━━━━━━━━━━━━━━━━━━━━━━━━━━━━━━━━━━━━━━━━━┓
┃ # ┃ Name                   ┃ Wind ┃ Abilities                                ┃
┡━━━╇━━━━━━━━━━━━━━━━━━━━━━━━╇━━━━━━╇━━━━━━━━━━━━━━━━━━━━━━━━━━━━━━━━━━━━━━━━━━┩
│ 0 │ Lokar Simmons⭐✋🥩🚨  │    0 │ 0 RESOURCEFUL [2⟲] Draw a card           │
│ 1 │ Shield Array Node⚙️ 🚨  │    0 │ 0 FORTIFICATION NETWORK While 2+ Shield  │
│   │                        │      │ Array Nodes are in play, Player's Goons  │
│   │                        │      │ may not be the target of negative        │
│   │                        │      │ effects.                                 │
│   │                        │      │ 1 SURGE BARRIER [1⟲] Banish 1 mechanical │
│   │                        │      │ from Dead Pool to give allied Goons      │
│   │                        │      │ Resist until end of turn.                │
│ 2 │ Task Mistres⚙️ 🚨       │    0 │ 0 BIDE TIME Mistrex gains Resist until   │
│   │                        │      │ beginning of Player's next turn.         │
│   │                        │      │ 1 TAZING CRACK [1⟲] Target Goon does not │
│   │                        │      │ unwind during its next unwind.           │
│   │                        │      │ 2 DOMINATE [2⟲] Use target Goon ability  │
│   │                        │      │ on a target of Player's choice. Target   │
│   │                        │      │ Goon pays wind as it would on its turn.  │
│ 3 │ Compliance Auditon⚙️ 🚨 │    0 │ 0 LITIGIOUS GRIDLOCK [1⟲] Target goon    │
│   │                        │      │ does not unwind in its next unwind       │
│   │                        │      │ phase.                                   │
│ 4 │ Impact Simulant⚙️ 🚨    │    0 │ -                                        │
│ 5 │ Dormex Lurker🚫⚙️ 🚨    │    0 │ 0 SELF DESTRUCT Destroy Lurker, add 3    │
│   │                        │      │ wind to target Goon                      │
│   │                        │      │ 1 REACTIVE MUNITIONS Destroy Goon who    │
│   │                        │      │ destroys Lurker.                         │
│ 6 │ Sausage Droid🥩⚙️ 🚨    │    0 │ 0 PROCESS [1⟲ 1⚈] Burn 1 biological from │
│   │                        │      │ Dead Pool to remove 1 wind from target   │
│   │                        │      │ Goon.                                    │
│   │                        │      │ 1 OVERCLOCKED BURST [1⟲] Banish 1        │
│   │                        │      │ mechanical from Dead Pool to add 1 wind  │
│   │                        │      │ to target Goon.                          │
│ 7 │ Hover Shield⚙️ 🚨       │    0 │ 0 COVER [1⟲] Target Goon may not be      │
│   │                        │      │ targeted by enemy Goon abilities until   │
│   │                        │      │ the beginning of player's next turn.     │
└───┴────────────────────────┴──────┴──────────────────────────────────────────┘
Dead Pool 🥩:9 ⚙️ :7
           NARC P2 hand (6)            
┏━━━┳━━━━━━━━━━━━━━━━━━━━━━━━━━┳━━━━━━┓
┃ # ┃ Name                     ┃ Cost ┃
┡━━━╇━━━━━━━━━━━━━━━━━━━━━━━━━━╇━━━━━━┩
│ 0 │ Buzzkill🔶✋⚙️ 🚨         │ 5⟲   │
│ 1 │ Sentry Node⚙️ 🚨          │ 4⟲   │
│ 2 │ Bruut Enforcer🔶✋🚫⚙️ 🚨 │ 4⟲   │
│ 3 │ K-9.0⚙️ 🚨                │ 3⟲   │
│ 4 │ Bruut Enforcer🔶✋🚫⚙️ 🚨 │ 4⟲   │
│ 5 │ K-9.0⚙️ 🚨                │ 3⟲   │
└───┴──────────────────────────┴──────┘
Previous Turn
Turn 22 ends. P1 leaves 5 goons on the board. P1 now has 5 board / 6 hand 
(retired 7); P2 has 8 board / 5 hand (retired 4). Dead Pool holds 19.
  P1 deployed Technomancer.
  P1's Local Singularity was retired.
  Local Singularity was sent to the Dead Pool.
  Local Singularity was sent to the Dead Pool.
Turn 23 ends. P2 leaves 9 goons on the board. P1 now has 4 board / 6 hand 
(retired 8); P2 has 9 board / 5 hand (retired 4). Dead Pool holds 20.
  P2 deployed K-9.0.
  Opponent (P1)'s Restless Natives was retired.
  Restless Natives was sent to the Dead Pool.
Turn 24 | Player: P1
                                 NARC Board P2                                  
┏━━━┳━━━━━━━━━━━━━━━━━━━━━━━━┳━━━━━━┳━━━━━━━━━━━━━━━━━━━━━━━━━━━━━━━━━━━━━━━━━━┓
┃ # ┃ Name                   ┃ Wind ┃ Abilities                                ┃
┡━━━╇━━━━━━━━━━━━━━━━━━━━━━━━╇━━━━━━╇━━━━━━━━━━━━━━━━━━━━━━━━━━━━━━━━━━━━━━━━━━┩
│ 0 │ Lokar Simmons⭐✋🥩🚨  │    0 │ 0 RESOURCEFUL [2⟲] Draw a card           │
│ 1 │ Shield Array Node⚙️ 🚨  │    3 │ 0 FORTIFICATION NETWORK While 2+ Shield  │
│   │                        │      │ Array Nodes are in play, Player's Goons  │
│   │                        │      │ may not be the target of negative        │
│   │                        │      │ effects.                                 │
│   │                        │      │ 1 SURGE BARRIER [1⟲] Banish 1 mechanical │
│   │                        │      │ from Dead Pool to give allied Goons      │
│   │                        │      │ Resist until end of turn.                │
│ 2 │ Task Mistres⚙️ 🚨       │    0 │ 0 BIDE TIME Mistrex gains Resist until   │
│   │                        │      │ beginning of Player's next turn.         │
│   │                        │      │ 1 TAZING CRACK [1⟲] Target Goon does not │
│   │                        │      │ unwind during its next unwind.           │
│   │                        │      │ 2 DOMINATE [2⟲] Use target Goon ability  │
│   │                        │      │ on a target of Player's choice. Target   │
│   │                        │      │ Goon pays wind as it would on its turn.  │
│ 3 │ Compliance Auditon⚙️ 🚨 │    0 │ 0 LITIGIOUS GRIDLOCK [1⟲] Target goon    │
│   │                        │      │ does not unwind in its next unwind       │
│   │                        │      │ phase.                                   │
│ 4 │ Impact Simulant⚙️ 🚨    │    0 │ -                                        │
│ 5 │ Dormex Lurker🚫⚙️ 🚨    │    0 │ 0 SELF DESTRUCT Destroy Lurker, add 3    │
│   │                        │      │ wind to target Goon                      │
│   │                        │      │ 1 REACTIVE MUNITIONS Destroy Goon who    │
│   │                        │      │ destroys Lurker.                         │
│ 6 │ Sausage Droid🥩⚙️ 🚨    │    0 │ 0 PROCESS [1⟲ 1⚈] Burn 1 biological from │
│   │                        │      │ Dead Pool to remove 1 wind from target   │
│   │                        │      │ Goon.                                    │
│   │                        │      │ 1 OVERCLOCKED BURST [1⟲] Banish 1        │
│   │                        │      │ mechanical from Dead Pool to add 1 wind  │
│   │                        │      │ to target Goon.                          │
│ 7 │ Hover Shield⚙️ 🚨       │    0 │ 0 COVER [1⟲] Target Goon may not be      │
│   │                        │      │ targeted by enemy Goon abilities until   │
│   │                        │      │ the beginning of player's next turn.     │
│ 8 │ K-9.0⚙️ 🚨              │    0 │ 0 SCAN FOR VULNERABILITY [2⟲] A goon may │
│   │                        │      │ use an ability twice on the scanned      │
│   │                        │      │ target this turn.                        │
└───┴────────────────────────┴──────┴──────────────────────────────────────────┘
                                  PCU Board P1                                  
┏━━━┳━━━━━━━━━━━━━━━━━━━━┳━━━━━━┳━━━━━━━━━━━━━━━━━━━━━━━━━━━━━━━━━━━━━━━━━━━━━━┓
┃ # ┃ Name               ┃ Wind ┃ Abilities                                    ┃
┡━━━╇━━━━━━━━━━━━━━━━━━━━╇━━━━━━╇━━━━━━━━━━━━━━━━━━━━━━━━━━━━━━━━━━━━━━━━━━━━━━┩
│ 0 │ Grim⭐✋🥩🌀       │    0 │ 0 DEFILE NATURE Remove 1 wind from any       │
│   │                    │      │ target Goon.                                 │
│ 1 │ Voidling🥩🌀       │    0 │ 0 SHOT SPOTTER [1⟲] If target takes wind as  │
│   │                    │      │ damage this turn, they do not unwind during  │
│   │                    │      │ their next unwind phase.                     │
│   │                    │      │ 1 RALLY RINGER [4⟲] Move any card from deck  │
│   │                    │      │ to hand; reshuffle deck.                     │
│ 2 │ Void Freak🚫🥩🌀   │    0 │ 0 THRASHING VAULT [1⟲] Add 1 wind to target  │
│   │                    │      │ Goon. Must always use this ability on owners │
│   │                    │      │ turn if able                                 │
│   │                    │      │ 1 BLOODLUST Must attack if able.             │
│ 3 │ Technomancer🥩⚙️ 🌀 │    0 │ 0 RAISE [1⟲ 1⚈] Goon with meat from Dead     │
│   │                    │      │ Pool enters play under player's control.     │
│   │                    │      │ 1 RECYCLE [1⟲ 1⛭] Goon with gear from Dead   │
│   │                    │      │ Pool enters play under player's control.     │
└───┴────────────────────┴──────┴──────────────────────────────────────────────┘
Dead Pool 🥩:10 ⚙️ :7
         PCU P1 hand (7)          
┏━━━┳━━━━━━━━━━━━━━━━━━━━┳━━━━━━━┓
┃ # ┃ Name               ┃ Cost  ┃
┡━━━╇━━━━━━━━━━━━━━━━━━━━╇━━━━━━━┩
│ 0 │ Mutt⚙️ 🌀           │ 4⟲    │
│ 1 │ Dragoon⚙️ 🌀        │ 6⟲    │
│ 2 │ Technomancer🥩⚙️ 🌀 │ 4⟲    │
│ 3 │ Mutt⚙️ 🌀           │ 4⟲    │
│ 4 │ Kriegsgheist✋🚫🌀 │ 3⛭ 3⚈ │
│ 5 │ Vex🔶✋🥩🌀        │ 4⟲    │
│ 6 │ Mutt⚙️ 🌀           │ 4⟲    │
└───┴────────────────────┴───────┘
Previous Turn
Turn 23 ends. P2 leaves 9 goons on the board. P1 now has 4 board / 6 hand 
(retired 8); P2 has 9 board / 5 hand (retired 4). Dead Pool holds 20.
  P2 deployed K-9.0.
  Opponent (P1)'s Restless Natives was retired.
  Restless Natives was sent to the Dead Pool.
could not pay wind
cannot deploy: requires Krax on your board
Turn 24 ends. P1 leaves 4 goons on the board. P1 now has 4 board / 6 hand 
(retired 9); P2 has 8 board / 5 hand (retired 5). Dead Pool holds 23.
  P1 deployed Technomancer.
  P1's Voidling was retired.
  Opponent (P2)'s Shield Array Node was retired.
  Shield Array Node was sent to the Dead Pool.
  Voidling was sent to the Dead Pool.
  Voidling was sent to the Dead Pool.
Turn 25 | Player: P2
                                  PCU Board P1                                  
┏━━━┳━━━━━━━━━━━━━━━━━━━━┳━━━━━━┳━━━━━━━━━━━━━━━━━━━━━━━━━━━━━━━━━━━━━━━━━━━━━━┓
┃ # ┃ Name               ┃ Wind ┃ Abilities                                    ┃
┡━━━╇━━━━━━━━━━━━━━━━━━━━╇━━━━━━╇━━━━━━━━━━━━━━━━━━━━━━━━━━━━━━━━━━━━━━━━━━━━━━┩
│ 0 │ Grim⭐✋🥩🌀       │    0 │ 0 DEFILE NATURE Remove 1 wind from any       │
│   │                    │      │ target Goon.                                 │
│ 1 │ Void Freak🚫🥩🌀   │    1 │ 0 THRASHING VAULT [1⟲] Add 1 wind to target  │
│   │                    │      │ Goon. Must always use this ability on owners │
│   │                    │      │ turn if able                                 │
│   │                    │      │ 1 BLOODLUST Must attack if able.             │
│ 2 │ Technomancer🥩⚙️ 🌀 │    0 │ 0 RAISE [1⟲ 1⚈] Goon with meat from Dead     │
│   │                    │      │ Pool enters play under player's control.     │
│   │                    │      │ 1 RECYCLE [1⟲ 1⛭] Goon with gear from Dead   │
│   │                    │      │ Pool enters play under player's control.     │
│ 3 │ Technomancer🥩⚙️ 🌀 │    0 │ 0 RAISE [1⟲ 1⚈] Goon with meat from Dead     │
│   │                    │      │ Pool enters play under player's control.     │
│   │                    │      │ 1 RECYCLE [1⟲ 1⛭] Goon with gear from Dead   │
│   │                    │      │ Pool enters play under player's control.     │
└───┴────────────────────┴──────┴──────────────────────────────────────────────┘
                                 NARC Board P2                                  
┏━━━┳━━━━━━━━━━━━━━━━━━━━━━━━┳━━━━━━┳━━━━━━━━━━━━━━━━━━━━━━━━━━━━━━━━━━━━━━━━━━┓
┃ # ┃ Name                   ┃ Wind ┃ Abilities                                ┃
┡━━━╇━━━━━━━━━━━━━━━━━━━━━━━━╇━━━━━━╇━━━━━━━━━━━━━━━━━━━━━━━━━━━━━━━━━━━━━━━━━━┩
│ 0 │ Lokar Simmons⭐✋🥩🚨  │    0 │ 0 RESOURCEFUL [2⟲] Draw a card           │
│ 1 │ Task Mistres⚙️ 🚨       │    0 │ 0 BIDE TIME Mistrex gains Resist until   │
│   │                        │      │ beginning of Player's next turn.         │
│   │                        │      │ 1 TAZING CRACK [1⟲] Target Goon does not │
│   │                        │      │ unwind during its next unwind.           │
│   │                        │      │ 2 DOMINATE [2⟲] Use target Goon ability  │
│   │                        │      │ on a target of Player's choice. Target   │
│   │                        │      │ Goon pays wind as it would on its turn.  │
│ 2 │ Compliance Auditon⚙️ 🚨 │    0 │ 0 LITIGIOUS GRIDLOCK [1⟲] Target goon    │
│   │                        │      │ does not unwind in its next unwind       │
│   │                        │      │ phase.                                   │
│ 3 │ Impact Simulant⚙️ 🚨    │    0 │ -                                        │
│ 4 │ Dormex Lurker🚫⚙️ 🚨    │    0 │ 0 SELF DESTRUCT Destroy Lurker, add 3    │
│   │                        │      │ wind to target Goon                      │
│   │                        │      │ 1 REACTIVE MUNITIONS Destroy Goon who    │
│   │                        │      │ destroys Lurker.                         │
│ 5 │ Sausage Droid🥩⚙️ 🚨    │    0 │ 0 PROCESS [1⟲ 1⚈] Burn 1 biological from │
│   │                        │      │ Dead Pool to remove 1 wind from target   │
│   │                        │      │ Goon.                                    │
│   │                        │      │ 1 OVERCLOCKED BURST [1⟲] Banish 1        │
│   │                        │      │ mechanical from Dead Pool to add 1 wind  │
│   │                        │      │ to target Goon.                          │
│ 6 │ Hover Shield⚙️ 🚨       │    0 │ 0 COVER [1⟲] Target Goon may not be      │
│   │                        │      │ targeted by enemy Goon abilities until   │
│   │                        │      │ the beginning of player's next turn.     │
│ 7 │ K-9.0⚙️ 🚨              │    0 │ 0 SCAN FOR VULNERABILITY [2⟲] A goon may │
│   │                        │      │ use an ability twice on the scanned      │
│   │                        │      │ target this turn.                        │
└───┴────────────────────────┴──────┴──────────────────────────────────────────┘
Dead Pool 🥩:12 ⚙️ :8
           NARC P2 hand (6)            
┏━━━┳━━━━━━━━━━━━━━━━━━━━━━━━━━┳━━━━━━┓
┃ # ┃ Name                     ┃ Cost ┃
┡━━━╇━━━━━━━━━━━━━━━━━━━━━━━━━━╇━━━━━━┩
│ 0 │ Buzzkill🔶✋⚙️ 🚨         │ 5⟲   │
│ 1 │ Sentry Node⚙️ 🚨          │ 4⟲   │
│ 2 │ Bruut Enforcer🔶✋🚫⚙️ 🚨 │ 4⟲   │
│ 3 │ Bruut Enforcer🔶✋🚫⚙️ 🚨 │ 4⟲   │
│ 4 │ K-9.0⚙️ 🚨                │ 3⟲   │
│ 5 │ Task Mistres⚙️ 🚨         │ 2⟲   │
└───┴──────────────────────────┴──────┘
Previous Turn
Turn 24 ends. P1 leaves 4 goons on the board. P1 now has 4 board / 6 hand 
(retired 9); P2 has 8 board / 5 hand (retired 5). Dead Pool holds 23.
  P1 deployed Technomancer.
  P1's Voidling was retired.
  Opponent (P2)'s Shield Array Node was retired.
  Shield Array Node was sent to the Dead Pool.
  Voidling was sent to the Dead Pool.
  Voidling was sent to the Dead Pool.
Turn 25 ends. P2 leaves 9 goons on the board. P1 now has 3 board / 6 hand 
(retired 10); P2 has 9 board / 5 hand (retired 5). Dead Pool holds 24.
  P2 deployed Task Mistres.
  Opponent (P1)'s Void Freak was retired.
  Void Freak was sent to the Dead Pool.
Turn 26 | Player: P1
                                 NARC Board P2                                  
┏━━━┳━━━━━━━━━━━━━━━━━━━━━━━━┳━━━━━━┳━━━━━━━━━━━━━━━━━━━━━━━━━━━━━━━━━━━━━━━━━━┓
┃ # ┃ Name                   ┃ Wind ┃ Abilities                                ┃
┡━━━╇━━━━━━━━━━━━━━━━━━━━━━━━╇━━━━━━╇━━━━━━━━━━━━━━━━━━━━━━━━━━━━━━━━━━━━━━━━━━┩
│ 0 │ Lokar Simmons⭐✋🥩🚨  │    0 │ 0 RESOURCEFUL [2⟲] Draw a card           │
│ 1 │ Task Mistres⚙️ 🚨       │    2 │ 0 BIDE TIME Mistrex gains Resist until   │
│   │                        │      │ beginning of Player's next turn.         │
│   │                        │      │ 1 TAZING CRACK [1⟲] Target Goon does not │
│   │                        │      │ unwind during its next unwind.           │
│   │                        │      │ 2 DOMINATE [2⟲] Use target Goon ability  │
│   │                        │      │ on a target of Player's choice. Target   │
│   │                        │      │ Goon pays wind as it would on its turn.  │
│ 2 │ Compliance Auditon⚙️ 🚨 │    0 │ 0 LITIGIOUS GRIDLOCK [1⟲] Target goon    │
│   │                        │      │ does not unwind in its next unwind       │
│   │                        │      │ phase.                                   │
│ 3 │ Impact Simulant⚙️ 🚨    │    0 │ -                                        │
│ 4 │ Dormex Lurker🚫⚙️ 🚨    │    0 │ 0 SELF DESTRUCT Destroy Lurker, add 3    │
│   │                        │      │ wind to target Goon                      │
│   │                        │      │ 1 REACTIVE MUNITIONS Destroy Goon who    │
│   │                        │      │ destroys Lurker.                         │
│ 5 │ Sausage Droid🥩⚙️ 🚨    │    0 │ 0 PROCESS [1⟲ 1⚈] Burn 1 biological from │
│   │                        │      │ Dead Pool to remove 1 wind from target   │
│   │                        │      │ Goon.                                    │
│   │                        │      │ 1 OVERCLOCKED BURST [1⟲] Banish 1        │
│   │                        │      │ mechanical from Dead Pool to add 1 wind  │
│   │                        │      │ to target Goon.                          │
│ 6 │ Hover Shield⚙️ 🚨       │    0 │ 0 COVER [1⟲] Target Goon may not be      │
│   │                        │      │ targeted by enemy Goon abilities until   │
│   │                        │      │ the beginning of player's next turn.     │
│ 7 │ K-9.0⚙️ 🚨              │    0 │ 0 SCAN FOR VULNERABILITY [2⟲] A goon may │
│   │                        │      │ use an ability twice on the scanned      │
│   │                        │      │ target this turn.                        │
│ 8 │ Task Mistres⚙️ 🚨       │    0 │ 0 BIDE TIME Mistrex gains Resist until   │
│   │                        │      │ beginning of Player's next turn.         │
│   │                        │      │ 1 TAZING CRACK [1⟲] Target Goon does not │
│   │                        │      │ unwind during its next unwind.           │
│   │                        │      │ 2 DOMINATE [2⟲] Use target Goon ability  │
│   │                        │      │ on a target of Player's choice. Target   │
│   │                        │      │ Goon pays wind as it would on its turn.  │
└───┴────────────────────────┴──────┴──────────────────────────────────────────┘
                                  PCU Board P1                                  
┏━━━┳━━━━━━━━━━━━━━━━━━━━┳━━━━━━┳━━━━━━━━━━━━━━━━━━━━━━━━━━━━━━━━━━━━━━━━━━━━━━┓
┃ # ┃ Name               ┃ Wind ┃ Abilities                                    ┃
┡━━━╇━━━━━━━━━━━━━━━━━━━━╇━━━━━━╇━━━━━━━━━━━━━━━━━━━━━━━━━━━━━━━━━━━━━━━━━━━━━━┩
│ 0 │ Grim⭐✋🥩🌀       │    0 │ 0 DEFILE NATURE Remove 1 wind from any       │
│   │                    │      │ target Goon.                                 │
│ 1 │ Technomancer🥩⚙️ 🌀 │    0 │ 0 RAISE [1⟲ 1⚈] Goon with meat from Dead     │
│   │                    │      │ Pool enters play under player's control.     │
│   │                    │      │ 1 RECYCLE [1⟲ 1⛭] Goon with gear from Dead   │
│   │                    │      │ Pool enters play under player's control.     │
│ 2 │ Technomancer🥩⚙️ 🌀 │    0 │ 0 RAISE [1⟲ 1⚈] Goon with meat from Dead     │
│   │                    │      │ Pool enters play under player's control.     │
│   │                    │      │ 1 RECYCLE [1⟲ 1⛭] Goon with gear from Dead   │
│   │                    │      │ Pool enters play under player's control.     │
└───┴────────────────────┴──────┴──────────────────────────────────────────────┘
Dead Pool 🥩:13 ⚙️ :8
         PCU P1 hand (7)          
┏━━━┳━━━━━━━━━━━━━━━━━━━━┳━━━━━━━┓
┃ # ┃ Name               ┃ Cost  ┃
┡━━━╇━━━━━━━━━━━━━━━━━━━━╇━━━━━━━┩
│ 0 │ Mutt⚙️ 🌀           │ 4⟲    │
│ 1 │ Dragoon⚙️ 🌀        │ 6⟲    │
│ 2 │ Mutt⚙️ 🌀           │ 4⟲    │
│ 3 │ Kriegsgheist✋🚫🌀 │ 3⛭ 3⚈ │
│ 4 │ Vex🔶✋🥩🌀        │ 4⟲    │
│ 5 │ Mutt⚙️ 🌀           │ 4⟲    │
│ 6 │ Dragoon⚙️ 🌀        │ 6⟲    │
└───┴────────────────────┴───────┘
Previous Turn
Turn 25 ends. P2 leaves 9 goons on the board. P1 now has 3 board / 6 hand 
(retired 10); P2 has 9 board / 5 hand (retired 5). Dead Pool holds 24.
  P2 deployed Task Mistres.
  Opponent (P1)'s Void Freak was retired.
  Void Freak was sent to the Dead Pool.
could not pay wind
cannot deploy: requires Krax on your board
cannot deploy: requires Krax on your board
Turn 26 ends. P1 leaves 3 goons on the board. P1 now has 3 board / 6 hand 
(retired 11); P2 has 9 board / 5 hand (retired 5). Dead Pool holds 26.
  P1 deployed Vex.
  P1's Technomancer was retired.
  Technomancer was sent to the Dead Pool.
  Technomancer was sent to the Dead Pool.
Turn 27 | Player: P2
                                  PCU Board P1                                  
┏━━━┳━━━━━━━━━━━━━━━━━━━━┳━━━━━━┳━━━━━━━━━━━━━━━━━━━━━━━━━━━━━━━━━━━━━━━━━━━━━━┓
┃ # ┃ Name               ┃ Wind ┃ Abilities                                    ┃
┡━━━╇━━━━━━━━━━━━━━━━━━━━╇━━━━━━╇━━━━━━━━━━━━━━━━━━━━━━━━━━━━━━━━━━━━━━━━━━━━━━┩
│ 0 │ Grim⭐✋🥩🌀       │    0 │ 0 DEFILE NATURE Remove 1 wind from any       │
│   │                    │      │ target Goon.                                 │
│ 1 │ Technomancer🥩⚙️ 🌀 │    0 │ 0 RAISE [1⟲ 1⚈] Goon with meat from Dead     │
│   │                    │      │ Pool enters play under player's control.     │
│   │                    │      │ 1 RECYCLE [1⟲ 1⛭] Goon with gear from Dead   │
│   │                    │      │ Pool enters play under player's control.     │
│ 2 │ Vex🔶✋🥩🌀        │    0 │ 0 PLINK Add 1 wind to target Goon            │
│   │                    │      │ 1 SNIPE [2⟲] Add 2 wind to target Goon       │
│   │                    │      │ 2 DOME [3⟲] Destroy target Goon.             │
└───┴────────────────────┴──────┴──────────────────────────────────────────────┘
                                 NARC Board P2                                  
┏━━━┳━━━━━━━━━━━━━━━━━━━━━━━━┳━━━━━━┳━━━━━━━━━━━━━━━━━━━━━━━━━━━━━━━━━━━━━━━━━━┓
┃ # ┃ Name                   ┃ Wind ┃ Abilities                                ┃
┡━━━╇━━━━━━━━━━━━━━━━━━━━━━━━╇━━━━━━╇━━━━━━━━━━━━━━━━━━━━━━━━━━━━━━━━━━━━━━━━━━┩
│ 0 │ Lokar Simmons⭐✋🥩🚨  │    0 │ 0 RESOURCEFUL [2⟲] Draw a card           │
│ 1 │ Task Mistres⚙️ 🚨       │    1 │ 0 BIDE TIME Mistrex gains Resist until   │
│   │                        │      │ beginning of Player's next turn.         │
│   │                        │      │ 1 TAZING CRACK [1⟲] Target Goon does not │
│   │                        │      │ unwind during its next unwind.           │
│   │                        │      │ 2 DOMINATE [2⟲] Use target Goon ability  │
│   │                        │      │ on a target of Player's choice. Target   │
│   │                        │      │ Goon pays wind as it would on its turn.  │
│ 2 │ Compliance Auditon⚙️ 🚨 │    0 │ 0 LITIGIOUS GRIDLOCK [1⟲] Target goon    │
│   │                        │      │ does not unwind in its next unwind       │
│   │                        │      │ phase.                                   │
│ 3 │ Impact Simulant⚙️ 🚨    │    0 │ -                                        │
│ 4 │ Dormex Lurker🚫⚙️ 🚨    │    0 │ 0 SELF DESTRUCT Destroy Lurker, add 3    │
│   │                        │      │ wind to target Goon                      │
│   │                        │      │ 1 REACTIVE MUNITIONS Destroy Goon who    │
│   │                        │      │ destroys Lurker.                         │
│ 5 │ Sausage Droid🥩⚙️ 🚨    │    0 │ 0 PROCESS [1⟲ 1⚈] Burn 1 biological from │
│   │                        │      │ Dead Pool to remove 1 wind from target   │
│   │                        │      │ Goon.                                    │
│   │                        │      │ 1 OVERCLOCKED BURST [1⟲] Banish 1        │
│   │                        │      │ mechanical from Dead Pool to add 1 wind  │
│   │                        │      │ to target Goon.                          │
│ 6 │ Hover Shield⚙️ 🚨       │    0 │ 0 COVER [1⟲] Target Goon may not be      │
│   │                        │      │ targeted by enemy Goon abilities until   │
│   │                        │      │ the beginning of player's next turn.     │
│ 7 │ K-9.0⚙️ 🚨              │    0 │ 0 SCAN FOR VULNERABILITY [2⟲] A goon may │
│   │                        │      │ use an ability twice on the scanned      │
│   │                        │      │ target this turn.                        │
│ 8 │ Task Mistres⚙️ 🚨       │    0 │ 0 BIDE TIME Mistrex gains Resist until   │
│   │                        │      │ beginning of Player's next turn.         │
│   │                        │      │ 1 TAZING CRACK [1⟲] Target Goon does not │
│   │                        │      │ unwind during its next unwind.           │
│   │                        │      │ 2 DOMINATE [2⟲] Use target Goon ability  │
│   │                        │      │ on a target of Player's choice. Target   │
│   │                        │      │ Goon pays wind as it would on its turn.  │
└───┴────────────────────────┴──────┴──────────────────────────────────────────┘
Dead Pool 🥩:15 ⚙️ :10
           NARC P2 hand (6)            
┏━━━┳━━━━━━━━━━━━━━━━━━━━━━━━━━┳━━━━━━┓
┃ # ┃ Name                     ┃ Cost ┃
┡━━━╇━━━━━━━━━━━━━━━━━━━━━━━━━━╇━━━━━━┩
│ 0 │ Buzzkill🔶✋⚙️ 🚨         │ 5⟲   │
│ 1 │ Sentry Node⚙️ 🚨          │ 4⟲   │
│ 2 │ Bruut Enforcer🔶✋🚫⚙️ 🚨 │ 4⟲   │
│ 3 │ Bruut Enforcer🔶✋🚫⚙️ 🚨 │ 4⟲   │
│ 4 │ K-9.0⚙️ 🚨                │ 3⟲   │
│ 5 │ Compliance Auditon⚙️ 🚨   │ 1⟲   │
└───┴──────────────────────────┴──────┘
Previous Turn
Turn 26 ends. P1 leaves 3 goons on the board. P1 now has 3 board / 6 hand 
(retired 11); P2 has 9 board / 5 hand (retired 5). Dead Pool holds 26.
  P1 deployed Vex.
  P1's Technomancer was retired.
  Technomancer was sent to the Dead Pool.
  Technomancer was sent to the Dead Pool.
Turn 27 ends. P2 leaves 10 goons on the board. P1 now has 2 board / 6 hand 
(retired 12); P2 has 10 board / 5 hand (retired 5). Dead Pool holds 27.
  P2 deployed Compliance Auditon.
  Opponent (P1)'s Grim was retired.
  Grim was sent to the Dead Pool.
Game over! Winner: P2
Game over! Winner: P2 after 27 turns. P1 retired 12; P2 retired 5; Dead Pool 
totals 27.
