Goon Squad Galaxy Simulator
Commands:
  help | quit(q) | end(e)
  Deploy: dN or d N (e.g. d0) | Double deploy: ddN
           Add contributors after the command, e.g. d0 0 1 1
  View: deadpool (dp)
  Pay wind: pay <amount> p1|p2:idx[,idx]
  Use ability: u <src> <abil>
    Target shorthand: uN A>targets (enemy) or uN A<targets (ally); example: u2 
0>3 4
  Inspect cards: vh hand card, vb board card, vo opponent board
  AI assist: ai 
Turn and game summaries print automatically after each end of turn.
Start flags: --ai p1|p2|both (auto-turns for AI), --auto
See: gamerules.md
Tip: Type ai to have the current player act once.
Use ai p1 or ai p2 to target a side.
Deploy with dN (you can list contributors: e.g. d0 0 1 1); end turn with e or 
end.
Turn 1 | Player: P2
                                  PCU Board P1                                  
┏━━━┳━━━━━━━━━━━━━━┳━━━━━━┳━━━━━━━━━━━━━━━━━━━━━━━━━━━━━━━━━━━━━━━━━━━━━━━━━━━━┓
┃ # ┃ Name         ┃ Wind ┃ Abilities                                          ┃
┡━━━╇━━━━━━━━━━━━━━╇━━━━━━╇━━━━━━━━━━━━━━━━━━━━━━━━━━━━━━━━━━━━━━━━━━━━━━━━━━━━┩
│ 0 │ Grim⭐✋🥩🌀 │    0 │ 0 DEFILE NATURE Remove 1 wind from any target      │
│   │              │      │ Goon.                                              │
└───┴──────────────┴──────┴────────────────────────────────────────────────────┘
                            NARC Board P2                            
┏━━━┳━━━━━━━━━━━━━━━━━━━━━━━┳━━━━━━┳━━━━━━━━━━━━━━━━━━━━━━━━━━━━━━━━┓
┃ # ┃ Name                  ┃ Wind ┃ Abilities                      ┃
┡━━━╇━━━━━━━━━━━━━━━━━━━━━━━╇━━━━━━╇━━━━━━━━━━━━━━━━━━━━━━━━━━━━━━━━┩
│ 0 │ Lokar Simmons⭐✋🥩🚨 │    0 │ 0 RESOURCEFUL [2⟲] Draw a card │
└───┴───────────────────────┴──────┴────────────────────────────────┘
Dead Pool 🥩:0 ⚙️ :0
           NARC P2 hand (6)           
┏━━━┳━━━━━━━━━━━━━━━━━━━━━━━━━┳━━━━━━┓
┃ # ┃ Name                    ┃ Cost ┃
┡━━━╇━━━━━━━━━━━━━━━━━━━━━━━━━╇━━━━━━┩
│ 0 │ Target Marker Probe⚙️ 🚨 │ 1⟲   │
│ 1 │ Buzzkill🔶✋⚙️ 🚨        │ 5⟲   │
│ 2 │ Task Mistres⚙️ 🚨        │ 2⟲   │
│ 3 │ Compliance Auditon⚙️ 🚨  │ 1⟲   │
│ 4 │ Task Mistres⚙️ 🚨        │ 2⟲   │
│ 5 │ Sausage Droid🥩⚙️ 🚨     │ 1⟲   │
└───┴─────────────────────────┴──────┘
Turn 1 ends. P2 leaves 2 goons on the board. P1 now has 1 board / 6 hand 
(retired 0); P2 has 2 board / 5 hand (retired 0). Dead Pool holds 0.
  P2 deployed Target Marker Probe.
Turn 2 | Player: P1
                                 NARC Board P2                                  
┏━━━┳━━━━━━━━━━━━━━━━━━━━━━━━━┳━━━━━━┳━━━━━━━━━━━━━━━━━━━━━━━━━━━━━━━━━━━━━━━━━┓
┃ # ┃ Name                    ┃ Wind ┃ Abilities                               ┃
┡━━━╇━━━━━━━━━━━━━━━━━━━━━━━━━╇━━━━━━╇━━━━━━━━━━━━━━━━━━━━━━━━━━━━━━━━━━━━━━━━━┩
│ 0 │ Lokar Simmons⭐✋🥩🚨   │    1 │ 0 RESOURCEFUL [2⟲] Draw a card          │
│ 1 │ Target Marker Probe⚙️ 🚨 │    0 │ 0 MARK TARGET [1⟲] When a Goon adds     │
│   │                         │      │ wind as damage to the MARKED target     │
│   │                         │      │ this turn, increase by 1. Nob Lobber    │
│   │                         │      │ and Marine Marauder may forego wind     │
│   │                         │      │ cost when targeting only the MARKED     │
│   │                         │      │ target.                                 │
└───┴─────────────────────────┴──────┴─────────────────────────────────────────┘
                                  PCU Board P1                                  
┏━━━┳━━━━━━━━━━━━━━┳━━━━━━┳━━━━━━━━━━━━━━━━━━━━━━━━━━━━━━━━━━━━━━━━━━━━━━━━━━━━┓
┃ # ┃ Name         ┃ Wind ┃ Abilities                                          ┃
┡━━━╇━━━━━━━━━━━━━━╇━━━━━━╇━━━━━━━━━━━━━━━━━━━━━━━━━━━━━━━━━━━━━━━━━━━━━━━━━━━━┩
│ 0 │ Grim⭐✋🥩🌀 │    0 │ 0 DEFILE NATURE Remove 1 wind from any target      │
│   │              │      │ Goon.                                              │
└───┴──────────────┴──────┴────────────────────────────────────────────────────┘
Dead Pool 🥩:0 ⚙️ :0
           PCU P1 hand (7)           
┏━━━┳━━━━━━━━━━━━━━━━━━━━━━━━┳━━━━━━┓
┃ # ┃ Name                   ┃ Cost ┃
┡━━━╇━━━━━━━━━━━━━━━━━━━━━━━━╇━━━━━━┩
│ 0 │ Restless Natives🚫🥩🌀 │ 2⟲   │
│ 1 │ Void Freak🚫🥩🌀       │ 1⟲   │
│ 2 │ Meat Vegetable🥩🌀     │ -    │
│ 3 │ Käsekobold🥩🌀         │ 2⟲   │
│ 4 │ Krax🔶✋🥩🌀           │ 6⟲   │
│ 5 │ Vex🔶✋🥩🌀            │ 4⟲   │
│ 6 │ Nives⚙️ 🌀              │ 4⟲   │
└───┴────────────────────────┴──────┘
Previous Turn
Turn 1 ends. P2 leaves 2 goons on the board. P1 now has 1 board / 6 hand 
(retired 0); P2 has 2 board / 5 hand (retired 0). Dead Pool holds 0.
  P2 deployed Target Marker Probe.
Turn 2 ends. P1 leaves 2 goons on the board. P1 now has 2 board / 6 hand 
(retired 0); P2 has 2 board / 5 hand (retired 0). Dead Pool holds 0.
  P1 deployed Meat Vegetable.
Turn 3 | Player: P2
                                  PCU Board P1                                  
┏━━━┳━━━━━━━━━━━━━━━━━━━━┳━━━━━━┳━━━━━━━━━━━━━━━━━━━━━━━━━━━━━━━━━━━━━━━━━━━━━━┓
┃ # ┃ Name               ┃ Wind ┃ Abilities                                    ┃
┡━━━╇━━━━━━━━━━━━━━━━━━━━╇━━━━━━╇━━━━━━━━━━━━━━━━━━━━━━━━━━━━━━━━━━━━━━━━━━━━━━┩
│ 0 │ Grim⭐✋🥩🌀       │    0 │ 0 DEFILE NATURE Remove 1 wind from any       │
│   │                    │      │ target Goon.                                 │
│ 1 │ Meat Vegetable🥩🌀 │    0 │ -                                            │
└───┴────────────────────┴──────┴──────────────────────────────────────────────┘
                                 NARC Board P2                                  
┏━━━┳━━━━━━━━━━━━━━━━━━━━━━━━━┳━━━━━━┳━━━━━━━━━━━━━━━━━━━━━━━━━━━━━━━━━━━━━━━━━┓
┃ # ┃ Name                    ┃ Wind ┃ Abilities                               ┃
┡━━━╇━━━━━━━━━━━━━━━━━━━━━━━━━╇━━━━━━╇━━━━━━━━━━━━━━━━━━━━━━━━━━━━━━━━━━━━━━━━━┩
│ 0 │ Lokar Simmons⭐✋🥩🚨   │    0 │ 0 RESOURCEFUL [2⟲] Draw a card          │
│ 1 │ Target Marker Probe⚙️ 🚨 │    0 │ 0 MARK TARGET [1⟲] When a Goon adds     │
│   │                         │      │ wind as damage to the MARKED target     │
│   │                         │      │ this turn, increase by 1. Nob Lobber    │
│   │                         │      │ and Marine Marauder may forego wind     │
│   │                         │      │ cost when targeting only the MARKED     │
│   │                         │      │ target.                                 │
└───┴─────────────────────────┴──────┴─────────────────────────────────────────┘
Dead Pool 🥩:0 ⚙️ :0
          NARC P2 hand (6)           
┏━━━┳━━━━━━━━━━━━━━━━━━━━━━━━┳━━━━━━┓
┃ # ┃ Name                   ┃ Cost ┃
┡━━━╇━━━━━━━━━━━━━━━━━━━━━━━━╇━━━━━━┩
│ 0 │ Buzzkill🔶✋⚙️ 🚨       │ 5⟲   │
│ 1 │ Task Mistres⚙️ 🚨       │ 2⟲   │
│ 2 │ Compliance Auditon⚙️ 🚨 │ 1⟲   │
│ 3 │ Task Mistres⚙️ 🚨       │ 2⟲   │
│ 4 │ Sausage Droid🥩⚙️ 🚨    │ 1⟲   │
│ 5 │ Nob Lobber⚙️ 🚨         │ 4⟲   │
└───┴────────────────────────┴──────┘
Previous Turn
Turn 2 ends. P1 leaves 2 goons on the board. P1 now has 2 board / 6 hand 
(retired 0); P2 has 2 board / 5 hand (retired 0). Dead Pool holds 0.
  P1 deployed Meat Vegetable.
Turn 3 ends. P2 leaves 3 goons on the board. P1 now has 2 board / 6 hand 
(retired 0); P2 has 3 board / 5 hand (retired 0). Dead Pool holds 0.
  P2 deployed Compliance Auditon.
Turn 4 | Player: P1
                                 NARC Board P2                                  
┏━━━┳━━━━━━━━━━━━━━━━━━━━━━━━━┳━━━━━━┳━━━━━━━━━━━━━━━━━━━━━━━━━━━━━━━━━━━━━━━━━┓
┃ # ┃ Name                    ┃ Wind ┃ Abilities                               ┃
┡━━━╇━━━━━━━━━━━━━━━━━━━━━━━━━╇━━━━━━╇━━━━━━━━━━━━━━━━━━━━━━━━━━━━━━━━━━━━━━━━━┩
│ 0 │ Lokar Simmons⭐✋🥩🚨   │    0 │ 0 RESOURCEFUL [2⟲] Draw a card          │
│ 1 │ Target Marker Probe⚙️ 🚨 │    1 │ 0 MARK TARGET [1⟲] When a Goon adds     │
│   │                         │      │ wind as damage to the MARKED target     │
│   │                         │      │ this turn, increase by 1. Nob Lobber    │
│   │                         │      │ and Marine Marauder may forego wind     │
│   │                         │      │ cost when targeting only the MARKED     │
│   │                         │      │ target.                                 │
│ 2 │ Compliance Auditon⚙️ 🚨  │    0 │ 0 LITIGIOUS GRIDLOCK [1⟲] Target goon   │
│   │                         │      │ does not unwind in its next unwind      │
│   │                         │      │ phase.                                  │
└───┴─────────────────────────┴──────┴─────────────────────────────────────────┘
                                  PCU Board P1                                  
┏━━━┳━━━━━━━━━━━━━━━━━━━━┳━━━━━━┳━━━━━━━━━━━━━━━━━━━━━━━━━━━━━━━━━━━━━━━━━━━━━━┓
┃ # ┃ Name               ┃ Wind ┃ Abilities                                    ┃
┡━━━╇━━━━━━━━━━━━━━━━━━━━╇━━━━━━╇━━━━━━━━━━━━━━━━━━━━━━━━━━━━━━━━━━━━━━━━━━━━━━┩
│ 0 │ Grim⭐✋🥩🌀       │    0 │ 0 DEFILE NATURE Remove 1 wind from any       │
│   │                    │      │ target Goon.                                 │
│ 1 │ Meat Vegetable🥩🌀 │    0 │ -                                            │
└───┴────────────────────┴──────┴──────────────────────────────────────────────┘
Dead Pool 🥩:0 ⚙️ :0
           PCU P1 hand (7)           
┏━━━┳━━━━━━━━━━━━━━━━━━━━━━━━┳━━━━━━┓
┃ # ┃ Name                   ┃ Cost ┃
┡━━━╇━━━━━━━━━━━━━━━━━━━━━━━━╇━━━━━━┩
│ 0 │ Restless Natives🚫🥩🌀 │ 2⟲   │
│ 1 │ Void Freak🚫🥩🌀       │ 1⟲   │
│ 2 │ Käsekobold🥩🌀         │ 2⟲   │
│ 3 │ Krax🔶✋🥩🌀           │ 6⟲   │
│ 4 │ Vex🔶✋🥩🌀            │ 4⟲   │
│ 5 │ Nives⚙️ 🌀              │ 4⟲   │
│ 6 │ Annihilist Overseer🌀  │ 4⟲   │
└───┴────────────────────────┴──────┘
Previous Turn
Turn 3 ends. P2 leaves 3 goons on the board. P1 now has 2 board / 6 hand 
(retired 0); P2 has 3 board / 5 hand (retired 0). Dead Pool holds 0.
  P2 deployed Compliance Auditon.
Turn 4 ends. P1 leaves 3 goons on the board. P1 now has 3 board / 6 hand 
(retired 0); P2 has 3 board / 5 hand (retired 0). Dead Pool holds 0.
  P1 deployed Void Freak.
Turn 5 | Player: P2
                                  PCU Board P1                                  
┏━━━┳━━━━━━━━━━━━━━━━━━━━┳━━━━━━┳━━━━━━━━━━━━━━━━━━━━━━━━━━━━━━━━━━━━━━━━━━━━━━┓
┃ # ┃ Name               ┃ Wind ┃ Abilities                                    ┃
┡━━━╇━━━━━━━━━━━━━━━━━━━━╇━━━━━━╇━━━━━━━━━━━━━━━━━━━━━━━━━━━━━━━━━━━━━━━━━━━━━━┩
│ 0 │ Grim⭐✋🥩🌀       │    0 │ 0 DEFILE NATURE Remove 1 wind from any       │
│   │                    │      │ target Goon.                                 │
│ 1 │ Meat Vegetable🥩🌀 │    1 │ -                                            │
│ 2 │ Void Freak🚫🥩🌀   │    0 │ 0 THRASHING VAULT [1⟲] Add 1 wind to target  │
│   │                    │      │ Goon. Must always use this ability on owners │
│   │                    │      │ turn if able                                 │
│   │                    │      │ 1 BLOODLUST Must attack if able.             │
└───┴────────────────────┴──────┴──────────────────────────────────────────────┘
                                 NARC Board P2                                  
┏━━━┳━━━━━━━━━━━━━━━━━━━━━━━━━┳━━━━━━┳━━━━━━━━━━━━━━━━━━━━━━━━━━━━━━━━━━━━━━━━━┓
┃ # ┃ Name                    ┃ Wind ┃ Abilities                               ┃
┡━━━╇━━━━━━━━━━━━━━━━━━━━━━━━━╇━━━━━━╇━━━━━━━━━━━━━━━━━━━━━━━━━━━━━━━━━━━━━━━━━┩
│ 0 │ Lokar Simmons⭐✋🥩🚨   │    0 │ 0 RESOURCEFUL [2⟲] Draw a card          │
│ 1 │ Target Marker Probe⚙️ 🚨 │    0 │ 0 MARK TARGET [1⟲] When a Goon adds     │
│   │                         │      │ wind as damage to the MARKED target     │
│   │                         │      │ this turn, increase by 1. Nob Lobber    │
│   │                         │      │ and Marine Marauder may forego wind     │
│   │                         │      │ cost when targeting only the MARKED     │
│   │                         │      │ target.                                 │
│ 2 │ Compliance Auditon⚙️ 🚨  │    0 │ 0 LITIGIOUS GRIDLOCK [1⟲] Target goon   │
│   │                         │      │ does not unwind in its next unwind      │
│   │                         │      │ phase.                                  │
└───┴─────────────────────────┴──────┴─────────────────────────────────────────┘
Dead Pool 🥩:0 ⚙️ :0
         NARC P2 hand (6)          
┏━━━┳━━━━━━━━━━━━━━━━━━━━━━┳━━━━━━┓
┃ # ┃ Name                 ┃ Cost ┃
┡━━━╇━━━━━━━━━━━━━━━━━━━━━━╇━━━━━━┩
│ 0 │ Buzzkill🔶✋⚙️ 🚨     │ 5⟲   │
│ 1 │ Task Mistres⚙️ 🚨     │ 2⟲   │
│ 2 │ Task Mistres⚙️ 🚨     │ 2⟲   │
│ 3 │ Sausage Droid🥩⚙️ 🚨  │ 1⟲   │
│ 4 │ Nob Lobber⚙️ 🚨       │ 4⟲   │
│ 5 │ Detainment Probe⚙️ 🚨 │ 1⟲   │
└───┴──────────────────────┴──────┘
Previous Turn
Turn 4 ends. P1 leaves 3 goons on the board. P1 now has 3 board / 6 hand 
(retired 0); P2 has 3 board / 5 hand (retired 0). Dead Pool holds 0.
  P1 deployed Void Freak.
Turn 5 ends. P2 leaves 4 goons on the board. P1 now has 3 board / 6 hand 
(retired 0); P2 has 4 board / 5 hand (retired 0). Dead Pool holds 0.
  P2 deployed Sausage Droid.
Turn 6 | Player: P1
                                 NARC Board P2                                  
┏━━━┳━━━━━━━━━━━━━━━━━━━━━━━━━┳━━━━━━┳━━━━━━━━━━━━━━━━━━━━━━━━━━━━━━━━━━━━━━━━━┓
┃ # ┃ Name                    ┃ Wind ┃ Abilities                               ┃
┡━━━╇━━━━━━━━━━━━━━━━━━━━━━━━━╇━━━━━━╇━━━━━━━━━━━━━━━━━━━━━━━━━━━━━━━━━━━━━━━━━┩
│ 0 │ Lokar Simmons⭐✋🥩🚨   │    0 │ 0 RESOURCEFUL [2⟲] Draw a card          │
│ 1 │ Target Marker Probe⚙️ 🚨 │    1 │ 0 MARK TARGET [1⟲] When a Goon adds     │
│   │                         │      │ wind as damage to the MARKED target     │
│   │                         │      │ this turn, increase by 1. Nob Lobber    │
│   │                         │      │ and Marine Marauder may forego wind     │
│   │                         │      │ cost when targeting only the MARKED     │
│   │                         │      │ target.                                 │
│ 2 │ Compliance Auditon⚙️ 🚨  │    0 │ 0 LITIGIOUS GRIDLOCK [1⟲] Target goon   │
│   │                         │      │ does not unwind in its next unwind      │
│   │                         │      │ phase.                                  │
│ 3 │ Sausage Droid🥩⚙️ 🚨     │    0 │ 0 PROCESS [1⟲ 1⚈] Burn 1 biological     │
│   │                         │      │ from Dead Pool to remove 1 wind from    │
│   │                         │      │ target Goon.                            │
│   │                         │      │ 1 OVERCLOCKED BURST [1⟲] Banish 1       │
│   │                         │      │ mechanical from Dead Pool to add 1 wind │
│   │                         │      │ to target Goon.                         │
└───┴─────────────────────────┴──────┴─────────────────────────────────────────┘
                                  PCU Board P1                                  
┏━━━┳━━━━━━━━━━━━━━━━━━━━┳━━━━━━┳━━━━━━━━━━━━━━━━━━━━━━━━━━━━━━━━━━━━━━━━━━━━━━┓
┃ # ┃ Name               ┃ Wind ┃ Abilities                                    ┃
┡━━━╇━━━━━━━━━━━━━━━━━━━━╇━━━━━━╇━━━━━━━━━━━━━━━━━━━━━━━━━━━━━━━━━━━━━━━━━━━━━━┩
│ 0 │ Grim⭐✋🥩🌀       │    0 │ 0 DEFILE NATURE Remove 1 wind from any       │
│   │                    │      │ target Goon.                                 │
│ 1 │ Meat Vegetable🥩🌀 │    0 │ -                                            │
│ 2 │ Void Freak🚫🥩🌀   │    0 │ 0 THRASHING VAULT [1⟲] Add 1 wind to target  │
│   │                    │      │ Goon. Must always use this ability on owners │
│   │                    │      │ turn if able                                 │
│   │                    │      │ 1 BLOODLUST Must attack if able.             │
└───┴────────────────────┴──────┴──────────────────────────────────────────────┘
Dead Pool 🥩:0 ⚙️ :0
           PCU P1 hand (7)           
┏━━━┳━━━━━━━━━━━━━━━━━━━━━━━━┳━━━━━━┓
┃ # ┃ Name                   ┃ Cost ┃
┡━━━╇━━━━━━━━━━━━━━━━━━━━━━━━╇━━━━━━┩
│ 0 │ Restless Natives🚫🥩🌀 │ 2⟲   │
│ 1 │ Käsekobold🥩🌀         │ 2⟲   │
│ 2 │ Krax🔶✋🥩🌀           │ 6⟲   │
│ 3 │ Vex🔶✋🥩🌀            │ 4⟲   │
│ 4 │ Nives⚙️ 🌀              │ 4⟲   │
│ 5 │ Annihilist Overseer🌀  │ 4⟲   │
│ 6 │ Meat Vegetable🥩🌀     │ -    │
└───┴────────────────────────┴──────┘
Previous Turn
Turn 5 ends. P2 leaves 4 goons on the board. P1 now has 3 board / 6 hand 
(retired 0); P2 has 4 board / 5 hand (retired 0). Dead Pool holds 0.
  P2 deployed Sausage Droid.
Turn 6 ends. P1 leaves 4 goons on the board. P1 now has 4 board / 6 hand 
(retired 0); P2 has 4 board / 5 hand (retired 0). Dead Pool holds 0.
  P1 deployed Meat Vegetable.
Turn 7 | Player: P2
                                  PCU Board P1                                  
┏━━━┳━━━━━━━━━━━━━━━━━━━━┳━━━━━━┳━━━━━━━━━━━━━━━━━━━━━━━━━━━━━━━━━━━━━━━━━━━━━━┓
┃ # ┃ Name               ┃ Wind ┃ Abilities                                    ┃
┡━━━╇━━━━━━━━━━━━━━━━━━━━╇━━━━━━╇━━━━━━━━━━━━━━━━━━━━━━━━━━━━━━━━━━━━━━━━━━━━━━┩
│ 0 │ Grim⭐✋🥩🌀       │    0 │ 0 DEFILE NATURE Remove 1 wind from any       │
│   │                    │      │ target Goon.                                 │
│ 1 │ Meat Vegetable🥩🌀 │    0 │ -                                            │
│ 2 │ Void Freak🚫🥩🌀   │    1 │ 0 THRASHING VAULT [1⟲] Add 1 wind to target  │
│   │                    │      │ Goon. Must always use this ability on owners │
│   │                    │      │ turn if able                                 │
│   │                    │      │ 1 BLOODLUST Must attack if able.             │
│ 3 │ Meat Vegetable🥩🌀 │    0 │ -                                            │
└───┴────────────────────┴──────┴──────────────────────────────────────────────┘
                                 NARC Board P2                                  
┏━━━┳━━━━━━━━━━━━━━━━━━━━━━━━━┳━━━━━━┳━━━━━━━━━━━━━━━━━━━━━━━━━━━━━━━━━━━━━━━━━┓
┃ # ┃ Name                    ┃ Wind ┃ Abilities                               ┃
┡━━━╇━━━━━━━━━━━━━━━━━━━━━━━━━╇━━━━━━╇━━━━━━━━━━━━━━━━━━━━━━━━━━━━━━━━━━━━━━━━━┩
│ 0 │ Lokar Simmons⭐✋🥩🚨   │    0 │ 0 RESOURCEFUL [2⟲] Draw a card          │
│ 1 │ Target Marker Probe⚙️ 🚨 │    1 │ 0 MARK TARGET [1⟲] When a Goon adds     │
│   │                         │      │ wind as damage to the MARKED target     │
│   │                         │      │ this turn, increase by 1. Nob Lobber    │
│   │                         │      │ and Marine Marauder may forego wind     │
│   │                         │      │ cost when targeting only the MARKED     │
│   │                         │      │ target.                                 │
│ 2 │ Compliance Auditon⚙️ 🚨  │    0 │ 0 LITIGIOUS GRIDLOCK [1⟲] Target goon   │
│   │                         │      │ does not unwind in its next unwind      │
│   │                         │      │ phase.                                  │
│ 3 │ Sausage Droid🥩⚙️ 🚨     │    0 │ 0 PROCESS [1⟲ 1⚈] Burn 1 biological     │
│   │                         │      │ from Dead Pool to remove 1 wind from    │
│   │                         │      │ target Goon.                            │
│   │                         │      │ 1 OVERCLOCKED BURST [1⟲] Banish 1       │
│   │                         │      │ mechanical from Dead Pool to add 1 wind │
│   │                         │      │ to target Goon.                         │
└───┴─────────────────────────┴──────┴─────────────────────────────────────────┘
Dead Pool 🥩:0 ⚙️ :0
         NARC P2 hand (6)          
┏━━━┳━━━━━━━━━━━━━━━━━━━━━━┳━━━━━━┓
┃ # ┃ Name                 ┃ Cost ┃
┡━━━╇━━━━━━━━━━━━━━━━━━━━━━╇━━━━━━┩
│ 0 │ Buzzkill🔶✋⚙️ 🚨     │ 5⟲   │
│ 1 │ Task Mistres⚙️ 🚨     │ 2⟲   │
│ 2 │ Task Mistres⚙️ 🚨     │ 2⟲   │
│ 3 │ Nob Lobber⚙️ 🚨       │ 4⟲   │
│ 4 │ Detainment Probe⚙️ 🚨 │ 1⟲   │
│ 5 │ MediFlux-1NDS⚙️ 🚨    │ 2⟲   │
└───┴──────────────────────┴──────┘
Previous Turn
Turn 6 ends. P1 leaves 4 goons on the board. P1 now has 4 board / 6 hand 
(retired 0); P2 has 4 board / 5 hand (retired 0). Dead Pool holds 0.
  P1 deployed Meat Vegetable.
Turn 7 ends. P2 leaves 5 goons on the board. P1 now has 4 board / 6 hand 
(retired 0); P2 has 5 board / 5 hand (retired 0). Dead Pool holds 0.
  P2 deployed Detainment Probe.
Turn 8 | Player: P1
                                 NARC Board P2                                  
┏━━━┳━━━━━━━━━━━━━━━━━━━━━━━━━┳━━━━━━┳━━━━━━━━━━━━━━━━━━━━━━━━━━━━━━━━━━━━━━━━━┓
┃ # ┃ Name                    ┃ Wind ┃ Abilities                               ┃
┡━━━╇━━━━━━━━━━━━━━━━━━━━━━━━━╇━━━━━━╇━━━━━━━━━━━━━━━━━━━━━━━━━━━━━━━━━━━━━━━━━┩
│ 0 │ Lokar Simmons⭐✋🥩🚨   │    0 │ 0 RESOURCEFUL [2⟲] Draw a card          │
│ 1 │ Target Marker Probe⚙️ 🚨 │    2 │ 0 MARK TARGET [1⟲] When a Goon adds     │
│   │                         │      │ wind as damage to the MARKED target     │
│   │                         │      │ this turn, increase by 1. Nob Lobber    │
│   │                         │      │ and Marine Marauder may forego wind     │
│   │                         │      │ cost when targeting only the MARKED     │
│   │                         │      │ target.                                 │
│ 2 │ Compliance Auditon⚙️ 🚨  │    0 │ 0 LITIGIOUS GRIDLOCK [1⟲] Target goon   │
│   │                         │      │ does not unwind in its next unwind      │
│   │                         │      │ phase.                                  │
│ 3 │ Sausage Droid🥩⚙️ 🚨     │    1 │ 0 PROCESS [1⟲ 1⚈] Burn 1 biological     │
│   │                         │      │ from Dead Pool to remove 1 wind from    │
│   │                         │      │ target Goon.                            │
│   │                         │      │ 1 OVERCLOCKED BURST [1⟲] Banish 1       │
│   │                         │      │ mechanical from Dead Pool to add 1 wind │
│   │                         │      │ to target Goon.                         │
│ 4 │ Detainment Probe⚙️ 🚨    │    0 │ 0 SHACKLE BEAM [1⟲] Target Goon may not │
│   │                         │      │ unwind, act or contribute wind to       │
│   │                         │      │ deploy next turn.                       │
└───┴─────────────────────────┴──────┴─────────────────────────────────────────┘
                                  PCU Board P1                                  
┏━━━┳━━━━━━━━━━━━━━━━━━━━┳━━━━━━┳━━━━━━━━━━━━━━━━━━━━━━━━━━━━━━━━━━━━━━━━━━━━━━┓
┃ # ┃ Name               ┃ Wind ┃ Abilities                                    ┃
┡━━━╇━━━━━━━━━━━━━━━━━━━━╇━━━━━━╇━━━━━━━━━━━━━━━━━━━━━━━━━━━━━━━━━━━━━━━━━━━━━━┩
│ 0 │ Grim⭐✋🥩🌀       │    0 │ 0 DEFILE NATURE Remove 1 wind from any       │
│   │                    │      │ target Goon.                                 │
│ 1 │ Meat Vegetable🥩🌀 │    0 │ -                                            │
│ 2 │ Void Freak🚫🥩🌀   │    2 │ 0 THRASHING VAULT [1⟲] Add 1 wind to target  │
│   │                    │      │ Goon. Must always use this ability on owners │
│   │                    │      │ turn if able                                 │
│   │                    │      │ 1 BLOODLUST Must attack if able.             │
│ 3 │ Meat Vegetable🥩🌀 │    0 │ -                                            │
└───┴────────────────────┴──────┴──────────────────────────────────────────────┘
Dead Pool 🥩:0 ⚙️ :0
           PCU P1 hand (7)           
┏━━━┳━━━━━━━━━━━━━━━━━━━━━━━━┳━━━━━━┓
┃ # ┃ Name                   ┃ Cost ┃
┡━━━╇━━━━━━━━━━━━━━━━━━━━━━━━╇━━━━━━┩
│ 0 │ Restless Natives🚫🥩🌀 │ 2⟲   │
│ 1 │ Käsekobold🥩🌀         │ 2⟲   │
│ 2 │ Krax🔶✋🥩🌀           │ 6⟲   │
│ 3 │ Vex🔶✋🥩🌀            │ 4⟲   │
│ 4 │ Nives⚙️ 🌀              │ 4⟲   │
│ 5 │ Annihilist Overseer🌀  │ 4⟲   │
│ 6 │ Local Singularity🚫🌀  │ 2⟲   │
└───┴────────────────────────┴──────┘
Previous Turn
Turn 7 ends. P2 leaves 5 goons on the board. P1 now has 4 board / 6 hand 
(retired 0); P2 has 5 board / 5 hand (retired 0). Dead Pool holds 0.
  P2 deployed Detainment Probe.
Turn 8 ends. P1 leaves 5 goons on the board. P1 now has 5 board / 6 hand 
(retired 0); P2 has 5 board / 5 hand (retired 0). Dead Pool holds 0.
  P1 deployed Restless Natives.
Turn 9 | Player: P2
                                  PCU Board P1                                  
┏━━━┳━━━━━━━━━━━━━━━━━━━━━━━━┳━━━━━━┳━━━━━━━━━━━━━━━━━━━━━━━━━━━━━━━━━━━━━━━━━━┓
┃ # ┃ Name                   ┃ Wind ┃ Abilities                                ┃
┡━━━╇━━━━━━━━━━━━━━━━━━━━━━━━╇━━━━━━╇━━━━━━━━━━━━━━━━━━━━━━━━━━━━━━━━━━━━━━━━━━┩
│ 0 │ Grim⭐✋🥩🌀           │    0 │ 0 DEFILE NATURE Remove 1 wind from any   │
│   │                        │      │ target Goon.                             │
│ 1 │ Meat Vegetable🥩🌀     │    2 │ -                                        │
│ 2 │ Void Freak🚫🥩🌀       │    3 │ 0 THRASHING VAULT [1⟲] Add 1 wind to     │
│   │                        │      │ target Goon. Must always use this        │
│   │                        │      │ ability on owners turn if able           │
│   │                        │      │ 1 BLOODLUST Must attack if able.         │
│ 3 │ Meat Vegetable🥩🌀     │    0 │ -                                        │
│ 4 │ Restless Natives🚫🥩🌀 │    0 │ 0 MOB [1⟲] Add 1 wind to 2 target Goons  │
│   │                        │      │ 1 STEADY DRUM [1⟲] Remove 1 wind from    │
│   │                        │      │ target allied Goon.                      │
└───┴────────────────────────┴──────┴──────────────────────────────────────────┘
                                 NARC Board P2                                  
┏━━━┳━━━━━━━━━━━━━━━━━━━━━━━━━┳━━━━━━┳━━━━━━━━━━━━━━━━━━━━━━━━━━━━━━━━━━━━━━━━━┓
┃ # ┃ Name                    ┃ Wind ┃ Abilities                               ┃
┡━━━╇━━━━━━━━━━━━━━━━━━━━━━━━━╇━━━━━━╇━━━━━━━━━━━━━━━━━━━━━━━━━━━━━━━━━━━━━━━━━┩
│ 0 │ Lokar Simmons⭐✋🥩🚨   │    0 │ 0 RESOURCEFUL [2⟲] Draw a card          │
│ 1 │ Target Marker Probe⚙️ 🚨 │    2 │ 0 MARK TARGET [1⟲] When a Goon adds     │
│   │                         │      │ wind as damage to the MARKED target     │
│   │                         │      │ this turn, increase by 1. Nob Lobber    │
│   │                         │      │ and Marine Marauder may forego wind     │
│   │                         │      │ cost when targeting only the MARKED     │
│   │                         │      │ target.                                 │
│ 2 │ Compliance Auditon⚙️ 🚨  │    0 │ 0 LITIGIOUS GRIDLOCK [1⟲] Target goon   │
│   │                         │      │ does not unwind in its next unwind      │
│   │                         │      │ phase.                                  │
│ 3 │ Sausage Droid🥩⚙️ 🚨     │    0 │ 0 PROCESS [1⟲ 1⚈] Burn 1 biological     │
│   │                         │      │ from Dead Pool to remove 1 wind from    │
│   │                         │      │ target Goon.                            │
│   │                         │      │ 1 OVERCLOCKED BURST [1⟲] Banish 1       │
│   │                         │      │ mechanical from Dead Pool to add 1 wind │
│   │                         │      │ to target Goon.                         │
│ 4 │ Detainment Probe⚙️ 🚨    │    0 │ 0 SHACKLE BEAM [1⟲] Target Goon may not │
│   │                         │      │ unwind, act or contribute wind to       │
│   │                         │      │ deploy next turn.                       │
└───┴─────────────────────────┴──────┴─────────────────────────────────────────┘
Dead Pool 🥩:0 ⚙️ :0
        NARC P2 hand (6)        
┏━━━┳━━━━━━━━━━━━━━━━━━━┳━━━━━━┓
┃ # ┃ Name              ┃ Cost ┃
┡━━━╇━━━━━━━━━━━━━━━━━━━╇━━━━━━┩
│ 0 │ Buzzkill🔶✋⚙️ 🚨  │ 5⟲   │
│ 1 │ Task Mistres⚙️ 🚨  │ 2⟲   │
│ 2 │ Task Mistres⚙️ 🚨  │ 2⟲   │
│ 3 │ Nob Lobber⚙️ 🚨    │ 4⟲   │
│ 4 │ MediFlux-1NDS⚙️ 🚨 │ 2⟲   │
│ 5 │ MediFlux-1NDS⚙️ 🚨 │ 2⟲   │
└───┴───────────────────┴──────┘
Previous Turn
Turn 8 ends. P1 leaves 5 goons on the board. P1 now has 5 board / 6 hand 
(retired 0); P2 has 5 board / 5 hand (retired 0). Dead Pool holds 0.
  P1 deployed Restless Natives.
Turn 9 ends. P2 leaves 5 goons on the board. P1 now has 5 board / 6 hand 
(retired 0); P2 has 5 board / 5 hand (retired 1). Dead Pool holds 2.
  P2 deployed Task Mistres.
  P2's Target Marker Probe was retired.
  Target Marker Probe was sent to the Dead Pool.
  Target Marker Probe was sent to the Dead Pool.
Turn 10 | Player: P1
                                 NARC Board P2                                  
┏━━━┳━━━━━━━━━━━━━━━━━━━━━━━━┳━━━━━━┳━━━━━━━━━━━━━━━━━━━━━━━━━━━━━━━━━━━━━━━━━━┓
┃ # ┃ Name                   ┃ Wind ┃ Abilities                                ┃
┡━━━╇━━━━━━━━━━━━━━━━━━━━━━━━╇━━━━━━╇━━━━━━━━━━━━━━━━━━━━━━━━━━━━━━━━━━━━━━━━━━┩
│ 0 │ Lokar Simmons⭐✋🥩🚨  │    0 │ 0 RESOURCEFUL [2⟲] Draw a card           │
│ 1 │ Compliance Auditon⚙️ 🚨 │    0 │ 0 LITIGIOUS GRIDLOCK [1⟲] Target goon    │
│   │                        │      │ does not unwind in its next unwind       │
│   │                        │      │ phase.                                   │
│ 2 │ Sausage Droid🥩⚙️ 🚨    │    0 │ 0 PROCESS [1⟲ 1⚈] Burn 1 biological from │
│   │                        │      │ Dead Pool to remove 1 wind from target   │
│   │                        │      │ Goon.                                    │
│   │                        │      │ 1 OVERCLOCKED BURST [1⟲] Banish 1        │
│   │                        │      │ mechanical from Dead Pool to add 1 wind  │
│   │                        │      │ to target Goon.                          │
│ 3 │ Detainment Probe⚙️ 🚨   │    1 │ 0 SHACKLE BEAM [1⟲] Target Goon may not  │
│   │                        │      │ unwind, act or contribute wind to deploy │
│   │                        │      │ next turn.                               │
│ 4 │ Task Mistres⚙️ 🚨       │    0 │ 0 BIDE TIME Mistrex gains Resist until   │
│   │                        │      │ beginning of Player's next turn.         │
│   │                        │      │ 1 TAZING CRACK [1⟲] Target Goon does not │
│   │                        │      │ unwind during its next unwind.           │
│   │                        │      │ 2 DOMINATE [2⟲] Use target Goon ability  │
│   │                        │      │ on a target of Player's choice. Target   │
│   │                        │      │ Goon pays wind as it would on its turn.  │
└───┴────────────────────────┴──────┴──────────────────────────────────────────┘
                                  PCU Board P1                                  
┏━━━┳━━━━━━━━━━━━━━━━━━━━━━━━┳━━━━━━┳━━━━━━━━━━━━━━━━━━━━━━━━━━━━━━━━━━━━━━━━━━┓
┃ # ┃ Name                   ┃ Wind ┃ Abilities                                ┃
┡━━━╇━━━━━━━━━━━━━━━━━━━━━━━━╇━━━━━━╇━━━━━━━━━━━━━━━━━━━━━━━━━━━━━━━━━━━━━━━━━━┩
│ 0 │ Grim⭐✋🥩🌀           │    0 │ 0 DEFILE NATURE Remove 1 wind from any   │
│   │                        │      │ target Goon.                             │
│ 1 │ Meat Vegetable🥩🌀     │    1 │ -                                        │
│ 2 │ Void Freak🚫🥩🌀       │    3 │ 0 THRASHING VAULT [1⟲] Add 1 wind to     │
│   │                        │      │ target Goon. Must always use this        │
│   │                        │      │ ability on owners turn if able           │
│   │                        │      │ 1 BLOODLUST Must attack if able.         │
│ 3 │ Meat Vegetable🥩🌀     │    0 │ -                                        │
│ 4 │ Restless Natives🚫🥩🌀 │    0 │ 0 MOB [1⟲] Add 1 wind to 2 target Goons  │
│   │                        │      │ 1 STEADY DRUM [1⟲] Remove 1 wind from    │
│   │                        │      │ target allied Goon.                      │
└───┴────────────────────────┴──────┴──────────────────────────────────────────┘
Dead Pool 🥩:0 ⚙️ :2
          PCU P1 hand (7)           
┏━━━┳━━━━━━━━━━━━━━━━━━━━━━━┳━━━━━━┓
┃ # ┃ Name                  ┃ Cost ┃
┡━━━╇━━━━━━━━━━━━━━━━━━━━━━━╇━━━━━━┩
│ 0 │ Käsekobold🥩🌀        │ 2⟲   │
│ 1 │ Krax🔶✋🥩🌀          │ 6⟲   │
│ 2 │ Vex🔶✋🥩🌀           │ 4⟲   │
│ 3 │ Nives⚙️ 🌀             │ 4⟲   │
│ 4 │ Annihilist Overseer🌀 │ 4⟲   │
│ 5 │ Local Singularity🚫🌀 │ 2⟲   │
│ 6 │ Void Freak🚫🥩🌀      │ 1⟲   │
└───┴───────────────────────┴──────┘
Previous Turn
Turn 9 ends. P2 leaves 5 goons on the board. P1 now has 5 board / 6 hand 
(retired 0); P2 has 5 board / 5 hand (retired 1). Dead Pool holds 2.
  P2 deployed Task Mistres.
  P2's Target Marker Probe was retired.
  Target Marker Probe was sent to the Dead Pool.
  Target Marker Probe was sent to the Dead Pool.
Turn 10 ends. P1 leaves 6 goons on the board. P1 now has 6 board / 6 hand 
(retired 0); P2 has 5 board / 5 hand (retired 1). Dead Pool holds 2.
  P1 deployed Void Freak.
Turn 11 | Player: P2
                                  PCU Board P1                                  
┏━━━┳━━━━━━━━━━━━━━━━━━━━━━━━┳━━━━━━┳━━━━━━━━━━━━━━━━━━━━━━━━━━━━━━━━━━━━━━━━━━┓
┃ # ┃ Name                   ┃ Wind ┃ Abilities                                ┃
┡━━━╇━━━━━━━━━━━━━━━━━━━━━━━━╇━━━━━━╇━━━━━━━━━━━━━━━━━━━━━━━━━━━━━━━━━━━━━━━━━━┩
│ 0 │ Grim⭐✋🥩🌀           │    0 │ 0 DEFILE NATURE Remove 1 wind from any   │
│   │                        │      │ target Goon.                             │
│ 1 │ Meat Vegetable🥩🌀     │    2 │ -                                        │
│ 2 │ Void Freak🚫🥩🌀       │    3 │ 0 THRASHING VAULT [1⟲] Add 1 wind to     │
│   │                        │      │ target Goon. Must always use this        │
│   │                        │      │ ability on owners turn if able           │
│   │                        │      │ 1 BLOODLUST Must attack if able.         │
│ 3 │ Meat Vegetable🥩🌀     │    0 │ -                                        │
│ 4 │ Restless Natives🚫🥩🌀 │    1 │ 0 MOB [1⟲] Add 1 wind to 2 target Goons  │
│   │                        │      │ 1 STEADY DRUM [1⟲] Remove 1 wind from    │
│   │                        │      │ target allied Goon.                      │
│ 5 │ Void Freak🚫🥩🌀       │    0 │ 0 THRASHING VAULT [1⟲] Add 1 wind to     │
│   │                        │      │ target Goon. Must always use this        │
│   │                        │      │ ability on owners turn if able           │
│   │                        │      │ 1 BLOODLUST Must attack if able.         │
└───┴────────────────────────┴──────┴──────────────────────────────────────────┘
                                 NARC Board P2                                  
┏━━━┳━━━━━━━━━━━━━━━━━━━━━━━━┳━━━━━━┳━━━━━━━━━━━━━━━━━━━━━━━━━━━━━━━━━━━━━━━━━━┓
┃ # ┃ Name                   ┃ Wind ┃ Abilities                                ┃
┡━━━╇━━━━━━━━━━━━━━━━━━━━━━━━╇━━━━━━╇━━━━━━━━━━━━━━━━━━━━━━━━━━━━━━━━━━━━━━━━━━┩
│ 0 │ Lokar Simmons⭐✋🥩🚨  │    0 │ 0 RESOURCEFUL [2⟲] Draw a card           │
│ 1 │ Compliance Auditon⚙️ 🚨 │    0 │ 0 LITIGIOUS GRIDLOCK [1⟲] Target goon    │
│   │                        │      │ does not unwind in its next unwind       │
│   │                        │      │ phase.                                   │
│ 2 │ Sausage Droid🥩⚙️ 🚨    │    0 │ 0 PROCESS [1⟲ 1⚈] Burn 1 biological from │
│   │                        │      │ Dead Pool to remove 1 wind from target   │
│   │                        │      │ Goon.                                    │
│   │                        │      │ 1 OVERCLOCKED BURST [1⟲] Banish 1        │
│   │                        │      │ mechanical from Dead Pool to add 1 wind  │
│   │                        │      │ to target Goon.                          │
│ 3 │ Detainment Probe⚙️ 🚨   │    1 │ 0 SHACKLE BEAM [1⟲] Target Goon may not  │
│   │                        │      │ unwind, act or contribute wind to deploy │
│   │                        │      │ next turn.                               │
│ 4 │ Task Mistres⚙️ 🚨       │    0 │ 0 BIDE TIME Mistrex gains Resist until   │
│   │                        │      │ beginning of Player's next turn.         │
│   │                        │      │ 1 TAZING CRACK [1⟲] Target Goon does not │
│   │                        │      │ unwind during its next unwind.           │
│   │                        │      │ 2 DOMINATE [2⟲] Use target Goon ability  │
│   │                        │      │ on a target of Player's choice. Target   │
│   │                        │      │ Goon pays wind as it would on its turn.  │
└───┴────────────────────────┴──────┴──────────────────────────────────────────┘
Dead Pool 🥩:0 ⚙️ :2
        NARC P2 hand (6)        
┏━━━┳━━━━━━━━━━━━━━━━━━━┳━━━━━━┓
┃ # ┃ Name              ┃ Cost ┃
┡━━━╇━━━━━━━━━━━━━━━━━━━╇━━━━━━┩
│ 0 │ Buzzkill🔶✋⚙️ 🚨  │ 5⟲   │
│ 1 │ Task Mistres⚙️ 🚨  │ 2⟲   │
│ 2 │ Nob Lobber⚙️ 🚨    │ 4⟲   │
│ 3 │ MediFlux-1NDS⚙️ 🚨 │ 2⟲   │
│ 4 │ MediFlux-1NDS⚙️ 🚨 │ 2⟲   │
│ 5 │ Narcstar🚨        │ 12⟲  │
└───┴───────────────────┴──────┘
Previous Turn
Turn 10 ends. P1 leaves 6 goons on the board. P1 now has 6 board / 6 hand 
(retired 0); P2 has 5 board / 5 hand (retired 1). Dead Pool holds 2.
  P1 deployed Void Freak.
Turn 11 ends. P2 leaves 6 goons on the board. P1 now has 6 board / 6 hand 
(retired 0); P2 has 6 board / 5 hand (retired 1). Dead Pool holds 2.
  P2 deployed Task Mistres.
Turn 12 | Player: P1
                                 NARC Board P2                                  
┏━━━┳━━━━━━━━━━━━━━━━━━━━━━━━┳━━━━━━┳━━━━━━━━━━━━━━━━━━━━━━━━━━━━━━━━━━━━━━━━━━┓
┃ # ┃ Name                   ┃ Wind ┃ Abilities                                ┃
┡━━━╇━━━━━━━━━━━━━━━━━━━━━━━━╇━━━━━━╇━━━━━━━━━━━━━━━━━━━━━━━━━━━━━━━━━━━━━━━━━━┩
│ 0 │ Lokar Simmons⭐✋🥩🚨  │    0 │ 0 RESOURCEFUL [2⟲] Draw a card           │
│ 1 │ Compliance Auditon⚙️ 🚨 │    2 │ 0 LITIGIOUS GRIDLOCK [1⟲] Target goon    │
│   │                        │      │ does not unwind in its next unwind       │
│   │                        │      │ phase.                                   │
│ 2 │ Sausage Droid🥩⚙️ 🚨    │    0 │ 0 PROCESS [1⟲ 1⚈] Burn 1 biological from │
│   │                        │      │ Dead Pool to remove 1 wind from target   │
│   │                        │      │ Goon.                                    │
│   │                        │      │ 1 OVERCLOCKED BURST [1⟲] Banish 1        │
│   │                        │      │ mechanical from Dead Pool to add 1 wind  │
│   │                        │      │ to target Goon.                          │
│ 3 │ Detainment Probe⚙️ 🚨   │    2 │ 0 SHACKLE BEAM [1⟲] Target Goon may not  │
│   │                        │      │ unwind, act or contribute wind to deploy │
│   │                        │      │ next turn.                               │
│ 4 │ Task Mistres⚙️ 🚨       │    0 │ 0 BIDE TIME Mistrex gains Resist until   │
│   │                        │      │ beginning of Player's next turn.         │
│   │                        │      │ 1 TAZING CRACK [1⟲] Target Goon does not │
│   │                        │      │ unwind during its next unwind.           │
│   │                        │      │ 2 DOMINATE [2⟲] Use target Goon ability  │
│   │                        │      │ on a target of Player's choice. Target   │
│   │                        │      │ Goon pays wind as it would on its turn.  │
│ 5 │ Task Mistres⚙️ 🚨       │    0 │ 0 BIDE TIME Mistrex gains Resist until   │
│   │                        │      │ beginning of Player's next turn.         │
│   │                        │      │ 1 TAZING CRACK [1⟲] Target Goon does not │
│   │                        │      │ unwind during its next unwind.           │
│   │                        │      │ 2 DOMINATE [2⟲] Use target Goon ability  │
│   │                        │      │ on a target of Player's choice. Target   │
│   │                        │      │ Goon pays wind as it would on its turn.  │
└───┴────────────────────────┴──────┴──────────────────────────────────────────┘
                                  PCU Board P1                                  
┏━━━┳━━━━━━━━━━━━━━━━━━━━━━━━┳━━━━━━┳━━━━━━━━━━━━━━━━━━━━━━━━━━━━━━━━━━━━━━━━━━┓
┃ # ┃ Name                   ┃ Wind ┃ Abilities                                ┃
┡━━━╇━━━━━━━━━━━━━━━━━━━━━━━━╇━━━━━━╇━━━━━━━━━━━━━━━━━━━━━━━━━━━━━━━━━━━━━━━━━━┩
│ 0 │ Grim⭐✋🥩🌀           │    0 │ 0 DEFILE NATURE Remove 1 wind from any   │
│   │                        │      │ target Goon.                             │
│ 1 │ Meat Vegetable🥩🌀     │    1 │ -                                        │
│ 2 │ Void Freak🚫🥩🌀       │    3 │ 0 THRASHING VAULT [1⟲] Add 1 wind to     │
│   │                        │      │ target Goon. Must always use this        │
│   │                        │      │ ability on owners turn if able           │
│   │                        │      │ 1 BLOODLUST Must attack if able.         │
│ 3 │ Meat Vegetable🥩🌀     │    0 │ -                                        │
│ 4 │ Restless Natives🚫🥩🌀 │    1 │ 0 MOB [1⟲] Add 1 wind to 2 target Goons  │
│   │                        │      │ 1 STEADY DRUM [1⟲] Remove 1 wind from    │
│   │                        │      │ target allied Goon.                      │
│ 5 │ Void Freak🚫🥩🌀       │    0 │ 0 THRASHING VAULT [1⟲] Add 1 wind to     │
│   │                        │      │ target Goon. Must always use this        │
│   │                        │      │ ability on owners turn if able           │
│   │                        │      │ 1 BLOODLUST Must attack if able.         │
└───┴────────────────────────┴──────┴──────────────────────────────────────────┘
Dead Pool 🥩:0 ⚙️ :2
          PCU P1 hand (7)           
┏━━━┳━━━━━━━━━━━━━━━━━━━━━━━┳━━━━━━┓
┃ # ┃ Name                  ┃ Cost ┃
┡━━━╇━━━━━━━━━━━━━━━━━━━━━━━╇━━━━━━┩
│ 0 │ Käsekobold🥩🌀        │ 2⟲   │
│ 1 │ Krax🔶✋🥩🌀          │ 6⟲   │
│ 2 │ Vex🔶✋🥩🌀           │ 4⟲   │
│ 3 │ Nives⚙️ 🌀             │ 4⟲   │
│ 4 │ Annihilist Overseer🌀 │ 4⟲   │
│ 5 │ Local Singularity🚫🌀 │ 2⟲   │
│ 6 │ Krax🔶✋🥩🌀          │ 6⟲   │
└───┴───────────────────────┴──────┘
Previous Turn
Turn 11 ends. P2 leaves 6 goons on the board. P1 now has 6 board / 6 hand 
(retired 0); P2 has 6 board / 5 hand (retired 1). Dead Pool holds 2.
  P2 deployed Task Mistres.
Turn 12 ends. P1 leaves 7 goons on the board. P1 now has 7 board / 6 hand 
(retired 0); P2 has 6 board / 5 hand (retired 1). Dead Pool holds 2.
  P1 deployed Käsekobold.
Turn 13 | Player: P2
                                  PCU Board P1                                  
┏━━━┳━━━━━━━━━━━━━━━━━━━━━━━━┳━━━━━━┳━━━━━━━━━━━━━━━━━━━━━━━━━━━━━━━━━━━━━━━━━━┓
┃ # ┃ Name                   ┃ Wind ┃ Abilities                                ┃
┡━━━╇━━━━━━━━━━━━━━━━━━━━━━━━╇━━━━━━╇━━━━━━━━━━━━━━━━━━━━━━━━━━━━━━━━━━━━━━━━━━┩
│ 0 │ Grim⭐✋🥩🌀           │    0 │ 0 DEFILE NATURE Remove 1 wind from any   │
│   │                        │      │ target Goon.                             │
│ 1 │ Meat Vegetable🥩🌀     │    3 │ -                                        │
│ 2 │ Void Freak🚫🥩🌀       │    3 │ 0 THRASHING VAULT [1⟲] Add 1 wind to     │
│   │                        │      │ target Goon. Must always use this        │
│   │                        │      │ ability on owners turn if able           │
│   │                        │      │ 1 BLOODLUST Must attack if able.         │
│ 3 │ Meat Vegetable🥩🌀     │    0 │ -                                        │
│ 4 │ Restless Natives🚫🥩🌀 │    2 │ 0 MOB [1⟲] Add 1 wind to 2 target Goons  │
│   │                        │      │ 1 STEADY DRUM [1⟲] Remove 1 wind from    │
│   │                        │      │ target allied Goon.                      │
│ 5 │ Void Freak🚫🥩🌀       │    0 │ 0 THRASHING VAULT [1⟲] Add 1 wind to     │
│   │                        │      │ target Goon. Must always use this        │
│   │                        │      │ ability on owners turn if able           │
│   │                        │      │ 1 BLOODLUST Must attack if able.         │
│ 6 │ Käsekobold🥩🌀         │    1 │ 0 ADD NAUSEAM [1⟲] Add 1 wind to target  │
│   │                        │      │ Goon                                     │
│   │                        │      │ 1 REVOLT Add 1 wind to any Goon who      │
│   │                        │      │ targets Käsekobold with ability          │
└───┴────────────────────────┴──────┴──────────────────────────────────────────┘
                                 NARC Board P2                                  
┏━━━┳━━━━━━━━━━━━━━━━━━━━━━━━┳━━━━━━┳━━━━━━━━━━━━━━━━━━━━━━━━━━━━━━━━━━━━━━━━━━┓
┃ # ┃ Name                   ┃ Wind ┃ Abilities                                ┃
┡━━━╇━━━━━━━━━━━━━━━━━━━━━━━━╇━━━━━━╇━━━━━━━━━━━━━━━━━━━━━━━━━━━━━━━━━━━━━━━━━━┩
│ 0 │ Lokar Simmons⭐✋🥩🚨  │    0 │ 0 RESOURCEFUL [2⟲] Draw a card           │
│ 1 │ Compliance Auditon⚙️ 🚨 │    3 │ 0 LITIGIOUS GRIDLOCK [1⟲] Target goon    │
│   │                        │      │ does not unwind in its next unwind       │
│   │                        │      │ phase.                                   │
│ 2 │ Sausage Droid🥩⚙️ 🚨    │    0 │ 0 PROCESS [1⟲ 1⚈] Burn 1 biological from │
│   │                        │      │ Dead Pool to remove 1 wind from target   │
│   │                        │      │ Goon.                                    │
│   │                        │      │ 1 OVERCLOCKED BURST [1⟲] Banish 1        │
│   │                        │      │ mechanical from Dead Pool to add 1 wind  │
│   │                        │      │ to target Goon.                          │
│ 3 │ Detainment Probe⚙️ 🚨   │    1 │ 0 SHACKLE BEAM [1⟲] Target Goon may not  │
│   │                        │      │ unwind, act or contribute wind to deploy │
│   │                        │      │ next turn.                               │
│ 4 │ Task Mistres⚙️ 🚨       │    0 │ 0 BIDE TIME Mistrex gains Resist until   │
│   │                        │      │ beginning of Player's next turn.         │
│   │                        │      │ 1 TAZING CRACK [1⟲] Target Goon does not │
│   │                        │      │ unwind during its next unwind.           │
│   │                        │      │ 2 DOMINATE [2⟲] Use target Goon ability  │
│   │                        │      │ on a target of Player's choice. Target   │
│   │                        │      │ Goon pays wind as it would on its turn.  │
│ 5 │ Task Mistres⚙️ 🚨       │    0 │ 0 BIDE TIME Mistrex gains Resist until   │
│   │                        │      │ beginning of Player's next turn.         │
│   │                        │      │ 1 TAZING CRACK [1⟲] Target Goon does not │
│   │                        │      │ unwind during its next unwind.           │
│   │                        │      │ 2 DOMINATE [2⟲] Use target Goon ability  │
│   │                        │      │ on a target of Player's choice. Target   │
│   │                        │      │ Goon pays wind as it would on its turn.  │
└───┴────────────────────────┴──────┴──────────────────────────────────────────┘
Dead Pool 🥩:0 ⚙️ :2
        NARC P2 hand (6)        
┏━━━┳━━━━━━━━━━━━━━━━━━━┳━━━━━━┓
┃ # ┃ Name              ┃ Cost ┃
┡━━━╇━━━━━━━━━━━━━━━━━━━╇━━━━━━┩
│ 0 │ Buzzkill🔶✋⚙️ 🚨  │ 5⟲   │
│ 1 │ Nob Lobber⚙️ 🚨    │ 4⟲   │
│ 2 │ MediFlux-1NDS⚙️ 🚨 │ 2⟲   │
│ 3 │ MediFlux-1NDS⚙️ 🚨 │ 2⟲   │
│ 4 │ Narcstar🚨        │ 12⟲  │
│ 5 │ K-9.0⚙️ 🚨         │ 3⟲   │
└───┴───────────────────┴──────┘
Previous Turn
Turn 12 ends. P1 leaves 7 goons on the board. P1 now has 7 board / 6 hand 
(retired 0); P2 has 6 board / 5 hand (retired 1). Dead Pool holds 2.
  P1 deployed Käsekobold.
Turn 13 ends. P2 leaves 6 goons on the board. P1 now has 7 board / 6 hand 
(retired 0); P2 has 6 board / 5 hand (retired 2). Dead Pool holds 4.
  P2 deployed MediFlux-1NDS.
  P2's Compliance Auditon was retired.
  Compliance Auditon was sent to the Dead Pool.
  Compliance Auditon was sent to the Dead Pool.
Turn 14 | Player: P1
                                 NARC Board P2                                  
┏━━━┳━━━━━━━━━━━━━━━━━━━━━━━┳━━━━━━┳━━━━━━━━━━━━━━━━━━━━━━━━━━━━━━━━━━━━━━━━━━━┓
┃ # ┃ Name                  ┃ Wind ┃ Abilities                                 ┃
┡━━━╇━━━━━━━━━━━━━━━━━━━━━━━╇━━━━━━╇━━━━━━━━━━━━━━━━━━━━━━━━━━━━━━━━━━━━━━━━━━━┩
│ 0 │ Lokar Simmons⭐✋🥩🚨 │    0 │ 0 RESOURCEFUL [2⟲] Draw a card            │
│ 1 │ Sausage Droid🥩⚙️ 🚨   │    1 │ 0 PROCESS [1⟲ 1⚈] Burn 1 biological from  │
│   │                       │      │ Dead Pool to remove 1 wind from target    │
│   │                       │      │ Goon.                                     │
│   │                       │      │ 1 OVERCLOCKED BURST [1⟲] Banish 1         │
│   │                       │      │ mechanical from Dead Pool to add 1 wind   │
│   │                       │      │ to target Goon.                           │
│ 2 │ Detainment Probe⚙️ 🚨  │    2 │ 0 SHACKLE BEAM [1⟲] Target Goon may not   │
│   │                       │      │ unwind, act or contribute wind to deploy  │
│   │                       │      │ next turn.                                │
│ 3 │ Task Mistres⚙️ 🚨      │    0 │ 0 BIDE TIME Mistrex gains Resist until    │
│   │                       │      │ beginning of Player's next turn.          │
│   │                       │      │ 1 TAZING CRACK [1⟲] Target Goon does not  │
│   │                       │      │ unwind during its next unwind.            │
│   │                       │      │ 2 DOMINATE [2⟲] Use target Goon ability   │
│   │                       │      │ on a target of Player's choice. Target    │
│   │                       │      │ Goon pays wind as it would on its turn.   │
│ 4 │ Task Mistres⚙️ 🚨      │    0 │ 0 BIDE TIME Mistrex gains Resist until    │
│   │                       │      │ beginning of Player's next turn.          │
│   │                       │      │ 1 TAZING CRACK [1⟲] Target Goon does not  │
│   │                       │      │ unwind during its next unwind.            │
│   │                       │      │ 2 DOMINATE [2⟲] Use target Goon ability   │
│   │                       │      │ on a target of Player's choice. Target    │
│   │                       │      │ Goon pays wind as it would on its turn.   │
│ 5 │ MediFlux-1NDS⚙️ 🚨     │    0 │ 0 DORSAL CAVITY RINSE [1⟲] Remove 1 wind  │
│   │                       │      │ from target Goon.                         │
└───┴───────────────────────┴──────┴───────────────────────────────────────────┘
                                  PCU Board P1                                  
┏━━━┳━━━━━━━━━━━━━━━━━━━━━━━━┳━━━━━━┳━━━━━━━━━━━━━━━━━━━━━━━━━━━━━━━━━━━━━━━━━━┓
┃ # ┃ Name                   ┃ Wind ┃ Abilities                                ┃
┡━━━╇━━━━━━━━━━━━━━━━━━━━━━━━╇━━━━━━╇━━━━━━━━━━━━━━━━━━━━━━━━━━━━━━━━━━━━━━━━━━┩
│ 0 │ Grim⭐✋🥩🌀           │    0 │ 0 DEFILE NATURE Remove 1 wind from any   │
│   │                        │      │ target Goon.                             │
│ 1 │ Meat Vegetable🥩🌀     │    2 │ -                                        │
│ 2 │ Void Freak🚫🥩🌀       │    3 │ 0 THRASHING VAULT [1⟲] Add 1 wind to     │
│   │                        │      │ target Goon. Must always use this        │
│   │                        │      │ ability on owners turn if able           │
│   │                        │      │ 1 BLOODLUST Must attack if able.         │
│ 3 │ Meat Vegetable🥩🌀     │    0 │ -                                        │
│ 4 │ Restless Natives🚫🥩🌀 │    2 │ 0 MOB [1⟲] Add 1 wind to 2 target Goons  │
│   │                        │      │ 1 STEADY DRUM [1⟲] Remove 1 wind from    │
│   │                        │      │ target allied Goon.                      │
│ 5 │ Void Freak🚫🥩🌀       │    0 │ 0 THRASHING VAULT [1⟲] Add 1 wind to     │
│   │                        │      │ target Goon. Must always use this        │
│   │                        │      │ ability on owners turn if able           │
│   │                        │      │ 1 BLOODLUST Must attack if able.         │
│ 6 │ Käsekobold🥩🌀         │    0 │ 0 ADD NAUSEAM [1⟲] Add 1 wind to target  │
│   │                        │      │ Goon                                     │
│   │                        │      │ 1 REVOLT Add 1 wind to any Goon who      │
│   │                        │      │ targets Käsekobold with ability          │
└───┴────────────────────────┴──────┴──────────────────────────────────────────┘
Dead Pool 🥩:0 ⚙️ :4
          PCU P1 hand (7)           
┏━━━┳━━━━━━━━━━━━━━━━━━━━━━━┳━━━━━━┓
┃ # ┃ Name                  ┃ Cost ┃
┡━━━╇━━━━━━━━━━━━━━━━━━━━━━━╇━━━━━━┩
│ 0 │ Krax🔶✋🥩🌀          │ 6⟲   │
│ 1 │ Vex🔶✋🥩🌀           │ 4⟲   │
│ 2 │ Nives⚙️ 🌀             │ 4⟲   │
│ 3 │ Annihilist Overseer🌀 │ 4⟲   │
│ 4 │ Local Singularity🚫🌀 │ 2⟲   │
│ 5 │ Krax🔶✋🥩🌀          │ 6⟲   │
│ 6 │ Psychodelic Toad🥩🌀  │ 2⟲   │
└───┴───────────────────────┴──────┘
Previous Turn
Turn 13 ends. P2 leaves 6 goons on the board. P1 now has 7 board / 6 hand 
(retired 0); P2 has 6 board / 5 hand (retired 2). Dead Pool holds 4.
  P2 deployed MediFlux-1NDS.
  P2's Compliance Auditon was retired.
  Compliance Auditon was sent to the Dead Pool.
  Compliance Auditon was sent to the Dead Pool.
Turn 14 ends. P1 leaves 7 goons on the board. P1 now has 7 board / 6 hand 
(retired 1); P2 has 6 board / 5 hand (retired 2). Dead Pool holds 6.
  P1 deployed Local Singularity.
  P1's Meat Vegetable was retired.
  Meat Vegetable was sent to the Dead Pool.
  Meat Vegetable was sent to the Dead Pool.
Turn 15 | Player: P2
                                  PCU Board P1                                  
┏━━━┳━━━━━━━━━━━━━━━━━━━━━━━━┳━━━━━━┳━━━━━━━━━━━━━━━━━━━━━━━━━━━━━━━━━━━━━━━━━━┓
┃ # ┃ Name                   ┃ Wind ┃ Abilities                                ┃
┡━━━╇━━━━━━━━━━━━━━━━━━━━━━━━╇━━━━━━╇━━━━━━━━━━━━━━━━━━━━━━━━━━━━━━━━━━━━━━━━━━┩
│ 0 │ Grim⭐✋🥩🌀           │    0 │ 0 DEFILE NATURE Remove 1 wind from any   │
│   │                        │      │ target Goon.                             │
│ 1 │ Void Freak🚫🥩🌀       │    3 │ 0 THRASHING VAULT [1⟲] Add 1 wind to     │
│   │                        │      │ target Goon. Must always use this        │
│   │                        │      │ ability on owners turn if able           │
│   │                        │      │ 1 BLOODLUST Must attack if able.         │
│ 2 │ Meat Vegetable🥩🌀     │    0 │ -                                        │
│ 3 │ Restless Natives🚫🥩🌀 │    3 │ 0 MOB [1⟲] Add 1 wind to 2 target Goons  │
│   │                        │      │ 1 STEADY DRUM [1⟲] Remove 1 wind from    │
│   │                        │      │ target allied Goon.                      │
│ 4 │ Void Freak🚫🥩🌀       │    0 │ 0 THRASHING VAULT [1⟲] Add 1 wind to     │
│   │                        │      │ target Goon. Must always use this        │
│   │                        │      │ ability on owners turn if able           │
│   │                        │      │ 1 BLOODLUST Must attack if able.         │
│ 5 │ Käsekobold🥩🌀         │    0 │ 0 ADD NAUSEAM [1⟲] Add 1 wind to target  │
│   │                        │      │ Goon                                     │
│   │                        │      │ 1 REVOLT Add 1 wind to any Goon who      │
│   │                        │      │ targets Käsekobold with ability          │
│ 6 │ Local Singularity🚫🌀  │    0 │ 0 DRAW FIRE Player's Goons cannot be     │
│   │                        │      │ targeted by unfriendly abilities while   │
│   │                        │      │ Singularity is in play. Singularity must │
│   │                        │      │ be destroyed first.                      │
└───┴────────────────────────┴──────┴──────────────────────────────────────────┘
                                 NARC Board P2                                  
┏━━━┳━━━━━━━━━━━━━━━━━━━━━━━┳━━━━━━┳━━━━━━━━━━━━━━━━━━━━━━━━━━━━━━━━━━━━━━━━━━━┓
┃ # ┃ Name                  ┃ Wind ┃ Abilities                                 ┃
┡━━━╇━━━━━━━━━━━━━━━━━━━━━━━╇━━━━━━╇━━━━━━━━━━━━━━━━━━━━━━━━━━━━━━━━━━━━━━━━━━━┩
│ 0 │ Lokar Simmons⭐✋🥩🚨 │    0 │ 0 RESOURCEFUL [2⟲] Draw a card            │
│ 1 │ Sausage Droid🥩⚙️ 🚨   │    1 │ 0 PROCESS [1⟲ 1⚈] Burn 1 biological from  │
│   │                       │      │ Dead Pool to remove 1 wind from target    │
│   │                       │      │ Goon.                                     │
│   │                       │      │ 1 OVERCLOCKED BURST [1⟲] Banish 1         │
│   │                       │      │ mechanical from Dead Pool to add 1 wind   │
│   │                       │      │ to target Goon.                           │
│ 2 │ Detainment Probe⚙️ 🚨  │    2 │ 0 SHACKLE BEAM [1⟲] Target Goon may not   │
│   │                       │      │ unwind, act or contribute wind to deploy  │
│   │                       │      │ next turn.                                │
│ 3 │ Task Mistres⚙️ 🚨      │    0 │ 0 BIDE TIME Mistrex gains Resist until    │
│   │                       │      │ beginning of Player's next turn.          │
│   │                       │      │ 1 TAZING CRACK [1⟲] Target Goon does not  │
│   │                       │      │ unwind during its next unwind.            │
│   │                       │      │ 2 DOMINATE [2⟲] Use target Goon ability   │
│   │                       │      │ on a target of Player's choice. Target    │
│   │                       │      │ Goon pays wind as it would on its turn.   │
│ 4 │ Task Mistres⚙️ 🚨      │    0 │ 0 BIDE TIME Mistrex gains Resist until    │
│   │                       │      │ beginning of Player's next turn.          │
│   │                       │      │ 1 TAZING CRACK [1⟲] Target Goon does not  │
│   │                       │      │ unwind during its next unwind.            │
│   │                       │      │ 2 DOMINATE [2⟲] Use target Goon ability   │
│   │                       │      │ on a target of Player's choice. Target    │
│   │                       │      │ Goon pays wind as it would on its turn.   │
│ 5 │ MediFlux-1NDS⚙️ 🚨     │    0 │ 0 DORSAL CAVITY RINSE [1⟲] Remove 1 wind  │
│   │                       │      │ from target Goon.                         │
└───┴───────────────────────┴──────┴───────────────────────────────────────────┘
Dead Pool 🥩:2 ⚙️ :4
        NARC P2 hand (6)        
┏━━━┳━━━━━━━━━━━━━━━━━━━┳━━━━━━┓
┃ # ┃ Name              ┃ Cost ┃
┡━━━╇━━━━━━━━━━━━━━━━━━━╇━━━━━━┩
│ 0 │ Buzzkill🔶✋⚙️ 🚨  │ 5⟲   │
│ 1 │ Nob Lobber⚙️ 🚨    │ 4⟲   │
│ 2 │ MediFlux-1NDS⚙️ 🚨 │ 2⟲   │
│ 3 │ Narcstar🚨        │ 12⟲  │
│ 4 │ K-9.0⚙️ 🚨         │ 3⟲   │
│ 5 │ MediFlux-1NDS⚙️ 🚨 │ 2⟲   │
└───┴───────────────────┴──────┘
Previous Turn
Turn 14 ends. P1 leaves 7 goons on the board. P1 now has 7 board / 6 hand 
(retired 1); P2 has 6 board / 5 hand (retired 2). Dead Pool holds 6.
  P1 deployed Local Singularity.
  P1's Meat Vegetable was retired.
  Meat Vegetable was sent to the Dead Pool.
  Meat Vegetable was sent to the Dead Pool.
Turn 15 ends. P2 leaves 7 goons on the board. P1 now has 7 board / 6 hand 
(retired 1); P2 has 7 board / 5 hand (retired 2). Dead Pool holds 6.
  P2 deployed MediFlux-1NDS.
Turn 16 | Player: P1
                                 NARC Board P2                                  
┏━━━┳━━━━━━━━━━━━━━━━━━━━━━━┳━━━━━━┳━━━━━━━━━━━━━━━━━━━━━━━━━━━━━━━━━━━━━━━━━━━┓
┃ # ┃ Name                  ┃ Wind ┃ Abilities                                 ┃
┡━━━╇━━━━━━━━━━━━━━━━━━━━━━━╇━━━━━━╇━━━━━━━━━━━━━━━━━━━━━━━━━━━━━━━━━━━━━━━━━━━┩
│ 0 │ Lokar Simmons⭐✋🥩🚨 │    0 │ 0 RESOURCEFUL [2⟲] Draw a card            │
│ 1 │ Sausage Droid🥩⚙️ 🚨   │    3 │ 0 PROCESS [1⟲ 1⚈] Burn 1 biological from  │
│   │                       │      │ Dead Pool to remove 1 wind from target    │
│   │                       │      │ Goon.                                     │
│   │                       │      │ 1 OVERCLOCKED BURST [1⟲] Banish 1         │
│   │                       │      │ mechanical from Dead Pool to add 1 wind   │
│   │                       │      │ to target Goon.                           │
│ 2 │ Detainment Probe⚙️ 🚨  │    3 │ 0 SHACKLE BEAM [1⟲] Target Goon may not   │
│   │                       │      │ unwind, act or contribute wind to deploy  │
│   │                       │      │ next turn.                                │
│ 3 │ Task Mistres⚙️ 🚨      │    0 │ 0 BIDE TIME Mistrex gains Resist until    │
│   │                       │      │ beginning of Player's next turn.          │
│   │                       │      │ 1 TAZING CRACK [1⟲] Target Goon does not  │
│   │                       │      │ unwind during its next unwind.            │
│   │                       │      │ 2 DOMINATE [2⟲] Use target Goon ability   │
│   │                       │      │ on a target of Player's choice. Target    │
│   │                       │      │ Goon pays wind as it would on its turn.   │
│ 4 │ Task Mistres⚙️ 🚨      │    0 │ 0 BIDE TIME Mistrex gains Resist until    │
│   │                       │      │ beginning of Player's next turn.          │
│   │                       │      │ 1 TAZING CRACK [1⟲] Target Goon does not  │
│   │                       │      │ unwind during its next unwind.            │
│   │                       │      │ 2 DOMINATE [2⟲] Use target Goon ability   │
│   │                       │      │ on a target of Player's choice. Target    │
│   │                       │      │ Goon pays wind as it would on its turn.   │
│ 5 │ MediFlux-1NDS⚙️ 🚨     │    0 │ 0 DORSAL CAVITY RINSE [1⟲] Remove 1 wind  │
│   │                       │      │ from target Goon.                         │
│ 6 │ MediFlux-1NDS⚙️ 🚨     │    0 │ 0 DORSAL CAVITY RINSE [1⟲] Remove 1 wind  │
│   │                       │      │ from target Goon.                         │
└───┴───────────────────────┴──────┴───────────────────────────────────────────┘
                                  PCU Board P1                                  
┏━━━┳━━━━━━━━━━━━━━━━━━━━━━━━┳━━━━━━┳━━━━━━━━━━━━━━━━━━━━━━━━━━━━━━━━━━━━━━━━━━┓
┃ # ┃ Name                   ┃ Wind ┃ Abilities                                ┃
┡━━━╇━━━━━━━━━━━━━━━━━━━━━━━━╇━━━━━━╇━━━━━━━━━━━━━━━━━━━━━━━━━━━━━━━━━━━━━━━━━━┩
│ 0 │ Grim⭐✋🥩🌀           │    0 │ 0 DEFILE NATURE Remove 1 wind from any   │
│   │                        │      │ target Goon.                             │
│ 1 │ Void Freak🚫🥩🌀       │    3 │ 0 THRASHING VAULT [1⟲] Add 1 wind to     │
│   │                        │      │ target Goon. Must always use this        │
│   │                        │      │ ability on owners turn if able           │
│   │                        │      │ 1 BLOODLUST Must attack if able.         │
│ 2 │ Meat Vegetable🥩🌀     │    0 │ -                                        │
│ 3 │ Restless Natives🚫🥩🌀 │    3 │ 0 MOB [1⟲] Add 1 wind to 2 target Goons  │
│   │                        │      │ 1 STEADY DRUM [1⟲] Remove 1 wind from    │
│   │                        │      │ target allied Goon.                      │
│ 4 │ Void Freak🚫🥩🌀       │    0 │ 0 THRASHING VAULT [1⟲] Add 1 wind to     │
│   │                        │      │ target Goon. Must always use this        │
│   │                        │      │ ability on owners turn if able           │
│   │                        │      │ 1 BLOODLUST Must attack if able.         │
│ 5 │ Käsekobold🥩🌀         │    0 │ 0 ADD NAUSEAM [1⟲] Add 1 wind to target  │
│   │                        │      │ Goon                                     │
│   │                        │      │ 1 REVOLT Add 1 wind to any Goon who      │
│   │                        │      │ targets Käsekobold with ability          │
│ 6 │ Local Singularity🚫🌀  │    0 │ 0 DRAW FIRE Player's Goons cannot be     │
│   │                        │      │ targeted by unfriendly abilities while   │
│   │                        │      │ Singularity is in play. Singularity must │
│   │                        │      │ be destroyed first.                      │
└───┴────────────────────────┴──────┴──────────────────────────────────────────┘
Dead Pool 🥩:2 ⚙️ :4
          PCU P1 hand (7)           
┏━━━┳━━━━━━━━━━━━━━━━━━━━━━━┳━━━━━━┓
┃ # ┃ Name                  ┃ Cost ┃
┡━━━╇━━━━━━━━━━━━━━━━━━━━━━━╇━━━━━━┩
│ 0 │ Krax🔶✋🥩🌀          │ 6⟲   │
│ 1 │ Vex🔶✋🥩🌀           │ 4⟲   │
│ 2 │ Nives⚙️ 🌀             │ 4⟲   │
│ 3 │ Annihilist Overseer🌀 │ 4⟲   │
│ 4 │ Krax🔶✋🥩🌀          │ 6⟲   │
│ 5 │ Psychodelic Toad🥩🌀  │ 2⟲   │
│ 6 │ Technomancer🥩⚙️ 🌀    │ 4⟲   │
└───┴───────────────────────┴──────┘
Previous Turn
Turn 15 ends. P2 leaves 7 goons on the board. P1 now has 7 board / 6 hand 
(retired 1); P2 has 7 board / 5 hand (retired 2). Dead Pool holds 6.
  P2 deployed MediFlux-1NDS.
Turn 16 ends. P1 leaves 7 goons on the board. P1 now has 7 board / 6 hand 
(retired 2); P2 has 6 board / 5 hand (retired 3). Dead Pool holds 9.
  P1 deployed Psychodelic Toad.
  P1's Void Freak was retired.
  Opponent (P2)'s Sausage Droid was retired.
  Void Freak was sent to the Dead Pool.
  Void Freak was sent to the Dead Pool.
  Sausage Droid was sent to the Dead Pool.
Turn 17 | Player: P2
                                  PCU Board P1                                  
┏━━━┳━━━━━━━━━━━━━━━━━━━━━━━━┳━━━━━━┳━━━━━━━━━━━━━━━━━━━━━━━━━━━━━━━━━━━━━━━━━━┓
┃ # ┃ Name                   ┃ Wind ┃ Abilities                                ┃
┡━━━╇━━━━━━━━━━━━━━━━━━━━━━━━╇━━━━━━╇━━━━━━━━━━━━━━━━━━━━━━━━━━━━━━━━━━━━━━━━━━┩
│ 0 │ Grim⭐✋🥩🌀           │    0 │ 0 DEFILE NATURE Remove 1 wind from any   │
│   │                        │      │ target Goon.                             │
│ 1 │ Meat Vegetable🥩🌀     │    1 │ -                                        │
│ 2 │ Restless Natives🚫🥩🌀 │    3 │ 0 MOB [1⟲] Add 1 wind to 2 target Goons  │
│   │                        │      │ 1 STEADY DRUM [1⟲] Remove 1 wind from    │
│   │                        │      │ target allied Goon.                      │
│ 3 │ Void Freak🚫🥩🌀       │    1 │ 0 THRASHING VAULT [1⟲] Add 1 wind to     │
│   │                        │      │ target Goon. Must always use this        │
│   │                        │      │ ability on owners turn if able           │
│   │                        │      │ 1 BLOODLUST Must attack if able.         │
│ 4 │ Käsekobold🥩🌀         │    0 │ 0 ADD NAUSEAM [1⟲] Add 1 wind to target  │
│   │                        │      │ Goon                                     │
│   │                        │      │ 1 REVOLT Add 1 wind to any Goon who      │
│   │                        │      │ targets Käsekobold with ability          │
│ 5 │ Local Singularity🚫🌀  │    0 │ 0 DRAW FIRE Player's Goons cannot be     │
│   │                        │      │ targeted by unfriendly abilities while   │
│   │                        │      │ Singularity is in play. Singularity must │
│   │                        │      │ be destroyed first.                      │
│ 6 │ Psychodelic Toad🥩🌀   │    0 │ 0 DOSE [2⟲] Target Goon may not use      │
│   │                        │      │ abilities or contribute wind on its      │
│   │                        │      │ Player’s next turn. Target may still     │
│   │                        │      │ unwind.                                  │
└───┴────────────────────────┴──────┴──────────────────────────────────────────┘
                                 NARC Board P2                                  
┏━━━┳━━━━━━━━━━━━━━━━━━━━━━━┳━━━━━━┳━━━━━━━━━━━━━━━━━━━━━━━━━━━━━━━━━━━━━━━━━━━┓
┃ # ┃ Name                  ┃ Wind ┃ Abilities                                 ┃
┡━━━╇━━━━━━━━━━━━━━━━━━━━━━━╇━━━━━━╇━━━━━━━━━━━━━━━━━━━━━━━━━━━━━━━━━━━━━━━━━━━┩
│ 0 │ Lokar Simmons⭐✋🥩🚨 │    0 │ 0 RESOURCEFUL [2⟲] Draw a card            │
│ 1 │ Detainment Probe⚙️ 🚨  │    2 │ 0 SHACKLE BEAM [1⟲] Target Goon may not   │
│   │                       │      │ unwind, act or contribute wind to deploy  │
│   │                       │      │ next turn.                                │
│ 2 │ Task Mistres⚙️ 🚨      │    0 │ 0 BIDE TIME Mistrex gains Resist until    │
│   │                       │      │ beginning of Player's next turn.          │
│   │                       │      │ 1 TAZING CRACK [1⟲] Target Goon does not  │
│   │                       │      │ unwind during its next unwind.            │
│   │                       │      │ 2 DOMINATE [2⟲] Use target Goon ability   │
│   │                       │      │ on a target of Player's choice. Target    │
│   │                       │      │ Goon pays wind as it would on its turn.   │
│ 3 │ Task Mistres⚙️ 🚨      │    0 │ 0 BIDE TIME Mistrex gains Resist until    │
│   │                       │      │ beginning of Player's next turn.          │
│   │                       │      │ 1 TAZING CRACK [1⟲] Target Goon does not  │
│   │                       │      │ unwind during its next unwind.            │
│   │                       │      │ 2 DOMINATE [2⟲] Use target Goon ability   │
│   │                       │      │ on a target of Player's choice. Target    │
│   │                       │      │ Goon pays wind as it would on its turn.   │
│ 4 │ MediFlux-1NDS⚙️ 🚨     │    0 │ 0 DORSAL CAVITY RINSE [1⟲] Remove 1 wind  │
│   │                       │      │ from target Goon.                         │
│ 5 │ MediFlux-1NDS⚙️ 🚨     │    0 │ 0 DORSAL CAVITY RINSE [1⟲] Remove 1 wind  │
│   │                       │      │ from target Goon.                         │
└───┴───────────────────────┴──────┴───────────────────────────────────────────┘
Dead Pool 🥩:5 ⚙️ :5
         NARC P2 hand (6)         
┏━━━┳━━━━━━━━━━━━━━━━━━━━━┳━━━━━━┓
┃ # ┃ Name                ┃ Cost ┃
┡━━━╇━━━━━━━━━━━━━━━━━━━━━╇━━━━━━┩
│ 0 │ Buzzkill🔶✋⚙️ 🚨    │ 5⟲   │
│ 1 │ Nob Lobber⚙️ 🚨      │ 4⟲   │
│ 2 │ Narcstar🚨          │ 12⟲  │
│ 3 │ K-9.0⚙️ 🚨           │ 3⟲   │
│ 4 │ MediFlux-1NDS⚙️ 🚨   │ 2⟲   │
│ 5 │ Impact Simulant⚙️ 🚨 │ -    │
└───┴─────────────────────┴──────┘
Previous Turn
Turn 16 ends. P1 leaves 7 goons on the board. P1 now has 7 board / 6 hand 
(retired 2); P2 has 6 board / 5 hand (retired 3). Dead Pool holds 9.
  P1 deployed Psychodelic Toad.
  P1's Void Freak was retired.
  Opponent (P2)'s Sausage Droid was retired.
  Void Freak was sent to the Dead Pool.
  Void Freak was sent to the Dead Pool.
  Sausage Droid was sent to the Dead Pool.
Turn 17 ends. P2 leaves 7 goons on the board. P1 now has 7 board / 6 hand 
(retired 2); P2 has 7 board / 5 hand (retired 3). Dead Pool holds 9.
  P2 deployed Impact Simulant.
Turn 18 | Player: P1
                                 NARC Board P2                                  
┏━━━┳━━━━━━━━━━━━━━━━━━━━━━━┳━━━━━━┳━━━━━━━━━━━━━━━━━━━━━━━━━━━━━━━━━━━━━━━━━━━┓
┃ # ┃ Name                  ┃ Wind ┃ Abilities                                 ┃
┡━━━╇━━━━━━━━━━━━━━━━━━━━━━━╇━━━━━━╇━━━━━━━━━━━━━━━━━━━━━━━━━━━━━━━━━━━━━━━━━━━┩
│ 0 │ Lokar Simmons⭐✋🥩🚨 │    0 │ 0 RESOURCEFUL [2⟲] Draw a card            │
│ 1 │ Detainment Probe⚙️ 🚨  │    3 │ 0 SHACKLE BEAM [1⟲] Target Goon may not   │
│   │                       │      │ unwind, act or contribute wind to deploy  │
│   │                       │      │ next turn.                                │
│ 2 │ Task Mistres⚙️ 🚨      │    0 │ 0 BIDE TIME Mistrex gains Resist until    │
│   │                       │      │ beginning of Player's next turn.          │
│   │                       │      │ 1 TAZING CRACK [1⟲] Target Goon does not  │
│   │                       │      │ unwind during its next unwind.            │
│   │                       │      │ 2 DOMINATE [2⟲] Use target Goon ability   │
│   │                       │      │ on a target of Player's choice. Target    │
│   │                       │      │ Goon pays wind as it would on its turn.   │
│ 3 │ Task Mistres⚙️ 🚨      │    0 │ 0 BIDE TIME Mistrex gains Resist until    │
│   │                       │      │ beginning of Player's next turn.          │
│   │                       │      │ 1 TAZING CRACK [1⟲] Target Goon does not  │
│   │                       │      │ unwind during its next unwind.            │
│   │                       │      │ 2 DOMINATE [2⟲] Use target Goon ability   │
│   │                       │      │ on a target of Player's choice. Target    │
│   │                       │      │ Goon pays wind as it would on its turn.   │
│ 4 │ MediFlux-1NDS⚙️ 🚨     │    0 │ 0 DORSAL CAVITY RINSE [1⟲] Remove 1 wind  │
│   │                       │      │ from target Goon.                         │
│ 5 │ MediFlux-1NDS⚙️ 🚨     │    0 │ 0 DORSAL CAVITY RINSE [1⟲] Remove 1 wind  │
│   │                       │      │ from target Goon.                         │
│ 6 │ Impact Simulant⚙️ 🚨   │    0 │ -                                         │
└───┴───────────────────────┴──────┴───────────────────────────────────────────┘
                                  PCU Board P1                                  
┏━━━┳━━━━━━━━━━━━━━━━━━━━━━━━┳━━━━━━┳━━━━━━━━━━━━━━━━━━━━━━━━━━━━━━━━━━━━━━━━━━┓
┃ # ┃ Name                   ┃ Wind ┃ Abilities                                ┃
┡━━━╇━━━━━━━━━━━━━━━━━━━━━━━━╇━━━━━━╇━━━━━━━━━━━━━━━━━━━━━━━━━━━━━━━━━━━━━━━━━━┩
│ 0 │ Grim⭐✋🥩🌀           │    0 │ 0 DEFILE NATURE Remove 1 wind from any   │
│   │                        │      │ target Goon.                             │
│ 1 │ Meat Vegetable🥩🌀     │    0 │ -                                        │
│ 2 │ Restless Natives🚫🥩🌀 │    3 │ 0 MOB [1⟲] Add 1 wind to 2 target Goons  │
│   │                        │      │ 1 STEADY DRUM [1⟲] Remove 1 wind from    │
│   │                        │      │ target allied Goon.                      │
│ 3 │ Void Freak🚫🥩🌀       │    1 │ 0 THRASHING VAULT [1⟲] Add 1 wind to     │
│   │                        │      │ target Goon. Must always use this        │
│   │                        │      │ ability on owners turn if able           │
│   │                        │      │ 1 BLOODLUST Must attack if able.         │
│ 4 │ Käsekobold🥩🌀         │    0 │ 0 ADD NAUSEAM [1⟲] Add 1 wind to target  │
│   │                        │      │ Goon                                     │
│   │                        │      │ 1 REVOLT Add 1 wind to any Goon who      │
│   │                        │      │ targets Käsekobold with ability          │
│ 5 │ Local Singularity🚫🌀  │    0 │ 0 DRAW FIRE Player's Goons cannot be     │
│   │                        │      │ targeted by unfriendly abilities while   │
│   │                        │      │ Singularity is in play. Singularity must │
│   │                        │      │ be destroyed first.                      │
│ 6 │ Psychodelic Toad🥩🌀   │    0 │ 0 DOSE [2⟲] Target Goon may not use      │
│   │                        │      │ abilities or contribute wind on its      │
│   │                        │      │ Player’s next turn. Target may still     │
│   │                        │      │ unwind.                                  │
└───┴────────────────────────┴──────┴──────────────────────────────────────────┘
Dead Pool 🥩:5 ⚙️ :5
          PCU P1 hand (7)           
┏━━━┳━━━━━━━━━━━━━━━━━━━━━━━┳━━━━━━┓
┃ # ┃ Name                  ┃ Cost ┃
┡━━━╇━━━━━━━━━━━━━━━━━━━━━━━╇━━━━━━┩
│ 0 │ Krax🔶✋🥩🌀          │ 6⟲   │
│ 1 │ Vex🔶✋🥩🌀           │ 4⟲   │
│ 2 │ Nives⚙️ 🌀             │ 4⟲   │
│ 3 │ Annihilist Overseer🌀 │ 4⟲   │
│ 4 │ Krax🔶✋🥩🌀          │ 6⟲   │
│ 5 │ Technomancer🥩⚙️ 🌀    │ 4⟲   │
│ 6 │ Dragoon⚙️ 🌀           │ 6⟲   │
└───┴───────────────────────┴──────┘
Previous Turn
Turn 17 ends. P2 leaves 7 goons on the board. P1 now has 7 board / 6 hand 
(retired 2); P2 has 7 board / 5 hand (retired 3). Dead Pool holds 9.
  P2 deployed Impact Simulant.
Turn 18 ends. P1 leaves 7 goons on the board. P1 now has 7 board / 6 hand 
(retired 3); P2 has 7 board / 5 hand (retired 3). Dead Pool holds 11.
  P1 deployed Vex.
  P1's Meat Vegetable was retired.
  Meat Vegetable was sent to the Dead Pool.
  Meat Vegetable was sent to the Dead Pool.
Turn 19 | Player: P2
                                  PCU Board P1                                  
┏━━━┳━━━━━━━━━━━━━━━━━━━━━━━━┳━━━━━━┳━━━━━━━━━━━━━━━━━━━━━━━━━━━━━━━━━━━━━━━━━━┓
┃ # ┃ Name                   ┃ Wind ┃ Abilities                                ┃
┡━━━╇━━━━━━━━━━━━━━━━━━━━━━━━╇━━━━━━╇━━━━━━━━━━━━━━━━━━━━━━━━━━━━━━━━━━━━━━━━━━┩
│ 0 │ Grim⭐✋🥩🌀           │    0 │ 0 DEFILE NATURE Remove 1 wind from any   │
│   │                        │      │ target Goon.                             │
│ 1 │ Restless Natives🚫🥩🌀 │    3 │ 0 MOB [1⟲] Add 1 wind to 2 target Goons  │
│   │                        │      │ 1 STEADY DRUM [1⟲] Remove 1 wind from    │
│   │                        │      │ target allied Goon.                      │
│ 2 │ Void Freak🚫🥩🌀       │    1 │ 0 THRASHING VAULT [1⟲] Add 1 wind to     │
│   │                        │      │ target Goon. Must always use this        │
│   │                        │      │ ability on owners turn if able           │
│   │                        │      │ 1 BLOODLUST Must attack if able.         │
│ 3 │ Käsekobold🥩🌀         │    0 │ 0 ADD NAUSEAM [1⟲] Add 1 wind to target  │
│   │                        │      │ Goon                                     │
│   │                        │      │ 1 REVOLT Add 1 wind to any Goon who      │
│   │                        │      │ targets Käsekobold with ability          │
│ 4 │ Local Singularity🚫🌀  │    0 │ 0 DRAW FIRE Player's Goons cannot be     │
│   │                        │      │ targeted by unfriendly abilities while   │
│   │                        │      │ Singularity is in play. Singularity must │
│   │                        │      │ be destroyed first.                      │
│ 5 │ Psychodelic Toad🥩🌀   │    2 │ 0 DOSE [2⟲] Target Goon may not use      │
│   │                        │      │ abilities or contribute wind on its      │
│   │                        │      │ Player’s next turn. Target may still     │
│   │                        │      │ unwind.                                  │
│ 6 │ Vex🔶✋🥩🌀            │    0 │ 0 PLINK Add 1 wind to target Goon        │
│   │                        │      │ 1 SNIPE [2⟲] Add 2 wind to target Goon   │
│   │                        │      │ 2 DOME [3⟲] Destroy target Goon.         │
└───┴────────────────────────┴──────┴──────────────────────────────────────────┘
                                 NARC Board P2                                  
┏━━━┳━━━━━━━━━━━━━━━━━━━━━━━┳━━━━━━┳━━━━━━━━━━━━━━━━━━━━━━━━━━━━━━━━━━━━━━━━━━━┓
┃ # ┃ Name                  ┃ Wind ┃ Abilities                                 ┃
┡━━━╇━━━━━━━━━━━━━━━━━━━━━━━╇━━━━━━╇━━━━━━━━━━━━━━━━━━━━━━━━━━━━━━━━━━━━━━━━━━━┩
│ 0 │ Lokar Simmons⭐✋🥩🚨 │    0 │ 0 RESOURCEFUL [2⟲] Draw a card            │
│ 1 │ Detainment Probe⚙️ 🚨  │    3 │ 0 SHACKLE BEAM [1⟲] Target Goon may not   │
│   │                       │      │ unwind, act or contribute wind to deploy  │
│   │                       │      │ next turn.                                │
│ 2 │ Task Mistres⚙️ 🚨      │    0 │ 0 BIDE TIME Mistrex gains Resist until    │
│   │                       │      │ beginning of Player's next turn.          │
│   │                       │      │ 1 TAZING CRACK [1⟲] Target Goon does not  │
│   │                       │      │ unwind during its next unwind.            │
│   │                       │      │ 2 DOMINATE [2⟲] Use target Goon ability   │
│   │                       │      │ on a target of Player's choice. Target    │
│   │                       │      │ Goon pays wind as it would on its turn.   │
│ 3 │ Task Mistres⚙️ 🚨      │    0 │ 0 BIDE TIME Mistrex gains Resist until    │
│   │                       │      │ beginning of Player's next turn.          │
│   │                       │      │ 1 TAZING CRACK [1⟲] Target Goon does not  │
│   │                       │      │ unwind during its next unwind.            │
│   │                       │      │ 2 DOMINATE [2⟲] Use target Goon ability   │
│   │                       │      │ on a target of Player's choice. Target    │
│   │                       │      │ Goon pays wind as it would on its turn.   │
│ 4 │ MediFlux-1NDS⚙️ 🚨     │    0 │ 0 DORSAL CAVITY RINSE [1⟲] Remove 1 wind  │
│   │                       │      │ from target Goon.                         │
│ 5 │ MediFlux-1NDS⚙️ 🚨     │    0 │ 0 DORSAL CAVITY RINSE [1⟲] Remove 1 wind  │
│   │                       │      │ from target Goon.                         │
│ 6 │ Impact Simulant⚙️ 🚨   │    0 │ -                                         │
└───┴───────────────────────┴──────┴───────────────────────────────────────────┘
Dead Pool 🥩:7 ⚙️ :5
        NARC P2 hand (6)        
┏━━━┳━━━━━━━━━━━━━━━━━━━┳━━━━━━┓
┃ # ┃ Name              ┃ Cost ┃
┡━━━╇━━━━━━━━━━━━━━━━━━━╇━━━━━━┩
│ 0 │ Buzzkill🔶✋⚙️ 🚨  │ 5⟲   │
│ 1 │ Nob Lobber⚙️ 🚨    │ 4⟲   │
│ 2 │ Narcstar🚨        │ 12⟲  │
│ 3 │ K-9.0⚙️ 🚨         │ 3⟲   │
│ 4 │ MediFlux-1NDS⚙️ 🚨 │ 2⟲   │
│ 5 │ MediFlux-1NDS⚙️ 🚨 │ 2⟲   │
└───┴───────────────────┴──────┘
Previous Turn
Turn 18 ends. P1 leaves 7 goons on the board. P1 now has 7 board / 6 hand 
(retired 3); P2 has 7 board / 5 hand (retired 3). Dead Pool holds 11.
  P1 deployed Vex.
  P1's Meat Vegetable was retired.
  Meat Vegetable was sent to the Dead Pool.
  Meat Vegetable was sent to the Dead Pool.
Turn 19 ends. P2 leaves 7 goons on the board. P1 now has 7 board / 6 hand 
(retired 3); P2 has 7 board / 5 hand (retired 4). Dead Pool holds 13.
  P2 deployed MediFlux-1NDS.
  P2's Detainment Probe was retired.
  Detainment Probe was sent to the Dead Pool.
  Detainment Probe was sent to the Dead Pool.
Turn 20 | Player: P1
                                 NARC Board P2                                  
┏━━━┳━━━━━━━━━━━━━━━━━━━━━━━┳━━━━━━┳━━━━━━━━━━━━━━━━━━━━━━━━━━━━━━━━━━━━━━━━━━━┓
┃ # ┃ Name                  ┃ Wind ┃ Abilities                                 ┃
┡━━━╇━━━━━━━━━━━━━━━━━━━━━━━╇━━━━━━╇━━━━━━━━━━━━━━━━━━━━━━━━━━━━━━━━━━━━━━━━━━━┩
│ 0 │ Lokar Simmons⭐✋🥩🚨 │    0 │ 0 RESOURCEFUL [2⟲] Draw a card            │
│ 1 │ Task Mistres⚙️ 🚨      │    1 │ 0 BIDE TIME Mistrex gains Resist until    │
│   │                       │      │ beginning of Player's next turn.          │
│   │                       │      │ 1 TAZING CRACK [1⟲] Target Goon does not  │
│   │                       │      │ unwind during its next unwind.            │
│   │                       │      │ 2 DOMINATE [2⟲] Use target Goon ability   │
│   │                       │      │ on a target of Player's choice. Target    │
│   │                       │      │ Goon pays wind as it would on its turn.   │
│ 2 │ Task Mistres⚙️ 🚨      │    0 │ 0 BIDE TIME Mistrex gains Resist until    │
│   │                       │      │ beginning of Player's next turn.          │
│   │                       │      │ 1 TAZING CRACK [1⟲] Target Goon does not  │
│   │                       │      │ unwind during its next unwind.            │
│   │                       │      │ 2 DOMINATE [2⟲] Use target Goon ability   │
│   │                       │      │ on a target of Player's choice. Target    │
│   │                       │      │ Goon pays wind as it would on its turn.   │
│ 3 │ MediFlux-1NDS⚙️ 🚨     │    0 │ 0 DORSAL CAVITY RINSE [1⟲] Remove 1 wind  │
│   │                       │      │ from target Goon.                         │
│ 4 │ MediFlux-1NDS⚙️ 🚨     │    0 │ 0 DORSAL CAVITY RINSE [1⟲] Remove 1 wind  │
│   │                       │      │ from target Goon.                         │
│ 5 │ Impact Simulant⚙️ 🚨   │    0 │ -                                         │
│ 6 │ MediFlux-1NDS⚙️ 🚨     │    0 │ 0 DORSAL CAVITY RINSE [1⟲] Remove 1 wind  │
│   │                       │      │ from target Goon.                         │
└───┴───────────────────────┴──────┴───────────────────────────────────────────┘
                                  PCU Board P1                                  
┏━━━┳━━━━━━━━━━━━━━━━━━━━━━━━┳━━━━━━┳━━━━━━━━━━━━━━━━━━━━━━━━━━━━━━━━━━━━━━━━━━┓
┃ # ┃ Name                   ┃ Wind ┃ Abilities                                ┃
┡━━━╇━━━━━━━━━━━━━━━━━━━━━━━━╇━━━━━━╇━━━━━━━━━━━━━━━━━━━━━━━━━━━━━━━━━━━━━━━━━━┩
│ 0 │ Grim⭐✋🥩🌀           │    0 │ 0 DEFILE NATURE Remove 1 wind from any   │
│   │                        │      │ target Goon.                             │
│ 1 │ Restless Natives🚫🥩🌀 │    3 │ 0 MOB [1⟲] Add 1 wind to 2 target Goons  │
│   │                        │      │ 1 STEADY DRUM [1⟲] Remove 1 wind from    │
│   │                        │      │ target allied Goon.                      │
│ 2 │ Void Freak🚫🥩🌀       │    1 │ 0 THRASHING VAULT [1⟲] Add 1 wind to     │
│   │                        │      │ target Goon. Must always use this        │
│   │                        │      │ ability on owners turn if able           │
│   │                        │      │ 1 BLOODLUST Must attack if able.         │
│ 3 │ Käsekobold🥩🌀         │    0 │ 0 ADD NAUSEAM [1⟲] Add 1 wind to target  │
│   │                        │      │ Goon                                     │
│   │                        │      │ 1 REVOLT Add 1 wind to any Goon who      │
│   │                        │      │ targets Käsekobold with ability          │
│ 4 │ Local Singularity🚫🌀  │    0 │ 0 DRAW FIRE Player's Goons cannot be     │
│   │                        │      │ targeted by unfriendly abilities while   │
│   │                        │      │ Singularity is in play. Singularity must │
│   │                        │      │ be destroyed first.                      │
│ 5 │ Psychodelic Toad🥩🌀   │    1 │ 0 DOSE [2⟲] Target Goon may not use      │
│   │                        │      │ abilities or contribute wind on its      │
│   │                        │      │ Player’s next turn. Target may still     │
│   │                        │      │ unwind.                                  │
│ 6 │ Vex🔶✋🥩🌀            │    0 │ 0 PLINK Add 1 wind to target Goon        │
│   │                        │      │ 1 SNIPE [2⟲] Add 2 wind to target Goon   │
│   │                        │      │ 2 DOME [3⟲] Destroy target Goon.         │
└───┴────────────────────────┴──────┴──────────────────────────────────────────┘
Dead Pool 🥩:7 ⚙️ :7
          PCU P1 hand (7)           
┏━━━┳━━━━━━━━━━━━━━━━━━━━━━━┳━━━━━━┓
┃ # ┃ Name                  ┃ Cost ┃
┡━━━╇━━━━━━━━━━━━━━━━━━━━━━━╇━━━━━━┩
│ 0 │ Krax🔶✋🥩🌀          │ 6⟲   │
│ 1 │ Nives⚙️ 🌀             │ 4⟲   │
│ 2 │ Annihilist Overseer🌀 │ 4⟲   │
│ 3 │ Krax🔶✋🥩🌀          │ 6⟲   │
│ 4 │ Technomancer🥩⚙️ 🌀    │ 4⟲   │
│ 5 │ Dragoon⚙️ 🌀           │ 6⟲   │
│ 6 │ Blood Howler⚙️ 🌀      │ 2⟲   │
└───┴───────────────────────┴──────┘
Previous Turn
Turn 19 ends. P2 leaves 7 goons on the board. P1 now has 7 board / 6 hand 
(retired 3); P2 has 7 board / 5 hand (retired 4). Dead Pool holds 13.
  P2 deployed MediFlux-1NDS.
  P2's Detainment Probe was retired.
  Detainment Probe was sent to the Dead Pool.
  Detainment Probe was sent to the Dead Pool.
Turn 20 ends. P1 leaves 7 goons on the board. P1 now has 7 board / 6 hand 
(retired 4); P2 has 7 board / 5 hand (retired 4). Dead Pool holds 15.
  P1 deployed Blood Howler.
  P1's Restless Natives was retired.
  Restless Natives was sent to the Dead Pool.
  Restless Natives was sent to the Dead Pool.
Turn 21 | Player: P2
                                  PCU Board P1                                  
┏━━━┳━━━━━━━━━━━━━━━━━━━━━━━┳━━━━━━┳━━━━━━━━━━━━━━━━━━━━━━━━━━━━━━━━━━━━━━━━━━━┓
┃ # ┃ Name                  ┃ Wind ┃ Abilities                                 ┃
┡━━━╇━━━━━━━━━━━━━━━━━━━━━━━╇━━━━━━╇━━━━━━━━━━━━━━━━━━━━━━━━━━━━━━━━━━━━━━━━━━━┩
│ 0 │ Grim⭐✋🥩🌀          │    0 │ 0 DEFILE NATURE Remove 1 wind from any    │
│   │                       │      │ target Goon.                              │
│ 1 │ Void Freak🚫🥩🌀      │    2 │ 0 THRASHING VAULT [1⟲] Add 1 wind to      │
│   │                       │      │ target Goon. Must always use this ability │
│   │                       │      │ on owners turn if able                    │
│   │                       │      │ 1 BLOODLUST Must attack if able.          │
│ 2 │ Käsekobold🥩🌀        │    0 │ 0 ADD NAUSEAM [1⟲] Add 1 wind to target   │
│   │                       │      │ Goon                                      │
│   │                       │      │ 1 REVOLT Add 1 wind to any Goon who       │
│   │                       │      │ targets Käsekobold with ability           │
│ 3 │ Local Singularity🚫🌀 │    0 │ 0 DRAW FIRE Player's Goons cannot be      │
│   │                       │      │ targeted by unfriendly abilities while    │
│   │                       │      │ Singularity is in play. Singularity must  │
│   │                       │      │ be destroyed first.                       │
│ 4 │ Psychodelic Toad🥩🌀  │    1 │ 0 DOSE [2⟲] Target Goon may not use       │
│   │                       │      │ abilities or contribute wind on its       │
│   │                       │      │ Player’s next turn. Target may still      │
│   │                       │      │ unwind.                                   │
│ 5 │ Vex🔶✋🥩🌀           │    3 │ 0 PLINK Add 1 wind to target Goon         │
│   │                       │      │ 1 SNIPE [2⟲] Add 2 wind to target Goon    │
│   │                       │      │ 2 DOME [3⟲] Destroy target Goon.          │
│ 6 │ Blood Howler⚙️ 🌀      │    0 │ 0 BALLISTIC BARRAGE Distribute X wind     │
│   │                       │      │ among target Goons.                       │
└───┴───────────────────────┴──────┴───────────────────────────────────────────┘
                                 NARC Board P2                                  
┏━━━┳━━━━━━━━━━━━━━━━━━━━━━━┳━━━━━━┳━━━━━━━━━━━━━━━━━━━━━━━━━━━━━━━━━━━━━━━━━━━┓
┃ # ┃ Name                  ┃ Wind ┃ Abilities                                 ┃
┡━━━╇━━━━━━━━━━━━━━━━━━━━━━━╇━━━━━━╇━━━━━━━━━━━━━━━━━━━━━━━━━━━━━━━━━━━━━━━━━━━┩
│ 0 │ Lokar Simmons⭐✋🥩🚨 │    0 │ 0 RESOURCEFUL [2⟲] Draw a card            │
│ 1 │ Task Mistres⚙️ 🚨      │    0 │ 0 BIDE TIME Mistrex gains Resist until    │
│   │                       │      │ beginning of Player's next turn.          │
│   │                       │      │ 1 TAZING CRACK [1⟲] Target Goon does not  │
│   │                       │      │ unwind during its next unwind.            │
│   │                       │      │ 2 DOMINATE [2⟲] Use target Goon ability   │
│   │                       │      │ on a target of Player's choice. Target    │
│   │                       │      │ Goon pays wind as it would on its turn.   │
│ 2 │ Task Mistres⚙️ 🚨      │    0 │ 0 BIDE TIME Mistrex gains Resist until    │
│   │                       │      │ beginning of Player's next turn.          │
│   │                       │      │ 1 TAZING CRACK [1⟲] Target Goon does not  │
│   │                       │      │ unwind during its next unwind.            │
│   │                       │      │ 2 DOMINATE [2⟲] Use target Goon ability   │
│   │                       │      │ on a target of Player's choice. Target    │
│   │                       │      │ Goon pays wind as it would on its turn.   │
│ 3 │ MediFlux-1NDS⚙️ 🚨     │    0 │ 0 DORSAL CAVITY RINSE [1⟲] Remove 1 wind  │
│   │                       │      │ from target Goon.                         │
│ 4 │ MediFlux-1NDS⚙️ 🚨     │    0 │ 0 DORSAL CAVITY RINSE [1⟲] Remove 1 wind  │
│   │                       │      │ from target Goon.                         │
│ 5 │ Impact Simulant⚙️ 🚨   │    0 │ -                                         │
│ 6 │ MediFlux-1NDS⚙️ 🚨     │    0 │ 0 DORSAL CAVITY RINSE [1⟲] Remove 1 wind  │
│   │                       │      │ from target Goon.                         │
└───┴───────────────────────┴──────┴───────────────────────────────────────────┘
Dead Pool 🥩:9 ⚙️ :7
          NARC P2 hand (6)          
┏━━━┳━━━━━━━━━━━━━━━━━━━━━━━┳━━━━━━┓
┃ # ┃ Name                  ┃ Cost ┃
┡━━━╇━━━━━━━━━━━━━━━━━━━━━━━╇━━━━━━┩
│ 0 │ Buzzkill🔶✋⚙️ 🚨      │ 5⟲   │
│ 1 │ Nob Lobber⚙️ 🚨        │ 4⟲   │
│ 2 │ Narcstar🚨            │ 12⟲  │
│ 3 │ K-9.0⚙️ 🚨             │ 3⟲   │
│ 4 │ MediFlux-1NDS⚙️ 🚨     │ 2⟲   │
│ 5 │ Shield Array Node⚙️ 🚨 │ 2⟲   │
└───┴───────────────────────┴──────┘
Previous Turn
Turn 20 ends. P1 leaves 7 goons on the board. P1 now has 7 board / 6 hand 
(retired 4); P2 has 7 board / 5 hand (retired 4). Dead Pool holds 15.
  P1 deployed Blood Howler.
  P1's Restless Natives was retired.
  Restless Natives was sent to the Dead Pool.
  Restless Natives was sent to the Dead Pool.
Turn 21 ends. P2 leaves 8 goons on the board. P1 now has 7 board / 6 hand 
(retired 4); P2 has 8 board / 5 hand (retired 4). Dead Pool holds 15.
  P2 deployed MediFlux-1NDS.
Turn 22 | Player: P1
                                 NARC Board P2                                  
┏━━━┳━━━━━━━━━━━━━━━━━━━━━━━┳━━━━━━┳━━━━━━━━━━━━━━━━━━━━━━━━━━━━━━━━━━━━━━━━━━━┓
┃ # ┃ Name                  ┃ Wind ┃ Abilities                                 ┃
┡━━━╇━━━━━━━━━━━━━━━━━━━━━━━╇━━━━━━╇━━━━━━━━━━━━━━━━━━━━━━━━━━━━━━━━━━━━━━━━━━━┩
│ 0 │ Lokar Simmons⭐✋🥩🚨 │    0 │ 0 RESOURCEFUL [2⟲] Draw a card            │
│ 1 │ Task Mistres⚙️ 🚨      │    2 │ 0 BIDE TIME Mistrex gains Resist until    │
│   │                       │      │ beginning of Player's next turn.          │
│   │                       │      │ 1 TAZING CRACK [1⟲] Target Goon does not  │
│   │                       │      │ unwind during its next unwind.            │
│   │                       │      │ 2 DOMINATE [2⟲] Use target Goon ability   │
│   │                       │      │ on a target of Player's choice. Target    │
│   │                       │      │ Goon pays wind as it would on its turn.   │
│ 2 │ Task Mistres⚙️ 🚨      │    0 │ 0 BIDE TIME Mistrex gains Resist until    │
│   │                       │      │ beginning of Player's next turn.          │
│   │                       │      │ 1 TAZING CRACK [1⟲] Target Goon does not  │
│   │                       │      │ unwind during its next unwind.            │
│   │                       │      │ 2 DOMINATE [2⟲] Use target Goon ability   │
│   │                       │      │ on a target of Player's choice. Target    │
│   │                       │      │ Goon pays wind as it would on its turn.   │
│ 3 │ MediFlux-1NDS⚙️ 🚨     │    0 │ 0 DORSAL CAVITY RINSE [1⟲] Remove 1 wind  │
│   │                       │      │ from target Goon.                         │
│ 4 │ MediFlux-1NDS⚙️ 🚨     │    0 │ 0 DORSAL CAVITY RINSE [1⟲] Remove 1 wind  │
│   │                       │      │ from target Goon.                         │
│ 5 │ Impact Simulant⚙️ 🚨   │    0 │ -                                         │
│ 6 │ MediFlux-1NDS⚙️ 🚨     │    0 │ 0 DORSAL CAVITY RINSE [1⟲] Remove 1 wind  │
│   │                       │      │ from target Goon.                         │
│ 7 │ MediFlux-1NDS⚙️ 🚨     │    0 │ 0 DORSAL CAVITY RINSE [1⟲] Remove 1 wind  │
│   │                       │      │ from target Goon.                         │
└───┴───────────────────────┴──────┴───────────────────────────────────────────┘
                                  PCU Board P1                                  
┏━━━┳━━━━━━━━━━━━━━━━━━━━━━━┳━━━━━━┳━━━━━━━━━━━━━━━━━━━━━━━━━━━━━━━━━━━━━━━━━━━┓
┃ # ┃ Name                  ┃ Wind ┃ Abilities                                 ┃
┡━━━╇━━━━━━━━━━━━━━━━━━━━━━━╇━━━━━━╇━━━━━━━━━━━━━━━━━━━━━━━━━━━━━━━━━━━━━━━━━━━┩
│ 0 │ Grim⭐✋🥩🌀          │    0 │ 0 DEFILE NATURE Remove 1 wind from any    │
│   │                       │      │ target Goon.                              │
│ 1 │ Void Freak🚫🥩🌀      │    2 │ 0 THRASHING VAULT [1⟲] Add 1 wind to      │
│   │                       │      │ target Goon. Must always use this ability │
│   │                       │      │ on owners turn if able                    │
│   │                       │      │ 1 BLOODLUST Must attack if able.          │
│ 2 │ Käsekobold🥩🌀        │    0 │ 0 ADD NAUSEAM [1⟲] Add 1 wind to target   │
│   │                       │      │ Goon                                      │
│   │                       │      │ 1 REVOLT Add 1 wind to any Goon who       │
│   │                       │      │ targets Käsekobold with ability           │
│ 3 │ Local Singularity🚫🌀 │    0 │ 0 DRAW FIRE Player's Goons cannot be      │
│   │                       │      │ targeted by unfriendly abilities while    │
│   │                       │      │ Singularity is in play. Singularity must  │
│   │                       │      │ be destroyed first.                       │
│ 4 │ Psychodelic Toad🥩🌀  │    0 │ 0 DOSE [2⟲] Target Goon may not use       │
│   │                       │      │ abilities or contribute wind on its       │
│   │                       │      │ Player’s next turn. Target may still      │
│   │                       │      │ unwind.                                   │
│ 5 │ Vex🔶✋🥩🌀           │    2 │ 0 PLINK Add 1 wind to target Goon         │
│   │                       │      │ 1 SNIPE [2⟲] Add 2 wind to target Goon    │
│   │                       │      │ 2 DOME [3⟲] Destroy target Goon.          │
│ 6 │ Blood Howler⚙️ 🌀      │    0 │ 0 BALLISTIC BARRAGE Distribute X wind     │
│   │                       │      │ among target Goons.                       │
└───┴───────────────────────┴──────┴───────────────────────────────────────────┘
Dead Pool 🥩:9 ⚙️ :7
          PCU P1 hand (7)           
┏━━━┳━━━━━━━━━━━━━━━━━━━━━━━┳━━━━━━┓
┃ # ┃ Name                  ┃ Cost ┃
┡━━━╇━━━━━━━━━━━━━━━━━━━━━━━╇━━━━━━┩
│ 0 │ Krax🔶✋🥩🌀          │ 6⟲   │
│ 1 │ Nives⚙️ 🌀             │ 4⟲   │
│ 2 │ Annihilist Overseer🌀 │ 4⟲   │
│ 3 │ Krax🔶✋🥩🌀          │ 6⟲   │
│ 4 │ Technomancer🥩⚙️ 🌀    │ 4⟲   │
│ 5 │ Dragoon⚙️ 🌀           │ 6⟲   │
│ 6 │ Käsekobold🥩🌀        │ 2⟲   │
└───┴───────────────────────┴──────┘
Previous Turn
Turn 21 ends. P2 leaves 8 goons on the board. P1 now has 7 board / 6 hand 
(retired 4); P2 has 8 board / 5 hand (retired 4). Dead Pool holds 15.
  P2 deployed MediFlux-1NDS.
Turn 22 ends. P1 leaves 7 goons on the board. P1 now has 7 board / 6 hand 
(retired 5); P2 has 8 board / 5 hand (retired 4). Dead Pool holds 17.
  P1 deployed Käsekobold.
  P1's Void Freak was retired.
  Void Freak was sent to the Dead Pool.
  Void Freak was sent to the Dead Pool.
Turn 23 | Player: P2
                                  PCU Board P1                                  
┏━━━┳━━━━━━━━━━━━━━━━━━━━━━━┳━━━━━━┳━━━━━━━━━━━━━━━━━━━━━━━━━━━━━━━━━━━━━━━━━━━┓
┃ # ┃ Name                  ┃ Wind ┃ Abilities                                 ┃
┡━━━╇━━━━━━━━━━━━━━━━━━━━━━━╇━━━━━━╇━━━━━━━━━━━━━━━━━━━━━━━━━━━━━━━━━━━━━━━━━━━┩
│ 0 │ Grim⭐✋🥩🌀          │    0 │ 0 DEFILE NATURE Remove 1 wind from any    │
│   │                       │      │ target Goon.                              │
│ 1 │ Käsekobold🥩🌀        │    0 │ 0 ADD NAUSEAM [1⟲] Add 1 wind to target   │
│   │                       │      │ Goon                                      │
│   │                       │      │ 1 REVOLT Add 1 wind to any Goon who       │
│   │                       │      │ targets Käsekobold with ability           │
│ 2 │ Local Singularity🚫🌀 │    0 │ 0 DRAW FIRE Player's Goons cannot be      │
│   │                       │      │ targeted by unfriendly abilities while    │
│   │                       │      │ Singularity is in play. Singularity must  │
│   │                       │      │ be destroyed first.                       │
│ 3 │ Psychodelic Toad🥩🌀  │    2 │ 0 DOSE [2⟲] Target Goon may not use       │
│   │                       │      │ abilities or contribute wind on its       │
│   │                       │      │ Player’s next turn. Target may still      │
│   │                       │      │ unwind.                                   │
│ 4 │ Vex🔶✋🥩🌀           │    2 │ 0 PLINK Add 1 wind to target Goon         │
│   │                       │      │ 1 SNIPE [2⟲] Add 2 wind to target Goon    │
│   │                       │      │ 2 DOME [3⟲] Destroy target Goon.          │
│ 5 │ Blood Howler⚙️ 🌀      │    0 │ 0 BALLISTIC BARRAGE Distribute X wind     │
│   │                       │      │ among target Goons.                       │
│ 6 │ Käsekobold🥩🌀        │    1 │ 0 ADD NAUSEAM [1⟲] Add 1 wind to target   │
│   │                       │      │ Goon                                      │
│   │                       │      │ 1 REVOLT Add 1 wind to any Goon who       │
│   │                       │      │ targets Käsekobold with ability           │
└───┴───────────────────────┴──────┴───────────────────────────────────────────┘
                                 NARC Board P2                                  
┏━━━┳━━━━━━━━━━━━━━━━━━━━━━━┳━━━━━━┳━━━━━━━━━━━━━━━━━━━━━━━━━━━━━━━━━━━━━━━━━━━┓
┃ # ┃ Name                  ┃ Wind ┃ Abilities                                 ┃
┡━━━╇━━━━━━━━━━━━━━━━━━━━━━━╇━━━━━━╇━━━━━━━━━━━━━━━━━━━━━━━━━━━━━━━━━━━━━━━━━━━┩
│ 0 │ Lokar Simmons⭐✋🥩🚨 │    0 │ 0 RESOURCEFUL [2⟲] Draw a card            │
│ 1 │ Task Mistres⚙️ 🚨      │    1 │ 0 BIDE TIME Mistrex gains Resist until    │
│   │                       │      │ beginning of Player's next turn.          │
│   │                       │      │ 1 TAZING CRACK [1⟲] Target Goon does not  │
│   │                       │      │ unwind during its next unwind.            │
│   │                       │      │ 2 DOMINATE [2⟲] Use target Goon ability   │
│   │                       │      │ on a target of Player's choice. Target    │
│   │                       │      │ Goon pays wind as it would on its turn.   │
│ 2 │ Task Mistres⚙️ 🚨      │    0 │ 0 BIDE TIME Mistrex gains Resist until    │
│   │                       │      │ beginning of Player's next turn.          │
│   │                       │      │ 1 TAZING CRACK [1⟲] Target Goon does not  │
│   │                       │      │ unwind during its next unwind.            │
│   │                       │      │ 2 DOMINATE [2⟲] Use target Goon ability   │
│   │                       │      │ on a target of Player's choice. Target    │
│   │                       │      │ Goon pays wind as it would on its turn.   │
│ 3 │ MediFlux-1NDS⚙️ 🚨     │    0 │ 0 DORSAL CAVITY RINSE [1⟲] Remove 1 wind  │
│   │                       │      │ from target Goon.                         │
│ 4 │ MediFlux-1NDS⚙️ 🚨     │    0 │ 0 DORSAL CAVITY RINSE [1⟲] Remove 1 wind  │
│   │                       │      │ from target Goon.                         │
│ 5 │ Impact Simulant⚙️ 🚨   │    0 │ -                                         │
│ 6 │ MediFlux-1NDS⚙️ 🚨     │    0 │ 0 DORSAL CAVITY RINSE [1⟲] Remove 1 wind  │
│   │                       │      │ from target Goon.                         │
│ 7 │ MediFlux-1NDS⚙️ 🚨     │    0 │ 0 DORSAL CAVITY RINSE [1⟲] Remove 1 wind  │
│   │                       │      │ from target Goon.                         │
└───┴───────────────────────┴──────┴───────────────────────────────────────────┘
Dead Pool 🥩:11 ⚙️ :7
          NARC P2 hand (6)          
┏━━━┳━━━━━━━━━━━━━━━━━━━━━━━┳━━━━━━┓
┃ # ┃ Name                  ┃ Cost ┃
┡━━━╇━━━━━━━━━━━━━━━━━━━━━━━╇━━━━━━┩
│ 0 │ Buzzkill🔶✋⚙️ 🚨      │ 5⟲   │
│ 1 │ Nob Lobber⚙️ 🚨        │ 4⟲   │
│ 2 │ Narcstar🚨            │ 12⟲  │
│ 3 │ K-9.0⚙️ 🚨             │ 3⟲   │
│ 4 │ Shield Array Node⚙️ 🚨 │ 2⟲   │
│ 5 │ Sentry Node⚙️ 🚨       │ 4⟲   │
└───┴───────────────────────┴──────┘
Previous Turn
Turn 22 ends. P1 leaves 7 goons on the board. P1 now has 7 board / 6 hand 
(retired 5); P2 has 8 board / 5 hand (retired 4). Dead Pool holds 17.
  P1 deployed Käsekobold.
  P1's Void Freak was retired.
  Void Freak was sent to the Dead Pool.
  Void Freak was sent to the Dead Pool.
Turn 23 ends. P2 leaves 9 goons on the board. P1 now has 7 board / 6 hand 
(retired 5); P2 has 9 board / 5 hand (retired 4). Dead Pool holds 17.
  P2 deployed Shield Array Node.
Turn 24 | Player: P1
                                 NARC Board P2                                  
┏━━━┳━━━━━━━━━━━━━━━━━━━━━━━┳━━━━━━┳━━━━━━━━━━━━━━━━━━━━━━━━━━━━━━━━━━━━━━━━━━━┓
┃ # ┃ Name                  ┃ Wind ┃ Abilities                                 ┃
┡━━━╇━━━━━━━━━━━━━━━━━━━━━━━╇━━━━━━╇━━━━━━━━━━━━━━━━━━━━━━━━━━━━━━━━━━━━━━━━━━━┩
│ 0 │ Lokar Simmons⭐✋🥩🚨 │    0 │ 0 RESOURCEFUL [2⟲] Draw a card            │
│ 1 │ Task Mistres⚙️ 🚨      │    3 │ 0 BIDE TIME Mistrex gains Resist until    │
│   │                       │      │ beginning of Player's next turn.          │
│   │                       │      │ 1 TAZING CRACK [1⟲] Target Goon does not  │
│   │                       │      │ unwind during its next unwind.            │
│   │                       │      │ 2 DOMINATE [2⟲] Use target Goon ability   │
│   │                       │      │ on a target of Player's choice. Target    │
│   │                       │      │ Goon pays wind as it would on its turn.   │
│ 2 │ Task Mistres⚙️ 🚨      │    0 │ 0 BIDE TIME Mistrex gains Resist until    │
│   │                       │      │ beginning of Player's next turn.          │
│   │                       │      │ 1 TAZING CRACK [1⟲] Target Goon does not  │
│   │                       │      │ unwind during its next unwind.            │
│   │                       │      │ 2 DOMINATE [2⟲] Use target Goon ability   │
│   │                       │      │ on a target of Player's choice. Target    │
│   │                       │      │ Goon pays wind as it would on its turn.   │
│ 3 │ MediFlux-1NDS⚙️ 🚨     │    0 │ 0 DORSAL CAVITY RINSE [1⟲] Remove 1 wind  │
│   │                       │      │ from target Goon.                         │
│ 4 │ MediFlux-1NDS⚙️ 🚨     │    0 │ 0 DORSAL CAVITY RINSE [1⟲] Remove 1 wind  │
│   │                       │      │ from target Goon.                         │
│ 5 │ Impact Simulant⚙️ 🚨   │    0 │ -                                         │
│ 6 │ MediFlux-1NDS⚙️ 🚨     │    0 │ 0 DORSAL CAVITY RINSE [1⟲] Remove 1 wind  │
│   │                       │      │ from target Goon.                         │
│ 7 │ MediFlux-1NDS⚙️ 🚨     │    0 │ 0 DORSAL CAVITY RINSE [1⟲] Remove 1 wind  │
│   │                       │      │ from target Goon.                         │
│ 8 │ Shield Array Node⚙️ 🚨 │    0 │ 0 FORTIFICATION NETWORK While 2+ Shield   │
│   │                       │      │ Array Nodes are in play, Player's Goons   │
│   │                       │      │ may not be the target of negative         │
│   │                       │      │ effects.                                  │
│   │                       │      │ 1 SURGE BARRIER [1⟲] Banish 1 mechanical  │
│   │                       │      │ from Dead Pool to give allied Goons       │
│   │                       │      │ Resist until end of turn.                 │
└───┴───────────────────────┴──────┴───────────────────────────────────────────┘
                                  PCU Board P1                                  
┏━━━┳━━━━━━━━━━━━━━━━━━━━━━━┳━━━━━━┳━━━━━━━━━━━━━━━━━━━━━━━━━━━━━━━━━━━━━━━━━━━┓
┃ # ┃ Name                  ┃ Wind ┃ Abilities                                 ┃
┡━━━╇━━━━━━━━━━━━━━━━━━━━━━━╇━━━━━━╇━━━━━━━━━━━━━━━━━━━━━━━━━━━━━━━━━━━━━━━━━━━┩
│ 0 │ Grim⭐✋🥩🌀          │    0 │ 0 DEFILE NATURE Remove 1 wind from any    │
│   │                       │      │ target Goon.                              │
│ 1 │ Käsekobold🥩🌀        │    0 │ 0 ADD NAUSEAM [1⟲] Add 1 wind to target   │
│   │                       │      │ Goon                                      │
│   │                       │      │ 1 REVOLT Add 1 wind to any Goon who       │
│   │                       │      │ targets Käsekobold with ability           │
│ 2 │ Local Singularity🚫🌀 │    0 │ 0 DRAW FIRE Player's Goons cannot be      │
│   │                       │      │ targeted by unfriendly abilities while    │
│   │                       │      │ Singularity is in play. Singularity must  │
│   │                       │      │ be destroyed first.                       │
│ 3 │ Psychodelic Toad🥩🌀  │    1 │ 0 DOSE [2⟲] Target Goon may not use       │
│   │                       │      │ abilities or contribute wind on its       │
│   │                       │      │ Player’s next turn. Target may still      │
│   │                       │      │ unwind.                                   │
│ 4 │ Vex🔶✋🥩🌀           │    1 │ 0 PLINK Add 1 wind to target Goon         │
│   │                       │      │ 1 SNIPE [2⟲] Add 2 wind to target Goon    │
│   │                       │      │ 2 DOME [3⟲] Destroy target Goon.          │
│ 5 │ Blood Howler⚙️ 🌀      │    0 │ 0 BALLISTIC BARRAGE Distribute X wind     │
│   │                       │      │ among target Goons.                       │
│ 6 │ Käsekobold🥩🌀        │    0 │ 0 ADD NAUSEAM [1⟲] Add 1 wind to target   │
│   │                       │      │ Goon                                      │
│   │                       │      │ 1 REVOLT Add 1 wind to any Goon who       │
│   │                       │      │ targets Käsekobold with ability           │
└───┴───────────────────────┴──────┴───────────────────────────────────────────┘
Dead Pool 🥩:11 ⚙️ :7
          PCU P1 hand (7)           
┏━━━┳━━━━━━━━━━━━━━━━━━━━━━━┳━━━━━━┓
┃ # ┃ Name                  ┃ Cost ┃
┡━━━╇━━━━━━━━━━━━━━━━━━━━━━━╇━━━━━━┩
│ 0 │ Krax🔶✋🥩🌀          │ 6⟲   │
│ 1 │ Nives⚙️ 🌀             │ 4⟲   │
│ 2 │ Annihilist Overseer🌀 │ 4⟲   │
│ 3 │ Krax🔶✋🥩🌀          │ 6⟲   │
│ 4 │ Technomancer🥩⚙️ 🌀    │ 4⟲   │
│ 5 │ Dragoon⚙️ 🌀           │ 6⟲   │
│ 6 │ Käsekobold🥩🌀        │ 2⟲   │
└───┴───────────────────────┴──────┘
Previous Turn
Turn 23 ends. P2 leaves 9 goons on the board. P1 now has 7 board / 6 hand 
(retired 5); P2 has 9 board / 5 hand (retired 4). Dead Pool holds 17.
  P2 deployed Shield Array Node.
Turn 24 ends. P1 leaves 8 goons on the board. P1 now has 8 board / 6 hand 
(retired 5); P2 has 8 board / 5 hand (retired 5). Dead Pool holds 18.
  P1 deployed Käsekobold.
  Opponent (P2)'s Task Mistres was retired.
  Task Mistres was sent to the Dead Pool.
Turn 25 | Player: P2
                                  PCU Board P1                                  
┏━━━┳━━━━━━━━━━━━━━━━━━━━━━━┳━━━━━━┳━━━━━━━━━━━━━━━━━━━━━━━━━━━━━━━━━━━━━━━━━━━┓
┃ # ┃ Name                  ┃ Wind ┃ Abilities                                 ┃
┡━━━╇━━━━━━━━━━━━━━━━━━━━━━━╇━━━━━━╇━━━━━━━━━━━━━━━━━━━━━━━━━━━━━━━━━━━━━━━━━━━┩
│ 0 │ Grim⭐✋🥩🌀          │    0 │ 0 DEFILE NATURE Remove 1 wind from any    │
│   │                       │      │ target Goon.                              │
│ 1 │ Käsekobold🥩🌀        │    2 │ 0 ADD NAUSEAM [1⟲] Add 1 wind to target   │
│   │                       │      │ Goon                                      │
│   │                       │      │ 1 REVOLT Add 1 wind to any Goon who       │
│   │                       │      │ targets Käsekobold with ability           │
│ 2 │ Local Singularity🚫🌀 │    0 │ 0 DRAW FIRE Player's Goons cannot be      │
│   │                       │      │ targeted by unfriendly abilities while    │
│   │                       │      │ Singularity is in play. Singularity must  │
│   │                       │      │ be destroyed first.                       │
│ 3 │ Psychodelic Toad🥩🌀  │    1 │ 0 DOSE [2⟲] Target Goon may not use       │
│   │                       │      │ abilities or contribute wind on its       │
│   │                       │      │ Player’s next turn. Target may still      │
│   │                       │      │ unwind.                                   │
│ 4 │ Vex🔶✋🥩🌀           │    3 │ 0 PLINK Add 1 wind to target Goon         │
│   │                       │      │ 1 SNIPE [2⟲] Add 2 wind to target Goon    │
│   │                       │      │ 2 DOME [3⟲] Destroy target Goon.          │
│ 5 │ Blood Howler⚙️ 🌀      │    0 │ 0 BALLISTIC BARRAGE Distribute X wind     │
│   │                       │      │ among target Goons.                       │
│ 6 │ Käsekobold🥩🌀        │    0 │ 0 ADD NAUSEAM [1⟲] Add 1 wind to target   │
│   │                       │      │ Goon                                      │
│   │                       │      │ 1 REVOLT Add 1 wind to any Goon who       │
│   │                       │      │ targets Käsekobold with ability           │
│ 7 │ Käsekobold🥩🌀        │    1 │ 0 ADD NAUSEAM [1⟲] Add 1 wind to target   │
│   │                       │      │ Goon                                      │
│   │                       │      │ 1 REVOLT Add 1 wind to any Goon who       │
│   │                       │      │ targets Käsekobold with ability           │
└───┴───────────────────────┴──────┴───────────────────────────────────────────┘
                                 NARC Board P2                                  
┏━━━┳━━━━━━━━━━━━━━━━━━━━━━━┳━━━━━━┳━━━━━━━━━━━━━━━━━━━━━━━━━━━━━━━━━━━━━━━━━━━┓
┃ # ┃ Name                  ┃ Wind ┃ Abilities                                 ┃
┡━━━╇━━━━━━━━━━━━━━━━━━━━━━━╇━━━━━━╇━━━━━━━━━━━━━━━━━━━━━━━━━━━━━━━━━━━━━━━━━━━┩
│ 0 │ Lokar Simmons⭐✋🥩🚨 │    0 │ 0 RESOURCEFUL [2⟲] Draw a card            │
│ 1 │ Task Mistres⚙️ 🚨      │    0 │ 0 BIDE TIME Mistrex gains Resist until    │
│   │                       │      │ beginning of Player's next turn.          │
│   │                       │      │ 1 TAZING CRACK [1⟲] Target Goon does not  │
│   │                       │      │ unwind during its next unwind.            │
│   │                       │      │ 2 DOMINATE [2⟲] Use target Goon ability   │
│   │                       │      │ on a target of Player's choice. Target    │
│   │                       │      │ Goon pays wind as it would on its turn.   │
│ 2 │ MediFlux-1NDS⚙️ 🚨     │    0 │ 0 DORSAL CAVITY RINSE [1⟲] Remove 1 wind  │
│   │                       │      │ from target Goon.                         │
│ 3 │ MediFlux-1NDS⚙️ 🚨     │    0 │ 0 DORSAL CAVITY RINSE [1⟲] Remove 1 wind  │
│   │                       │      │ from target Goon.                         │
│ 4 │ Impact Simulant⚙️ 🚨   │    0 │ -                                         │
│ 5 │ MediFlux-1NDS⚙️ 🚨     │    0 │ 0 DORSAL CAVITY RINSE [1⟲] Remove 1 wind  │
│   │                       │      │ from target Goon.                         │
│ 6 │ MediFlux-1NDS⚙️ 🚨     │    0 │ 0 DORSAL CAVITY RINSE [1⟲] Remove 1 wind  │
│   │                       │      │ from target Goon.                         │
│ 7 │ Shield Array Node⚙️ 🚨 │    0 │ 0 FORTIFICATION NETWORK While 2+ Shield   │
│   │                       │      │ Array Nodes are in play, Player's Goons   │
│   │                       │      │ may not be the target of negative         │
│   │                       │      │ effects.                                  │
│   │                       │      │ 1 SURGE BARRIER [1⟲] Banish 1 mechanical  │
│   │                       │      │ from Dead Pool to give allied Goons       │
│   │                       │      │ Resist until end of turn.                 │
└───┴───────────────────────┴──────┴───────────────────────────────────────────┘
Dead Pool 🥩:11 ⚙️ :8
          NARC P2 hand (6)          
┏━━━┳━━━━━━━━━━━━━━━━━━━━━━━┳━━━━━━┓
┃ # ┃ Name                  ┃ Cost ┃
┡━━━╇━━━━━━━━━━━━━━━━━━━━━━━╇━━━━━━┩
│ 0 │ Buzzkill🔶✋⚙️ 🚨      │ 5⟲   │
│ 1 │ Nob Lobber⚙️ 🚨        │ 4⟲   │
│ 2 │ Narcstar🚨            │ 12⟲  │
│ 3 │ K-9.0⚙️ 🚨             │ 3⟲   │
│ 4 │ Sentry Node⚙️ 🚨       │ 4⟲   │
│ 5 │ Shield Array Node⚙️ 🚨 │ 2⟲   │
└───┴───────────────────────┴──────┘
Previous Turn
Turn 24 ends. P1 leaves 8 goons on the board. P1 now has 8 board / 6 hand 
(retired 5); P2 has 8 board / 5 hand (retired 5). Dead Pool holds 18.
  P1 deployed Käsekobold.
  Opponent (P2)'s Task Mistres was retired.
  Task Mistres was sent to the Dead Pool.
Turn 25 ends. P2 leaves 9 goons on the board. P1 now has 8 board / 6 hand 
(retired 5); P2 has 9 board / 5 hand (retired 5). Dead Pool holds 18.
  P2 deployed Shield Array Node.
Turn 26 | Player: P1
                                 NARC Board P2                                  
┏━━━┳━━━━━━━━━━━━━━━━━━━━━━━┳━━━━━━┳━━━━━━━━━━━━━━━━━━━━━━━━━━━━━━━━━━━━━━━━━━━┓
┃ # ┃ Name                  ┃ Wind ┃ Abilities                                 ┃
┡━━━╇━━━━━━━━━━━━━━━━━━━━━━━╇━━━━━━╇━━━━━━━━━━━━━━━━━━━━━━━━━━━━━━━━━━━━━━━━━━━┩
│ 0 │ Lokar Simmons⭐✋🥩🚨 │    0 │ 0 RESOURCEFUL [2⟲] Draw a card            │
│ 1 │ Task Mistres⚙️ 🚨      │    2 │ 0 BIDE TIME Mistrex gains Resist until    │
│   │                       │      │ beginning of Player's next turn.          │
│   │                       │      │ 1 TAZING CRACK [1⟲] Target Goon does not  │
│   │                       │      │ unwind during its next unwind.            │
│   │                       │      │ 2 DOMINATE [2⟲] Use target Goon ability   │
│   │                       │      │ on a target of Player's choice. Target    │
│   │                       │      │ Goon pays wind as it would on its turn.   │
│ 2 │ MediFlux-1NDS⚙️ 🚨     │    0 │ 0 DORSAL CAVITY RINSE [1⟲] Remove 1 wind  │
│   │                       │      │ from target Goon.                         │
│ 3 │ MediFlux-1NDS⚙️ 🚨     │    0 │ 0 DORSAL CAVITY RINSE [1⟲] Remove 1 wind  │
│   │                       │      │ from target Goon.                         │
│ 4 │ Impact Simulant⚙️ 🚨   │    0 │ -                                         │
│ 5 │ MediFlux-1NDS⚙️ 🚨     │    0 │ 0 DORSAL CAVITY RINSE [1⟲] Remove 1 wind  │
│   │                       │      │ from target Goon.                         │
│ 6 │ MediFlux-1NDS⚙️ 🚨     │    0 │ 0 DORSAL CAVITY RINSE [1⟲] Remove 1 wind  │
│   │                       │      │ from target Goon.                         │
│ 7 │ Shield Array Node⚙️ 🚨 │    0 │ 0 FORTIFICATION NETWORK While 2+ Shield   │
│   │                       │      │ Array Nodes are in play, Player's Goons   │
│   │                       │      │ may not be the target of negative         │
│   │                       │      │ effects.                                  │
│   │                       │      │ 1 SURGE BARRIER [1⟲] Banish 1 mechanical  │
│   │                       │      │ from Dead Pool to give allied Goons       │
│   │                       │      │ Resist until end of turn.                 │
│ 8 │ Shield Array Node⚙️ 🚨 │    0 │ 0 FORTIFICATION NETWORK While 2+ Shield   │
│   │                       │      │ Array Nodes are in play, Player's Goons   │
│   │                       │      │ may not be the target of negative         │
│   │                       │      │ effects.                                  │
│   │                       │      │ 1 SURGE BARRIER [1⟲] Banish 1 mechanical  │
│   │                       │      │ from Dead Pool to give allied Goons       │
│   │                       │      │ Resist until end of turn.                 │
└───┴───────────────────────┴──────┴───────────────────────────────────────────┘
                                  PCU Board P1                                  
┏━━━┳━━━━━━━━━━━━━━━━━━━━━━━┳━━━━━━┳━━━━━━━━━━━━━━━━━━━━━━━━━━━━━━━━━━━━━━━━━━━┓
┃ # ┃ Name                  ┃ Wind ┃ Abilities                                 ┃
┡━━━╇━━━━━━━━━━━━━━━━━━━━━━━╇━━━━━━╇━━━━━━━━━━━━━━━━━━━━━━━━━━━━━━━━━━━━━━━━━━━┩
│ 0 │ Grim⭐✋🥩🌀          │    0 │ 0 DEFILE NATURE Remove 1 wind from any    │
│   │                       │      │ target Goon.                              │
│ 1 │ Käsekobold🥩🌀        │    1 │ 0 ADD NAUSEAM [1⟲] Add 1 wind to target   │
│   │                       │      │ Goon                                      │
│   │                       │      │ 1 REVOLT Add 1 wind to any Goon who       │
│   │                       │      │ targets Käsekobold with ability           │
│ 2 │ Local Singularity🚫🌀 │    0 │ 0 DRAW FIRE Player's Goons cannot be      │
│   │                       │      │ targeted by unfriendly abilities while    │
│   │                       │      │ Singularity is in play. Singularity must  │
│   │                       │      │ be destroyed first.                       │
│ 3 │ Psychodelic Toad🥩🌀  │    0 │ 0 DOSE [2⟲] Target Goon may not use       │
│   │                       │      │ abilities or contribute wind on its       │
│   │                       │      │ Player’s next turn. Target may still      │
│   │                       │      │ unwind.                                   │
│ 4 │ Vex🔶✋🥩🌀           │    2 │ 0 PLINK Add 1 wind to target Goon         │
│   │                       │      │ 1 SNIPE [2⟲] Add 2 wind to target Goon    │
│   │                       │      │ 2 DOME [3⟲] Destroy target Goon.          │
│ 5 │ Blood Howler⚙️ 🌀      │    0 │ 0 BALLISTIC BARRAGE Distribute X wind     │
│   │                       │      │ among target Goons.                       │
│ 6 │ Käsekobold🥩🌀        │    0 │ 0 ADD NAUSEAM [1⟲] Add 1 wind to target   │
│   │                       │      │ Goon                                      │
│   │                       │      │ 1 REVOLT Add 1 wind to any Goon who       │
│   │                       │      │ targets Käsekobold with ability           │
│ 7 │ Käsekobold🥩🌀        │    0 │ 0 ADD NAUSEAM [1⟲] Add 1 wind to target   │
│   │                       │      │ Goon                                      │
│   │                       │      │ 1 REVOLT Add 1 wind to any Goon who       │
│   │                       │      │ targets Käsekobold with ability           │
└───┴───────────────────────┴──────┴───────────────────────────────────────────┘
Dead Pool 🥩:11 ⚙️ :8
          PCU P1 hand (7)           
┏━━━┳━━━━━━━━━━━━━━━━━━━━━━━┳━━━━━━┓
┃ # ┃ Name                  ┃ Cost ┃
┡━━━╇━━━━━━━━━━━━━━━━━━━━━━━╇━━━━━━┩
│ 0 │ Krax🔶✋🥩🌀          │ 6⟲   │
│ 1 │ Nives⚙️ 🌀             │ 4⟲   │
│ 2 │ Annihilist Overseer🌀 │ 4⟲   │
│ 3 │ Krax🔶✋🥩🌀          │ 6⟲   │
│ 4 │ Technomancer🥩⚙️ 🌀    │ 4⟲   │
│ 5 │ Dragoon⚙️ 🌀           │ 6⟲   │
│ 6 │ Mutt⚙️ 🌀              │ 4⟲   │
└───┴───────────────────────┴──────┘
Previous Turn
Turn 25 ends. P2 leaves 9 goons on the board. P1 now has 8 board / 6 hand 
(retired 5); P2 has 9 board / 5 hand (retired 5). Dead Pool holds 18.
  P2 deployed Shield Array Node.
Turn 26 ends. P1 leaves 8 goons on the board. P1 now has 8 board / 6 hand 
(retired 6); P2 has 9 board / 5 hand (retired 5). Dead Pool holds 20.
  P1 deployed Nives.
  P1's Käsekobold was retired.
  Käsekobold was sent to the Dead Pool.
  Käsekobold was sent to the Dead Pool.
Turn 27 | Player: P2
                                  PCU Board P1                                  
┏━━━┳━━━━━━━━━━━━━━━━━━━━━━━┳━━━━━━┳━━━━━━━━━━━━━━━━━━━━━━━━━━━━━━━━━━━━━━━━━━━┓
┃ # ┃ Name                  ┃ Wind ┃ Abilities                                 ┃
┡━━━╇━━━━━━━━━━━━━━━━━━━━━━━╇━━━━━━╇━━━━━━━━━━━━━━━━━━━━━━━━━━━━━━━━━━━━━━━━━━━┩
│ 0 │ Grim⭐✋🥩🌀          │    0 │ 0 DEFILE NATURE Remove 1 wind from any    │
│   │                       │      │ target Goon.                              │
│ 1 │ Local Singularity🚫🌀 │    1 │ 0 DRAW FIRE Player's Goons cannot be      │
│   │                       │      │ targeted by unfriendly abilities while    │
│   │                       │      │ Singularity is in play. Singularity must  │
│   │                       │      │ be destroyed first.                       │
│ 2 │ Psychodelic Toad🥩🌀  │    2 │ 0 DOSE [2⟲] Target Goon may not use       │
│   │                       │      │ abilities or contribute wind on its       │
│   │                       │      │ Player’s next turn. Target may still      │
│   │                       │      │ unwind.                                   │
│ 3 │ Vex🔶✋🥩🌀           │    2 │ 0 PLINK Add 1 wind to target Goon         │
│   │                       │      │ 1 SNIPE [2⟲] Add 2 wind to target Goon    │
│   │                       │      │ 2 DOME [3⟲] Destroy target Goon.          │
│ 4 │ Blood Howler⚙️ 🌀      │    0 │ 0 BALLISTIC BARRAGE Distribute X wind     │
│   │                       │      │ among target Goons.                       │
│ 5 │ Käsekobold🥩🌀        │    0 │ 0 ADD NAUSEAM [1⟲] Add 1 wind to target   │
│   │                       │      │ Goon                                      │
│   │                       │      │ 1 REVOLT Add 1 wind to any Goon who       │
│   │                       │      │ targets Käsekobold with ability           │
│ 6 │ Käsekobold🥩🌀        │    0 │ 0 ADD NAUSEAM [1⟲] Add 1 wind to target   │
│   │                       │      │ Goon                                      │
│   │                       │      │ 1 REVOLT Add 1 wind to any Goon who       │
│   │                       │      │ targets Käsekobold with ability           │
│ 7 │ Nives⚙️ 🌀             │    0 │ 0 SMILODON SABERS [1⟲] Add 2 wind to      │
│   │                       │      │ target Goon                               │
│   │                       │      │ 1 FAMILIAR ASSIST Nives can contribute    │
│   │                       │      │ wind to pay for Vex's abilities.          │
└───┴───────────────────────┴──────┴───────────────────────────────────────────┘
                                 NARC Board P2                                  
┏━━━┳━━━━━━━━━━━━━━━━━━━━━━━┳━━━━━━┳━━━━━━━━━━━━━━━━━━━━━━━━━━━━━━━━━━━━━━━━━━━┓
┃ # ┃ Name                  ┃ Wind ┃ Abilities                                 ┃
┡━━━╇━━━━━━━━━━━━━━━━━━━━━━━╇━━━━━━╇━━━━━━━━━━━━━━━━━━━━━━━━━━━━━━━━━━━━━━━━━━━┩
│ 0 │ Lokar Simmons⭐✋🥩🚨 │    0 │ 0 RESOURCEFUL [2⟲] Draw a card            │
│ 1 │ Task Mistres⚙️ 🚨      │    1 │ 0 BIDE TIME Mistrex gains Resist until    │
│   │                       │      │ beginning of Player's next turn.          │
│   │                       │      │ 1 TAZING CRACK [1⟲] Target Goon does not  │
│   │                       │      │ unwind during its next unwind.            │
│   │                       │      │ 2 DOMINATE [2⟲] Use target Goon ability   │
│   │                       │      │ on a target of Player's choice. Target    │
│   │                       │      │ Goon pays wind as it would on its turn.   │
│ 2 │ MediFlux-1NDS⚙️ 🚨     │    0 │ 0 DORSAL CAVITY RINSE [1⟲] Remove 1 wind  │
│   │                       │      │ from target Goon.                         │
│ 3 │ MediFlux-1NDS⚙️ 🚨     │    0 │ 0 DORSAL CAVITY RINSE [1⟲] Remove 1 wind  │
│   │                       │      │ from target Goon.                         │
│ 4 │ Impact Simulant⚙️ 🚨   │    0 │ -                                         │
│ 5 │ MediFlux-1NDS⚙️ 🚨     │    0 │ 0 DORSAL CAVITY RINSE [1⟲] Remove 1 wind  │
│   │                       │      │ from target Goon.                         │
│ 6 │ MediFlux-1NDS⚙️ 🚨     │    0 │ 0 DORSAL CAVITY RINSE [1⟲] Remove 1 wind  │
│   │                       │      │ from target Goon.                         │
│ 7 │ Shield Array Node⚙️ 🚨 │    0 │ 0 FORTIFICATION NETWORK While 2+ Shield   │
│   │                       │      │ Array Nodes are in play, Player's Goons   │
│   │                       │      │ may not be the target of negative         │
│   │                       │      │ effects.                                  │
│   │                       │      │ 1 SURGE BARRIER [1⟲] Banish 1 mechanical  │
│   │                       │      │ from Dead Pool to give allied Goons       │
│   │                       │      │ Resist until end of turn.                 │
│ 8 │ Shield Array Node⚙️ 🚨 │    0 │ 0 FORTIFICATION NETWORK While 2+ Shield   │
│   │                       │      │ Array Nodes are in play, Player's Goons   │
│   │                       │      │ may not be the target of negative         │
│   │                       │      │ effects.                                  │
│   │                       │      │ 1 SURGE BARRIER [1⟲] Banish 1 mechanical  │
│   │                       │      │ from Dead Pool to give allied Goons       │
│   │                       │      │ Resist until end of turn.                 │
└───┴───────────────────────┴──────┴───────────────────────────────────────────┘
Dead Pool 🥩:13 ⚙️ :8
       NARC P2 hand (6)        
┏━━━┳━━━━━━━━━━━━━━━━━━┳━━━━━━┓
┃ # ┃ Name             ┃ Cost ┃
┡━━━╇━━━━━━━━━━━━━━━━━━╇━━━━━━┩
│ 0 │ Buzzkill🔶✋⚙️ 🚨 │ 5⟲   │
│ 1 │ Nob Lobber⚙️ 🚨   │ 4⟲   │
│ 2 │ Narcstar🚨       │ 12⟲  │
│ 3 │ K-9.0⚙️ 🚨        │ 3⟲   │
│ 4 │ Sentry Node⚙️ 🚨  │ 4⟲   │
│ 5 │ Hover Shield⚙️ 🚨 │ 2⟲   │
└───┴──────────────────┴──────┘
Previous Turn
Turn 26 ends. P1 leaves 8 goons on the board. P1 now has 8 board / 6 hand 
(retired 6); P2 has 9 board / 5 hand (retired 5). Dead Pool holds 20.
  P1 deployed Nives.
  P1's Käsekobold was retired.
  Käsekobold was sent to the Dead Pool.
  Käsekobold was sent to the Dead Pool.
Turn 27 ends. P2 leaves 10 goons on the board. P1 now has 8 board / 6 hand 
(retired 6); P2 has 10 board / 5 hand (retired 5). Dead Pool holds 20.
  P2 deployed Hover Shield.
Turn 28 | Player: P1
                                 NARC Board P2                                  
┏━━━┳━━━━━━━━━━━━━━━━━━━━━━━┳━━━━━━┳━━━━━━━━━━━━━━━━━━━━━━━━━━━━━━━━━━━━━━━━━━━┓
┃ # ┃ Name                  ┃ Wind ┃ Abilities                                 ┃
┡━━━╇━━━━━━━━━━━━━━━━━━━━━━━╇━━━━━━╇━━━━━━━━━━━━━━━━━━━━━━━━━━━━━━━━━━━━━━━━━━━┩
│ 0 │ Lokar Simmons⭐✋🥩🚨 │    0 │ 0 RESOURCEFUL [2⟲] Draw a card            │
│ 1 │ Task Mistres⚙️ 🚨      │    3 │ 0 BIDE TIME Mistrex gains Resist until    │
│   │                       │      │ beginning of Player's next turn.          │
│   │                       │      │ 1 TAZING CRACK [1⟲] Target Goon does not  │
│   │                       │      │ unwind during its next unwind.            │
│   │                       │      │ 2 DOMINATE [2⟲] Use target Goon ability   │
│   │                       │      │ on a target of Player's choice. Target    │
│   │                       │      │ Goon pays wind as it would on its turn.   │
│ 2 │ MediFlux-1NDS⚙️ 🚨     │    0 │ 0 DORSAL CAVITY RINSE [1⟲] Remove 1 wind  │
│   │                       │      │ from target Goon.                         │
│ 3 │ MediFlux-1NDS⚙️ 🚨     │    0 │ 0 DORSAL CAVITY RINSE [1⟲] Remove 1 wind  │
│   │                       │      │ from target Goon.                         │
│ 4 │ Impact Simulant⚙️ 🚨   │    0 │ -                                         │
│ 5 │ MediFlux-1NDS⚙️ 🚨     │    0 │ 0 DORSAL CAVITY RINSE [1⟲] Remove 1 wind  │
│   │                       │      │ from target Goon.                         │
│ 6 │ MediFlux-1NDS⚙️ 🚨     │    0 │ 0 DORSAL CAVITY RINSE [1⟲] Remove 1 wind  │
│   │                       │      │ from target Goon.                         │
│ 7 │ Shield Array Node⚙️ 🚨 │    0 │ 0 FORTIFICATION NETWORK While 2+ Shield   │
│   │                       │      │ Array Nodes are in play, Player's Goons   │
│   │                       │      │ may not be the target of negative         │
│   │                       │      │ effects.                                  │
│   │                       │      │ 1 SURGE BARRIER [1⟲] Banish 1 mechanical  │
│   │                       │      │ from Dead Pool to give allied Goons       │
│   │                       │      │ Resist until end of turn.                 │
│ 8 │ Shield Array Node⚙️ 🚨 │    0 │ 0 FORTIFICATION NETWORK While 2+ Shield   │
│   │                       │      │ Array Nodes are in play, Player's Goons   │
│   │                       │      │ may not be the target of negative         │
│   │                       │      │ effects.                                  │
│   │                       │      │ 1 SURGE BARRIER [1⟲] Banish 1 mechanical  │
│   │                       │      │ from Dead Pool to give allied Goons       │
│   │                       │      │ Resist until end of turn.                 │
│ 9 │ Hover Shield⚙️ 🚨      │    0 │ 0 COVER [1⟲] Target Goon may not be       │
│   │                       │      │ targeted by enemy Goon abilities until    │
│   │                       │      │ the beginning of player's next turn.      │
└───┴───────────────────────┴──────┴───────────────────────────────────────────┘
                                  PCU Board P1                                  
┏━━━┳━━━━━━━━━━━━━━━━━━━━━━━┳━━━━━━┳━━━━━━━━━━━━━━━━━━━━━━━━━━━━━━━━━━━━━━━━━━━┓
┃ # ┃ Name                  ┃ Wind ┃ Abilities                                 ┃
┡━━━╇━━━━━━━━━━━━━━━━━━━━━━━╇━━━━━━╇━━━━━━━━━━━━━━━━━━━━━━━━━━━━━━━━━━━━━━━━━━━┩
│ 0 │ Grim⭐✋🥩🌀          │    0 │ 0 DEFILE NATURE Remove 1 wind from any    │
│   │                       │      │ target Goon.                              │
│ 1 │ Local Singularity🚫🌀 │    1 │ 0 DRAW FIRE Player's Goons cannot be      │
│   │                       │      │ targeted by unfriendly abilities while    │
│   │                       │      │ Singularity is in play. Singularity must  │
│   │                       │      │ be destroyed first.                       │
│ 2 │ Psychodelic Toad🥩🌀  │    1 │ 0 DOSE [2⟲] Target Goon may not use       │
│   │                       │      │ abilities or contribute wind on its       │
│   │                       │      │ Player’s next turn. Target may still      │
│   │                       │      │ unwind.                                   │
│ 3 │ Vex🔶✋🥩🌀           │    1 │ 0 PLINK Add 1 wind to target Goon         │
│   │                       │      │ 1 SNIPE [2⟲] Add 2 wind to target Goon    │
│   │                       │      │ 2 DOME [3⟲] Destroy target Goon.          │
│ 4 │ Blood Howler⚙️ 🌀      │    0 │ 0 BALLISTIC BARRAGE Distribute X wind     │
│   │                       │      │ among target Goons.                       │
│ 5 │ Käsekobold🥩🌀        │    0 │ 0 ADD NAUSEAM [1⟲] Add 1 wind to target   │
│   │                       │      │ Goon                                      │
│   │                       │      │ 1 REVOLT Add 1 wind to any Goon who       │
│   │                       │      │ targets Käsekobold with ability           │
│ 6 │ Käsekobold🥩🌀        │    0 │ 0 ADD NAUSEAM [1⟲] Add 1 wind to target   │
│   │                       │      │ Goon                                      │
│   │                       │      │ 1 REVOLT Add 1 wind to any Goon who       │
│   │                       │      │ targets Käsekobold with ability           │
│ 7 │ Nives⚙️ 🌀             │    0 │ 0 SMILODON SABERS [1⟲] Add 2 wind to      │
│   │                       │      │ target Goon                               │
│   │                       │      │ 1 FAMILIAR ASSIST Nives can contribute    │
│   │                       │      │ wind to pay for Vex's abilities.          │
└───┴───────────────────────┴──────┴───────────────────────────────────────────┘
Dead Pool 🥩:13 ⚙️ :8
           PCU P1 hand (7)           
┏━━━┳━━━━━━━━━━━━━━━━━━━━━━━━┳━━━━━━┓
┃ # ┃ Name                   ┃ Cost ┃
┡━━━╇━━━━━━━━━━━━━━━━━━━━━━━━╇━━━━━━┩
│ 0 │ Krax🔶✋🥩🌀           │ 6⟲   │
│ 1 │ Annihilist Overseer🌀  │ 4⟲   │
│ 2 │ Krax🔶✋🥩🌀           │ 6⟲   │
│ 3 │ Technomancer🥩⚙️ 🌀     │ 4⟲   │
│ 4 │ Dragoon⚙️ 🌀            │ 6⟲   │
│ 5 │ Mutt⚙️ 🌀               │ 4⟲   │
│ 6 │ Restless Natives🚫🥩🌀 │ 2⟲   │
└───┴────────────────────────┴──────┘
Previous Turn
Turn 27 ends. P2 leaves 10 goons on the board. P1 now has 8 board / 6 hand 
(retired 6); P2 has 10 board / 5 hand (retired 5). Dead Pool holds 20.
  P2 deployed Hover Shield.
Turn 28 ends. P1 leaves 9 goons on the board. P1 now has 9 board / 6 hand 
(retired 6); P2 has 9 board / 5 hand (retired 6). Dead Pool holds 21.
  P1 deployed Restless Natives.
  Opponent (P2)'s Task Mistres was retired.
  Task Mistres was sent to the Dead Pool.
Turn 29 | Player: P2
                                  PCU Board P1                                  
┏━━━┳━━━━━━━━━━━━━━━━━━━━━━━━┳━━━━━━┳━━━━━━━━━━━━━━━━━━━━━━━━━━━━━━━━━━━━━━━━━━┓
┃ # ┃ Name                   ┃ Wind ┃ Abilities                                ┃
┡━━━╇━━━━━━━━━━━━━━━━━━━━━━━━╇━━━━━━╇━━━━━━━━━━━━━━━━━━━━━━━━━━━━━━━━━━━━━━━━━━┩
│ 0 │ Grim⭐✋🥩🌀           │    0 │ 0 DEFILE NATURE Remove 1 wind from any   │
│   │                        │      │ target Goon.                             │
│ 1 │ Local Singularity🚫🌀  │    3 │ 0 DRAW FIRE Player's Goons cannot be     │
│   │                        │      │ targeted by unfriendly abilities while   │
│   │                        │      │ Singularity is in play. Singularity must │
│   │                        │      │ be destroyed first.                      │
│ 2 │ Psychodelic Toad🥩🌀   │    1 │ 0 DOSE [2⟲] Target Goon may not use      │
│   │                        │      │ abilities or contribute wind on its      │
│   │                        │      │ Player’s next turn. Target may still     │
│   │                        │      │ unwind.                                  │
│ 3 │ Vex🔶✋🥩🌀            │    3 │ 0 PLINK Add 1 wind to target Goon        │
│   │                        │      │ 1 SNIPE [2⟲] Add 2 wind to target Goon   │
│   │                        │      │ 2 DOME [3⟲] Destroy target Goon.         │
│ 4 │ Blood Howler⚙️ 🌀       │    0 │ 0 BALLISTIC BARRAGE Distribute X wind    │
│   │                        │      │ among target Goons.                      │
│ 5 │ Käsekobold🥩🌀         │    0 │ 0 ADD NAUSEAM [1⟲] Add 1 wind to target  │
│   │                        │      │ Goon                                     │
│   │                        │      │ 1 REVOLT Add 1 wind to any Goon who      │
│   │                        │      │ targets Käsekobold with ability          │
│ 6 │ Käsekobold🥩🌀         │    0 │ 0 ADD NAUSEAM [1⟲] Add 1 wind to target  │
│   │                        │      │ Goon                                     │
│   │                        │      │ 1 REVOLT Add 1 wind to any Goon who      │
│   │                        │      │ targets Käsekobold with ability          │
│ 7 │ Nives⚙️ 🌀              │    0 │ 0 SMILODON SABERS [1⟲] Add 2 wind to     │
│   │                        │      │ target Goon                              │
│   │                        │      │ 1 FAMILIAR ASSIST Nives can contribute   │
│   │                        │      │ wind to pay for Vex's abilities.         │
│ 8 │ Restless Natives🚫🥩🌀 │    0 │ 0 MOB [1⟲] Add 1 wind to 2 target Goons  │
│   │                        │      │ 1 STEADY DRUM [1⟲] Remove 1 wind from    │
│   │                        │      │ target allied Goon.                      │
└───┴────────────────────────┴──────┴──────────────────────────────────────────┘
                                 NARC Board P2                                  
┏━━━┳━━━━━━━━━━━━━━━━━━━━━━━┳━━━━━━┳━━━━━━━━━━━━━━━━━━━━━━━━━━━━━━━━━━━━━━━━━━━┓
┃ # ┃ Name                  ┃ Wind ┃ Abilities                                 ┃
┡━━━╇━━━━━━━━━━━━━━━━━━━━━━━╇━━━━━━╇━━━━━━━━━━━━━━━━━━━━━━━━━━━━━━━━━━━━━━━━━━━┩
│ 0 │ Lokar Simmons⭐✋🥩🚨 │    0 │ 0 RESOURCEFUL [2⟲] Draw a card            │
│ 1 │ MediFlux-1NDS⚙️ 🚨     │    0 │ 0 DORSAL CAVITY RINSE [1⟲] Remove 1 wind  │
│   │                       │      │ from target Goon.                         │
│ 2 │ MediFlux-1NDS⚙️ 🚨     │    0 │ 0 DORSAL CAVITY RINSE [1⟲] Remove 1 wind  │
│   │                       │      │ from target Goon.                         │
│ 3 │ Impact Simulant⚙️ 🚨   │    0 │ -                                         │
│ 4 │ MediFlux-1NDS⚙️ 🚨     │    0 │ 0 DORSAL CAVITY RINSE [1⟲] Remove 1 wind  │
│   │                       │      │ from target Goon.                         │
│ 5 │ MediFlux-1NDS⚙️ 🚨     │    0 │ 0 DORSAL CAVITY RINSE [1⟲] Remove 1 wind  │
│   │                       │      │ from target Goon.                         │
│ 6 │ Shield Array Node⚙️ 🚨 │    0 │ 0 FORTIFICATION NETWORK While 2+ Shield   │
│   │                       │      │ Array Nodes are in play, Player's Goons   │
│   │                       │      │ may not be the target of negative         │
│   │                       │      │ effects.                                  │
│   │                       │      │ 1 SURGE BARRIER [1⟲] Banish 1 mechanical  │
│   │                       │      │ from Dead Pool to give allied Goons       │
│   │                       │      │ Resist until end of turn.                 │
│ 7 │ Shield Array Node⚙️ 🚨 │    0 │ 0 FORTIFICATION NETWORK While 2+ Shield   │
│   │                       │      │ Array Nodes are in play, Player's Goons   │
│   │                       │      │ may not be the target of negative         │
│   │                       │      │ effects.                                  │
│   │                       │      │ 1 SURGE BARRIER [1⟲] Banish 1 mechanical  │
│   │                       │      │ from Dead Pool to give allied Goons       │
│   │                       │      │ Resist until end of turn.                 │
│ 8 │ Hover Shield⚙️ 🚨      │    0 │ 0 COVER [1⟲] Target Goon may not be       │
│   │                       │      │ targeted by enemy Goon abilities until    │
│   │                       │      │ the beginning of player's next turn.      │
└───┴───────────────────────┴──────┴───────────────────────────────────────────┘
Dead Pool 🥩:13 ⚙️ :9
       NARC P2 hand (6)        
┏━━━┳━━━━━━━━━━━━━━━━━━┳━━━━━━┓
┃ # ┃ Name             ┃ Cost ┃
┡━━━╇━━━━━━━━━━━━━━━━━━╇━━━━━━┩
│ 0 │ Buzzkill🔶✋⚙️ 🚨 │ 5⟲   │
│ 1 │ Nob Lobber⚙️ 🚨   │ 4⟲   │
│ 2 │ Narcstar🚨       │ 12⟲  │
│ 3 │ K-9.0⚙️ 🚨        │ 3⟲   │
│ 4 │ Sentry Node⚙️ 🚨  │ 4⟲   │
│ 5 │ Killjoy🔶✋⚙️ 🚨  │ 4⟲   │
└───┴──────────────────┴──────┘
Previous Turn
Turn 28 ends. P1 leaves 9 goons on the board. P1 now has 9 board / 6 hand 
(retired 6); P2 has 9 board / 5 hand (retired 6). Dead Pool holds 21.
  P1 deployed Restless Natives.
  Opponent (P2)'s Task Mistres was retired.
  Task Mistres was sent to the Dead Pool.
Turn 29 ends. P2 leaves 10 goons on the board. P1 now has 9 board / 6 hand 
(retired 6); P2 has 10 board / 5 hand (retired 6). Dead Pool holds 21.
  P2 deployed K-9.0.
Turn 30 | Player: P1
                                 NARC Board P2                                  
┏━━━┳━━━━━━━━━━━━━━━━━━━━━━━┳━━━━━━┳━━━━━━━━━━━━━━━━━━━━━━━━━━━━━━━━━━━━━━━━━━━┓
┃ # ┃ Name                  ┃ Wind ┃ Abilities                                 ┃
┡━━━╇━━━━━━━━━━━━━━━━━━━━━━━╇━━━━━━╇━━━━━━━━━━━━━━━━━━━━━━━━━━━━━━━━━━━━━━━━━━━┩
│ 0 │ Lokar Simmons⭐✋🥩🚨 │    0 │ 0 RESOURCEFUL [2⟲] Draw a card            │
│ 1 │ MediFlux-1NDS⚙️ 🚨     │    3 │ 0 DORSAL CAVITY RINSE [1⟲] Remove 1 wind  │
│   │                       │      │ from target Goon.                         │
│ 2 │ MediFlux-1NDS⚙️ 🚨     │    0 │ 0 DORSAL CAVITY RINSE [1⟲] Remove 1 wind  │
│   │                       │      │ from target Goon.                         │
│ 3 │ Impact Simulant⚙️ 🚨   │    0 │ -                                         │
│ 4 │ MediFlux-1NDS⚙️ 🚨     │    0 │ 0 DORSAL CAVITY RINSE [1⟲] Remove 1 wind  │
│   │                       │      │ from target Goon.                         │
│ 5 │ MediFlux-1NDS⚙️ 🚨     │    0 │ 0 DORSAL CAVITY RINSE [1⟲] Remove 1 wind  │
│   │                       │      │ from target Goon.                         │
│ 6 │ Shield Array Node⚙️ 🚨 │    0 │ 0 FORTIFICATION NETWORK While 2+ Shield   │
│   │                       │      │ Array Nodes are in play, Player's Goons   │
│   │                       │      │ may not be the target of negative         │
│   │                       │      │ effects.                                  │
│   │                       │      │ 1 SURGE BARRIER [1⟲] Banish 1 mechanical  │
│   │                       │      │ from Dead Pool to give allied Goons       │
│   │                       │      │ Resist until end of turn.                 │
│ 7 │ Shield Array Node⚙️ 🚨 │    0 │ 0 FORTIFICATION NETWORK While 2+ Shield   │
│   │                       │      │ Array Nodes are in play, Player's Goons   │
│   │                       │      │ may not be the target of negative         │
│   │                       │      │ effects.                                  │
│   │                       │      │ 1 SURGE BARRIER [1⟲] Banish 1 mechanical  │
│   │                       │      │ from Dead Pool to give allied Goons       │
│   │                       │      │ Resist until end of turn.                 │
│ 8 │ Hover Shield⚙️ 🚨      │    0 │ 0 COVER [1⟲] Target Goon may not be       │
│   │                       │      │ targeted by enemy Goon abilities until    │
│   │                       │      │ the beginning of player's next turn.      │
│ 9 │ K-9.0⚙️ 🚨             │    0 │ 0 SCAN FOR VULNERABILITY [2⟲] A goon may  │
│   │                       │      │ use an ability twice on the scanned       │
│   │                       │      │ target this turn.                         │
└───┴───────────────────────┴──────┴───────────────────────────────────────────┘
                                  PCU Board P1                                  
┏━━━┳━━━━━━━━━━━━━━━━━━━━━━━━┳━━━━━━┳━━━━━━━━━━━━━━━━━━━━━━━━━━━━━━━━━━━━━━━━━━┓
┃ # ┃ Name                   ┃ Wind ┃ Abilities                                ┃
┡━━━╇━━━━━━━━━━━━━━━━━━━━━━━━╇━━━━━━╇━━━━━━━━━━━━━━━━━━━━━━━━━━━━━━━━━━━━━━━━━━┩
│ 0 │ Grim⭐✋🥩🌀           │    0 │ 0 DEFILE NATURE Remove 1 wind from any   │
│   │                        │      │ target Goon.                             │
│ 1 │ Local Singularity🚫🌀  │    3 │ 0 DRAW FIRE Player's Goons cannot be     │
│   │                        │      │ targeted by unfriendly abilities while   │
│   │                        │      │ Singularity is in play. Singularity must │
│   │                        │      │ be destroyed first.                      │
│ 2 │ Psychodelic Toad🥩🌀   │    0 │ 0 DOSE [2⟲] Target Goon may not use      │
│   │                        │      │ abilities or contribute wind on its      │
│   │                        │      │ Player’s next turn. Target may still     │
│   │                        │      │ unwind.                                  │
│ 3 │ Vex🔶✋🥩🌀            │    2 │ 0 PLINK Add 1 wind to target Goon        │
│   │                        │      │ 1 SNIPE [2⟲] Add 2 wind to target Goon   │
│   │                        │      │ 2 DOME [3⟲] Destroy target Goon.         │
│ 4 │ Blood Howler⚙️ 🌀       │    0 │ 0 BALLISTIC BARRAGE Distribute X wind    │
│   │                        │      │ among target Goons.                      │
│ 5 │ Käsekobold🥩🌀         │    0 │ 0 ADD NAUSEAM [1⟲] Add 1 wind to target  │
│   │                        │      │ Goon                                     │
│   │                        │      │ 1 REVOLT Add 1 wind to any Goon who      │
│   │                        │      │ targets Käsekobold with ability          │
│ 6 │ Käsekobold🥩🌀         │    0 │ 0 ADD NAUSEAM [1⟲] Add 1 wind to target  │
│   │                        │      │ Goon                                     │
│   │                        │      │ 1 REVOLT Add 1 wind to any Goon who      │
│   │                        │      │ targets Käsekobold with ability          │
│ 7 │ Nives⚙️ 🌀              │    0 │ 0 SMILODON SABERS [1⟲] Add 2 wind to     │
│   │                        │      │ target Goon                              │
│   │                        │      │ 1 FAMILIAR ASSIST Nives can contribute   │
│   │                        │      │ wind to pay for Vex's abilities.         │
│ 8 │ Restless Natives🚫🥩🌀 │    0 │ 0 MOB [1⟲] Add 1 wind to 2 target Goons  │
│   │                        │      │ 1 STEADY DRUM [1⟲] Remove 1 wind from    │
│   │                        │      │ target allied Goon.                      │
└───┴────────────────────────┴──────┴──────────────────────────────────────────┘
Dead Pool 🥩:13 ⚙️ :9
          PCU P1 hand (7)           
┏━━━┳━━━━━━━━━━━━━━━━━━━━━━━┳━━━━━━┓
┃ # ┃ Name                  ┃ Cost ┃
┡━━━╇━━━━━━━━━━━━━━━━━━━━━━━╇━━━━━━┩
│ 0 │ Krax🔶✋🥩🌀          │ 6⟲   │
│ 1 │ Annihilist Overseer🌀 │ 4⟲   │
│ 2 │ Krax🔶✋🥩🌀          │ 6⟲   │
│ 3 │ Technomancer🥩⚙️ 🌀    │ 4⟲   │
│ 4 │ Dragoon⚙️ 🌀           │ 6⟲   │
│ 5 │ Mutt⚙️ 🌀              │ 4⟲   │
│ 6 │ Blood Howler⚙️ 🌀      │ 2⟲   │
└───┴───────────────────────┴──────┘
Previous Turn
Turn 29 ends. P2 leaves 10 goons on the board. P1 now has 9 board / 6 hand 
(retired 6); P2 has 10 board / 5 hand (retired 6). Dead Pool holds 21.
  P2 deployed K-9.0.
Turn 30 ends. P1 leaves 9 goons on the board. P1 now has 9 board / 6 hand 
(retired 7); P2 has 9 board / 5 hand (retired 7). Dead Pool holds 24.
  P1 deployed Blood Howler.
  P1's Local Singularity was retired.
  Opponent (P2)'s MediFlux-1NDS was retired.
  Local Singularity was sent to the Dead Pool.
  Local Singularity was sent to the Dead Pool.
  MediFlux-1NDS was sent to the Dead Pool.
Turn 31 | Player: P2
                                  PCU Board P1                                  
┏━━━┳━━━━━━━━━━━━━━━━━━━━━━━━┳━━━━━━┳━━━━━━━━━━━━━━━━━━━━━━━━━━━━━━━━━━━━━━━━━━┓
┃ # ┃ Name                   ┃ Wind ┃ Abilities                                ┃
┡━━━╇━━━━━━━━━━━━━━━━━━━━━━━━╇━━━━━━╇━━━━━━━━━━━━━━━━━━━━━━━━━━━━━━━━━━━━━━━━━━┩
│ 0 │ Grim⭐✋🥩🌀           │    0 │ 0 DEFILE NATURE Remove 1 wind from any   │
│   │                        │      │ target Goon.                             │
│ 1 │ Psychodelic Toad🥩🌀   │    1 │ 0 DOSE [2⟲] Target Goon may not use      │
│   │                        │      │ abilities or contribute wind on its      │
│   │                        │      │ Player’s next turn. Target may still     │
│   │                        │      │ unwind.                                  │
│ 2 │ Vex🔶✋🥩🌀            │    2 │ 0 PLINK Add 1 wind to target Goon        │
│   │                        │      │ 1 SNIPE [2⟲] Add 2 wind to target Goon   │
│   │                        │      │ 2 DOME [3⟲] Destroy target Goon.         │
│ 3 │ Blood Howler⚙️ 🌀       │    0 │ 0 BALLISTIC BARRAGE Distribute X wind    │
│   │                        │      │ among target Goons.                      │
│ 4 │ Käsekobold🥩🌀         │    0 │ 0 ADD NAUSEAM [1⟲] Add 1 wind to target  │
│   │                        │      │ Goon                                     │
│   │                        │      │ 1 REVOLT Add 1 wind to any Goon who      │
│   │                        │      │ targets Käsekobold with ability          │
│ 5 │ Käsekobold🥩🌀         │    0 │ 0 ADD NAUSEAM [1⟲] Add 1 wind to target  │
│   │                        │      │ Goon                                     │
│   │                        │      │ 1 REVOLT Add 1 wind to any Goon who      │
│   │                        │      │ targets Käsekobold with ability          │
│ 6 │ Nives⚙️ 🌀              │    1 │ 0 SMILODON SABERS [1⟲] Add 2 wind to     │
│   │                        │      │ target Goon                              │
│   │                        │      │ 1 FAMILIAR ASSIST Nives can contribute   │
│   │                        │      │ wind to pay for Vex's abilities.         │
│ 7 │ Restless Natives🚫🥩🌀 │    0 │ 0 MOB [1⟲] Add 1 wind to 2 target Goons  │
│   │                        │      │ 1 STEADY DRUM [1⟲] Remove 1 wind from    │
│   │                        │      │ target allied Goon.                      │
│ 8 │ Blood Howler⚙️ 🌀       │    0 │ 0 BALLISTIC BARRAGE Distribute X wind    │
│   │                        │      │ among target Goons.                      │
└───┴────────────────────────┴──────┴──────────────────────────────────────────┘
                                 NARC Board P2                                  
┏━━━┳━━━━━━━━━━━━━━━━━━━━━━━┳━━━━━━┳━━━━━━━━━━━━━━━━━━━━━━━━━━━━━━━━━━━━━━━━━━━┓
┃ # ┃ Name                  ┃ Wind ┃ Abilities                                 ┃
┡━━━╇━━━━━━━━━━━━━━━━━━━━━━━╇━━━━━━╇━━━━━━━━━━━━━━━━━━━━━━━━━━━━━━━━━━━━━━━━━━━┩
│ 0 │ Lokar Simmons⭐✋🥩🚨 │    0 │ 0 RESOURCEFUL [2⟲] Draw a card            │
│ 1 │ MediFlux-1NDS⚙️ 🚨     │    0 │ 0 DORSAL CAVITY RINSE [1⟲] Remove 1 wind  │
│   │                       │      │ from target Goon.                         │
│ 2 │ Impact Simulant⚙️ 🚨   │    0 │ -                                         │
│ 3 │ MediFlux-1NDS⚙️ 🚨     │    0 │ 0 DORSAL CAVITY RINSE [1⟲] Remove 1 wind  │
│   │                       │      │ from target Goon.                         │
│ 4 │ MediFlux-1NDS⚙️ 🚨     │    0 │ 0 DORSAL CAVITY RINSE [1⟲] Remove 1 wind  │
│   │                       │      │ from target Goon.                         │
│ 5 │ Shield Array Node⚙️ 🚨 │    0 │ 0 FORTIFICATION NETWORK While 2+ Shield   │
│   │                       │      │ Array Nodes are in play, Player's Goons   │
│   │                       │      │ may not be the target of negative         │
│   │                       │      │ effects.                                  │
│   │                       │      │ 1 SURGE BARRIER [1⟲] Banish 1 mechanical  │
│   │                       │      │ from Dead Pool to give allied Goons       │
│   │                       │      │ Resist until end of turn.                 │
│ 6 │ Shield Array Node⚙️ 🚨 │    0 │ 0 FORTIFICATION NETWORK While 2+ Shield   │
│   │                       │      │ Array Nodes are in play, Player's Goons   │
│   │                       │      │ may not be the target of negative         │
│   │                       │      │ effects.                                  │
│   │                       │      │ 1 SURGE BARRIER [1⟲] Banish 1 mechanical  │
│   │                       │      │ from Dead Pool to give allied Goons       │
│   │                       │      │ Resist until end of turn.                 │
│ 7 │ Hover Shield⚙️ 🚨      │    0 │ 0 COVER [1⟲] Target Goon may not be       │
│   │                       │      │ targeted by enemy Goon abilities until    │
│   │                       │      │ the beginning of player's next turn.      │
│ 8 │ K-9.0⚙️ 🚨             │    0 │ 0 SCAN FOR VULNERABILITY [2⟲] A goon may  │
│   │                       │      │ use an ability twice on the scanned       │
│   │                       │      │ target this turn.                         │
└───┴───────────────────────┴──────┴───────────────────────────────────────────┘
Dead Pool 🥩:13 ⚙️ :10
       NARC P2 hand (6)        
┏━━━┳━━━━━━━━━━━━━━━━━━┳━━━━━━┓
┃ # ┃ Name             ┃ Cost ┃
┡━━━╇━━━━━━━━━━━━━━━━━━╇━━━━━━┩
│ 0 │ Buzzkill🔶✋⚙️ 🚨 │ 5⟲   │
│ 1 │ Nob Lobber⚙️ 🚨   │ 4⟲   │
│ 2 │ Narcstar🚨       │ 12⟲  │
│ 3 │ Sentry Node⚙️ 🚨  │ 4⟲   │
│ 4 │ Killjoy🔶✋⚙️ 🚨  │ 4⟲   │
│ 5 │ K-9.0⚙️ 🚨        │ 3⟲   │
└───┴──────────────────┴──────┘
Previous Turn
Turn 30 ends. P1 leaves 9 goons on the board. P1 now has 9 board / 6 hand 
(retired 7); P2 has 9 board / 5 hand (retired 7). Dead Pool holds 24.
  P1 deployed Blood Howler.
  P1's Local Singularity was retired.
  Opponent (P2)'s MediFlux-1NDS was retired.
  Local Singularity was sent to the Dead Pool.
  Local Singularity was sent to the Dead Pool.
  MediFlux-1NDS was sent to the Dead Pool.
Turn 31 ends. P2 leaves 10 goons on the board. P1 now has 9 board / 6 hand 
(retired 7); P2 has 10 board / 5 hand (retired 7). Dead Pool holds 24.
  P2 deployed K-9.0.
Turn 32 | Player: P1
                                 NARC Board P2                                  
┏━━━┳━━━━━━━━━━━━━━━━━━━━━━━┳━━━━━━┳━━━━━━━━━━━━━━━━━━━━━━━━━━━━━━━━━━━━━━━━━━━┓
┃ # ┃ Name                  ┃ Wind ┃ Abilities                                 ┃
┡━━━╇━━━━━━━━━━━━━━━━━━━━━━━╇━━━━━━╇━━━━━━━━━━━━━━━━━━━━━━━━━━━━━━━━━━━━━━━━━━━┩
│ 0 │ Lokar Simmons⭐✋🥩🚨 │    0 │ 0 RESOURCEFUL [2⟲] Draw a card            │
│ 1 │ MediFlux-1NDS⚙️ 🚨     │    3 │ 0 DORSAL CAVITY RINSE [1⟲] Remove 1 wind  │
│   │                       │      │ from target Goon.                         │
│ 2 │ Impact Simulant⚙️ 🚨   │    0 │ -                                         │
│ 3 │ MediFlux-1NDS⚙️ 🚨     │    0 │ 0 DORSAL CAVITY RINSE [1⟲] Remove 1 wind  │
│   │                       │      │ from target Goon.                         │
│ 4 │ MediFlux-1NDS⚙️ 🚨     │    0 │ 0 DORSAL CAVITY RINSE [1⟲] Remove 1 wind  │
│   │                       │      │ from target Goon.                         │
│ 5 │ Shield Array Node⚙️ 🚨 │    0 │ 0 FORTIFICATION NETWORK While 2+ Shield   │
│   │                       │      │ Array Nodes are in play, Player's Goons   │
│   │                       │      │ may not be the target of negative         │
│   │                       │      │ effects.                                  │
│   │                       │      │ 1 SURGE BARRIER [1⟲] Banish 1 mechanical  │
│   │                       │      │ from Dead Pool to give allied Goons       │
│   │                       │      │ Resist until end of turn.                 │
│ 6 │ Shield Array Node⚙️ 🚨 │    0 │ 0 FORTIFICATION NETWORK While 2+ Shield   │
│   │                       │      │ Array Nodes are in play, Player's Goons   │
│   │                       │      │ may not be the target of negative         │
│   │                       │      │ effects.                                  │
│   │                       │      │ 1 SURGE BARRIER [1⟲] Banish 1 mechanical  │
│   │                       │      │ from Dead Pool to give allied Goons       │
│   │                       │      │ Resist until end of turn.                 │
│ 7 │ Hover Shield⚙️ 🚨      │    0 │ 0 COVER [1⟲] Target Goon may not be       │
│   │                       │      │ targeted by enemy Goon abilities until    │
│   │                       │      │ the beginning of player's next turn.      │
│ 8 │ K-9.0⚙️ 🚨             │    0 │ 0 SCAN FOR VULNERABILITY [2⟲] A goon may  │
│   │                       │      │ use an ability twice on the scanned       │
│   │                       │      │ target this turn.                         │
│ 9 │ K-9.0⚙️ 🚨             │    0 │ 0 SCAN FOR VULNERABILITY [2⟲] A goon may  │
│   │                       │      │ use an ability twice on the scanned       │
│   │                       │      │ target this turn.                         │
└───┴───────────────────────┴──────┴───────────────────────────────────────────┘
                                  PCU Board P1                                  
┏━━━┳━━━━━━━━━━━━━━━━━━━━━━━━┳━━━━━━┳━━━━━━━━━━━━━━━━━━━━━━━━━━━━━━━━━━━━━━━━━━┓
┃ # ┃ Name                   ┃ Wind ┃ Abilities                                ┃
┡━━━╇━━━━━━━━━━━━━━━━━━━━━━━━╇━━━━━━╇━━━━━━━━━━━━━━━━━━━━━━━━━━━━━━━━━━━━━━━━━━┩
│ 0 │ Grim⭐✋🥩🌀           │    0 │ 0 DEFILE NATURE Remove 1 wind from any   │
│   │                        │      │ target Goon.                             │
│ 1 │ Psychodelic Toad🥩🌀   │    0 │ 0 DOSE [2⟲] Target Goon may not use      │
│   │                        │      │ abilities or contribute wind on its      │
│   │                        │      │ Player’s next turn. Target may still     │
│   │                        │      │ unwind.                                  │
│ 2 │ Vex🔶✋🥩🌀            │    1 │ 0 PLINK Add 1 wind to target Goon        │
│   │                        │      │ 1 SNIPE [2⟲] Add 2 wind to target Goon   │
│   │                        │      │ 2 DOME [3⟲] Destroy target Goon.         │
│ 3 │ Blood Howler⚙️ 🌀       │    0 │ 0 BALLISTIC BARRAGE Distribute X wind    │
│   │                        │      │ among target Goons.                      │
│ 4 │ Käsekobold🥩🌀         │    0 │ 0 ADD NAUSEAM [1⟲] Add 1 wind to target  │
│   │                        │      │ Goon                                     │
│   │                        │      │ 1 REVOLT Add 1 wind to any Goon who      │
│   │                        │      │ targets Käsekobold with ability          │
│ 5 │ Käsekobold🥩🌀         │    0 │ 0 ADD NAUSEAM [1⟲] Add 1 wind to target  │
│   │                        │      │ Goon                                     │
│   │                        │      │ 1 REVOLT Add 1 wind to any Goon who      │
│   │                        │      │ targets Käsekobold with ability          │
│ 6 │ Nives⚙️ 🌀              │    0 │ 0 SMILODON SABERS [1⟲] Add 2 wind to     │
│   │                        │      │ target Goon                              │
│   │                        │      │ 1 FAMILIAR ASSIST Nives can contribute   │
│   │                        │      │ wind to pay for Vex's abilities.         │
│ 7 │ Restless Natives🚫🥩🌀 │    0 │ 0 MOB [1⟲] Add 1 wind to 2 target Goons  │
│   │                        │      │ 1 STEADY DRUM [1⟲] Remove 1 wind from    │
│   │                        │      │ target allied Goon.                      │
│ 8 │ Blood Howler⚙️ 🌀       │    0 │ 0 BALLISTIC BARRAGE Distribute X wind    │
│   │                        │      │ among target Goons.                      │
└───┴────────────────────────┴──────┴──────────────────────────────────────────┘
Dead Pool 🥩:13 ⚙️ :10
          PCU P1 hand (7)           
┏━━━┳━━━━━━━━━━━━━━━━━━━━━━━┳━━━━━━┓
┃ # ┃ Name                  ┃ Cost ┃
┡━━━╇━━━━━━━━━━━━━━━━━━━━━━━╇━━━━━━┩
│ 0 │ Krax🔶✋🥩🌀          │ 6⟲   │
│ 1 │ Annihilist Overseer🌀 │ 4⟲   │
│ 2 │ Krax🔶✋🥩🌀          │ 6⟲   │
│ 3 │ Technomancer🥩⚙️ 🌀    │ 4⟲   │
│ 4 │ Dragoon⚙️ 🌀           │ 6⟲   │
│ 5 │ Mutt⚙️ 🌀              │ 4⟲   │
│ 6 │ Primordial Oozer🥩🌀  │ 1⟲   │
└───┴───────────────────────┴──────┘
Previous Turn
Turn 31 ends. P2 leaves 10 goons on the board. P1 now has 9 board / 6 hand 
(retired 7); P2 has 10 board / 5 hand (retired 7). Dead Pool holds 24.
  P2 deployed K-9.0.
Turn 32 ends. P1 leaves 10 goons on the board. P1 now has 10 board / 6 hand 
(retired 7); P2 has 9 board / 5 hand (retired 8). Dead Pool holds 25.
  P1 deployed Primordial Oozer.
  Opponent (P2)'s MediFlux-1NDS was retired.
  MediFlux-1NDS was sent to the Dead Pool.
Turn 33 | Player: P2
                                  PCU Board P1                                  
┏━━━┳━━━━━━━━━━━━━━━━━━━━━━━━┳━━━━━━┳━━━━━━━━━━━━━━━━━━━━━━━━━━━━━━━━━━━━━━━━━━┓
┃ # ┃ Name                   ┃ Wind ┃ Abilities                                ┃
┡━━━╇━━━━━━━━━━━━━━━━━━━━━━━━╇━━━━━━╇━━━━━━━━━━━━━━━━━━━━━━━━━━━━━━━━━━━━━━━━━━┩
│ 0 │ Grim⭐✋🥩🌀           │    0 │ 0 DEFILE NATURE Remove 1 wind from any   │
│   │                        │      │ target Goon.                             │
│ 1 │ Psychodelic Toad🥩🌀   │    1 │ 0 DOSE [2⟲] Target Goon may not use      │
│   │                        │      │ abilities or contribute wind on its      │
│   │                        │      │ Player’s next turn. Target may still     │
│   │                        │      │ unwind.                                  │
│ 2 │ Vex🔶✋🥩🌀            │    3 │ 0 PLINK Add 1 wind to target Goon        │
│   │                        │      │ 1 SNIPE [2⟲] Add 2 wind to target Goon   │
│   │                        │      │ 2 DOME [3⟲] Destroy target Goon.         │
│ 3 │ Blood Howler⚙️ 🌀       │    0 │ 0 BALLISTIC BARRAGE Distribute X wind    │
│   │                        │      │ among target Goons.                      │
│ 4 │ Käsekobold🥩🌀         │    0 │ 0 ADD NAUSEAM [1⟲] Add 1 wind to target  │
│   │                        │      │ Goon                                     │
│   │                        │      │ 1 REVOLT Add 1 wind to any Goon who      │
│   │                        │      │ targets Käsekobold with ability          │
│ 5 │ Käsekobold🥩🌀         │    0 │ 0 ADD NAUSEAM [1⟲] Add 1 wind to target  │
│   │                        │      │ Goon                                     │
│   │                        │      │ 1 REVOLT Add 1 wind to any Goon who      │
│   │                        │      │ targets Käsekobold with ability          │
│ 6 │ Nives⚙️ 🌀              │    0 │ 0 SMILODON SABERS [1⟲] Add 2 wind to     │
│   │                        │      │ target Goon                              │
│   │                        │      │ 1 FAMILIAR ASSIST Nives can contribute   │
│   │                        │      │ wind to pay for Vex's abilities.         │
│ 7 │ Restless Natives🚫🥩🌀 │    0 │ 0 MOB [1⟲] Add 1 wind to 2 target Goons  │
│   │                        │      │ 1 STEADY DRUM [1⟲] Remove 1 wind from    │
│   │                        │      │ target allied Goon.                      │
│ 8 │ Blood Howler⚙️ 🌀       │    0 │ 0 BALLISTIC BARRAGE Distribute X wind    │
│   │                        │      │ among target Goons.                      │
│ 9 │ Primordial Oozer🥩🌀   │    0 │ 0 DISCHARGE [1⟲] Add 1 wind to target    │
│   │                        │      │ Goon                                     │
│   │                        │      │ 1 GOOP Unfriendly Goon who targets Oozer │
│   │                        │      │ with an ability does not unwind during   │
│   │                        │      │ its next unwind phase.                   │
└───┴────────────────────────┴──────┴──────────────────────────────────────────┘
                                 NARC Board P2                                  
┏━━━┳━━━━━━━━━━━━━━━━━━━━━━━┳━━━━━━┳━━━━━━━━━━━━━━━━━━━━━━━━━━━━━━━━━━━━━━━━━━━┓
┃ # ┃ Name                  ┃ Wind ┃ Abilities                                 ┃
┡━━━╇━━━━━━━━━━━━━━━━━━━━━━━╇━━━━━━╇━━━━━━━━━━━━━━━━━━━━━━━━━━━━━━━━━━━━━━━━━━━┩
│ 0 │ Lokar Simmons⭐✋🥩🚨 │    0 │ 0 RESOURCEFUL [2⟲] Draw a card            │
│ 1 │ Impact Simulant⚙️ 🚨   │    0 │ -                                         │
│ 2 │ MediFlux-1NDS⚙️ 🚨     │    0 │ 0 DORSAL CAVITY RINSE [1⟲] Remove 1 wind  │
│   │                       │      │ from target Goon.                         │
│ 3 │ MediFlux-1NDS⚙️ 🚨     │    0 │ 0 DORSAL CAVITY RINSE [1⟲] Remove 1 wind  │
│   │                       │      │ from target Goon.                         │
│ 4 │ Shield Array Node⚙️ 🚨 │    0 │ 0 FORTIFICATION NETWORK While 2+ Shield   │
│   │                       │      │ Array Nodes are in play, Player's Goons   │
│   │                       │      │ may not be the target of negative         │
│   │                       │      │ effects.                                  │
│   │                       │      │ 1 SURGE BARRIER [1⟲] Banish 1 mechanical  │
│   │                       │      │ from Dead Pool to give allied Goons       │
│   │                       │      │ Resist until end of turn.                 │
│ 5 │ Shield Array Node⚙️ 🚨 │    0 │ 0 FORTIFICATION NETWORK While 2+ Shield   │
│   │                       │      │ Array Nodes are in play, Player's Goons   │
│   │                       │      │ may not be the target of negative         │
│   │                       │      │ effects.                                  │
│   │                       │      │ 1 SURGE BARRIER [1⟲] Banish 1 mechanical  │
│   │                       │      │ from Dead Pool to give allied Goons       │
│   │                       │      │ Resist until end of turn.                 │
│ 6 │ Hover Shield⚙️ 🚨      │    0 │ 0 COVER [1⟲] Target Goon may not be       │
│   │                       │      │ targeted by enemy Goon abilities until    │
│   │                       │      │ the beginning of player's next turn.      │
│ 7 │ K-9.0⚙️ 🚨             │    0 │ 0 SCAN FOR VULNERABILITY [2⟲] A goon may  │
│   │                       │      │ use an ability twice on the scanned       │
│   │                       │      │ target this turn.                         │
│ 8 │ K-9.0⚙️ 🚨             │    0 │ 0 SCAN FOR VULNERABILITY [2⟲] A goon may  │
│   │                       │      │ use an ability twice on the scanned       │
│   │                       │      │ target this turn.                         │
└───┴───────────────────────┴──────┴───────────────────────────────────────────┘
Dead Pool 🥩:13 ⚙️ :11
       NARC P2 hand (6)        
┏━━━┳━━━━━━━━━━━━━━━━━━┳━━━━━━┓
┃ # ┃ Name             ┃ Cost ┃
┡━━━╇━━━━━━━━━━━━━━━━━━╇━━━━━━┩
│ 0 │ Buzzkill🔶✋⚙️ 🚨 │ 5⟲   │
│ 1 │ Nob Lobber⚙️ 🚨   │ 4⟲   │
│ 2 │ Narcstar🚨       │ 12⟲  │
│ 3 │ Sentry Node⚙️ 🚨  │ 4⟲   │
│ 4 │ Killjoy🔶✋⚙️ 🚨  │ 4⟲   │
│ 5 │ Sentry Node⚙️ 🚨  │ 4⟲   │
└───┴──────────────────┴──────┘
Previous Turn
Turn 32 ends. P1 leaves 10 goons on the board. P1 now has 10 board / 6 hand 
(retired 7); P2 has 9 board / 5 hand (retired 8). Dead Pool holds 25.
  P1 deployed Primordial Oozer.
  Opponent (P2)'s MediFlux-1NDS was retired.
  MediFlux-1NDS was sent to the Dead Pool.
Turn 33 ends. P2 leaves 9 goons on the board. P1 now has 10 board / 6 hand 
(retired 7); P2 has 9 board / 5 hand (retired 9). Dead Pool holds 27.
  P2 deployed Nob Lobber.
  P2's Impact Simulant was retired.
  Impact Simulant was sent to the Dead Pool.
  Impact Simulant was sent to the Dead Pool.
Turn 34 | Player: P1
                                 NARC Board P2                                  
┏━━━┳━━━━━━━━━━━━━━━━━━━━━━━┳━━━━━━┳━━━━━━━━━━━━━━━━━━━━━━━━━━━━━━━━━━━━━━━━━━━┓
┃ # ┃ Name                  ┃ Wind ┃ Abilities                                 ┃
┡━━━╇━━━━━━━━━━━━━━━━━━━━━━━╇━━━━━━╇━━━━━━━━━━━━━━━━━━━━━━━━━━━━━━━━━━━━━━━━━━━┩
│ 0 │ Lokar Simmons⭐✋🥩🚨 │    0 │ 0 RESOURCEFUL [2⟲] Draw a card            │
│ 1 │ MediFlux-1NDS⚙️ 🚨     │    0 │ 0 DORSAL CAVITY RINSE [1⟲] Remove 1 wind  │
│   │                       │      │ from target Goon.                         │
│ 2 │ MediFlux-1NDS⚙️ 🚨     │    0 │ 0 DORSAL CAVITY RINSE [1⟲] Remove 1 wind  │
│   │                       │      │ from target Goon.                         │
│ 3 │ Shield Array Node⚙️ 🚨 │    0 │ 0 FORTIFICATION NETWORK While 2+ Shield   │
│   │                       │      │ Array Nodes are in play, Player's Goons   │
│   │                       │      │ may not be the target of negative         │
│   │                       │      │ effects.                                  │
│   │                       │      │ 1 SURGE BARRIER [1⟲] Banish 1 mechanical  │
│   │                       │      │ from Dead Pool to give allied Goons       │
│   │                       │      │ Resist until end of turn.                 │
│ 4 │ Shield Array Node⚙️ 🚨 │    0 │ 0 FORTIFICATION NETWORK While 2+ Shield   │
│   │                       │      │ Array Nodes are in play, Player's Goons   │
│   │                       │      │ may not be the target of negative         │
│   │                       │      │ effects.                                  │
│   │                       │      │ 1 SURGE BARRIER [1⟲] Banish 1 mechanical  │
│   │                       │      │ from Dead Pool to give allied Goons       │
│   │                       │      │ Resist until end of turn.                 │
│ 5 │ Hover Shield⚙️ 🚨      │    0 │ 0 COVER [1⟲] Target Goon may not be       │
│   │                       │      │ targeted by enemy Goon abilities until    │
│   │                       │      │ the beginning of player's next turn.      │
│ 6 │ K-9.0⚙️ 🚨             │    0 │ 0 SCAN FOR VULNERABILITY [2⟲] A goon may  │
│   │                       │      │ use an ability twice on the scanned       │
│   │                       │      │ target this turn.                         │
│ 7 │ K-9.0⚙️ 🚨             │    0 │ 0 SCAN FOR VULNERABILITY [2⟲] A goon may  │
│   │                       │      │ use an ability twice on the scanned       │
│   │                       │      │ target this turn.                         │
│ 8 │ Nob Lobber⚙️ 🚨        │    0 │ 0 SCATTER LOAD [1⟲] Add 1 wind to 2       │
│   │                       │      │ target Goons.                             │
│   │                       │      │ 1 GOON BUSTER [3⟲] Add 1 wind to target   │
│   │                       │      │ Goon.                                     │
└───┴───────────────────────┴──────┴───────────────────────────────────────────┘
                                  PCU Board P1                                  
┏━━━┳━━━━━━━━━━━━━━━━━━━━━━━━┳━━━━━━┳━━━━━━━━━━━━━━━━━━━━━━━━━━━━━━━━━━━━━━━━━━┓
┃ # ┃ Name                   ┃ Wind ┃ Abilities                                ┃
┡━━━╇━━━━━━━━━━━━━━━━━━━━━━━━╇━━━━━━╇━━━━━━━━━━━━━━━━━━━━━━━━━━━━━━━━━━━━━━━━━━┩
│ 0 │ Grim⭐✋🥩🌀           │    0 │ 0 DEFILE NATURE Remove 1 wind from any   │
│   │                        │      │ target Goon.                             │
│ 1 │ Psychodelic Toad🥩🌀   │    0 │ 0 DOSE [2⟲] Target Goon may not use      │
│   │                        │      │ abilities or contribute wind on its      │
│   │                        │      │ Player’s next turn. Target may still     │
│   │                        │      │ unwind.                                  │
│ 2 │ Vex🔶✋🥩🌀            │    2 │ 0 PLINK Add 1 wind to target Goon        │
│   │                        │      │ 1 SNIPE [2⟲] Add 2 wind to target Goon   │
│   │                        │      │ 2 DOME [3⟲] Destroy target Goon.         │
│ 3 │ Blood Howler⚙️ 🌀       │    0 │ 0 BALLISTIC BARRAGE Distribute X wind    │
│   │                        │      │ among target Goons.                      │
│ 4 │ Käsekobold🥩🌀         │    0 │ 0 ADD NAUSEAM [1⟲] Add 1 wind to target  │
│   │                        │      │ Goon                                     │
│   │                        │      │ 1 REVOLT Add 1 wind to any Goon who      │
│   │                        │      │ targets Käsekobold with ability          │
│ 5 │ Käsekobold🥩🌀         │    0 │ 0 ADD NAUSEAM [1⟲] Add 1 wind to target  │
│   │                        │      │ Goon                                     │
│   │                        │      │ 1 REVOLT Add 1 wind to any Goon who      │
│   │                        │      │ targets Käsekobold with ability          │
│ 6 │ Nives⚙️ 🌀              │    0 │ 0 SMILODON SABERS [1⟲] Add 2 wind to     │
│   │                        │      │ target Goon                              │
│   │                        │      │ 1 FAMILIAR ASSIST Nives can contribute   │
│   │                        │      │ wind to pay for Vex's abilities.         │
│ 7 │ Restless Natives🚫🥩🌀 │    0 │ 0 MOB [1⟲] Add 1 wind to 2 target Goons  │
│   │                        │      │ 1 STEADY DRUM [1⟲] Remove 1 wind from    │
│   │                        │      │ target allied Goon.                      │
│ 8 │ Blood Howler⚙️ 🌀       │    0 │ 0 BALLISTIC BARRAGE Distribute X wind    │
│   │                        │      │ among target Goons.                      │
│ 9 │ Primordial Oozer🥩🌀   │    0 │ 0 DISCHARGE [1⟲] Add 1 wind to target    │
│   │                        │      │ Goon                                     │
│   │                        │      │ 1 GOOP Unfriendly Goon who targets Oozer │
│   │                        │      │ with an ability does not unwind during   │
│   │                        │      │ its next unwind phase.                   │
└───┴────────────────────────┴──────┴──────────────────────────────────────────┘
Dead Pool 🥩:13 ⚙️ :13
          PCU P1 hand (7)           
┏━━━┳━━━━━━━━━━━━━━━━━━━━━━━┳━━━━━━┓
┃ # ┃ Name                  ┃ Cost ┃
┡━━━╇━━━━━━━━━━━━━━━━━━━━━━━╇━━━━━━┩
│ 0 │ Krax🔶✋🥩🌀          │ 6⟲   │
│ 1 │ Annihilist Overseer🌀 │ 4⟲   │
│ 2 │ Krax🔶✋🥩🌀          │ 6⟲   │
│ 3 │ Technomancer🥩⚙️ 🌀    │ 4⟲   │
│ 4 │ Dragoon⚙️ 🌀           │ 6⟲   │
│ 5 │ Mutt⚙️ 🌀              │ 4⟲   │
│ 6 │ Vex🔶✋🥩🌀           │ 4⟲   │
└───┴───────────────────────┴──────┘
Previous Turn
Turn 33 ends. P2 leaves 9 goons on the board. P1 now has 10 board / 6 hand 
(retired 7); P2 has 9 board / 5 hand (retired 9). Dead Pool holds 27.
  P2 deployed Nob Lobber.
  P2's Impact Simulant was retired.
  Impact Simulant was sent to the Dead Pool.
  Impact Simulant was sent to the Dead Pool.
Turn 34 ends. P1 leaves 10 goons on the board. P1 now has 10 board / 6 hand 
(retired 8); P2 has 9 board / 5 hand (retired 9). Dead Pool holds 29.
  P1 deployed Annihilist Overseer.
  P1's Psychodelic Toad was retired.
  Psychodelic Toad was sent to the Dead Pool.
  Psychodelic Toad was sent to the Dead Pool.
Turn 35 | Player: P2
                                  PCU Board P1                                  
┏━━━┳━━━━━━━━━━━━━━━━━━━━━━━━┳━━━━━━┳━━━━━━━━━━━━━━━━━━━━━━━━━━━━━━━━━━━━━━━━━━┓
┃ # ┃ Name                   ┃ Wind ┃ Abilities                                ┃
┡━━━╇━━━━━━━━━━━━━━━━━━━━━━━━╇━━━━━━╇━━━━━━━━━━━━━━━━━━━━━━━━━━━━━━━━━━━━━━━━━━┩
│ 0 │ Grim⭐✋🥩🌀           │    0 │ 0 DEFILE NATURE Remove 1 wind from any   │
│   │                        │      │ target Goon.                             │
│ 1 │ Vex🔶✋🥩🌀            │    2 │ 0 PLINK Add 1 wind to target Goon        │
│   │                        │      │ 1 SNIPE [2⟲] Add 2 wind to target Goon   │
│   │                        │      │ 2 DOME [3⟲] Destroy target Goon.         │
│ 2 │ Blood Howler⚙️ 🌀       │    0 │ 0 BALLISTIC BARRAGE Distribute X wind    │
│   │                        │      │ among target Goons.                      │
│ 3 │ Käsekobold🥩🌀         │    0 │ 0 ADD NAUSEAM [1⟲] Add 1 wind to target  │
│   │                        │      │ Goon                                     │
│   │                        │      │ 1 REVOLT Add 1 wind to any Goon who      │
│   │                        │      │ targets Käsekobold with ability          │
│ 4 │ Käsekobold🥩🌀         │    0 │ 0 ADD NAUSEAM [1⟲] Add 1 wind to target  │
│   │                        │      │ Goon                                     │
│   │                        │      │ 1 REVOLT Add 1 wind to any Goon who      │
│   │                        │      │ targets Käsekobold with ability          │
│ 5 │ Nives⚙️ 🌀              │    1 │ 0 SMILODON SABERS [1⟲] Add 2 wind to     │
│   │                        │      │ target Goon                              │
│   │                        │      │ 1 FAMILIAR ASSIST Nives can contribute   │
│   │                        │      │ wind to pay for Vex's abilities.         │
│ 6 │ Restless Natives🚫🥩🌀 │    0 │ 0 MOB [1⟲] Add 1 wind to 2 target Goons  │
│   │                        │      │ 1 STEADY DRUM [1⟲] Remove 1 wind from    │
│   │                        │      │ target allied Goon.                      │
│ 7 │ Blood Howler⚙️ 🌀       │    0 │ 0 BALLISTIC BARRAGE Distribute X wind    │
│   │                        │      │ among target Goons.                      │
│ 8 │ Primordial Oozer🥩🌀   │    0 │ 0 DISCHARGE [1⟲] Add 1 wind to target    │
│   │                        │      │ Goon                                     │
│   │                        │      │ 1 GOOP Unfriendly Goon who targets Oozer │
│   │                        │      │ with an ability does not unwind during   │
│   │                        │      │ its next unwind phase.                   │
│ 9 │ Annihilist Overseer🌀  │    0 │ 0 BLIND [1⟲] Target Goon may not use     │
│   │                        │      │ abilities or contribute wind on its next │
│   │                        │      │ turn.                                    │
│   │                        │      │ 1 BEHEAD [3⟲] Destroy target Goon.       │
└───┴────────────────────────┴──────┴──────────────────────────────────────────┘
                                 NARC Board P2                                  
┏━━━┳━━━━━━━━━━━━━━━━━━━━━━━┳━━━━━━┳━━━━━━━━━━━━━━━━━━━━━━━━━━━━━━━━━━━━━━━━━━━┓
┃ # ┃ Name                  ┃ Wind ┃ Abilities                                 ┃
┡━━━╇━━━━━━━━━━━━━━━━━━━━━━━╇━━━━━━╇━━━━━━━━━━━━━━━━━━━━━━━━━━━━━━━━━━━━━━━━━━━┩
│ 0 │ Lokar Simmons⭐✋🥩🚨 │    2 │ 0 RESOURCEFUL [2⟲] Draw a card            │
│ 1 │ MediFlux-1NDS⚙️ 🚨     │    0 │ 0 DORSAL CAVITY RINSE [1⟲] Remove 1 wind  │
│   │                       │      │ from target Goon.                         │
│ 2 │ MediFlux-1NDS⚙️ 🚨     │    0 │ 0 DORSAL CAVITY RINSE [1⟲] Remove 1 wind  │
│   │                       │      │ from target Goon.                         │
│ 3 │ Shield Array Node⚙️ 🚨 │    0 │ 0 FORTIFICATION NETWORK While 2+ Shield   │
│   │                       │      │ Array Nodes are in play, Player's Goons   │
│   │                       │      │ may not be the target of negative         │
│   │                       │      │ effects.                                  │
│   │                       │      │ 1 SURGE BARRIER [1⟲] Banish 1 mechanical  │
│   │                       │      │ from Dead Pool to give allied Goons       │
│   │                       │      │ Resist until end of turn.                 │
│ 4 │ Shield Array Node⚙️ 🚨 │    0 │ 0 FORTIFICATION NETWORK While 2+ Shield   │
│   │                       │      │ Array Nodes are in play, Player's Goons   │
│   │                       │      │ may not be the target of negative         │
│   │                       │      │ effects.                                  │
│   │                       │      │ 1 SURGE BARRIER [1⟲] Banish 1 mechanical  │
│   │                       │      │ from Dead Pool to give allied Goons       │
│   │                       │      │ Resist until end of turn.                 │
│ 5 │ Hover Shield⚙️ 🚨      │    0 │ 0 COVER [1⟲] Target Goon may not be       │
│   │                       │      │ targeted by enemy Goon abilities until    │
│   │                       │      │ the beginning of player's next turn.      │
│ 6 │ K-9.0⚙️ 🚨             │    0 │ 0 SCAN FOR VULNERABILITY [2⟲] A goon may  │
│   │                       │      │ use an ability twice on the scanned       │
│   │                       │      │ target this turn.                         │
│ 7 │ K-9.0⚙️ 🚨             │    0 │ 0 SCAN FOR VULNERABILITY [2⟲] A goon may  │
│   │                       │      │ use an ability twice on the scanned       │
│   │                       │      │ target this turn.                         │
│ 8 │ Nob Lobber⚙️ 🚨        │    0 │ 0 SCATTER LOAD [1⟲] Add 1 wind to 2       │
│   │                       │      │ target Goons.                             │
│   │                       │      │ 1 GOON BUSTER [3⟲] Add 1 wind to target   │
│   │                       │      │ Goon.                                     │
└───┴───────────────────────┴──────┴───────────────────────────────────────────┘
Dead Pool 🥩:15 ⚙️ :13
          NARC P2 hand (6)          
┏━━━┳━━━━━━━━━━━━━━━━━━━━━━━┳━━━━━━┓
┃ # ┃ Name                  ┃ Cost ┃
┡━━━╇━━━━━━━━━━━━━━━━━━━━━━━╇━━━━━━┩
│ 0 │ Buzzkill🔶✋⚙️ 🚨      │ 5⟲   │
│ 1 │ Narcstar🚨            │ 12⟲  │
│ 2 │ Sentry Node⚙️ 🚨       │ 4⟲   │
│ 3 │ Killjoy🔶✋⚙️ 🚨       │ 4⟲   │
│ 4 │ Sentry Node⚙️ 🚨       │ 4⟲   │
│ 5 │ Marine Marauder🥩⚙️ 🚨 │ 3⟲   │
└───┴───────────────────────┴──────┘
Previous Turn
Turn 34 ends. P1 leaves 10 goons on the board. P1 now has 10 board / 6 hand 
(retired 8); P2 has 9 board / 5 hand (retired 9). Dead Pool holds 29.
  P1 deployed Annihilist Overseer.
  P1's Psychodelic Toad was retired.
  Psychodelic Toad was sent to the Dead Pool.
  Psychodelic Toad was sent to the Dead Pool.
Turn 35 ends. P2 leaves 10 goons on the board. P1 now has 10 board / 6 hand 
(retired 8); P2 has 10 board / 5 hand (retired 9). Dead Pool holds 29.
  P2 deployed Marine Marauder.
Turn 36 | Player: P1
                                 NARC Board P2                                  
┏━━━┳━━━━━━━━━━━━━━━━━━━━━━━┳━━━━━━┳━━━━━━━━━━━━━━━━━━━━━━━━━━━━━━━━━━━━━━━━━━━┓
┃ # ┃ Name                  ┃ Wind ┃ Abilities                                 ┃
┡━━━╇━━━━━━━━━━━━━━━━━━━━━━━╇━━━━━━╇━━━━━━━━━━━━━━━━━━━━━━━━━━━━━━━━━━━━━━━━━━━┩
│ 0 │ Lokar Simmons⭐✋🥩🚨 │    2 │ 0 RESOURCEFUL [2⟲] Draw a card            │
│ 1 │ MediFlux-1NDS⚙️ 🚨     │    3 │ 0 DORSAL CAVITY RINSE [1⟲] Remove 1 wind  │
│   │                       │      │ from target Goon.                         │
│ 2 │ MediFlux-1NDS⚙️ 🚨     │    0 │ 0 DORSAL CAVITY RINSE [1⟲] Remove 1 wind  │
│   │                       │      │ from target Goon.                         │
│ 3 │ Shield Array Node⚙️ 🚨 │    0 │ 0 FORTIFICATION NETWORK While 2+ Shield   │
│   │                       │      │ Array Nodes are in play, Player's Goons   │
│   │                       │      │ may not be the target of negative         │
│   │                       │      │ effects.                                  │
│   │                       │      │ 1 SURGE BARRIER [1⟲] Banish 1 mechanical  │
│   │                       │      │ from Dead Pool to give allied Goons       │
│   │                       │      │ Resist until end of turn.                 │
│ 4 │ Shield Array Node⚙️ 🚨 │    0 │ 0 FORTIFICATION NETWORK While 2+ Shield   │
│   │                       │      │ Array Nodes are in play, Player's Goons   │
│   │                       │      │ may not be the target of negative         │
│   │                       │      │ effects.                                  │
│   │                       │      │ 1 SURGE BARRIER [1⟲] Banish 1 mechanical  │
│   │                       │      │ from Dead Pool to give allied Goons       │
│   │                       │      │ Resist until end of turn.                 │
│ 5 │ Hover Shield⚙️ 🚨      │    0 │ 0 COVER [1⟲] Target Goon may not be       │
│   │                       │      │ targeted by enemy Goon abilities until    │
│   │                       │      │ the beginning of player's next turn.      │
│ 6 │ K-9.0⚙️ 🚨             │    0 │ 0 SCAN FOR VULNERABILITY [2⟲] A goon may  │
│   │                       │      │ use an ability twice on the scanned       │
│   │                       │      │ target this turn.                         │
│ 7 │ K-9.0⚙️ 🚨             │    0 │ 0 SCAN FOR VULNERABILITY [2⟲] A goon may  │
│   │                       │      │ use an ability twice on the scanned       │
│   │                       │      │ target this turn.                         │
│ 8 │ Nob Lobber⚙️ 🚨        │    1 │ 0 SCATTER LOAD [1⟲] Add 1 wind to 2       │
│   │                       │      │ target Goons.                             │
│   │                       │      │ 1 GOON BUSTER [3⟲] Add 1 wind to target   │
│   │                       │      │ Goon.                                     │
│ 9 │ Marine Marauder🥩⚙️ 🚨 │    0 │ 0 PRECISION STRIKE [1⟲] Add 1 wind to     │
│   │                       │      │ target Goon.                              │
│   │                       │      │ 1 ORDINANCE ARRAY [3⟲] Distribute 3 wind  │
│   │                       │      │ among 3 target Goons.                     │
└───┴───────────────────────┴──────┴───────────────────────────────────────────┘
                                  PCU Board P1                                  
┏━━━┳━━━━━━━━━━━━━━━━━━━━━━━━┳━━━━━━┳━━━━━━━━━━━━━━━━━━━━━━━━━━━━━━━━━━━━━━━━━━┓
┃ # ┃ Name                   ┃ Wind ┃ Abilities                                ┃
┡━━━╇━━━━━━━━━━━━━━━━━━━━━━━━╇━━━━━━╇━━━━━━━━━━━━━━━━━━━━━━━━━━━━━━━━━━━━━━━━━━┩
│ 0 │ Grim⭐✋🥩🌀           │    0 │ 0 DEFILE NATURE Remove 1 wind from any   │
│   │                        │      │ target Goon.                             │
│ 1 │ Vex🔶✋🥩🌀            │    1 │ 0 PLINK Add 1 wind to target Goon        │
│   │                        │      │ 1 SNIPE [2⟲] Add 2 wind to target Goon   │
│   │                        │      │ 2 DOME [3⟲] Destroy target Goon.         │
│ 2 │ Blood Howler⚙️ 🌀       │    0 │ 0 BALLISTIC BARRAGE Distribute X wind    │
│   │                        │      │ among target Goons.                      │
│ 3 │ Käsekobold🥩🌀         │    0 │ 0 ADD NAUSEAM [1⟲] Add 1 wind to target  │
│   │                        │      │ Goon                                     │
│   │                        │      │ 1 REVOLT Add 1 wind to any Goon who      │
│   │                        │      │ targets Käsekobold with ability          │
│ 4 │ Käsekobold🥩🌀         │    0 │ 0 ADD NAUSEAM [1⟲] Add 1 wind to target  │
│   │                        │      │ Goon                                     │
│   │                        │      │ 1 REVOLT Add 1 wind to any Goon who      │
│   │                        │      │ targets Käsekobold with ability          │
│ 5 │ Nives⚙️ 🌀              │    0 │ 0 SMILODON SABERS [1⟲] Add 2 wind to     │
│   │                        │      │ target Goon                              │
│   │                        │      │ 1 FAMILIAR ASSIST Nives can contribute   │
│   │                        │      │ wind to pay for Vex's abilities.         │
│ 6 │ Restless Natives🚫🥩🌀 │    0 │ 0 MOB [1⟲] Add 1 wind to 2 target Goons  │
│   │                        │      │ 1 STEADY DRUM [1⟲] Remove 1 wind from    │
│   │                        │      │ target allied Goon.                      │
│ 7 │ Blood Howler⚙️ 🌀       │    0 │ 0 BALLISTIC BARRAGE Distribute X wind    │
│   │                        │      │ among target Goons.                      │
│ 8 │ Primordial Oozer🥩🌀   │    0 │ 0 DISCHARGE [1⟲] Add 1 wind to target    │
│   │                        │      │ Goon                                     │
│   │                        │      │ 1 GOOP Unfriendly Goon who targets Oozer │
│   │                        │      │ with an ability does not unwind during   │
│   │                        │      │ its next unwind phase.                   │
│ 9 │ Annihilist Overseer🌀  │    0 │ 0 BLIND [1⟲] Target Goon may not use     │
│   │                        │      │ abilities or contribute wind on its next │
│   │                        │      │ turn.                                    │
│   │                        │      │ 1 BEHEAD [3⟲] Destroy target Goon.       │
└───┴────────────────────────┴──────┴──────────────────────────────────────────┘
Dead Pool 🥩:15 ⚙️ :13
          PCU P1 hand (7)          
┏━━━┳━━━━━━━━━━━━━━━━━━━━━━┳━━━━━━┓
┃ # ┃ Name                 ┃ Cost ┃
┡━━━╇━━━━━━━━━━━━━━━━━━━━━━╇━━━━━━┩
│ 0 │ Krax🔶✋🥩🌀         │ 6⟲   │
│ 1 │ Krax🔶✋🥩🌀         │ 6⟲   │
│ 2 │ Technomancer🥩⚙️ 🌀   │ 4⟲   │
│ 3 │ Dragoon⚙️ 🌀          │ 6⟲   │
│ 4 │ Mutt⚙️ 🌀             │ 4⟲   │
│ 5 │ Vex🔶✋🥩🌀          │ 4⟲   │
│ 6 │ Primordial Oozer🥩🌀 │ 1⟲   │
└───┴──────────────────────┴──────┘
Previous Turn
Turn 35 ends. P2 leaves 10 goons on the board. P1 now has 10 board / 6 hand 
(retired 8); P2 has 10 board / 5 hand (retired 9). Dead Pool holds 29.
  P2 deployed Marine Marauder.
Turn 36 ends. P1 leaves 11 goons on the board. P1 now has 11 board / 6 hand 
(retired 8); P2 has 10 board / 5 hand (retired 9). Dead Pool holds 29.
  P1 deployed Primordial Oozer.
Turn 37 | Player: P2
                                  PCU Board P1                                  
┏━━━━┳━━━━━━━━━━━━━━━━━━━━━━━━┳━━━━━━┳━━━━━━━━━━━━━━━━━━━━━━━━━━━━━━━━━━━━━━━━━┓
┃  # ┃ Name                   ┃ Wind ┃ Abilities                               ┃
┡━━━━╇━━━━━━━━━━━━━━━━━━━━━━━━╇━━━━━━╇━━━━━━━━━━━━━━━━━━━━━━━━━━━━━━━━━━━━━━━━━┩
│  0 │ Grim⭐✋🥩🌀           │    0 │ 0 DEFILE NATURE Remove 1 wind from any  │
│    │                        │      │ target Goon.                            │
│  1 │ Vex🔶✋🥩🌀            │    2 │ 0 PLINK Add 1 wind to target Goon       │
│    │                        │      │ 1 SNIPE [2⟲] Add 2 wind to target Goon  │
│    │                        │      │ 2 DOME [3⟲] Destroy target Goon.        │
│  2 │ Blood Howler⚙️ 🌀       │    0 │ 0 BALLISTIC BARRAGE Distribute X wind   │
│    │                        │      │ among target Goons.                     │
│  3 │ Käsekobold🥩🌀         │    0 │ 0 ADD NAUSEAM [1⟲] Add 1 wind to target │
│    │                        │      │ Goon                                    │
│    │                        │      │ 1 REVOLT Add 1 wind to any Goon who     │
│    │                        │      │ targets Käsekobold with ability         │
│  4 │ Käsekobold🥩🌀         │    0 │ 0 ADD NAUSEAM [1⟲] Add 1 wind to target │
│    │                        │      │ Goon                                    │
│    │                        │      │ 1 REVOLT Add 1 wind to any Goon who     │
│    │                        │      │ targets Käsekobold with ability         │
│  5 │ Nives⚙️ 🌀              │    0 │ 0 SMILODON SABERS [1⟲] Add 2 wind to    │
│    │                        │      │ target Goon                             │
│    │                        │      │ 1 FAMILIAR ASSIST Nives can contribute  │
│    │                        │      │ wind to pay for Vex's abilities.        │
│  6 │ Restless Natives🚫🥩🌀 │    0 │ 0 MOB [1⟲] Add 1 wind to 2 target Goons │
│    │                        │      │ 1 STEADY DRUM [1⟲] Remove 1 wind from   │
│    │                        │      │ target allied Goon.                     │
│  7 │ Blood Howler⚙️ 🌀       │    0 │ 0 BALLISTIC BARRAGE Distribute X wind   │
│    │                        │      │ among target Goons.                     │
│  8 │ Primordial Oozer🥩🌀   │    0 │ 0 DISCHARGE [1⟲] Add 1 wind to target   │
│    │                        │      │ Goon                                    │
│    │                        │      │ 1 GOOP Unfriendly Goon who targets      │
│    │                        │      │ Oozer with an ability does not unwind   │
│    │                        │      │ during its next unwind phase.           │
│  9 │ Annihilist Overseer🌀  │    3 │ 0 BLIND [1⟲] Target Goon may not use    │
│    │                        │      │ abilities or contribute wind on its     │
│    │                        │      │ next turn.                              │
│    │                        │      │ 1 BEHEAD [3⟲] Destroy target Goon.      │
│ 10 │ Primordial Oozer🥩🌀   │    0 │ 0 DISCHARGE [1⟲] Add 1 wind to target   │
│    │                        │      │ Goon                                    │
│    │                        │      │ 1 GOOP Unfriendly Goon who targets      │
│    │                        │      │ Oozer with an ability does not unwind   │
│    │                        │      │ during its next unwind phase.           │
└────┴────────────────────────┴──────┴─────────────────────────────────────────┘
                                 NARC Board P2                                  
┏━━━┳━━━━━━━━━━━━━━━━━━━━━━━┳━━━━━━┳━━━━━━━━━━━━━━━━━━━━━━━━━━━━━━━━━━━━━━━━━━━┓
┃ # ┃ Name                  ┃ Wind ┃ Abilities                                 ┃
┡━━━╇━━━━━━━━━━━━━━━━━━━━━━━╇━━━━━━╇━━━━━━━━━━━━━━━━━━━━━━━━━━━━━━━━━━━━━━━━━━━┩
│ 0 │ Lokar Simmons⭐✋🥩🚨 │    1 │ 0 RESOURCEFUL [2⟲] Draw a card            │
│ 1 │ MediFlux-1NDS⚙️ 🚨     │    2 │ 0 DORSAL CAVITY RINSE [1⟲] Remove 1 wind  │
│   │                       │      │ from target Goon.                         │
│ 2 │ MediFlux-1NDS⚙️ 🚨     │    0 │ 0 DORSAL CAVITY RINSE [1⟲] Remove 1 wind  │
│   │                       │      │ from target Goon.                         │
│ 3 │ Shield Array Node⚙️ 🚨 │    0 │ 0 FORTIFICATION NETWORK While 2+ Shield   │
│   │                       │      │ Array Nodes are in play, Player's Goons   │
│   │                       │      │ may not be the target of negative         │
│   │                       │      │ effects.                                  │
│   │                       │      │ 1 SURGE BARRIER [1⟲] Banish 1 mechanical  │
│   │                       │      │ from Dead Pool to give allied Goons       │
│   │                       │      │ Resist until end of turn.                 │
│ 4 │ Shield Array Node⚙️ 🚨 │    0 │ 0 FORTIFICATION NETWORK While 2+ Shield   │
│   │                       │      │ Array Nodes are in play, Player's Goons   │
│   │                       │      │ may not be the target of negative         │
│   │                       │      │ effects.                                  │
│   │                       │      │ 1 SURGE BARRIER [1⟲] Banish 1 mechanical  │
│   │                       │      │ from Dead Pool to give allied Goons       │
│   │                       │      │ Resist until end of turn.                 │
│ 5 │ Hover Shield⚙️ 🚨      │    0 │ 0 COVER [1⟲] Target Goon may not be       │
│   │                       │      │ targeted by enemy Goon abilities until    │
│   │                       │      │ the beginning of player's next turn.      │
│ 6 │ K-9.0⚙️ 🚨             │    0 │ 0 SCAN FOR VULNERABILITY [2⟲] A goon may  │
│   │                       │      │ use an ability twice on the scanned       │
│   │                       │      │ target this turn.                         │
│ 7 │ K-9.0⚙️ 🚨             │    0 │ 0 SCAN FOR VULNERABILITY [2⟲] A goon may  │
│   │                       │      │ use an ability twice on the scanned       │
│   │                       │      │ target this turn.                         │
│ 8 │ Nob Lobber⚙️ 🚨        │    0 │ 0 SCATTER LOAD [1⟲] Add 1 wind to 2       │
│   │                       │      │ target Goons.                             │
│   │                       │      │ 1 GOON BUSTER [3⟲] Add 1 wind to target   │
│   │                       │      │ Goon.                                     │
│ 9 │ Marine Marauder🥩⚙️ 🚨 │    0 │ 0 PRECISION STRIKE [1⟲] Add 1 wind to     │
│   │                       │      │ target Goon.                              │
│   │                       │      │ 1 ORDINANCE ARRAY [3⟲] Distribute 3 wind  │
│   │                       │      │ among 3 target Goons.                     │
└───┴───────────────────────┴──────┴───────────────────────────────────────────┘
Dead Pool 🥩:15 ⚙️ :13
       NARC P2 hand (6)        
┏━━━┳━━━━━━━━━━━━━━━━━━┳━━━━━━┓
┃ # ┃ Name             ┃ Cost ┃
┡━━━╇━━━━━━━━━━━━━━━━━━╇━━━━━━┩
│ 0 │ Buzzkill🔶✋⚙️ 🚨 │ 5⟲   │
│ 1 │ Narcstar🚨       │ 12⟲  │
│ 2 │ Sentry Node⚙️ 🚨  │ 4⟲   │
│ 3 │ Killjoy🔶✋⚙️ 🚨  │ 4⟲   │
│ 4 │ Sentry Node⚙️ 🚨  │ 4⟲   │
│ 5 │ K-9.0⚙️ 🚨        │ 3⟲   │
└───┴──────────────────┴──────┘
Previous Turn
Turn 36 ends. P1 leaves 11 goons on the board. P1 now has 11 board / 6 hand 
(retired 8); P2 has 10 board / 5 hand (retired 9). Dead Pool holds 29.
  P1 deployed Primordial Oozer.
Turn 37 ends. P2 leaves 10 goons on the board. P1 now has 10 board / 6 hand 
(retired 9); P2 has 10 board / 5 hand (retired 10). Dead Pool holds 32.
  P2 deployed K-9.0.
  P2's MediFlux-1NDS was retired.
  Opponent (P1)'s Annihilist Overseer was retired.
  MediFlux-1NDS was sent to the Dead Pool.
  MediFlux-1NDS was sent to the Dead Pool.
  Annihilist Overseer was sent to the Dead Pool.
Turn 38 | Player: P1
                                 NARC Board P2                                  
┏━━━┳━━━━━━━━━━━━━━━━━━━━━━━┳━━━━━━┳━━━━━━━━━━━━━━━━━━━━━━━━━━━━━━━━━━━━━━━━━━━┓
┃ # ┃ Name                  ┃ Wind ┃ Abilities                                 ┃
┡━━━╇━━━━━━━━━━━━━━━━━━━━━━━╇━━━━━━╇━━━━━━━━━━━━━━━━━━━━━━━━━━━━━━━━━━━━━━━━━━━┩
│ 0 │ Lokar Simmons⭐✋🥩🚨 │    1 │ 0 RESOURCEFUL [2⟲] Draw a card            │
│ 1 │ MediFlux-1NDS⚙️ 🚨     │    1 │ 0 DORSAL CAVITY RINSE [1⟲] Remove 1 wind  │
│   │                       │      │ from target Goon.                         │
│ 2 │ Shield Array Node⚙️ 🚨 │    0 │ 0 FORTIFICATION NETWORK While 2+ Shield   │
│   │                       │      │ Array Nodes are in play, Player's Goons   │
│   │                       │      │ may not be the target of negative         │
│   │                       │      │ effects.                                  │
│   │                       │      │ 1 SURGE BARRIER [1⟲] Banish 1 mechanical  │
│   │                       │      │ from Dead Pool to give allied Goons       │
│   │                       │      │ Resist until end of turn.                 │
│ 3 │ Shield Array Node⚙️ 🚨 │    0 │ 0 FORTIFICATION NETWORK While 2+ Shield   │
│   │                       │      │ Array Nodes are in play, Player's Goons   │
│   │                       │      │ may not be the target of negative         │
│   │                       │      │ effects.                                  │
│   │                       │      │ 1 SURGE BARRIER [1⟲] Banish 1 mechanical  │
│   │                       │      │ from Dead Pool to give allied Goons       │
│   │                       │      │ Resist until end of turn.                 │
│ 4 │ Hover Shield⚙️ 🚨      │    0 │ 0 COVER [1⟲] Target Goon may not be       │
│   │                       │      │ targeted by enemy Goon abilities until    │
│   │                       │      │ the beginning of player's next turn.      │
│ 5 │ K-9.0⚙️ 🚨             │    0 │ 0 SCAN FOR VULNERABILITY [2⟲] A goon may  │
│   │                       │      │ use an ability twice on the scanned       │
│   │                       │      │ target this turn.                         │
│ 6 │ K-9.0⚙️ 🚨             │    0 │ 0 SCAN FOR VULNERABILITY [2⟲] A goon may  │
│   │                       │      │ use an ability twice on the scanned       │
│   │                       │      │ target this turn.                         │
│ 7 │ Nob Lobber⚙️ 🚨        │    1 │ 0 SCATTER LOAD [1⟲] Add 1 wind to 2       │
│   │                       │      │ target Goons.                             │
│   │                       │      │ 1 GOON BUSTER [3⟲] Add 1 wind to target   │
│   │                       │      │ Goon.                                     │
│ 8 │ Marine Marauder🥩⚙️ 🚨 │    0 │ 0 PRECISION STRIKE [1⟲] Add 1 wind to     │
│   │                       │      │ target Goon.                              │
│   │                       │      │ 1 ORDINANCE ARRAY [3⟲] Distribute 3 wind  │
│   │                       │      │ among 3 target Goons.                     │
│ 9 │ K-9.0⚙️ 🚨             │    0 │ 0 SCAN FOR VULNERABILITY [2⟲] A goon may  │
│   │                       │      │ use an ability twice on the scanned       │
│   │                       │      │ target this turn.                         │
└───┴───────────────────────┴──────┴───────────────────────────────────────────┘
                                  PCU Board P1                                  
┏━━━┳━━━━━━━━━━━━━━━━━━━━━━━━┳━━━━━━┳━━━━━━━━━━━━━━━━━━━━━━━━━━━━━━━━━━━━━━━━━━┓
┃ # ┃ Name                   ┃ Wind ┃ Abilities                                ┃
┡━━━╇━━━━━━━━━━━━━━━━━━━━━━━━╇━━━━━━╇━━━━━━━━━━━━━━━━━━━━━━━━━━━━━━━━━━━━━━━━━━┩
│ 0 │ Grim⭐✋🥩🌀           │    0 │ 0 DEFILE NATURE Remove 1 wind from any   │
│   │                        │      │ target Goon.                             │
│ 1 │ Vex🔶✋🥩🌀            │    1 │ 0 PLINK Add 1 wind to target Goon        │
│   │                        │      │ 1 SNIPE [2⟲] Add 2 wind to target Goon   │
│   │                        │      │ 2 DOME [3⟲] Destroy target Goon.         │
│ 2 │ Blood Howler⚙️ 🌀       │    0 │ 0 BALLISTIC BARRAGE Distribute X wind    │
│   │                        │      │ among target Goons.                      │
│ 3 │ Käsekobold🥩🌀         │    0 │ 0 ADD NAUSEAM [1⟲] Add 1 wind to target  │
│   │                        │      │ Goon                                     │
│   │                        │      │ 1 REVOLT Add 1 wind to any Goon who      │
│   │                        │      │ targets Käsekobold with ability          │
│ 4 │ Käsekobold🥩🌀         │    0 │ 0 ADD NAUSEAM [1⟲] Add 1 wind to target  │
│   │                        │      │ Goon                                     │
│   │                        │      │ 1 REVOLT Add 1 wind to any Goon who      │
│   │                        │      │ targets Käsekobold with ability          │
│ 5 │ Nives⚙️ 🌀              │    0 │ 0 SMILODON SABERS [1⟲] Add 2 wind to     │
│   │                        │      │ target Goon                              │
│   │                        │      │ 1 FAMILIAR ASSIST Nives can contribute   │
│   │                        │      │ wind to pay for Vex's abilities.         │
│ 6 │ Restless Natives🚫🥩🌀 │    0 │ 0 MOB [1⟲] Add 1 wind to 2 target Goons  │
│   │                        │      │ 1 STEADY DRUM [1⟲] Remove 1 wind from    │
│   │                        │      │ target allied Goon.                      │
│ 7 │ Blood Howler⚙️ 🌀       │    0 │ 0 BALLISTIC BARRAGE Distribute X wind    │
│   │                        │      │ among target Goons.                      │
│ 8 │ Primordial Oozer🥩🌀   │    0 │ 0 DISCHARGE [1⟲] Add 1 wind to target    │
│   │                        │      │ Goon                                     │
│   │                        │      │ 1 GOOP Unfriendly Goon who targets Oozer │
│   │                        │      │ with an ability does not unwind during   │
│   │                        │      │ its next unwind phase.                   │
│ 9 │ Primordial Oozer🥩🌀   │    0 │ 0 DISCHARGE [1⟲] Add 1 wind to target    │
│   │                        │      │ Goon                                     │
│   │                        │      │ 1 GOOP Unfriendly Goon who targets Oozer │
│   │                        │      │ with an ability does not unwind during   │
│   │                        │      │ its next unwind phase.                   │
└───┴────────────────────────┴──────┴──────────────────────────────────────────┘
Dead Pool 🥩:15 ⚙️ :15
         PCU P1 hand (7)         
┏━━━┳━━━━━━━━━━━━━━━━━━━━┳━━━━━━┓
┃ # ┃ Name               ┃ Cost ┃
┡━━━╇━━━━━━━━━━━━━━━━━━━━╇━━━━━━┩
│ 0 │ Krax🔶✋🥩🌀       │ 6⟲   │
│ 1 │ Krax🔶✋🥩🌀       │ 6⟲   │
│ 2 │ Technomancer🥩⚙️ 🌀 │ 4⟲   │
│ 3 │ Dragoon⚙️ 🌀        │ 6⟲   │
│ 4 │ Mutt⚙️ 🌀           │ 4⟲   │
│ 5 │ Vex🔶✋🥩🌀        │ 4⟲   │
│ 6 │ Meat Vegetable🥩🌀 │ -    │
└───┴────────────────────┴──────┘
Previous Turn
Turn 37 ends. P2 leaves 10 goons on the board. P1 now has 10 board / 6 hand 
(retired 9); P2 has 10 board / 5 hand (retired 10). Dead Pool holds 32.
  P2 deployed K-9.0.
  P2's MediFlux-1NDS was retired.
  Opponent (P1)'s Annihilist Overseer was retired.
  MediFlux-1NDS was sent to the Dead Pool.
  MediFlux-1NDS was sent to the Dead Pool.
  Annihilist Overseer was sent to the Dead Pool.
Turn 38 ends. P1 leaves 11 goons on the board. P1 now has 11 board / 6 hand 
(retired 9); P2 has 10 board / 5 hand (retired 10). Dead Pool holds 32.
  P1 deployed Meat Vegetable.
Turn 39 | Player: P2
                                  PCU Board P1                                  
┏━━━━┳━━━━━━━━━━━━━━━━━━━━━━━━┳━━━━━━┳━━━━━━━━━━━━━━━━━━━━━━━━━━━━━━━━━━━━━━━━━┓
┃  # ┃ Name                   ┃ Wind ┃ Abilities                               ┃
┡━━━━╇━━━━━━━━━━━━━━━━━━━━━━━━╇━━━━━━╇━━━━━━━━━━━━━━━━━━━━━━━━━━━━━━━━━━━━━━━━━┩
│  0 │ Grim⭐✋🥩🌀           │    0 │ 0 DEFILE NATURE Remove 1 wind from any  │
│    │                        │      │ target Goon.                            │
│  1 │ Vex🔶✋🥩🌀            │    3 │ 0 PLINK Add 1 wind to target Goon       │
│    │                        │      │ 1 SNIPE [2⟲] Add 2 wind to target Goon  │
│    │                        │      │ 2 DOME [3⟲] Destroy target Goon.        │
│  2 │ Blood Howler⚙️ 🌀       │    0 │ 0 BALLISTIC BARRAGE Distribute X wind   │
│    │                        │      │ among target Goons.                     │
│  3 │ Käsekobold🥩🌀         │    0 │ 0 ADD NAUSEAM [1⟲] Add 1 wind to target │
│    │                        │      │ Goon                                    │
│    │                        │      │ 1 REVOLT Add 1 wind to any Goon who     │
│    │                        │      │ targets Käsekobold with ability         │
│  4 │ Käsekobold🥩🌀         │    0 │ 0 ADD NAUSEAM [1⟲] Add 1 wind to target │
│    │                        │      │ Goon                                    │
│    │                        │      │ 1 REVOLT Add 1 wind to any Goon who     │
│    │                        │      │ targets Käsekobold with ability         │
│  5 │ Nives⚙️ 🌀              │    0 │ 0 SMILODON SABERS [1⟲] Add 2 wind to    │
│    │                        │      │ target Goon                             │
│    │                        │      │ 1 FAMILIAR ASSIST Nives can contribute  │
│    │                        │      │ wind to pay for Vex's abilities.        │
│  6 │ Restless Natives🚫🥩🌀 │    0 │ 0 MOB [1⟲] Add 1 wind to 2 target Goons │
│    │                        │      │ 1 STEADY DRUM [1⟲] Remove 1 wind from   │
│    │                        │      │ target allied Goon.                     │
│  7 │ Blood Howler⚙️ 🌀       │    0 │ 0 BALLISTIC BARRAGE Distribute X wind   │
│    │                        │      │ among target Goons.                     │
│  8 │ Primordial Oozer🥩🌀   │    0 │ 0 DISCHARGE [1⟲] Add 1 wind to target   │
│    │                        │      │ Goon                                    │
│    │                        │      │ 1 GOOP Unfriendly Goon who targets      │
│    │                        │      │ Oozer with an ability does not unwind   │
│    │                        │      │ during its next unwind phase.           │
│  9 │ Primordial Oozer🥩🌀   │    0 │ 0 DISCHARGE [1⟲] Add 1 wind to target   │
│    │                        │      │ Goon                                    │
│    │                        │      │ 1 GOOP Unfriendly Goon who targets      │
│    │                        │      │ Oozer with an ability does not unwind   │
│    │                        │      │ during its next unwind phase.           │
│ 10 │ Meat Vegetable🥩🌀     │    0 │ -                                       │
└────┴────────────────────────┴──────┴─────────────────────────────────────────┘
                                 NARC Board P2                                  
┏━━━┳━━━━━━━━━━━━━━━━━━━━━━━┳━━━━━━┳━━━━━━━━━━━━━━━━━━━━━━━━━━━━━━━━━━━━━━━━━━━┓
┃ # ┃ Name                  ┃ Wind ┃ Abilities                                 ┃
┡━━━╇━━━━━━━━━━━━━━━━━━━━━━━╇━━━━━━╇━━━━━━━━━━━━━━━━━━━━━━━━━━━━━━━━━━━━━━━━━━━┩
│ 0 │ Lokar Simmons⭐✋🥩🚨 │    2 │ 0 RESOURCEFUL [2⟲] Draw a card            │
│ 1 │ MediFlux-1NDS⚙️ 🚨     │    0 │ 0 DORSAL CAVITY RINSE [1⟲] Remove 1 wind  │
│   │                       │      │ from target Goon.                         │
│ 2 │ Shield Array Node⚙️ 🚨 │    0 │ 0 FORTIFICATION NETWORK While 2+ Shield   │
│   │                       │      │ Array Nodes are in play, Player's Goons   │
│   │                       │      │ may not be the target of negative         │
│   │                       │      │ effects.                                  │
│   │                       │      │ 1 SURGE BARRIER [1⟲] Banish 1 mechanical  │
│   │                       │      │ from Dead Pool to give allied Goons       │
│   │                       │      │ Resist until end of turn.                 │
│ 3 │ Shield Array Node⚙️ 🚨 │    0 │ 0 FORTIFICATION NETWORK While 2+ Shield   │
│   │                       │      │ Array Nodes are in play, Player's Goons   │
│   │                       │      │ may not be the target of negative         │
│   │                       │      │ effects.                                  │
│   │                       │      │ 1 SURGE BARRIER [1⟲] Banish 1 mechanical  │
│   │                       │      │ from Dead Pool to give allied Goons       │
│   │                       │      │ Resist until end of turn.                 │
│ 4 │ Hover Shield⚙️ 🚨      │    0 │ 0 COVER [1⟲] Target Goon may not be       │
│   │                       │      │ targeted by enemy Goon abilities until    │
│   │                       │      │ the beginning of player's next turn.      │
│ 5 │ K-9.0⚙️ 🚨             │    0 │ 0 SCAN FOR VULNERABILITY [2⟲] A goon may  │
│   │                       │      │ use an ability twice on the scanned       │
│   │                       │      │ target this turn.                         │
│ 6 │ K-9.0⚙️ 🚨             │    0 │ 0 SCAN FOR VULNERABILITY [2⟲] A goon may  │
│   │                       │      │ use an ability twice on the scanned       │
│   │                       │      │ target this turn.                         │
│ 7 │ Nob Lobber⚙️ 🚨        │    0 │ 0 SCATTER LOAD [1⟲] Add 1 wind to 2       │
│   │                       │      │ target Goons.                             │
│   │                       │      │ 1 GOON BUSTER [3⟲] Add 1 wind to target   │
│   │                       │      │ Goon.                                     │
│ 8 │ Marine Marauder🥩⚙️ 🚨 │    0 │ 0 PRECISION STRIKE [1⟲] Add 1 wind to     │
│   │                       │      │ target Goon.                              │
│   │                       │      │ 1 ORDINANCE ARRAY [3⟲] Distribute 3 wind  │
│   │                       │      │ among 3 target Goons.                     │
│ 9 │ K-9.0⚙️ 🚨             │    0 │ 0 SCAN FOR VULNERABILITY [2⟲] A goon may  │
│   │                       │      │ use an ability twice on the scanned       │
│   │                       │      │ target this turn.                         │
└───┴───────────────────────┴──────┴───────────────────────────────────────────┘
Dead Pool 🥩:15 ⚙️ :15
           NARC P2 hand (6)           
┏━━━┳━━━━━━━━━━━━━━━━━━━━━━━━━┳━━━━━━┓
┃ # ┃ Name                    ┃ Cost ┃
┡━━━╇━━━━━━━━━━━━━━━━━━━━━━━━━╇━━━━━━┩
│ 0 │ Buzzkill🔶✋⚙️ 🚨        │ 5⟲   │
│ 1 │ Narcstar🚨              │ 12⟲  │
│ 2 │ Sentry Node⚙️ 🚨         │ 4⟲   │
│ 3 │ Killjoy🔶✋⚙️ 🚨         │ 4⟲   │
│ 4 │ Sentry Node⚙️ 🚨         │ 4⟲   │
│ 5 │ Target Marker Probe⚙️ 🚨 │ 1⟲   │
└───┴─────────────────────────┴──────┘
Previous Turn
Turn 38 ends. P1 leaves 11 goons on the board. P1 now has 11 board / 6 hand 
(retired 9); P2 has 10 board / 5 hand (retired 10). Dead Pool holds 32.
  P1 deployed Meat Vegetable.
Turn 39 ends. P2 leaves 11 goons on the board. P1 now has 11 board / 6 hand 
(retired 9); P2 has 11 board / 5 hand (retired 10). Dead Pool holds 32.
  P2 deployed Target Marker Probe.
Turn 40 | Player: P1
                                 NARC Board P2                                  
┏━━━━┳━━━━━━━━━━━━━━━━━━━━━━━━━┳━━━━━━┳━━━━━━━━━━━━━━━━━━━━━━━━━━━━━━━━━━━━━━━━┓
┃  # ┃ Name                    ┃ Wind ┃ Abilities                              ┃
┡━━━━╇━━━━━━━━━━━━━━━━━━━━━━━━━╇━━━━━━╇━━━━━━━━━━━━━━━━━━━━━━━━━━━━━━━━━━━━━━━━┩
│  0 │ Lokar Simmons⭐✋🥩🚨   │    2 │ 0 RESOURCEFUL [2⟲] Draw a card         │
│  1 │ MediFlux-1NDS⚙️ 🚨       │    1 │ 0 DORSAL CAVITY RINSE [1⟲] Remove 1    │
│    │                         │      │ wind from target Goon.                 │
│  2 │ Shield Array Node⚙️ 🚨   │    0 │ 0 FORTIFICATION NETWORK While 2+       │
│    │                         │      │ Shield Array Nodes are in play,        │
│    │                         │      │ Player's Goons may not be the target   │
│    │                         │      │ of negative effects.                   │
│    │                         │      │ 1 SURGE BARRIER [1⟲] Banish 1          │
│    │                         │      │ mechanical from Dead Pool to give      │
│    │                         │      │ allied Goons Resist until end of turn. │
│  3 │ Shield Array Node⚙️ 🚨   │    0 │ 0 FORTIFICATION NETWORK While 2+       │
│    │                         │      │ Shield Array Nodes are in play,        │
│    │                         │      │ Player's Goons may not be the target   │
│    │                         │      │ of negative effects.                   │
│    │                         │      │ 1 SURGE BARRIER [1⟲] Banish 1          │
│    │                         │      │ mechanical from Dead Pool to give      │
│    │                         │      │ allied Goons Resist until end of turn. │
│  4 │ Hover Shield⚙️ 🚨        │    0 │ 0 COVER [1⟲] Target Goon may not be    │
│    │                         │      │ targeted by enemy Goon abilities until │
│    │                         │      │ the beginning of player's next turn.   │
│  5 │ K-9.0⚙️ 🚨               │    0 │ 0 SCAN FOR VULNERABILITY [2⟲] A goon   │
│    │                         │      │ may use an ability twice on the        │
│    │                         │      │ scanned target this turn.              │
│  6 │ K-9.0⚙️ 🚨               │    0 │ 0 SCAN FOR VULNERABILITY [2⟲] A goon   │
│    │                         │      │ may use an ability twice on the        │
│    │                         │      │ scanned target this turn.              │
│  7 │ Nob Lobber⚙️ 🚨          │    1 │ 0 SCATTER LOAD [1⟲] Add 1 wind to 2    │
│    │                         │      │ target Goons.                          │
│    │                         │      │ 1 GOON BUSTER [3⟲] Add 1 wind to       │
│    │                         │      │ target Goon.                           │
│  8 │ Marine Marauder🥩⚙️ 🚨   │    0 │ 0 PRECISION STRIKE [1⟲] Add 1 wind to  │
│    │                         │      │ target Goon.                           │
│    │                         │      │ 1 ORDINANCE ARRAY [3⟲] Distribute 3    │
│    │                         │      │ wind among 3 target Goons.             │
│  9 │ K-9.0⚙️ 🚨               │    0 │ 0 SCAN FOR VULNERABILITY [2⟲] A goon   │
│    │                         │      │ may use an ability twice on the        │
│    │                         │      │ scanned target this turn.              │
│ 10 │ Target Marker Probe⚙️ 🚨 │    0 │ 0 MARK TARGET [1⟲] When a Goon adds    │
│    │                         │      │ wind as damage to the MARKED target    │
│    │                         │      │ this turn, increase by 1. Nob Lobber   │
│    │                         │      │ and Marine Marauder may forego wind    │
│    │                         │      │ cost when targeting only the MARKED    │
│    │                         │      │ target.                                │
└────┴─────────────────────────┴──────┴────────────────────────────────────────┘
                                  PCU Board P1                                  
┏━━━━┳━━━━━━━━━━━━━━━━━━━━━━━━┳━━━━━━┳━━━━━━━━━━━━━━━━━━━━━━━━━━━━━━━━━━━━━━━━━┓
┃  # ┃ Name                   ┃ Wind ┃ Abilities                               ┃
┡━━━━╇━━━━━━━━━━━━━━━━━━━━━━━━╇━━━━━━╇━━━━━━━━━━━━━━━━━━━━━━━━━━━━━━━━━━━━━━━━━┩
│  0 │ Grim⭐✋🥩🌀           │    0 │ 0 DEFILE NATURE Remove 1 wind from any  │
│    │                        │      │ target Goon.                            │
│  1 │ Vex🔶✋🥩🌀            │    2 │ 0 PLINK Add 1 wind to target Goon       │
│    │                        │      │ 1 SNIPE [2⟲] Add 2 wind to target Goon  │
│    │                        │      │ 2 DOME [3⟲] Destroy target Goon.        │
│  2 │ Blood Howler⚙️ 🌀       │    0 │ 0 BALLISTIC BARRAGE Distribute X wind   │
│    │                        │      │ among target Goons.                     │
│  3 │ Käsekobold🥩🌀         │    0 │ 0 ADD NAUSEAM [1⟲] Add 1 wind to target │
│    │                        │      │ Goon                                    │
│    │                        │      │ 1 REVOLT Add 1 wind to any Goon who     │
│    │                        │      │ targets Käsekobold with ability         │
│  4 │ Käsekobold🥩🌀         │    0 │ 0 ADD NAUSEAM [1⟲] Add 1 wind to target │
│    │                        │      │ Goon                                    │
│    │                        │      │ 1 REVOLT Add 1 wind to any Goon who     │
│    │                        │      │ targets Käsekobold with ability         │
│  5 │ Nives⚙️ 🌀              │    0 │ 0 SMILODON SABERS [1⟲] Add 2 wind to    │
│    │                        │      │ target Goon                             │
│    │                        │      │ 1 FAMILIAR ASSIST Nives can contribute  │
│    │                        │      │ wind to pay for Vex's abilities.        │
│  6 │ Restless Natives🚫🥩🌀 │    0 │ 0 MOB [1⟲] Add 1 wind to 2 target Goons │
│    │                        │      │ 1 STEADY DRUM [1⟲] Remove 1 wind from   │
│    │                        │      │ target allied Goon.                     │
│  7 │ Blood Howler⚙️ 🌀       │    0 │ 0 BALLISTIC BARRAGE Distribute X wind   │
│    │                        │      │ among target Goons.                     │
│  8 │ Primordial Oozer🥩🌀   │    0 │ 0 DISCHARGE [1⟲] Add 1 wind to target   │
│    │                        │      │ Goon                                    │
│    │                        │      │ 1 GOOP Unfriendly Goon who targets      │
│    │                        │      │ Oozer with an ability does not unwind   │
│    │                        │      │ during its next unwind phase.           │
│  9 │ Primordial Oozer🥩🌀   │    0 │ 0 DISCHARGE [1⟲] Add 1 wind to target   │
│    │                        │      │ Goon                                    │
│    │                        │      │ 1 GOOP Unfriendly Goon who targets      │
│    │                        │      │ Oozer with an ability does not unwind   │
│    │                        │      │ during its next unwind phase.           │
│ 10 │ Meat Vegetable🥩🌀     │    0 │ -                                       │
└────┴────────────────────────┴──────┴─────────────────────────────────────────┘
Dead Pool 🥩:15 ⚙️ :15
          PCU P1 hand (7)           
┏━━━┳━━━━━━━━━━━━━━━━━━━━━━━┳━━━━━━┓
┃ # ┃ Name                  ┃ Cost ┃
┡━━━╇━━━━━━━━━━━━━━━━━━━━━━━╇━━━━━━┩
│ 0 │ Krax🔶✋🥩🌀          │ 6⟲   │
│ 1 │ Krax🔶✋🥩🌀          │ 6⟲   │
│ 2 │ Technomancer🥩⚙️ 🌀    │ 4⟲   │
│ 3 │ Dragoon⚙️ 🌀           │ 6⟲   │
│ 4 │ Mutt⚙️ 🌀              │ 4⟲   │
│ 5 │ Vex🔶✋🥩🌀           │ 4⟲   │
│ 6 │ Annihilist Overseer🌀 │ 4⟲   │
└───┴───────────────────────┴──────┘
Previous Turn
Turn 39 ends. P2 leaves 11 goons on the board. P1 now has 11 board / 6 hand 
(retired 9); P2 has 11 board / 5 hand (retired 10). Dead Pool holds 32.
  P2 deployed Target Marker Probe.
Turn 40 ends. P1 leaves 11 goons on the board. P1 now has 11 board / 6 hand 
(retired 10); P2 has 10 board / 5 hand (retired 11). Dead Pool holds 35.
  P1 deployed Technomancer.
  P1's Vex was retired.
  Opponent (P2)'s Lokar Simmons was retired.
  Vex was sent to the Dead Pool.
  Vex was sent to the Dead Pool.
  Lokar Simmons was sent to the Dead Pool.
Game over! Winner: P1
Game over! Winner: P1 after 40 turns. P1 retired 10; P2 retired 11; Dead Pool 
totals 35.
