Goon Squad Galaxy Simulator
Commands:
  help | quit(q) | end(e)
  Deploy: dN or d N (e.g. d0) | Double deploy: ddN
           Add contributors after the command, e.g. d0 0 1 1
  View: deadpool (dp)
  Pay wind: pay <amount> p1|p2:idx[,idx]
  Use ability: u <src> <abil>
    Target shorthand: uN A>targets (enemy) or uN A<targets (ally); example: u2 
0>3 4
  Inspect cards: vh hand card, vb board card, vo opponent board
  AI assist: ai 
Turn and game summaries print automatically after each end of turn.
Start flags: --ai p1|p2|both (auto-turns for AI), --auto
See: gamerules.md
Tip: Type ai to have the current player act once.
Use ai p1 or ai p2 to target a side.
Deploy with dN (you can list contributors: e.g. d0 0 1 1); end turn with e or 
end.
Turn 1 | Player: P1
                            NARC Board P2                            
┏━━━┳━━━━━━━━━━━━━━━━━━━━━━━┳━━━━━━┳━━━━━━━━━━━━━━━━━━━━━━━━━━━━━━━━┓
┃ # ┃ Name                  ┃ Wind ┃ Abilities                      ┃
┡━━━╇━━━━━━━━━━━━━━━━━━━━━━━╇━━━━━━╇━━━━━━━━━━━━━━━━━━━━━━━━━━━━━━━━┩
│ 0 │ Lokar Simmons⭐✋🥩🚨 │    0 │ 0 RESOURCEFUL [2⟲] Draw a card │
└───┴───────────────────────┴──────┴────────────────────────────────┘
                                  PCU Board P1                                  
┏━━━┳━━━━━━━━━━━━━━┳━━━━━━┳━━━━━━━━━━━━━━━━━━━━━━━━━━━━━━━━━━━━━━━━━━━━━━━━━━━━┓
┃ # ┃ Name         ┃ Wind ┃ Abilities                                          ┃
┡━━━╇━━━━━━━━━━━━━━╇━━━━━━╇━━━━━━━━━━━━━━━━━━━━━━━━━━━━━━━━━━━━━━━━━━━━━━━━━━━━┩
│ 0 │ Grim⭐✋🥩🌀 │    0 │ 0 DEFILE NATURE Remove 1 wind from any target      │
│   │              │      │ Goon.                                              │
└───┴──────────────┴──────┴────────────────────────────────────────────────────┘
Dead Pool 🥩:0 ⚙️ :0
           PCU P1 hand (6)           
┏━━━┳━━━━━━━━━━━━━━━━━━━━━━━━┳━━━━━━┓
┃ # ┃ Name                   ┃ Cost ┃
┡━━━╇━━━━━━━━━━━━━━━━━━━━━━━━╇━━━━━━┩
│ 0 │ Mutt⚙️ 🌀               │ 4⟲   │
│ 1 │ Technomancer🥩⚙️ 🌀     │ 4⟲   │
│ 2 │ Psychodelic Toad🥩🌀   │ 2⟲   │
│ 3 │ Vex🔶✋🥩🌀            │ 4⟲   │
│ 4 │ Restless Natives🚫🥩🌀 │ 2⟲   │
│ 5 │ Vex🔶✋🥩🌀            │ 4⟲   │
└───┴────────────────────────┴──────┘
Turn 1 ends. P1 leaves 2 goons on the board. P1 now has 2 board / 5 hand 
(retired 0); P2 has 1 board / 6 hand (retired 0). Dead Pool holds 0.
  P1 deployed Psychodelic Toad.
Turn 2 | Player: P2
                                  PCU Board P1                                  
┏━━━┳━━━━━━━━━━━━━━━━━━━━━━┳━━━━━━┳━━━━━━━━━━━━━━━━━━━━━━━━━━━━━━━━━━━━━━━━━━━━┓
┃ # ┃ Name                 ┃ Wind ┃ Abilities                                  ┃
┡━━━╇━━━━━━━━━━━━━━━━━━━━━━╇━━━━━━╇━━━━━━━━━━━━━━━━━━━━━━━━━━━━━━━━━━━━━━━━━━━━┩
│ 0 │ Grim⭐✋🥩🌀         │    1 │ 0 DEFILE NATURE Remove 1 wind from any     │
│   │                      │      │ target Goon.                               │
│ 1 │ Psychodelic Toad🥩🌀 │    0 │ 0 DOSE [2⟲] Target Goon may not use        │
│   │                      │      │ abilities or contribute wind on its        │
│   │                      │      │ Player’s next turn. Target may still       │
│   │                      │      │ unwind.                                    │
└───┴──────────────────────┴──────┴────────────────────────────────────────────┘
                            NARC Board P2                            
┏━━━┳━━━━━━━━━━━━━━━━━━━━━━━┳━━━━━━┳━━━━━━━━━━━━━━━━━━━━━━━━━━━━━━━━┓
┃ # ┃ Name                  ┃ Wind ┃ Abilities                      ┃
┡━━━╇━━━━━━━━━━━━━━━━━━━━━━━╇━━━━━━╇━━━━━━━━━━━━━━━━━━━━━━━━━━━━━━━━┩
│ 0 │ Lokar Simmons⭐✋🥩🚨 │    0 │ 0 RESOURCEFUL [2⟲] Draw a card │
└───┴───────────────────────┴──────┴────────────────────────────────┘
Dead Pool 🥩:0 ⚙️ :0
           NARC P2 hand (7)           
┏━━━┳━━━━━━━━━━━━━━━━━━━━━━━━━┳━━━━━━┓
┃ # ┃ Name                    ┃ Cost ┃
┡━━━╇━━━━━━━━━━━━━━━━━━━━━━━━━╇━━━━━━┩
│ 0 │ Target Marker Probe⚙️ 🚨 │ 1⟲   │
│ 1 │ Buzzkill🔶✋⚙️ 🚨        │ 5⟲   │
│ 2 │ Nob Lobber⚙️ 🚨          │ 4⟲   │
│ 3 │ Shield Array Node⚙️ 🚨   │ 2⟲   │
│ 4 │ Hover Shield⚙️ 🚨        │ 2⟲   │
│ 5 │ Shield Array Node⚙️ 🚨   │ 2⟲   │
│ 6 │ MediFlux-1NDS⚙️ 🚨       │ 2⟲   │
└───┴─────────────────────────┴──────┘
Previous Turn
Turn 1 ends. P1 leaves 2 goons on the board. P1 now has 2 board / 5 hand 
(retired 0); P2 has 1 board / 6 hand (retired 0). Dead Pool holds 0.
  P1 deployed Psychodelic Toad.
Turn 2 ends. P2 leaves 2 goons on the board. P1 now has 2 board / 5 hand 
(retired 0); P2 has 2 board / 6 hand (retired 0). Dead Pool holds 0.
  P2 deployed Target Marker Probe.
Turn 3 | Player: P1
                                 NARC Board P2                                  
┏━━━┳━━━━━━━━━━━━━━━━━━━━━━━━━┳━━━━━━┳━━━━━━━━━━━━━━━━━━━━━━━━━━━━━━━━━━━━━━━━━┓
┃ # ┃ Name                    ┃ Wind ┃ Abilities                               ┃
┡━━━╇━━━━━━━━━━━━━━━━━━━━━━━━━╇━━━━━━╇━━━━━━━━━━━━━━━━━━━━━━━━━━━━━━━━━━━━━━━━━┩
│ 0 │ Lokar Simmons⭐✋🥩🚨   │    1 │ 0 RESOURCEFUL [2⟲] Draw a card          │
│ 1 │ Target Marker Probe⚙️ 🚨 │    0 │ 0 MARK TARGET [1⟲] When a Goon adds     │
│   │                         │      │ wind as damage to the MARKED target     │
│   │                         │      │ this turn, increase by 1. Nob Lobber    │
│   │                         │      │ and Marine Marauder may forego wind     │
│   │                         │      │ cost when targeting only the MARKED     │
│   │                         │      │ target.                                 │
└───┴─────────────────────────┴──────┴─────────────────────────────────────────┘
                                  PCU Board P1                                  
┏━━━┳━━━━━━━━━━━━━━━━━━━━━━┳━━━━━━┳━━━━━━━━━━━━━━━━━━━━━━━━━━━━━━━━━━━━━━━━━━━━┓
┃ # ┃ Name                 ┃ Wind ┃ Abilities                                  ┃
┡━━━╇━━━━━━━━━━━━━━━━━━━━━━╇━━━━━━╇━━━━━━━━━━━━━━━━━━━━━━━━━━━━━━━━━━━━━━━━━━━━┩
│ 0 │ Grim⭐✋🥩🌀         │    0 │ 0 DEFILE NATURE Remove 1 wind from any     │
│   │                      │      │ target Goon.                               │
│ 1 │ Psychodelic Toad🥩🌀 │    0 │ 0 DOSE [2⟲] Target Goon may not use        │
│   │                      │      │ abilities or contribute wind on its        │
│   │                      │      │ Player’s next turn. Target may still       │
│   │                      │      │ unwind.                                    │
└───┴──────────────────────┴──────┴────────────────────────────────────────────┘
Dead Pool 🥩:0 ⚙️ :0
           PCU P1 hand (6)           
┏━━━┳━━━━━━━━━━━━━━━━━━━━━━━━┳━━━━━━┓
┃ # ┃ Name                   ┃ Cost ┃
┡━━━╇━━━━━━━━━━━━━━━━━━━━━━━━╇━━━━━━┩
│ 0 │ Mutt⚙️ 🌀               │ 4⟲   │
│ 1 │ Technomancer🥩⚙️ 🌀     │ 4⟲   │
│ 2 │ Vex🔶✋🥩🌀            │ 4⟲   │
│ 3 │ Restless Natives🚫🥩🌀 │ 2⟲   │
│ 4 │ Vex🔶✋🥩🌀            │ 4⟲   │
│ 5 │ Primordial Oozer🥩🌀   │ 1⟲   │
└───┴────────────────────────┴──────┘
Previous Turn
Turn 2 ends. P2 leaves 2 goons on the board. P1 now has 2 board / 5 hand 
(retired 0); P2 has 2 board / 6 hand (retired 0). Dead Pool holds 0.
  P2 deployed Target Marker Probe.
Turn 3 ends. P1 leaves 3 goons on the board. P1 now has 3 board / 5 hand 
(retired 0); P2 has 2 board / 6 hand (retired 0). Dead Pool holds 0.
  P1 deployed Primordial Oozer.
Turn 4 | Player: P2
                                  PCU Board P1                                  
┏━━━┳━━━━━━━━━━━━━━━━━━━━━━┳━━━━━━┳━━━━━━━━━━━━━━━━━━━━━━━━━━━━━━━━━━━━━━━━━━━━┓
┃ # ┃ Name                 ┃ Wind ┃ Abilities                                  ┃
┡━━━╇━━━━━━━━━━━━━━━━━━━━━━╇━━━━━━╇━━━━━━━━━━━━━━━━━━━━━━━━━━━━━━━━━━━━━━━━━━━━┩
│ 0 │ Grim⭐✋🥩🌀         │    0 │ 0 DEFILE NATURE Remove 1 wind from any     │
│   │                      │      │ target Goon.                               │
│ 1 │ Psychodelic Toad🥩🌀 │    3 │ 0 DOSE [2⟲] Target Goon may not use        │
│   │                      │      │ abilities or contribute wind on its        │
│   │                      │      │ Player’s next turn. Target may still       │
│   │                      │      │ unwind.                                    │
│ 2 │ Primordial Oozer🥩🌀 │    0 │ 0 DISCHARGE [1⟲] Add 1 wind to target Goon │
│   │                      │      │ 1 GOOP Unfriendly Goon who targets Oozer   │
│   │                      │      │ with an ability does not unwind during its │
│   │                      │      │ next unwind phase.                         │
└───┴──────────────────────┴──────┴────────────────────────────────────────────┘
                                 NARC Board P2                                  
┏━━━┳━━━━━━━━━━━━━━━━━━━━━━━━━┳━━━━━━┳━━━━━━━━━━━━━━━━━━━━━━━━━━━━━━━━━━━━━━━━━┓
┃ # ┃ Name                    ┃ Wind ┃ Abilities                               ┃
┡━━━╇━━━━━━━━━━━━━━━━━━━━━━━━━╇━━━━━━╇━━━━━━━━━━━━━━━━━━━━━━━━━━━━━━━━━━━━━━━━━┩
│ 0 │ Lokar Simmons⭐✋🥩🚨   │    0 │ 0 RESOURCEFUL [2⟲] Draw a card          │
│ 1 │ Target Marker Probe⚙️ 🚨 │    0 │ 0 MARK TARGET [1⟲] When a Goon adds     │
│   │                         │      │ wind as damage to the MARKED target     │
│   │                         │      │ this turn, increase by 1. Nob Lobber    │
│   │                         │      │ and Marine Marauder may forego wind     │
│   │                         │      │ cost when targeting only the MARKED     │
│   │                         │      │ target.                                 │
└───┴─────────────────────────┴──────┴─────────────────────────────────────────┘
Dead Pool 🥩:0 ⚙️ :0
          NARC P2 hand (7)          
┏━━━┳━━━━━━━━━━━━━━━━━━━━━━━┳━━━━━━┓
┃ # ┃ Name                  ┃ Cost ┃
┡━━━╇━━━━━━━━━━━━━━━━━━━━━━━╇━━━━━━┩
│ 0 │ Buzzkill🔶✋⚙️ 🚨      │ 5⟲   │
│ 1 │ Nob Lobber⚙️ 🚨        │ 4⟲   │
│ 2 │ Shield Array Node⚙️ 🚨 │ 2⟲   │
│ 3 │ Hover Shield⚙️ 🚨      │ 2⟲   │
│ 4 │ Shield Array Node⚙️ 🚨 │ 2⟲   │
│ 5 │ MediFlux-1NDS⚙️ 🚨     │ 2⟲   │
│ 6 │ Marine Marauder🥩⚙️ 🚨 │ 3⟲   │
└───┴───────────────────────┴──────┘
Previous Turn
Turn 3 ends. P1 leaves 3 goons on the board. P1 now has 3 board / 5 hand 
(retired 0); P2 has 2 board / 6 hand (retired 0). Dead Pool holds 0.
  P1 deployed Primordial Oozer.
Turn 4 ends. P2 leaves 3 goons on the board. P1 now has 3 board / 5 hand 
(retired 0); P2 has 3 board / 6 hand (retired 0). Dead Pool holds 0.
  P2 deployed Shield Array Node.
Turn 5 | Player: P1
                                 NARC Board P2                                  
┏━━━┳━━━━━━━━━━━━━━━━━━━━━━━━━┳━━━━━━┳━━━━━━━━━━━━━━━━━━━━━━━━━━━━━━━━━━━━━━━━━┓
┃ # ┃ Name                    ┃ Wind ┃ Abilities                               ┃
┡━━━╇━━━━━━━━━━━━━━━━━━━━━━━━━╇━━━━━━╇━━━━━━━━━━━━━━━━━━━━━━━━━━━━━━━━━━━━━━━━━┩
│ 0 │ Lokar Simmons⭐✋🥩🚨   │    0 │ 0 RESOURCEFUL [2⟲] Draw a card          │
│ 1 │ Target Marker Probe⚙️ 🚨 │    2 │ 0 MARK TARGET [1⟲] When a Goon adds     │
│   │                         │      │ wind as damage to the MARKED target     │
│   │                         │      │ this turn, increase by 1. Nob Lobber    │
│   │                         │      │ and Marine Marauder may forego wind     │
│   │                         │      │ cost when targeting only the MARKED     │
│   │                         │      │ target.                                 │
│ 2 │ Shield Array Node⚙️ 🚨   │    0 │ 0 FORTIFICATION NETWORK While 2+ Shield │
│   │                         │      │ Array Nodes are in play, Player's Goons │
│   │                         │      │ may not be the target of negative       │
│   │                         │      │ effects.                                │
│   │                         │      │ 1 SURGE BARRIER [1⟲] Banish 1           │
│   │                         │      │ mechanical from Dead Pool to give       │
│   │                         │      │ allied Goons Resist until end of turn.  │
└───┴─────────────────────────┴──────┴─────────────────────────────────────────┘
                                  PCU Board P1                                  
┏━━━┳━━━━━━━━━━━━━━━━━━━━━━┳━━━━━━┳━━━━━━━━━━━━━━━━━━━━━━━━━━━━━━━━━━━━━━━━━━━━┓
┃ # ┃ Name                 ┃ Wind ┃ Abilities                                  ┃
┡━━━╇━━━━━━━━━━━━━━━━━━━━━━╇━━━━━━╇━━━━━━━━━━━━━━━━━━━━━━━━━━━━━━━━━━━━━━━━━━━━┩
│ 0 │ Grim⭐✋🥩🌀         │    0 │ 0 DEFILE NATURE Remove 1 wind from any     │
│   │                      │      │ target Goon.                               │
│ 1 │ Psychodelic Toad🥩🌀 │    2 │ 0 DOSE [2⟲] Target Goon may not use        │
│   │                      │      │ abilities or contribute wind on its        │
│   │                      │      │ Player’s next turn. Target may still       │
│   │                      │      │ unwind.                                    │
│ 2 │ Primordial Oozer🥩🌀 │    0 │ 0 DISCHARGE [1⟲] Add 1 wind to target Goon │
│   │                      │      │ 1 GOOP Unfriendly Goon who targets Oozer   │
│   │                      │      │ with an ability does not unwind during its │
│   │                      │      │ next unwind phase.                         │
└───┴──────────────────────┴──────┴────────────────────────────────────────────┘
Dead Pool 🥩:0 ⚙️ :0
           PCU P1 hand (6)           
┏━━━┳━━━━━━━━━━━━━━━━━━━━━━━━┳━━━━━━┓
┃ # ┃ Name                   ┃ Cost ┃
┡━━━╇━━━━━━━━━━━━━━━━━━━━━━━━╇━━━━━━┩
│ 0 │ Mutt⚙️ 🌀               │ 4⟲   │
│ 1 │ Technomancer🥩⚙️ 🌀     │ 4⟲   │
│ 2 │ Vex🔶✋🥩🌀            │ 4⟲   │
│ 3 │ Restless Natives🚫🥩🌀 │ 2⟲   │
│ 4 │ Vex🔶✋🥩🌀            │ 4⟲   │
│ 5 │ Krax🔶✋🥩🌀           │ 6⟲   │
└───┴────────────────────────┴──────┘
Previous Turn
Turn 4 ends. P2 leaves 3 goons on the board. P1 now has 3 board / 5 hand 
(retired 0); P2 has 3 board / 6 hand (retired 0). Dead Pool holds 0.
  P2 deployed Shield Array Node.
Turn 5 ends. P1 leaves 3 goons on the board. P1 now has 3 board / 5 hand 
(retired 1); P2 has 3 board / 6 hand (retired 0). Dead Pool holds 2.
  P1 deployed Restless Natives.
  P1's Psychodelic Toad was retired.
  Psychodelic Toad was sent to the Dead Pool.
  Psychodelic Toad was sent to the Dead Pool.
Turn 6 | Player: P2
                                  PCU Board P1                                  
┏━━━┳━━━━━━━━━━━━━━━━━━━━━━━━┳━━━━━━┳━━━━━━━━━━━━━━━━━━━━━━━━━━━━━━━━━━━━━━━━━━┓
┃ # ┃ Name                   ┃ Wind ┃ Abilities                                ┃
┡━━━╇━━━━━━━━━━━━━━━━━━━━━━━━╇━━━━━━╇━━━━━━━━━━━━━━━━━━━━━━━━━━━━━━━━━━━━━━━━━━┩
│ 0 │ Grim⭐✋🥩🌀           │    0 │ 0 DEFILE NATURE Remove 1 wind from any   │
│   │                        │      │ target Goon.                             │
│ 1 │ Primordial Oozer🥩🌀   │    1 │ 0 DISCHARGE [1⟲] Add 1 wind to target    │
│   │                        │      │ Goon                                     │
│   │                        │      │ 1 GOOP Unfriendly Goon who targets Oozer │
│   │                        │      │ with an ability does not unwind during   │
│   │                        │      │ its next unwind phase.                   │
│ 2 │ Restless Natives🚫🥩🌀 │    0 │ 0 MOB [1⟲] Add 1 wind to 2 target Goons  │
│   │                        │      │ 1 STEADY DRUM [1⟲] Remove 1 wind from    │
│   │                        │      │ target allied Goon.                      │
└───┴────────────────────────┴──────┴──────────────────────────────────────────┘
                                 NARC Board P2                                  
┏━━━┳━━━━━━━━━━━━━━━━━━━━━━━━━┳━━━━━━┳━━━━━━━━━━━━━━━━━━━━━━━━━━━━━━━━━━━━━━━━━┓
┃ # ┃ Name                    ┃ Wind ┃ Abilities                               ┃
┡━━━╇━━━━━━━━━━━━━━━━━━━━━━━━━╇━━━━━━╇━━━━━━━━━━━━━━━━━━━━━━━━━━━━━━━━━━━━━━━━━┩
│ 0 │ Lokar Simmons⭐✋🥩🚨   │    0 │ 0 RESOURCEFUL [2⟲] Draw a card          │
│ 1 │ Target Marker Probe⚙️ 🚨 │    2 │ 0 MARK TARGET [1⟲] When a Goon adds     │
│   │                         │      │ wind as damage to the MARKED target     │
│   │                         │      │ this turn, increase by 1. Nob Lobber    │
│   │                         │      │ and Marine Marauder may forego wind     │
│   │                         │      │ cost when targeting only the MARKED     │
│   │                         │      │ target.                                 │
│ 2 │ Shield Array Node⚙️ 🚨   │    0 │ 0 FORTIFICATION NETWORK While 2+ Shield │
│   │                         │      │ Array Nodes are in play, Player's Goons │
│   │                         │      │ may not be the target of negative       │
│   │                         │      │ effects.                                │
│   │                         │      │ 1 SURGE BARRIER [1⟲] Banish 1           │
│   │                         │      │ mechanical from Dead Pool to give       │
│   │                         │      │ allied Goons Resist until end of turn.  │
└───┴─────────────────────────┴──────┴─────────────────────────────────────────┘
Dead Pool 🥩:2 ⚙️ :0
          NARC P2 hand (7)          
┏━━━┳━━━━━━━━━━━━━━━━━━━━━━━┳━━━━━━┓
┃ # ┃ Name                  ┃ Cost ┃
┡━━━╇━━━━━━━━━━━━━━━━━━━━━━━╇━━━━━━┩
│ 0 │ Buzzkill🔶✋⚙️ 🚨      │ 5⟲   │
│ 1 │ Nob Lobber⚙️ 🚨        │ 4⟲   │
│ 2 │ Hover Shield⚙️ 🚨      │ 2⟲   │
│ 3 │ Shield Array Node⚙️ 🚨 │ 2⟲   │
│ 4 │ MediFlux-1NDS⚙️ 🚨     │ 2⟲   │
│ 5 │ Marine Marauder🥩⚙️ 🚨 │ 3⟲   │
│ 6 │ Detainment Probe⚙️ 🚨  │ 1⟲   │
└───┴───────────────────────┴──────┘
Previous Turn
Turn 5 ends. P1 leaves 3 goons on the board. P1 now has 3 board / 5 hand 
(retired 1); P2 has 3 board / 6 hand (retired 0). Dead Pool holds 2.
  P1 deployed Restless Natives.
  P1's Psychodelic Toad was retired.
  Psychodelic Toad was sent to the Dead Pool.
  Psychodelic Toad was sent to the Dead Pool.
Turn 6 ends. P2 leaves 4 goons on the board. P1 now has 3 board / 5 hand 
(retired 1); P2 has 4 board / 6 hand (retired 0). Dead Pool holds 2.
  P2 deployed Detainment Probe.
Turn 7 | Player: P1
                                 NARC Board P2                                  
┏━━━┳━━━━━━━━━━━━━━━━━━━━━━━━━┳━━━━━━┳━━━━━━━━━━━━━━━━━━━━━━━━━━━━━━━━━━━━━━━━━┓
┃ # ┃ Name                    ┃ Wind ┃ Abilities                               ┃
┡━━━╇━━━━━━━━━━━━━━━━━━━━━━━━━╇━━━━━━╇━━━━━━━━━━━━━━━━━━━━━━━━━━━━━━━━━━━━━━━━━┩
│ 0 │ Lokar Simmons⭐✋🥩🚨   │    0 │ 0 RESOURCEFUL [2⟲] Draw a card          │
│ 1 │ Target Marker Probe⚙️ 🚨 │    3 │ 0 MARK TARGET [1⟲] When a Goon adds     │
│   │                         │      │ wind as damage to the MARKED target     │
│   │                         │      │ this turn, increase by 1. Nob Lobber    │
│   │                         │      │ and Marine Marauder may forego wind     │
│   │                         │      │ cost when targeting only the MARKED     │
│   │                         │      │ target.                                 │
│ 2 │ Shield Array Node⚙️ 🚨   │    0 │ 0 FORTIFICATION NETWORK While 2+ Shield │
│   │                         │      │ Array Nodes are in play, Player's Goons │
│   │                         │      │ may not be the target of negative       │
│   │                         │      │ effects.                                │
│   │                         │      │ 1 SURGE BARRIER [1⟲] Banish 1           │
│   │                         │      │ mechanical from Dead Pool to give       │
│   │                         │      │ allied Goons Resist until end of turn.  │
│ 3 │ Detainment Probe⚙️ 🚨    │    0 │ 0 SHACKLE BEAM [1⟲] Target Goon may not │
│   │                         │      │ unwind, act or contribute wind to       │
│   │                         │      │ deploy next turn.                       │
└───┴─────────────────────────┴──────┴─────────────────────────────────────────┘
                                  PCU Board P1                                  
┏━━━┳━━━━━━━━━━━━━━━━━━━━━━━━┳━━━━━━┳━━━━━━━━━━━━━━━━━━━━━━━━━━━━━━━━━━━━━━━━━━┓
┃ # ┃ Name                   ┃ Wind ┃ Abilities                                ┃
┡━━━╇━━━━━━━━━━━━━━━━━━━━━━━━╇━━━━━━╇━━━━━━━━━━━━━━━━━━━━━━━━━━━━━━━━━━━━━━━━━━┩
│ 0 │ Grim⭐✋🥩🌀           │    0 │ 0 DEFILE NATURE Remove 1 wind from any   │
│   │                        │      │ target Goon.                             │
│ 1 │ Primordial Oozer🥩🌀   │    1 │ 0 DISCHARGE [1⟲] Add 1 wind to target    │
│   │                        │      │ Goon                                     │
│   │                        │      │ 1 GOOP Unfriendly Goon who targets Oozer │
│   │                        │      │ with an ability does not unwind during   │
│   │                        │      │ its next unwind phase.                   │
│ 2 │ Restless Natives🚫🥩🌀 │    0 │ 0 MOB [1⟲] Add 1 wind to 2 target Goons  │
│   │                        │      │ 1 STEADY DRUM [1⟲] Remove 1 wind from    │
│   │                        │      │ target allied Goon.                      │
└───┴────────────────────────┴──────┴──────────────────────────────────────────┘
Dead Pool 🥩:2 ⚙️ :0
         PCU P1 hand (6)         
┏━━━┳━━━━━━━━━━━━━━━━━━━━┳━━━━━━┓
┃ # ┃ Name               ┃ Cost ┃
┡━━━╇━━━━━━━━━━━━━━━━━━━━╇━━━━━━┩
│ 0 │ Mutt⚙️ 🌀           │ 4⟲   │
│ 1 │ Technomancer🥩⚙️ 🌀 │ 4⟲   │
│ 2 │ Vex🔶✋🥩🌀        │ 4⟲   │
│ 3 │ Vex🔶✋🥩🌀        │ 4⟲   │
│ 4 │ Krax🔶✋🥩🌀       │ 6⟲   │
│ 5 │ Dragoon⚙️ 🌀        │ 6⟲   │
└───┴────────────────────┴──────┘
Previous Turn
Turn 6 ends. P2 leaves 4 goons on the board. P1 now has 3 board / 5 hand 
(retired 1); P2 has 4 board / 6 hand (retired 0). Dead Pool holds 2.
  P2 deployed Detainment Probe.
cannot deploy: requires Krax on your board
Turn 7 ends. P1 leaves 3 goons on the board. P1 now has 3 board / 5 hand 
(retired 2); P2 has 3 board / 6 hand (retired 1). Dead Pool holds 5.
  P1 deployed Technomancer.
  P1's Primordial Oozer was retired.
  Opponent (P2)'s Target Marker Probe was retired.
  Primordial Oozer was sent to the Dead Pool.
  Primordial Oozer was sent to the Dead Pool.
  Target Marker Probe was sent to the Dead Pool.
Turn 8 | Player: P2
                                  PCU Board P1                                  
┏━━━┳━━━━━━━━━━━━━━━━━━━━━━━━┳━━━━━━┳━━━━━━━━━━━━━━━━━━━━━━━━━━━━━━━━━━━━━━━━━━┓
┃ # ┃ Name                   ┃ Wind ┃ Abilities                                ┃
┡━━━╇━━━━━━━━━━━━━━━━━━━━━━━━╇━━━━━━╇━━━━━━━━━━━━━━━━━━━━━━━━━━━━━━━━━━━━━━━━━━┩
│ 0 │ Grim⭐✋🥩🌀           │    0 │ 0 DEFILE NATURE Remove 1 wind from any   │
│   │                        │      │ target Goon.                             │
│ 1 │ Restless Natives🚫🥩🌀 │    2 │ 0 MOB [1⟲] Add 1 wind to 2 target Goons  │
│   │                        │      │ 1 STEADY DRUM [1⟲] Remove 1 wind from    │
│   │                        │      │ target allied Goon.                      │
│ 2 │ Technomancer🥩⚙️ 🌀     │    0 │ 0 RAISE [1⟲ 1⚈] Goon with meat from Dead │
│   │                        │      │ Pool enters play under player's control. │
│   │                        │      │ 1 RECYCLE [1⟲ 1⛭] Goon with gear from    │
│   │                        │      │ Dead Pool enters play under player's     │
│   │                        │      │ control.                                 │
└───┴────────────────────────┴──────┴──────────────────────────────────────────┘
                                 NARC Board P2                                  
┏━━━┳━━━━━━━━━━━━━━━━━━━━━━━┳━━━━━━┳━━━━━━━━━━━━━━━━━━━━━━━━━━━━━━━━━━━━━━━━━━━┓
┃ # ┃ Name                  ┃ Wind ┃ Abilities                                 ┃
┡━━━╇━━━━━━━━━━━━━━━━━━━━━━━╇━━━━━━╇━━━━━━━━━━━━━━━━━━━━━━━━━━━━━━━━━━━━━━━━━━━┩
│ 0 │ Lokar Simmons⭐✋🥩🚨 │    0 │ 0 RESOURCEFUL [2⟲] Draw a card            │
│ 1 │ Shield Array Node⚙️ 🚨 │    0 │ 0 FORTIFICATION NETWORK While 2+ Shield   │
│   │                       │      │ Array Nodes are in play, Player's Goons   │
│   │                       │      │ may not be the target of negative         │
│   │                       │      │ effects.                                  │
│   │                       │      │ 1 SURGE BARRIER [1⟲] Banish 1 mechanical  │
│   │                       │      │ from Dead Pool to give allied Goons       │
│   │                       │      │ Resist until end of turn.                 │
│ 2 │ Detainment Probe⚙️ 🚨  │    0 │ 0 SHACKLE BEAM [1⟲] Target Goon may not   │
│   │                       │      │ unwind, act or contribute wind to deploy  │
│   │                       │      │ next turn.                                │
└───┴───────────────────────┴──────┴───────────────────────────────────────────┘
Dead Pool 🥩:4 ⚙️ :1
          NARC P2 hand (7)           
┏━━━┳━━━━━━━━━━━━━━━━━━━━━━━━┳━━━━━━┓
┃ # ┃ Name                   ┃ Cost ┃
┡━━━╇━━━━━━━━━━━━━━━━━━━━━━━━╇━━━━━━┩
│ 0 │ Buzzkill🔶✋⚙️ 🚨       │ 5⟲   │
│ 1 │ Nob Lobber⚙️ 🚨         │ 4⟲   │
│ 2 │ Hover Shield⚙️ 🚨       │ 2⟲   │
│ 3 │ Shield Array Node⚙️ 🚨  │ 2⟲   │
│ 4 │ MediFlux-1NDS⚙️ 🚨      │ 2⟲   │
│ 5 │ Marine Marauder🥩⚙️ 🚨  │ 3⟲   │
│ 6 │ Compliance Auditon⚙️ 🚨 │ 1⟲   │
└───┴────────────────────────┴──────┘
Previous Turn
Turn 7 ends. P1 leaves 3 goons on the board. P1 now has 3 board / 5 hand 
(retired 2); P2 has 3 board / 6 hand (retired 1). Dead Pool holds 5.
  P1 deployed Technomancer.
  P1's Primordial Oozer was retired.
  Opponent (P2)'s Target Marker Probe was retired.
  Primordial Oozer was sent to the Dead Pool.
  Primordial Oozer was sent to the Dead Pool.
  Target Marker Probe was sent to the Dead Pool.
Turn 8 ends. P2 leaves 4 goons on the board. P1 now has 3 board / 5 hand 
(retired 2); P2 has 4 board / 6 hand (retired 1). Dead Pool holds 5.
  P2 deployed Compliance Auditon.
Turn 9 | Player: P1
                                 NARC Board P2                                  
┏━━━┳━━━━━━━━━━━━━━━━━━━━━━━━┳━━━━━━┳━━━━━━━━━━━━━━━━━━━━━━━━━━━━━━━━━━━━━━━━━━┓
┃ # ┃ Name                   ┃ Wind ┃ Abilities                                ┃
┡━━━╇━━━━━━━━━━━━━━━━━━━━━━━━╇━━━━━━╇━━━━━━━━━━━━━━━━━━━━━━━━━━━━━━━━━━━━━━━━━━┩
│ 0 │ Lokar Simmons⭐✋🥩🚨  │    0 │ 0 RESOURCEFUL [2⟲] Draw a card           │
│ 1 │ Shield Array Node⚙️ 🚨  │    1 │ 0 FORTIFICATION NETWORK While 2+ Shield  │
│   │                        │      │ Array Nodes are in play, Player's Goons  │
│   │                        │      │ may not be the target of negative        │
│   │                        │      │ effects.                                 │
│   │                        │      │ 1 SURGE BARRIER [1⟲] Banish 1 mechanical │
│   │                        │      │ from Dead Pool to give allied Goons      │
│   │                        │      │ Resist until end of turn.                │
│ 2 │ Detainment Probe⚙️ 🚨   │    1 │ 0 SHACKLE BEAM [1⟲] Target Goon may not  │
│   │                        │      │ unwind, act or contribute wind to deploy │
│   │                        │      │ next turn.                               │
│ 3 │ Compliance Auditon⚙️ 🚨 │    0 │ 0 LITIGIOUS GRIDLOCK [1⟲] Target goon    │
│   │                        │      │ does not unwind in its next unwind       │
│   │                        │      │ phase.                                   │
└───┴────────────────────────┴──────┴──────────────────────────────────────────┘
                                  PCU Board P1                                  
┏━━━┳━━━━━━━━━━━━━━━━━━━━━━━━┳━━━━━━┳━━━━━━━━━━━━━━━━━━━━━━━━━━━━━━━━━━━━━━━━━━┓
┃ # ┃ Name                   ┃ Wind ┃ Abilities                                ┃
┡━━━╇━━━━━━━━━━━━━━━━━━━━━━━━╇━━━━━━╇━━━━━━━━━━━━━━━━━━━━━━━━━━━━━━━━━━━━━━━━━━┩
│ 0 │ Grim⭐✋🥩🌀           │    0 │ 0 DEFILE NATURE Remove 1 wind from any   │
│   │                        │      │ target Goon.                             │
│ 1 │ Restless Natives🚫🥩🌀 │    2 │ 0 MOB [1⟲] Add 1 wind to 2 target Goons  │
│   │                        │      │ 1 STEADY DRUM [1⟲] Remove 1 wind from    │
│   │                        │      │ target allied Goon.                      │
│ 2 │ Technomancer🥩⚙️ 🌀     │    0 │ 0 RAISE [1⟲ 1⚈] Goon with meat from Dead │
│   │                        │      │ Pool enters play under player's control. │
│   │                        │      │ 1 RECYCLE [1⟲ 1⛭] Goon with gear from    │
│   │                        │      │ Dead Pool enters play under player's     │
│   │                        │      │ control.                                 │
└───┴────────────────────────┴──────┴──────────────────────────────────────────┘
Dead Pool 🥩:4 ⚙️ :1
         PCU P1 hand (6)          
┏━━━┳━━━━━━━━━━━━━━━━━━━━┳━━━━━━━┓
┃ # ┃ Name               ┃ Cost  ┃
┡━━━╇━━━━━━━━━━━━━━━━━━━━╇━━━━━━━┩
│ 0 │ Mutt⚙️ 🌀           │ 4⟲    │
│ 1 │ Vex🔶✋🥩🌀        │ 4⟲    │
│ 2 │ Vex🔶✋🥩🌀        │ 4⟲    │
│ 3 │ Krax🔶✋🥩🌀       │ 6⟲    │
│ 4 │ Dragoon⚙️ 🌀        │ 6⟲    │
│ 5 │ Kriegsgheist✋🚫🌀 │ 3⛭ 3⚈ │
└───┴────────────────────┴───────┘
Previous Turn
Turn 8 ends. P2 leaves 4 goons on the board. P1 now has 3 board / 5 hand 
(retired 2); P2 has 4 board / 6 hand (retired 1). Dead Pool holds 5.
  P2 deployed Compliance Auditon.
could not pay wind
cannot deploy: requires Krax on your board
Turn 9 ends. P1 leaves 3 goons on the board. P1 now has 3 board / 5 hand 
(retired 3); P2 has 4 board / 6 hand (retired 1). Dead Pool holds 7.
  P1 deployed Vex.
  P1's Restless Natives was retired.
  Restless Natives was sent to the Dead Pool.
  Restless Natives was sent to the Dead Pool.
Turn 10 | Player: P2
                                  PCU Board P1                                  
┏━━━┳━━━━━━━━━━━━━━━━━━━━┳━━━━━━┳━━━━━━━━━━━━━━━━━━━━━━━━━━━━━━━━━━━━━━━━━━━━━━┓
┃ # ┃ Name               ┃ Wind ┃ Abilities                                    ┃
┡━━━╇━━━━━━━━━━━━━━━━━━━━╇━━━━━━╇━━━━━━━━━━━━━━━━━━━━━━━━━━━━━━━━━━━━━━━━━━━━━━┩
│ 0 │ Grim⭐✋🥩🌀       │    0 │ 0 DEFILE NATURE Remove 1 wind from any       │
│   │                    │      │ target Goon.                                 │
│ 1 │ Technomancer🥩⚙️ 🌀 │    2 │ 0 RAISE [1⟲ 1⚈] Goon with meat from Dead     │
│   │                    │      │ Pool enters play under player's control.     │
│   │                    │      │ 1 RECYCLE [1⟲ 1⛭] Goon with gear from Dead   │
│   │                    │      │ Pool enters play under player's control.     │
│ 2 │ Vex🔶✋🥩🌀        │    0 │ 0 PLINK Add 1 wind to target Goon            │
│   │                    │      │ 1 SNIPE [2⟲] Add 2 wind to target Goon       │
│   │                    │      │ 2 DOME [3⟲] Destroy target Goon.             │
└───┴────────────────────┴──────┴──────────────────────────────────────────────┘
                                 NARC Board P2                                  
┏━━━┳━━━━━━━━━━━━━━━━━━━━━━━━┳━━━━━━┳━━━━━━━━━━━━━━━━━━━━━━━━━━━━━━━━━━━━━━━━━━┓
┃ # ┃ Name                   ┃ Wind ┃ Abilities                                ┃
┡━━━╇━━━━━━━━━━━━━━━━━━━━━━━━╇━━━━━━╇━━━━━━━━━━━━━━━━━━━━━━━━━━━━━━━━━━━━━━━━━━┩
│ 0 │ Lokar Simmons⭐✋🥩🚨  │    0 │ 0 RESOURCEFUL [2⟲] Draw a card           │
│ 1 │ Shield Array Node⚙️ 🚨  │    1 │ 0 FORTIFICATION NETWORK While 2+ Shield  │
│   │                        │      │ Array Nodes are in play, Player's Goons  │
│   │                        │      │ may not be the target of negative        │
│   │                        │      │ effects.                                 │
│   │                        │      │ 1 SURGE BARRIER [1⟲] Banish 1 mechanical │
│   │                        │      │ from Dead Pool to give allied Goons      │
│   │                        │      │ Resist until end of turn.                │
│ 2 │ Detainment Probe⚙️ 🚨   │    0 │ 0 SHACKLE BEAM [1⟲] Target Goon may not  │
│   │                        │      │ unwind, act or contribute wind to deploy │
│   │                        │      │ next turn.                               │
│ 3 │ Compliance Auditon⚙️ 🚨 │    0 │ 0 LITIGIOUS GRIDLOCK [1⟲] Target goon    │
│   │                        │      │ does not unwind in its next unwind       │
│   │                        │      │ phase.                                   │
└───┴────────────────────────┴──────┴──────────────────────────────────────────┘
Dead Pool 🥩:6 ⚙️ :1
          NARC P2 hand (7)          
┏━━━┳━━━━━━━━━━━━━━━━━━━━━━━┳━━━━━━┓
┃ # ┃ Name                  ┃ Cost ┃
┡━━━╇━━━━━━━━━━━━━━━━━━━━━━━╇━━━━━━┩
│ 0 │ Buzzkill🔶✋⚙️ 🚨      │ 5⟲   │
│ 1 │ Nob Lobber⚙️ 🚨        │ 4⟲   │
│ 2 │ Hover Shield⚙️ 🚨      │ 2⟲   │
│ 3 │ Shield Array Node⚙️ 🚨 │ 2⟲   │
│ 4 │ MediFlux-1NDS⚙️ 🚨     │ 2⟲   │
│ 5 │ Marine Marauder🥩⚙️ 🚨 │ 3⟲   │
│ 6 │ MediFlux-1NDS⚙️ 🚨     │ 2⟲   │
└───┴───────────────────────┴──────┘
Previous Turn
Turn 9 ends. P1 leaves 3 goons on the board. P1 now has 3 board / 5 hand 
(retired 3); P2 has 4 board / 6 hand (retired 1). Dead Pool holds 7.
  P1 deployed Vex.
  P1's Restless Natives was retired.
  Restless Natives was sent to the Dead Pool.
  Restless Natives was sent to the Dead Pool.
Turn 10 ends. P2 leaves 5 goons on the board. P1 now has 3 board / 5 hand 
(retired 3); P2 has 5 board / 6 hand (retired 1). Dead Pool holds 7.
  P2 deployed Hover Shield.
Turn 11 | Player: P1
                                 NARC Board P2                                  
┏━━━┳━━━━━━━━━━━━━━━━━━━━━━━━┳━━━━━━┳━━━━━━━━━━━━━━━━━━━━━━━━━━━━━━━━━━━━━━━━━━┓
┃ # ┃ Name                   ┃ Wind ┃ Abilities                                ┃
┡━━━╇━━━━━━━━━━━━━━━━━━━━━━━━╇━━━━━━╇━━━━━━━━━━━━━━━━━━━━━━━━━━━━━━━━━━━━━━━━━━┩
│ 0 │ Lokar Simmons⭐✋🥩🚨  │    0 │ 0 RESOURCEFUL [2⟲] Draw a card           │
│ 1 │ Shield Array Node⚙️ 🚨  │    3 │ 0 FORTIFICATION NETWORK While 2+ Shield  │
│   │                        │      │ Array Nodes are in play, Player's Goons  │
│   │                        │      │ may not be the target of negative        │
│   │                        │      │ effects.                                 │
│   │                        │      │ 1 SURGE BARRIER [1⟲] Banish 1 mechanical │
│   │                        │      │ from Dead Pool to give allied Goons      │
│   │                        │      │ Resist until end of turn.                │
│ 2 │ Detainment Probe⚙️ 🚨   │    1 │ 0 SHACKLE BEAM [1⟲] Target Goon may not  │
│   │                        │      │ unwind, act or contribute wind to deploy │
│   │                        │      │ next turn.                               │
│ 3 │ Compliance Auditon⚙️ 🚨 │    0 │ 0 LITIGIOUS GRIDLOCK [1⟲] Target goon    │
│   │                        │      │ does not unwind in its next unwind       │
│   │                        │      │ phase.                                   │
│ 4 │ Hover Shield⚙️ 🚨       │    0 │ 0 COVER [1⟲] Target Goon may not be      │
│   │                        │      │ targeted by enemy Goon abilities until   │
│   │                        │      │ the beginning of player's next turn.     │
└───┴────────────────────────┴──────┴──────────────────────────────────────────┘
                                  PCU Board P1                                  
┏━━━┳━━━━━━━━━━━━━━━━━━━━┳━━━━━━┳━━━━━━━━━━━━━━━━━━━━━━━━━━━━━━━━━━━━━━━━━━━━━━┓
┃ # ┃ Name               ┃ Wind ┃ Abilities                                    ┃
┡━━━╇━━━━━━━━━━━━━━━━━━━━╇━━━━━━╇━━━━━━━━━━━━━━━━━━━━━━━━━━━━━━━━━━━━━━━━━━━━━━┩
│ 0 │ Grim⭐✋🥩🌀       │    0 │ 0 DEFILE NATURE Remove 1 wind from any       │
│   │                    │      │ target Goon.                                 │
│ 1 │ Technomancer🥩⚙️ 🌀 │    1 │ 0 RAISE [1⟲ 1⚈] Goon with meat from Dead     │
│   │                    │      │ Pool enters play under player's control.     │
│   │                    │      │ 1 RECYCLE [1⟲ 1⛭] Goon with gear from Dead   │
│   │                    │      │ Pool enters play under player's control.     │
│ 2 │ Vex🔶✋🥩🌀        │    0 │ 0 PLINK Add 1 wind to target Goon            │
│   │                    │      │ 1 SNIPE [2⟲] Add 2 wind to target Goon       │
│   │                    │      │ 2 DOME [3⟲] Destroy target Goon.             │
└───┴────────────────────┴──────┴──────────────────────────────────────────────┘
Dead Pool 🥩:6 ⚙️ :1
           PCU P1 hand (6)            
┏━━━┳━━━━━━━━━━━━━━━━━━━━━━━━┳━━━━━━━┓
┃ # ┃ Name                   ┃ Cost  ┃
┡━━━╇━━━━━━━━━━━━━━━━━━━━━━━━╇━━━━━━━┩
│ 0 │ Mutt⚙️ 🌀               │ 4⟲    │
│ 1 │ Vex🔶✋🥩🌀            │ 4⟲    │
│ 2 │ Krax🔶✋🥩🌀           │ 6⟲    │
│ 3 │ Dragoon⚙️ 🌀            │ 6⟲    │
│ 4 │ Kriegsgheist✋🚫🌀     │ 3⛭ 3⚈ │
│ 5 │ Restless Natives🚫🥩🌀 │ 2⟲    │
└───┴────────────────────────┴───────┘
Previous Turn
Turn 10 ends. P2 leaves 5 goons on the board. P1 now has 3 board / 5 hand 
(retired 3); P2 has 5 board / 6 hand (retired 1). Dead Pool holds 7.
  P2 deployed Hover Shield.
could not pay wind
Turn 11 ends. P1 leaves 4 goons on the board. P1 now has 4 board / 5 hand 
(retired 3); P2 has 5 board / 6 hand (retired 1). Dead Pool holds 7.
  P1 deployed Restless Natives.
Turn 12 | Player: P2
                                  PCU Board P1                                  
┏━━━┳━━━━━━━━━━━━━━━━━━━━━━━━┳━━━━━━┳━━━━━━━━━━━━━━━━━━━━━━━━━━━━━━━━━━━━━━━━━━┓
┃ # ┃ Name                   ┃ Wind ┃ Abilities                                ┃
┡━━━╇━━━━━━━━━━━━━━━━━━━━━━━━╇━━━━━━╇━━━━━━━━━━━━━━━━━━━━━━━━━━━━━━━━━━━━━━━━━━┩
│ 0 │ Grim⭐✋🥩🌀           │    0 │ 0 DEFILE NATURE Remove 1 wind from any   │
│   │                        │      │ target Goon.                             │
│ 1 │ Technomancer🥩⚙️ 🌀     │    3 │ 0 RAISE [1⟲ 1⚈] Goon with meat from Dead │
│   │                        │      │ Pool enters play under player's control. │
│   │                        │      │ 1 RECYCLE [1⟲ 1⛭] Goon with gear from    │
│   │                        │      │ Dead Pool enters play under player's     │
│   │                        │      │ control.                                 │
│ 2 │ Vex🔶✋🥩🌀            │    3 │ 0 PLINK Add 1 wind to target Goon        │
│   │                        │      │ 1 SNIPE [2⟲] Add 2 wind to target Goon   │
│   │                        │      │ 2 DOME [3⟲] Destroy target Goon.         │
│ 3 │ Restless Natives🚫🥩🌀 │    0 │ 0 MOB [1⟲] Add 1 wind to 2 target Goons  │
│   │                        │      │ 1 STEADY DRUM [1⟲] Remove 1 wind from    │
│   │                        │      │ target allied Goon.                      │
└───┴────────────────────────┴──────┴──────────────────────────────────────────┘
                                 NARC Board P2                                  
┏━━━┳━━━━━━━━━━━━━━━━━━━━━━━━┳━━━━━━┳━━━━━━━━━━━━━━━━━━━━━━━━━━━━━━━━━━━━━━━━━━┓
┃ # ┃ Name                   ┃ Wind ┃ Abilities                                ┃
┡━━━╇━━━━━━━━━━━━━━━━━━━━━━━━╇━━━━━━╇━━━━━━━━━━━━━━━━━━━━━━━━━━━━━━━━━━━━━━━━━━┩
│ 0 │ Lokar Simmons⭐✋🥩🚨  │    0 │ 0 RESOURCEFUL [2⟲] Draw a card           │
│ 1 │ Shield Array Node⚙️ 🚨  │    3 │ 0 FORTIFICATION NETWORK While 2+ Shield  │
│   │                        │      │ Array Nodes are in play, Player's Goons  │
│   │                        │      │ may not be the target of negative        │
│   │                        │      │ effects.                                 │
│   │                        │      │ 1 SURGE BARRIER [1⟲] Banish 1 mechanical │
│   │                        │      │ from Dead Pool to give allied Goons      │
│   │                        │      │ Resist until end of turn.                │
│ 2 │ Detainment Probe⚙️ 🚨   │    0 │ 0 SHACKLE BEAM [1⟲] Target Goon may not  │
│   │                        │      │ unwind, act or contribute wind to deploy │
│   │                        │      │ next turn.                               │
│ 3 │ Compliance Auditon⚙️ 🚨 │    0 │ 0 LITIGIOUS GRIDLOCK [1⟲] Target goon    │
│   │                        │      │ does not unwind in its next unwind       │
│   │                        │      │ phase.                                   │
│ 4 │ Hover Shield⚙️ 🚨       │    0 │ 0 COVER [1⟲] Target Goon may not be      │
│   │                        │      │ targeted by enemy Goon abilities until   │
│   │                        │      │ the beginning of player's next turn.     │
└───┴────────────────────────┴──────┴──────────────────────────────────────────┘
Dead Pool 🥩:6 ⚙️ :1
          NARC P2 hand (7)          
┏━━━┳━━━━━━━━━━━━━━━━━━━━━━━┳━━━━━━┓
┃ # ┃ Name                  ┃ Cost ┃
┡━━━╇━━━━━━━━━━━━━━━━━━━━━━━╇━━━━━━┩
│ 0 │ Buzzkill🔶✋⚙️ 🚨      │ 5⟲   │
│ 1 │ Nob Lobber⚙️ 🚨        │ 4⟲   │
│ 2 │ Shield Array Node⚙️ 🚨 │ 2⟲   │
│ 3 │ MediFlux-1NDS⚙️ 🚨     │ 2⟲   │
│ 4 │ Marine Marauder🥩⚙️ 🚨 │ 3⟲   │
│ 5 │ MediFlux-1NDS⚙️ 🚨     │ 2⟲   │
│ 6 │ MediFlux-1NDS⚙️ 🚨     │ 2⟲   │
└───┴───────────────────────┴──────┘
Previous Turn
Turn 11 ends. P1 leaves 4 goons on the board. P1 now has 4 board / 5 hand 
(retired 3); P2 has 5 board / 6 hand (retired 1). Dead Pool holds 7.
  P1 deployed Restless Natives.
Turn 12 ends. P2 leaves 5 goons on the board. P1 now has 4 board / 5 hand 
(retired 3); P2 has 5 board / 6 hand (retired 2). Dead Pool holds 9.
  P2 played Shield Array Node from hand.
  P2's Shield Array Node moved to the retired pile.
  Shield Array Node was sent to the Dead Pool.
  Shield Array Node was sent to the Dead Pool.
Turn 13 | Player: P1
                                 NARC Board P2                                  
┏━━━┳━━━━━━━━━━━━━━━━━━━━━━━━┳━━━━━━┳━━━━━━━━━━━━━━━━━━━━━━━━━━━━━━━━━━━━━━━━━━┓
┃ # ┃ Name                   ┃ Wind ┃ Abilities                                ┃
┡━━━╇━━━━━━━━━━━━━━━━━━━━━━━━╇━━━━━━╇━━━━━━━━━━━━━━━━━━━━━━━━━━━━━━━━━━━━━━━━━━┩
│ 0 │ Lokar Simmons⭐✋🥩🚨  │    0 │ 0 RESOURCEFUL [2⟲] Draw a card           │
│ 1 │ Detainment Probe⚙️ 🚨   │    2 │ 0 SHACKLE BEAM [1⟲] Target Goon may not  │
│   │                        │      │ unwind, act or contribute wind to deploy │
│   │                        │      │ next turn.                               │
│ 2 │ Compliance Auditon⚙️ 🚨 │    0 │ 0 LITIGIOUS GRIDLOCK [1⟲] Target goon    │
│   │                        │      │ does not unwind in its next unwind       │
│   │                        │      │ phase.                                   │
│ 3 │ Hover Shield⚙️ 🚨       │    0 │ 0 COVER [1⟲] Target Goon may not be      │
│   │                        │      │ targeted by enemy Goon abilities until   │
│   │                        │      │ the beginning of player's next turn.     │
│ 4 │ Shield Array Node⚙️ 🚨  │    0 │ 0 FORTIFICATION NETWORK While 2+ Shield  │
│   │                        │      │ Array Nodes are in play, Player's Goons  │
│   │                        │      │ may not be the target of negative        │
│   │                        │      │ effects.                                 │
│   │                        │      │ 1 SURGE BARRIER [1⟲] Banish 1 mechanical │
│   │                        │      │ from Dead Pool to give allied Goons      │
│   │                        │      │ Resist until end of turn.                │
└───┴────────────────────────┴──────┴──────────────────────────────────────────┘
                                  PCU Board P1                                  
┏━━━┳━━━━━━━━━━━━━━━━━━━━━━━━┳━━━━━━┳━━━━━━━━━━━━━━━━━━━━━━━━━━━━━━━━━━━━━━━━━━┓
┃ # ┃ Name                   ┃ Wind ┃ Abilities                                ┃
┡━━━╇━━━━━━━━━━━━━━━━━━━━━━━━╇━━━━━━╇━━━━━━━━━━━━━━━━━━━━━━━━━━━━━━━━━━━━━━━━━━┩
│ 0 │ Grim⭐✋🥩🌀           │    0 │ 0 DEFILE NATURE Remove 1 wind from any   │
│   │                        │      │ target Goon.                             │
│ 1 │ Technomancer🥩⚙️ 🌀     │    2 │ 0 RAISE [1⟲ 1⚈] Goon with meat from Dead │
│   │                        │      │ Pool enters play under player's control. │
│   │                        │      │ 1 RECYCLE [1⟲ 1⛭] Goon with gear from    │
│   │                        │      │ Dead Pool enters play under player's     │
│   │                        │      │ control.                                 │
│ 2 │ Vex🔶✋🥩🌀            │    2 │ 0 PLINK Add 1 wind to target Goon        │
│   │                        │      │ 1 SNIPE [2⟲] Add 2 wind to target Goon   │
│   │                        │      │ 2 DOME [3⟲] Destroy target Goon.         │
│ 3 │ Restless Natives🚫🥩🌀 │    0 │ 0 MOB [1⟲] Add 1 wind to 2 target Goons  │
│   │                        │      │ 1 STEADY DRUM [1⟲] Remove 1 wind from    │
│   │                        │      │ target allied Goon.                      │
└───┴────────────────────────┴──────┴──────────────────────────────────────────┘
Dead Pool 🥩:6 ⚙️ :3
           PCU P1 hand (6)           
┏━━━┳━━━━━━━━━━━━━━━━━━━━━━━┳━━━━━━━┓
┃ # ┃ Name                  ┃ Cost  ┃
┡━━━╇━━━━━━━━━━━━━━━━━━━━━━━╇━━━━━━━┩
│ 0 │ Mutt⚙️ 🌀              │ 4⟲    │
│ 1 │ Vex🔶✋🥩🌀           │ 4⟲    │
│ 2 │ Krax🔶✋🥩🌀          │ 6⟲    │
│ 3 │ Dragoon⚙️ 🌀           │ 6⟲    │
│ 4 │ Kriegsgheist✋🚫🌀    │ 3⛭ 3⚈ │
│ 5 │ Annihilist Overseer🌀 │ 4⟲    │
└───┴───────────────────────┴───────┘
Previous Turn
Turn 12 ends. P2 leaves 5 goons on the board. P1 now has 4 board / 5 hand 
(retired 3); P2 has 5 board / 6 hand (retired 2). Dead Pool holds 9.
  P2 played Shield Array Node from hand.
  P2's Shield Array Node moved to the retired pile.
  Shield Array Node was sent to the Dead Pool.
  Shield Array Node was sent to the Dead Pool.
could not pay wind
cannot deploy: requires Krax on your board
cannot deploy: squad goon of this type already in play
Turn 13 ends. P1 leaves 3 goons on the board. P1 now has 3 board / 5 hand 
(retired 5); P2 has 5 board / 6 hand (retired 2). Dead Pool holds 13.
  P1 deployed Annihilist Overseer.
  P1's Technomancer was retired.
  P1's Vex was retired.
  Technomancer was sent to the Dead Pool.
  Technomancer was sent to the Dead Pool.
  Vex was sent to the Dead Pool.
  Vex was sent to the Dead Pool.
Turn 14 | Player: P2
                                  PCU Board P1                                  
┏━━━┳━━━━━━━━━━━━━━━━━━━━━━━━┳━━━━━━┳━━━━━━━━━━━━━━━━━━━━━━━━━━━━━━━━━━━━━━━━━━┓
┃ # ┃ Name                   ┃ Wind ┃ Abilities                                ┃
┡━━━╇━━━━━━━━━━━━━━━━━━━━━━━━╇━━━━━━╇━━━━━━━━━━━━━━━━━━━━━━━━━━━━━━━━━━━━━━━━━━┩
│ 0 │ Grim⭐✋🥩🌀           │    0 │ 0 DEFILE NATURE Remove 1 wind from any   │
│   │                        │      │ target Goon.                             │
│ 1 │ Restless Natives🚫🥩🌀 │    1 │ 0 MOB [1⟲] Add 1 wind to 2 target Goons  │
│   │                        │      │ 1 STEADY DRUM [1⟲] Remove 1 wind from    │
│   │                        │      │ target allied Goon.                      │
│ 2 │ Annihilist Overseer🌀  │    0 │ 0 BLIND [1⟲] Target Goon may not use     │
│   │                        │      │ abilities or contribute wind on its next │
│   │                        │      │ turn.                                    │
│   │                        │      │ 1 BEHEAD [3⟲] Destroy target Goon.       │
└───┴────────────────────────┴──────┴──────────────────────────────────────────┘
                                 NARC Board P2                                  
┏━━━┳━━━━━━━━━━━━━━━━━━━━━━━━┳━━━━━━┳━━━━━━━━━━━━━━━━━━━━━━━━━━━━━━━━━━━━━━━━━━┓
┃ # ┃ Name                   ┃ Wind ┃ Abilities                                ┃
┡━━━╇━━━━━━━━━━━━━━━━━━━━━━━━╇━━━━━━╇━━━━━━━━━━━━━━━━━━━━━━━━━━━━━━━━━━━━━━━━━━┩
│ 0 │ Lokar Simmons⭐✋🥩🚨  │    0 │ 0 RESOURCEFUL [2⟲] Draw a card           │
│ 1 │ Detainment Probe⚙️ 🚨   │    3 │ 0 SHACKLE BEAM [1⟲] Target Goon may not  │
│   │                        │      │ unwind, act or contribute wind to deploy │
│   │                        │      │ next turn.                               │
│ 2 │ Compliance Auditon⚙️ 🚨 │    0 │ 0 LITIGIOUS GRIDLOCK [1⟲] Target goon    │
│   │                        │      │ does not unwind in its next unwind       │
│   │                        │      │ phase.                                   │
│ 3 │ Hover Shield⚙️ 🚨       │    0 │ 0 COVER [1⟲] Target Goon may not be      │
│   │                        │      │ targeted by enemy Goon abilities until   │
│   │                        │      │ the beginning of player's next turn.     │
│ 4 │ Shield Array Node⚙️ 🚨  │    0 │ 0 FORTIFICATION NETWORK While 2+ Shield  │
│   │                        │      │ Array Nodes are in play, Player's Goons  │
│   │                        │      │ may not be the target of negative        │
│   │                        │      │ effects.                                 │
│   │                        │      │ 1 SURGE BARRIER [1⟲] Banish 1 mechanical │
│   │                        │      │ from Dead Pool to give allied Goons      │
│   │                        │      │ Resist until end of turn.                │
└───┴────────────────────────┴──────┴──────────────────────────────────────────┘
Dead Pool 🥩:10 ⚙️ :5
          NARC P2 hand (7)          
┏━━━┳━━━━━━━━━━━━━━━━━━━━━━━┳━━━━━━┓
┃ # ┃ Name                  ┃ Cost ┃
┡━━━╇━━━━━━━━━━━━━━━━━━━━━━━╇━━━━━━┩
│ 0 │ Buzzkill🔶✋⚙️ 🚨      │ 5⟲   │
│ 1 │ Nob Lobber⚙️ 🚨        │ 4⟲   │
│ 2 │ MediFlux-1NDS⚙️ 🚨     │ 2⟲   │
│ 3 │ Marine Marauder🥩⚙️ 🚨 │ 3⟲   │
│ 4 │ MediFlux-1NDS⚙️ 🚨     │ 2⟲   │
│ 5 │ MediFlux-1NDS⚙️ 🚨     │ 2⟲   │
│ 6 │ Task Mistres⚙️ 🚨      │ 2⟲   │
└───┴───────────────────────┴──────┘
Previous Turn
Turn 13 ends. P1 leaves 3 goons on the board. P1 now has 3 board / 5 hand 
(retired 5); P2 has 5 board / 6 hand (retired 2). Dead Pool holds 13.
  P1 deployed Annihilist Overseer.
  P1's Technomancer was retired.
  P1's Vex was retired.
  Technomancer was sent to the Dead Pool.
  Technomancer was sent to the Dead Pool.
  Vex was sent to the Dead Pool.
  Vex was sent to the Dead Pool.
Turn 14 ends. P2 leaves 5 goons on the board. P1 now has 3 board / 5 hand 
(retired 5); P2 has 5 board / 6 hand (retired 3). Dead Pool holds 15.
  P2 deployed MediFlux-1NDS.
  P2's Detainment Probe was retired.
  Detainment Probe was sent to the Dead Pool.
  Detainment Probe was sent to the Dead Pool.
Turn 15 | Player: P1
                                 NARC Board P2                                  
┏━━━┳━━━━━━━━━━━━━━━━━━━━━━━━┳━━━━━━┳━━━━━━━━━━━━━━━━━━━━━━━━━━━━━━━━━━━━━━━━━━┓
┃ # ┃ Name                   ┃ Wind ┃ Abilities                                ┃
┡━━━╇━━━━━━━━━━━━━━━━━━━━━━━━╇━━━━━━╇━━━━━━━━━━━━━━━━━━━━━━━━━━━━━━━━━━━━━━━━━━┩
│ 0 │ Lokar Simmons⭐✋🥩🚨  │    0 │ 0 RESOURCEFUL [2⟲] Draw a card           │
│ 1 │ Compliance Auditon⚙️ 🚨 │    1 │ 0 LITIGIOUS GRIDLOCK [1⟲] Target goon    │
│   │                        │      │ does not unwind in its next unwind       │
│   │                        │      │ phase.                                   │
│ 2 │ Hover Shield⚙️ 🚨       │    0 │ 0 COVER [1⟲] Target Goon may not be      │
│   │                        │      │ targeted by enemy Goon abilities until   │
│   │                        │      │ the beginning of player's next turn.     │
│ 3 │ Shield Array Node⚙️ 🚨  │    0 │ 0 FORTIFICATION NETWORK While 2+ Shield  │
│   │                        │      │ Array Nodes are in play, Player's Goons  │
│   │                        │      │ may not be the target of negative        │
│   │                        │      │ effects.                                 │
│   │                        │      │ 1 SURGE BARRIER [1⟲] Banish 1 mechanical │
│   │                        │      │ from Dead Pool to give allied Goons      │
│   │                        │      │ Resist until end of turn.                │
│ 4 │ MediFlux-1NDS⚙️ 🚨      │    0 │ 0 DORSAL CAVITY RINSE [1⟲] Remove 1 wind │
│   │                        │      │ from target Goon.                        │
└───┴────────────────────────┴──────┴──────────────────────────────────────────┘
                                  PCU Board P1                                  
┏━━━┳━━━━━━━━━━━━━━━━━━━━━━━━┳━━━━━━┳━━━━━━━━━━━━━━━━━━━━━━━━━━━━━━━━━━━━━━━━━━┓
┃ # ┃ Name                   ┃ Wind ┃ Abilities                                ┃
┡━━━╇━━━━━━━━━━━━━━━━━━━━━━━━╇━━━━━━╇━━━━━━━━━━━━━━━━━━━━━━━━━━━━━━━━━━━━━━━━━━┩
│ 0 │ Grim⭐✋🥩🌀           │    0 │ 0 DEFILE NATURE Remove 1 wind from any   │
│   │                        │      │ target Goon.                             │
│ 1 │ Restless Natives🚫🥩🌀 │    1 │ 0 MOB [1⟲] Add 1 wind to 2 target Goons  │
│   │                        │      │ 1 STEADY DRUM [1⟲] Remove 1 wind from    │
│   │                        │      │ target allied Goon.                      │
│ 2 │ Annihilist Overseer🌀  │    0 │ 0 BLIND [1⟲] Target Goon may not use     │
│   │                        │      │ abilities or contribute wind on its next │
│   │                        │      │ turn.                                    │
│   │                        │      │ 1 BEHEAD [3⟲] Destroy target Goon.       │
└───┴────────────────────────┴──────┴──────────────────────────────────────────┘
Dead Pool 🥩:10 ⚙️ :7
         PCU P1 hand (6)          
┏━━━┳━━━━━━━━━━━━━━━━━━━━┳━━━━━━━┓
┃ # ┃ Name               ┃ Cost  ┃
┡━━━╇━━━━━━━━━━━━━━━━━━━━╇━━━━━━━┩
│ 0 │ Mutt⚙️ 🌀           │ 4⟲    │
│ 1 │ Vex🔶✋🥩🌀        │ 4⟲    │
│ 2 │ Krax🔶✋🥩🌀       │ 6⟲    │
│ 3 │ Dragoon⚙️ 🌀        │ 6⟲    │
│ 4 │ Kriegsgheist✋🚫🌀 │ 3⛭ 3⚈ │
│ 5 │ Dragoon⚙️ 🌀        │ 6⟲    │
└───┴────────────────────┴───────┘
Previous Turn
Turn 14 ends. P2 leaves 5 goons on the board. P1 now has 3 board / 5 hand 
(retired 5); P2 has 5 board / 6 hand (retired 3). Dead Pool holds 15.
  P2 deployed MediFlux-1NDS.
  P2's Detainment Probe was retired.
  Detainment Probe was sent to the Dead Pool.
  Detainment Probe was sent to the Dead Pool.
could not pay wind
cannot deploy: requires Krax on your board
Turn 15 ends. P1 leaves 3 goons on the board. P1 now has 3 board / 5 hand 
(retired 6); P2 has 5 board / 6 hand (retired 3). Dead Pool holds 17.
  P1 deployed Vex.
  P1's Restless Natives was retired.
  Restless Natives was sent to the Dead Pool.
  Restless Natives was sent to the Dead Pool.
Turn 16 | Player: P2
                                  PCU Board P1                                  
┏━━━┳━━━━━━━━━━━━━━━━━━━━━━━┳━━━━━━┳━━━━━━━━━━━━━━━━━━━━━━━━━━━━━━━━━━━━━━━━━━━┓
┃ # ┃ Name                  ┃ Wind ┃ Abilities                                 ┃
┡━━━╇━━━━━━━━━━━━━━━━━━━━━━━╇━━━━━━╇━━━━━━━━━━━━━━━━━━━━━━━━━━━━━━━━━━━━━━━━━━━┩
│ 0 │ Grim⭐✋🥩🌀          │    0 │ 0 DEFILE NATURE Remove 1 wind from any    │
│   │                       │      │ target Goon.                              │
│ 1 │ Annihilist Overseer🌀 │    2 │ 0 BLIND [1⟲] Target Goon may not use      │
│   │                       │      │ abilities or contribute wind on its next  │
│   │                       │      │ turn.                                     │
│   │                       │      │ 1 BEHEAD [3⟲] Destroy target Goon.        │
│ 2 │ Vex🔶✋🥩🌀           │    0 │ 0 PLINK Add 1 wind to target Goon         │
│   │                       │      │ 1 SNIPE [2⟲] Add 2 wind to target Goon    │
│   │                       │      │ 2 DOME [3⟲] Destroy target Goon.          │
└───┴───────────────────────┴──────┴───────────────────────────────────────────┘
                                 NARC Board P2                                  
┏━━━┳━━━━━━━━━━━━━━━━━━━━━━━━┳━━━━━━┳━━━━━━━━━━━━━━━━━━━━━━━━━━━━━━━━━━━━━━━━━━┓
┃ # ┃ Name                   ┃ Wind ┃ Abilities                                ┃
┡━━━╇━━━━━━━━━━━━━━━━━━━━━━━━╇━━━━━━╇━━━━━━━━━━━━━━━━━━━━━━━━━━━━━━━━━━━━━━━━━━┩
│ 0 │ Lokar Simmons⭐✋🥩🚨  │    0 │ 0 RESOURCEFUL [2⟲] Draw a card           │
│ 1 │ Compliance Auditon⚙️ 🚨 │    0 │ 0 LITIGIOUS GRIDLOCK [1⟲] Target goon    │
│   │                        │      │ does not unwind in its next unwind       │
│   │                        │      │ phase.                                   │
│ 2 │ Hover Shield⚙️ 🚨       │    0 │ 0 COVER [1⟲] Target Goon may not be      │
│   │                        │      │ targeted by enemy Goon abilities until   │
│   │                        │      │ the beginning of player's next turn.     │
│ 3 │ Shield Array Node⚙️ 🚨  │    0 │ 0 FORTIFICATION NETWORK While 2+ Shield  │
│   │                        │      │ Array Nodes are in play, Player's Goons  │
│   │                        │      │ may not be the target of negative        │
│   │                        │      │ effects.                                 │
│   │                        │      │ 1 SURGE BARRIER [1⟲] Banish 1 mechanical │
│   │                        │      │ from Dead Pool to give allied Goons      │
│   │                        │      │ Resist until end of turn.                │
│ 4 │ MediFlux-1NDS⚙️ 🚨      │    0 │ 0 DORSAL CAVITY RINSE [1⟲] Remove 1 wind │
│   │                        │      │ from target Goon.                        │
└───┴────────────────────────┴──────┴──────────────────────────────────────────┘
Dead Pool 🥩:12 ⚙️ :7
          NARC P2 hand (7)          
┏━━━┳━━━━━━━━━━━━━━━━━━━━━━━┳━━━━━━┓
┃ # ┃ Name                  ┃ Cost ┃
┡━━━╇━━━━━━━━━━━━━━━━━━━━━━━╇━━━━━━┩
│ 0 │ Buzzkill🔶✋⚙️ 🚨      │ 5⟲   │
│ 1 │ Nob Lobber⚙️ 🚨        │ 4⟲   │
│ 2 │ Marine Marauder🥩⚙️ 🚨 │ 3⟲   │
│ 3 │ MediFlux-1NDS⚙️ 🚨     │ 2⟲   │
│ 4 │ MediFlux-1NDS⚙️ 🚨     │ 2⟲   │
│ 5 │ Task Mistres⚙️ 🚨      │ 2⟲   │
│ 6 │ Killjoy🔶✋⚙️ 🚨       │ 4⟲   │
└───┴───────────────────────┴──────┘
Previous Turn
Turn 15 ends. P1 leaves 3 goons on the board. P1 now has 3 board / 5 hand 
(retired 6); P2 has 5 board / 6 hand (retired 3). Dead Pool holds 17.
  P1 deployed Vex.
  P1's Restless Natives was retired.
  Restless Natives was sent to the Dead Pool.
  Restless Natives was sent to the Dead Pool.
Turn 16 ends. P2 leaves 6 goons on the board. P1 now has 3 board / 5 hand 
(retired 6); P2 has 6 board / 6 hand (retired 3). Dead Pool holds 17.
  P2 deployed MediFlux-1NDS.
Turn 17 | Player: P1
                                 NARC Board P2                                  
┏━━━┳━━━━━━━━━━━━━━━━━━━━━━━━┳━━━━━━┳━━━━━━━━━━━━━━━━━━━━━━━━━━━━━━━━━━━━━━━━━━┓
┃ # ┃ Name                   ┃ Wind ┃ Abilities                                ┃
┡━━━╇━━━━━━━━━━━━━━━━━━━━━━━━╇━━━━━━╇━━━━━━━━━━━━━━━━━━━━━━━━━━━━━━━━━━━━━━━━━━┩
│ 0 │ Lokar Simmons⭐✋🥩🚨  │    0 │ 0 RESOURCEFUL [2⟲] Draw a card           │
│ 1 │ Compliance Auditon⚙️ 🚨 │    2 │ 0 LITIGIOUS GRIDLOCK [1⟲] Target goon    │
│   │                        │      │ does not unwind in its next unwind       │
│   │                        │      │ phase.                                   │
│ 2 │ Hover Shield⚙️ 🚨       │    0 │ 0 COVER [1⟲] Target Goon may not be      │
│   │                        │      │ targeted by enemy Goon abilities until   │
│   │                        │      │ the beginning of player's next turn.     │
│ 3 │ Shield Array Node⚙️ 🚨  │    0 │ 0 FORTIFICATION NETWORK While 2+ Shield  │
│   │                        │      │ Array Nodes are in play, Player's Goons  │
│   │                        │      │ may not be the target of negative        │
│   │                        │      │ effects.                                 │
│   │                        │      │ 1 SURGE BARRIER [1⟲] Banish 1 mechanical │
│   │                        │      │ from Dead Pool to give allied Goons      │
│   │                        │      │ Resist until end of turn.                │
│ 4 │ MediFlux-1NDS⚙️ 🚨      │    0 │ 0 DORSAL CAVITY RINSE [1⟲] Remove 1 wind │
│   │                        │      │ from target Goon.                        │
│ 5 │ MediFlux-1NDS⚙️ 🚨      │    0 │ 0 DORSAL CAVITY RINSE [1⟲] Remove 1 wind │
│   │                        │      │ from target Goon.                        │
└───┴────────────────────────┴──────┴──────────────────────────────────────────┘
                                  PCU Board P1                                  
┏━━━┳━━━━━━━━━━━━━━━━━━━━━━━┳━━━━━━┳━━━━━━━━━━━━━━━━━━━━━━━━━━━━━━━━━━━━━━━━━━━┓
┃ # ┃ Name                  ┃ Wind ┃ Abilities                                 ┃
┡━━━╇━━━━━━━━━━━━━━━━━━━━━━━╇━━━━━━╇━━━━━━━━━━━━━━━━━━━━━━━━━━━━━━━━━━━━━━━━━━━┩
│ 0 │ Grim⭐✋🥩🌀          │    0 │ 0 DEFILE NATURE Remove 1 wind from any    │
│   │                       │      │ target Goon.                              │
│ 1 │ Annihilist Overseer🌀 │    1 │ 0 BLIND [1⟲] Target Goon may not use      │
│   │                       │      │ abilities or contribute wind on its next  │
│   │                       │      │ turn.                                     │
│   │                       │      │ 1 BEHEAD [3⟲] Destroy target Goon.        │
│ 2 │ Vex🔶✋🥩🌀           │    0 │ 0 PLINK Add 1 wind to target Goon         │
│   │                       │      │ 1 SNIPE [2⟲] Add 2 wind to target Goon    │
│   │                       │      │ 2 DOME [3⟲] Destroy target Goon.          │
└───┴───────────────────────┴──────┴───────────────────────────────────────────┘
Dead Pool 🥩:12 ⚙️ :7
         PCU P1 hand (6)          
┏━━━┳━━━━━━━━━━━━━━━━━━━━┳━━━━━━━┓
┃ # ┃ Name               ┃ Cost  ┃
┡━━━╇━━━━━━━━━━━━━━━━━━━━╇━━━━━━━┩
│ 0 │ Mutt⚙️ 🌀           │ 4⟲    │
│ 1 │ Krax🔶✋🥩🌀       │ 6⟲    │
│ 2 │ Dragoon⚙️ 🌀        │ 6⟲    │
│ 3 │ Kriegsgheist✋🚫🌀 │ 3⛭ 3⚈ │
│ 4 │ Dragoon⚙️ 🌀        │ 6⟲    │
│ 5 │ Käsekobold🥩🌀     │ 2⟲    │
└───┴────────────────────┴───────┘
Previous Turn
Turn 16 ends. P2 leaves 6 goons on the board. P1 now has 3 board / 5 hand 
(retired 6); P2 has 6 board / 6 hand (retired 3). Dead Pool holds 17.
  P2 deployed MediFlux-1NDS.
could not pay wind
Turn 17 ends. P1 leaves 4 goons on the board. P1 now has 4 board / 5 hand 
(retired 6); P2 has 6 board / 6 hand (retired 3). Dead Pool holds 17.
  P1 deployed Käsekobold.
Turn 18 | Player: P2
                                  PCU Board P1                                  
┏━━━┳━━━━━━━━━━━━━━━━━━━━━━━┳━━━━━━┳━━━━━━━━━━━━━━━━━━━━━━━━━━━━━━━━━━━━━━━━━━━┓
┃ # ┃ Name                  ┃ Wind ┃ Abilities                                 ┃
┡━━━╇━━━━━━━━━━━━━━━━━━━━━━━╇━━━━━━╇━━━━━━━━━━━━━━━━━━━━━━━━━━━━━━━━━━━━━━━━━━━┩
│ 0 │ Grim⭐✋🥩🌀          │    0 │ 0 DEFILE NATURE Remove 1 wind from any    │
│   │                       │      │ target Goon.                              │
│ 1 │ Annihilist Overseer🌀 │    3 │ 0 BLIND [1⟲] Target Goon may not use      │
│   │                       │      │ abilities or contribute wind on its next  │
│   │                       │      │ turn.                                     │
│   │                       │      │ 1 BEHEAD [3⟲] Destroy target Goon.        │
│ 2 │ Vex🔶✋🥩🌀           │    3 │ 0 PLINK Add 1 wind to target Goon         │
│   │                       │      │ 1 SNIPE [2⟲] Add 2 wind to target Goon    │
│   │                       │      │ 2 DOME [3⟲] Destroy target Goon.          │
│ 3 │ Käsekobold🥩🌀        │    1 │ 0 ADD NAUSEAM [1⟲] Add 1 wind to target   │
│   │                       │      │ Goon                                      │
│   │                       │      │ 1 REVOLT Add 1 wind to any Goon who       │
│   │                       │      │ targets Käsekobold with ability           │
└───┴───────────────────────┴──────┴───────────────────────────────────────────┘
                                 NARC Board P2                                  
┏━━━┳━━━━━━━━━━━━━━━━━━━━━━━━┳━━━━━━┳━━━━━━━━━━━━━━━━━━━━━━━━━━━━━━━━━━━━━━━━━━┓
┃ # ┃ Name                   ┃ Wind ┃ Abilities                                ┃
┡━━━╇━━━━━━━━━━━━━━━━━━━━━━━━╇━━━━━━╇━━━━━━━━━━━━━━━━━━━━━━━━━━━━━━━━━━━━━━━━━━┩
│ 0 │ Lokar Simmons⭐✋🥩🚨  │    0 │ 0 RESOURCEFUL [2⟲] Draw a card           │
│ 1 │ Compliance Auditon⚙️ 🚨 │    1 │ 0 LITIGIOUS GRIDLOCK [1⟲] Target goon    │
│   │                        │      │ does not unwind in its next unwind       │
│   │                        │      │ phase.                                   │
│ 2 │ Hover Shield⚙️ 🚨       │    0 │ 0 COVER [1⟲] Target Goon may not be      │
│   │                        │      │ targeted by enemy Goon abilities until   │
│   │                        │      │ the beginning of player's next turn.     │
│ 3 │ Shield Array Node⚙️ 🚨  │    0 │ 0 FORTIFICATION NETWORK While 2+ Shield  │
│   │                        │      │ Array Nodes are in play, Player's Goons  │
│   │                        │      │ may not be the target of negative        │
│   │                        │      │ effects.                                 │
│   │                        │      │ 1 SURGE BARRIER [1⟲] Banish 1 mechanical │
│   │                        │      │ from Dead Pool to give allied Goons      │
│   │                        │      │ Resist until end of turn.                │
│ 4 │ MediFlux-1NDS⚙️ 🚨      │    0 │ 0 DORSAL CAVITY RINSE [1⟲] Remove 1 wind │
│   │                        │      │ from target Goon.                        │
│ 5 │ MediFlux-1NDS⚙️ 🚨      │    0 │ 0 DORSAL CAVITY RINSE [1⟲] Remove 1 wind │
│   │                        │      │ from target Goon.                        │
└───┴────────────────────────┴──────┴──────────────────────────────────────────┘
Dead Pool 🥩:12 ⚙️ :7
          NARC P2 hand (7)          
┏━━━┳━━━━━━━━━━━━━━━━━━━━━━━┳━━━━━━┓
┃ # ┃ Name                  ┃ Cost ┃
┡━━━╇━━━━━━━━━━━━━━━━━━━━━━━╇━━━━━━┩
│ 0 │ Buzzkill🔶✋⚙️ 🚨      │ 5⟲   │
│ 1 │ Nob Lobber⚙️ 🚨        │ 4⟲   │
│ 2 │ Marine Marauder🥩⚙️ 🚨 │ 3⟲   │
│ 3 │ MediFlux-1NDS⚙️ 🚨     │ 2⟲   │
│ 4 │ Task Mistres⚙️ 🚨      │ 2⟲   │
│ 5 │ Killjoy🔶✋⚙️ 🚨       │ 4⟲   │
│ 6 │ Impact Simulant⚙️ 🚨   │ -    │
└───┴───────────────────────┴──────┘
Previous Turn
Turn 17 ends. P1 leaves 4 goons on the board. P1 now has 4 board / 5 hand 
(retired 6); P2 has 6 board / 6 hand (retired 3). Dead Pool holds 17.
  P1 deployed Käsekobold.
Turn 18 ends. P2 leaves 7 goons on the board. P1 now has 4 board / 5 hand 
(retired 6); P2 has 7 board / 6 hand (retired 3). Dead Pool holds 17.
  P2 deployed Impact Simulant.
Turn 19 | Player: P1
                                 NARC Board P2                                  
┏━━━┳━━━━━━━━━━━━━━━━━━━━━━━━┳━━━━━━┳━━━━━━━━━━━━━━━━━━━━━━━━━━━━━━━━━━━━━━━━━━┓
┃ # ┃ Name                   ┃ Wind ┃ Abilities                                ┃
┡━━━╇━━━━━━━━━━━━━━━━━━━━━━━━╇━━━━━━╇━━━━━━━━━━━━━━━━━━━━━━━━━━━━━━━━━━━━━━━━━━┩
│ 0 │ Lokar Simmons⭐✋🥩🚨  │    0 │ 0 RESOURCEFUL [2⟲] Draw a card           │
│ 1 │ Compliance Auditon⚙️ 🚨 │    1 │ 0 LITIGIOUS GRIDLOCK [1⟲] Target goon    │
│   │                        │      │ does not unwind in its next unwind       │
│   │                        │      │ phase.                                   │
│ 2 │ Hover Shield⚙️ 🚨       │    0 │ 0 COVER [1⟲] Target Goon may not be      │
│   │                        │      │ targeted by enemy Goon abilities until   │
│   │                        │      │ the beginning of player's next turn.     │
│ 3 │ Shield Array Node⚙️ 🚨  │    0 │ 0 FORTIFICATION NETWORK While 2+ Shield  │
│   │                        │      │ Array Nodes are in play, Player's Goons  │
│   │                        │      │ may not be the target of negative        │
│   │                        │      │ effects.                                 │
│   │                        │      │ 1 SURGE BARRIER [1⟲] Banish 1 mechanical │
│   │                        │      │ from Dead Pool to give allied Goons      │
│   │                        │      │ Resist until end of turn.                │
│ 4 │ MediFlux-1NDS⚙️ 🚨      │    0 │ 0 DORSAL CAVITY RINSE [1⟲] Remove 1 wind │
│   │                        │      │ from target Goon.                        │
│ 5 │ MediFlux-1NDS⚙️ 🚨      │    0 │ 0 DORSAL CAVITY RINSE [1⟲] Remove 1 wind │
│   │                        │      │ from target Goon.                        │
│ 6 │ Impact Simulant⚙️ 🚨    │    0 │ -                                        │
└───┴────────────────────────┴──────┴──────────────────────────────────────────┘
                                  PCU Board P1                                  
┏━━━┳━━━━━━━━━━━━━━━━━━━━━━━┳━━━━━━┳━━━━━━━━━━━━━━━━━━━━━━━━━━━━━━━━━━━━━━━━━━━┓
┃ # ┃ Name                  ┃ Wind ┃ Abilities                                 ┃
┡━━━╇━━━━━━━━━━━━━━━━━━━━━━━╇━━━━━━╇━━━━━━━━━━━━━━━━━━━━━━━━━━━━━━━━━━━━━━━━━━━┩
│ 0 │ Grim⭐✋🥩🌀          │    0 │ 0 DEFILE NATURE Remove 1 wind from any    │
│   │                       │      │ target Goon.                              │
│ 1 │ Annihilist Overseer🌀 │    2 │ 0 BLIND [1⟲] Target Goon may not use      │
│   │                       │      │ abilities or contribute wind on its next  │
│   │                       │      │ turn.                                     │
│   │                       │      │ 1 BEHEAD [3⟲] Destroy target Goon.        │
│ 2 │ Vex🔶✋🥩🌀           │    2 │ 0 PLINK Add 1 wind to target Goon         │
│   │                       │      │ 1 SNIPE [2⟲] Add 2 wind to target Goon    │
│   │                       │      │ 2 DOME [3⟲] Destroy target Goon.          │
│ 3 │ Käsekobold🥩🌀        │    0 │ 0 ADD NAUSEAM [1⟲] Add 1 wind to target   │
│   │                       │      │ Goon                                      │
│   │                       │      │ 1 REVOLT Add 1 wind to any Goon who       │
│   │                       │      │ targets Käsekobold with ability           │
└───┴───────────────────────┴──────┴───────────────────────────────────────────┘
Dead Pool 🥩:12 ⚙️ :7
         PCU P1 hand (6)          
┏━━━┳━━━━━━━━━━━━━━━━━━━━┳━━━━━━━┓
┃ # ┃ Name               ┃ Cost  ┃
┡━━━╇━━━━━━━━━━━━━━━━━━━━╇━━━━━━━┩
│ 0 │ Mutt⚙️ 🌀           │ 4⟲    │
│ 1 │ Krax🔶✋🥩🌀       │ 6⟲    │
│ 2 │ Dragoon⚙️ 🌀        │ 6⟲    │
│ 3 │ Kriegsgheist✋🚫🌀 │ 3⛭ 3⚈ │
│ 4 │ Dragoon⚙️ 🌀        │ 6⟲    │
│ 5 │ Nives⚙️ 🌀          │ 4⟲    │
└───┴────────────────────┴───────┘
Previous Turn
Turn 18 ends. P2 leaves 7 goons on the board. P1 now has 4 board / 5 hand 
(retired 6); P2 has 7 board / 6 hand (retired 3). Dead Pool holds 17.
  P2 deployed Impact Simulant.
could not pay wind
cannot deploy: requires Krax on your board
Turn 19 ends. P1 leaves 3 goons on the board. P1 now has 3 board / 5 hand 
(retired 8); P2 has 7 board / 6 hand (retired 3). Dead Pool holds 21.
  P1 deployed Nives.
  P1's Annihilist Overseer was retired.
  P1's Vex was retired.
  Vex was sent to the Dead Pool.
  Vex was sent to the Dead Pool.
  Annihilist Overseer was sent to the Dead Pool.
  Annihilist Overseer was sent to the Dead Pool.
Turn 20 | Player: P2
                                  PCU Board P1                                  
┏━━━┳━━━━━━━━━━━━━━━━┳━━━━━━┳━━━━━━━━━━━━━━━━━━━━━━━━━━━━━━━━━━━━━━━━━━━━━━━━━━┓
┃ # ┃ Name           ┃ Wind ┃ Abilities                                        ┃
┡━━━╇━━━━━━━━━━━━━━━━╇━━━━━━╇━━━━━━━━━━━━━━━━━━━━━━━━━━━━━━━━━━━━━━━━━━━━━━━━━━┩
│ 0 │ Grim⭐✋🥩🌀   │    0 │ 0 DEFILE NATURE Remove 1 wind from any target    │
│   │                │      │ Goon.                                            │
│ 1 │ Käsekobold🥩🌀 │    1 │ 0 ADD NAUSEAM [1⟲] Add 1 wind to target Goon     │
│   │                │      │ 1 REVOLT Add 1 wind to any Goon who targets      │
│   │                │      │ Käsekobold with ability                          │
│ 2 │ Nives⚙️ 🌀      │    0 │ 0 SMILODON SABERS [1⟲] Add 2 wind to target Goon │
│   │                │      │ 1 FAMILIAR ASSIST Nives can contribute wind to   │
│   │                │      │ pay for Vex's abilities.                         │
└───┴────────────────┴──────┴──────────────────────────────────────────────────┘
                                 NARC Board P2                                  
┏━━━┳━━━━━━━━━━━━━━━━━━━━━━━━┳━━━━━━┳━━━━━━━━━━━━━━━━━━━━━━━━━━━━━━━━━━━━━━━━━━┓
┃ # ┃ Name                   ┃ Wind ┃ Abilities                                ┃
┡━━━╇━━━━━━━━━━━━━━━━━━━━━━━━╇━━━━━━╇━━━━━━━━━━━━━━━━━━━━━━━━━━━━━━━━━━━━━━━━━━┩
│ 0 │ Lokar Simmons⭐✋🥩🚨  │    0 │ 0 RESOURCEFUL [2⟲] Draw a card           │
│ 1 │ Compliance Auditon⚙️ 🚨 │    1 │ 0 LITIGIOUS GRIDLOCK [1⟲] Target goon    │
│   │                        │      │ does not unwind in its next unwind       │
│   │                        │      │ phase.                                   │
│ 2 │ Hover Shield⚙️ 🚨       │    0 │ 0 COVER [1⟲] Target Goon may not be      │
│   │                        │      │ targeted by enemy Goon abilities until   │
│   │                        │      │ the beginning of player's next turn.     │
│ 3 │ Shield Array Node⚙️ 🚨  │    0 │ 0 FORTIFICATION NETWORK While 2+ Shield  │
│   │                        │      │ Array Nodes are in play, Player's Goons  │
│   │                        │      │ may not be the target of negative        │
│   │                        │      │ effects.                                 │
│   │                        │      │ 1 SURGE BARRIER [1⟲] Banish 1 mechanical │
│   │                        │      │ from Dead Pool to give allied Goons      │
│   │                        │      │ Resist until end of turn.                │
│ 4 │ MediFlux-1NDS⚙️ 🚨      │    0 │ 0 DORSAL CAVITY RINSE [1⟲] Remove 1 wind │
│   │                        │      │ from target Goon.                        │
│ 5 │ MediFlux-1NDS⚙️ 🚨      │    0 │ 0 DORSAL CAVITY RINSE [1⟲] Remove 1 wind │
│   │                        │      │ from target Goon.                        │
│ 6 │ Impact Simulant⚙️ 🚨    │    0 │ -                                        │
└───┴────────────────────────┴──────┴──────────────────────────────────────────┘
Dead Pool 🥩:14 ⚙️ :7
          NARC P2 hand (7)          
┏━━━┳━━━━━━━━━━━━━━━━━━━━━━━┳━━━━━━┓
┃ # ┃ Name                  ┃ Cost ┃
┡━━━╇━━━━━━━━━━━━━━━━━━━━━━━╇━━━━━━┩
│ 0 │ Buzzkill🔶✋⚙️ 🚨      │ 5⟲   │
│ 1 │ Nob Lobber⚙️ 🚨        │ 4⟲   │
│ 2 │ Marine Marauder🥩⚙️ 🚨 │ 3⟲   │
│ 3 │ MediFlux-1NDS⚙️ 🚨     │ 2⟲   │
│ 4 │ Task Mistres⚙️ 🚨      │ 2⟲   │
│ 5 │ Killjoy🔶✋⚙️ 🚨       │ 4⟲   │
│ 6 │ Sentry Node⚙️ 🚨       │ 4⟲   │
└───┴───────────────────────┴──────┘
Previous Turn
Turn 19 ends. P1 leaves 3 goons on the board. P1 now has 3 board / 5 hand 
(retired 8); P2 has 7 board / 6 hand (retired 3). Dead Pool holds 21.
  P1 deployed Nives.
  P1's Annihilist Overseer was retired.
  P1's Vex was retired.
  Vex was sent to the Dead Pool.
  Vex was sent to the Dead Pool.
  Annihilist Overseer was sent to the Dead Pool.
  Annihilist Overseer was sent to the Dead Pool.
Turn 20 ends. P2 leaves 8 goons on the board. P1 now has 3 board / 5 hand 
(retired 8); P2 has 8 board / 6 hand (retired 3). Dead Pool holds 21.
  P2 deployed MediFlux-1NDS.
Turn 21 | Player: P1
                                 NARC Board P2                                  
┏━━━┳━━━━━━━━━━━━━━━━━━━━━━━━┳━━━━━━┳━━━━━━━━━━━━━━━━━━━━━━━━━━━━━━━━━━━━━━━━━━┓
┃ # ┃ Name                   ┃ Wind ┃ Abilities                                ┃
┡━━━╇━━━━━━━━━━━━━━━━━━━━━━━━╇━━━━━━╇━━━━━━━━━━━━━━━━━━━━━━━━━━━━━━━━━━━━━━━━━━┩
│ 0 │ Lokar Simmons⭐✋🥩🚨  │    0 │ 0 RESOURCEFUL [2⟲] Draw a card           │
│ 1 │ Compliance Auditon⚙️ 🚨 │    3 │ 0 LITIGIOUS GRIDLOCK [1⟲] Target goon    │
│   │                        │      │ does not unwind in its next unwind       │
│   │                        │      │ phase.                                   │
│ 2 │ Hover Shield⚙️ 🚨       │    0 │ 0 COVER [1⟲] Target Goon may not be      │
│   │                        │      │ targeted by enemy Goon abilities until   │
│   │                        │      │ the beginning of player's next turn.     │
│ 3 │ Shield Array Node⚙️ 🚨  │    0 │ 0 FORTIFICATION NETWORK While 2+ Shield  │
│   │                        │      │ Array Nodes are in play, Player's Goons  │
│   │                        │      │ may not be the target of negative        │
│   │                        │      │ effects.                                 │
│   │                        │      │ 1 SURGE BARRIER [1⟲] Banish 1 mechanical │
│   │                        │      │ from Dead Pool to give allied Goons      │
│   │                        │      │ Resist until end of turn.                │
│ 4 │ MediFlux-1NDS⚙️ 🚨      │    0 │ 0 DORSAL CAVITY RINSE [1⟲] Remove 1 wind │
│   │                        │      │ from target Goon.                        │
│ 5 │ MediFlux-1NDS⚙️ 🚨      │    0 │ 0 DORSAL CAVITY RINSE [1⟲] Remove 1 wind │
│   │                        │      │ from target Goon.                        │
│ 6 │ Impact Simulant⚙️ 🚨    │    0 │ -                                        │
│ 7 │ MediFlux-1NDS⚙️ 🚨      │    0 │ 0 DORSAL CAVITY RINSE [1⟲] Remove 1 wind │
│   │                        │      │ from target Goon.                        │
└───┴────────────────────────┴──────┴──────────────────────────────────────────┘
                                  PCU Board P1                                  
┏━━━┳━━━━━━━━━━━━━━━━┳━━━━━━┳━━━━━━━━━━━━━━━━━━━━━━━━━━━━━━━━━━━━━━━━━━━━━━━━━━┓
┃ # ┃ Name           ┃ Wind ┃ Abilities                                        ┃
┡━━━╇━━━━━━━━━━━━━━━━╇━━━━━━╇━━━━━━━━━━━━━━━━━━━━━━━━━━━━━━━━━━━━━━━━━━━━━━━━━━┩
│ 0 │ Grim⭐✋🥩🌀   │    0 │ 0 DEFILE NATURE Remove 1 wind from any target    │
│   │                │      │ Goon.                                            │
│ 1 │ Käsekobold🥩🌀 │    0 │ 0 ADD NAUSEAM [1⟲] Add 1 wind to target Goon     │
│   │                │      │ 1 REVOLT Add 1 wind to any Goon who targets      │
│   │                │      │ Käsekobold with ability                          │
│ 2 │ Nives⚙️ 🌀      │    0 │ 0 SMILODON SABERS [1⟲] Add 2 wind to target Goon │
│   │                │      │ 1 FAMILIAR ASSIST Nives can contribute wind to   │
│   │                │      │ pay for Vex's abilities.                         │
└───┴────────────────┴──────┴──────────────────────────────────────────────────┘
Dead Pool 🥩:14 ⚙️ :7
         PCU P1 hand (6)          
┏━━━┳━━━━━━━━━━━━━━━━━━━━┳━━━━━━━┓
┃ # ┃ Name               ┃ Cost  ┃
┡━━━╇━━━━━━━━━━━━━━━━━━━━╇━━━━━━━┩
│ 0 │ Mutt⚙️ 🌀           │ 4⟲    │
│ 1 │ Krax🔶✋🥩🌀       │ 6⟲    │
│ 2 │ Dragoon⚙️ 🌀        │ 6⟲    │
│ 3 │ Kriegsgheist✋🚫🌀 │ 3⛭ 3⚈ │
│ 4 │ Dragoon⚙️ 🌀        │ 6⟲    │
│ 5 │ Void Freak🚫🥩🌀   │ 1⟲    │
└───┴────────────────────┴───────┘
Previous Turn
Turn 20 ends. P2 leaves 8 goons on the board. P1 now has 3 board / 5 hand 
(retired 8); P2 has 8 board / 6 hand (retired 3). Dead Pool holds 21.
  P2 deployed MediFlux-1NDS.
could not pay wind
Turn 21 ends. P1 leaves 4 goons on the board. P1 now has 4 board / 5 hand 
(retired 8); P2 has 7 board / 6 hand (retired 4). Dead Pool holds 22.
  P1 deployed Void Freak.
  Opponent (P2)'s Compliance Auditon was retired.
  Compliance Auditon was sent to the Dead Pool.
Turn 22 | Player: P2
                                  PCU Board P1                                  
┏━━━┳━━━━━━━━━━━━━━━━━━┳━━━━━━┳━━━━━━━━━━━━━━━━━━━━━━━━━━━━━━━━━━━━━━━━━━━━━━━━┓
┃ # ┃ Name             ┃ Wind ┃ Abilities                                      ┃
┡━━━╇━━━━━━━━━━━━━━━━━━╇━━━━━━╇━━━━━━━━━━━━━━━━━━━━━━━━━━━━━━━━━━━━━━━━━━━━━━━━┩
│ 0 │ Grim⭐✋🥩🌀     │    0 │ 0 DEFILE NATURE Remove 1 wind from any target  │
│   │                  │      │ Goon.                                          │
│ 1 │ Käsekobold🥩🌀   │    1 │ 0 ADD NAUSEAM [1⟲] Add 1 wind to target Goon   │
│   │                  │      │ 1 REVOLT Add 1 wind to any Goon who targets    │
│   │                  │      │ Käsekobold with ability                        │
│ 2 │ Nives⚙️ 🌀        │    1 │ 0 SMILODON SABERS [1⟲] Add 2 wind to target    │
│   │                  │      │ Goon                                           │
│   │                  │      │ 1 FAMILIAR ASSIST Nives can contribute wind to │
│   │                  │      │ pay for Vex's abilities.                       │
│ 3 │ Void Freak🚫🥩🌀 │    0 │ 0 THRASHING VAULT [1⟲] Add 1 wind to target    │
│   │                  │      │ Goon. Must always use this ability on owners   │
│   │                  │      │ turn if able                                   │
│   │                  │      │ 1 BLOODLUST Must attack if able.               │
└───┴──────────────────┴──────┴────────────────────────────────────────────────┘
                                 NARC Board P2                                  
┏━━━┳━━━━━━━━━━━━━━━━━━━━━━━┳━━━━━━┳━━━━━━━━━━━━━━━━━━━━━━━━━━━━━━━━━━━━━━━━━━━┓
┃ # ┃ Name                  ┃ Wind ┃ Abilities                                 ┃
┡━━━╇━━━━━━━━━━━━━━━━━━━━━━━╇━━━━━━╇━━━━━━━━━━━━━━━━━━━━━━━━━━━━━━━━━━━━━━━━━━━┩
│ 0 │ Lokar Simmons⭐✋🥩🚨 │    0 │ 0 RESOURCEFUL [2⟲] Draw a card            │
│ 1 │ Hover Shield⚙️ 🚨      │    0 │ 0 COVER [1⟲] Target Goon may not be       │
│   │                       │      │ targeted by enemy Goon abilities until    │
│   │                       │      │ the beginning of player's next turn.      │
│ 2 │ Shield Array Node⚙️ 🚨 │    0 │ 0 FORTIFICATION NETWORK While 2+ Shield   │
│   │                       │      │ Array Nodes are in play, Player's Goons   │
│   │                       │      │ may not be the target of negative         │
│   │                       │      │ effects.                                  │
│   │                       │      │ 1 SURGE BARRIER [1⟲] Banish 1 mechanical  │
│   │                       │      │ from Dead Pool to give allied Goons       │
│   │                       │      │ Resist until end of turn.                 │
│ 3 │ MediFlux-1NDS⚙️ 🚨     │    0 │ 0 DORSAL CAVITY RINSE [1⟲] Remove 1 wind  │
│   │                       │      │ from target Goon.                         │
│ 4 │ MediFlux-1NDS⚙️ 🚨     │    0 │ 0 DORSAL CAVITY RINSE [1⟲] Remove 1 wind  │
│   │                       │      │ from target Goon.                         │
│ 5 │ Impact Simulant⚙️ 🚨   │    0 │ -                                         │
│ 6 │ MediFlux-1NDS⚙️ 🚨     │    0 │ 0 DORSAL CAVITY RINSE [1⟲] Remove 1 wind  │
│   │                       │      │ from target Goon.                         │
└───┴───────────────────────┴──────┴───────────────────────────────────────────┘
Dead Pool 🥩:14 ⚙️ :8
          NARC P2 hand (7)          
┏━━━┳━━━━━━━━━━━━━━━━━━━━━━━┳━━━━━━┓
┃ # ┃ Name                  ┃ Cost ┃
┡━━━╇━━━━━━━━━━━━━━━━━━━━━━━╇━━━━━━┩
│ 0 │ Buzzkill🔶✋⚙️ 🚨      │ 5⟲   │
│ 1 │ Nob Lobber⚙️ 🚨        │ 4⟲   │
│ 2 │ Marine Marauder🥩⚙️ 🚨 │ 3⟲   │
│ 3 │ Task Mistres⚙️ 🚨      │ 2⟲   │
│ 4 │ Killjoy🔶✋⚙️ 🚨       │ 4⟲   │
│ 5 │ Sentry Node⚙️ 🚨       │ 4⟲   │
│ 6 │ Sausage Droid🥩⚙️ 🚨   │ 1⟲   │
└───┴───────────────────────┴──────┘
Previous Turn
Turn 21 ends. P1 leaves 4 goons on the board. P1 now has 4 board / 5 hand 
(retired 8); P2 has 7 board / 6 hand (retired 4). Dead Pool holds 22.
  P1 deployed Void Freak.
  Opponent (P2)'s Compliance Auditon was retired.
  Compliance Auditon was sent to the Dead Pool.
Turn 22 ends. P2 leaves 8 goons on the board. P1 now has 4 board / 5 hand 
(retired 8); P2 has 8 board / 6 hand (retired 4). Dead Pool holds 22.
  P2 deployed Sausage Droid.
Turn 23 | Player: P1
                                 NARC Board P2                                  
┏━━━┳━━━━━━━━━━━━━━━━━━━━━━━┳━━━━━━┳━━━━━━━━━━━━━━━━━━━━━━━━━━━━━━━━━━━━━━━━━━━┓
┃ # ┃ Name                  ┃ Wind ┃ Abilities                                 ┃
┡━━━╇━━━━━━━━━━━━━━━━━━━━━━━╇━━━━━━╇━━━━━━━━━━━━━━━━━━━━━━━━━━━━━━━━━━━━━━━━━━━┩
│ 0 │ Lokar Simmons⭐✋🥩🚨 │    0 │ 0 RESOURCEFUL [2⟲] Draw a card            │
│ 1 │ Hover Shield⚙️ 🚨      │    1 │ 0 COVER [1⟲] Target Goon may not be       │
│   │                       │      │ targeted by enemy Goon abilities until    │
│   │                       │      │ the beginning of player's next turn.      │
│ 2 │ Shield Array Node⚙️ 🚨 │    0 │ 0 FORTIFICATION NETWORK While 2+ Shield   │
│   │                       │      │ Array Nodes are in play, Player's Goons   │
│   │                       │      │ may not be the target of negative         │
│   │                       │      │ effects.                                  │
│   │                       │      │ 1 SURGE BARRIER [1⟲] Banish 1 mechanical  │
│   │                       │      │ from Dead Pool to give allied Goons       │
│   │                       │      │ Resist until end of turn.                 │
│ 3 │ MediFlux-1NDS⚙️ 🚨     │    0 │ 0 DORSAL CAVITY RINSE [1⟲] Remove 1 wind  │
│   │                       │      │ from target Goon.                         │
│ 4 │ MediFlux-1NDS⚙️ 🚨     │    0 │ 0 DORSAL CAVITY RINSE [1⟲] Remove 1 wind  │
│   │                       │      │ from target Goon.                         │
│ 5 │ Impact Simulant⚙️ 🚨   │    0 │ -                                         │
│ 6 │ MediFlux-1NDS⚙️ 🚨     │    0 │ 0 DORSAL CAVITY RINSE [1⟲] Remove 1 wind  │
│   │                       │      │ from target Goon.                         │
│ 7 │ Sausage Droid🥩⚙️ 🚨   │    0 │ 0 PROCESS [1⟲ 1⚈] Burn 1 biological from  │
│   │                       │      │ Dead Pool to remove 1 wind from target    │
│   │                       │      │ Goon.                                     │
│   │                       │      │ 1 OVERCLOCKED BURST [1⟲] Banish 1         │
│   │                       │      │ mechanical from Dead Pool to add 1 wind   │
│   │                       │      │ to target Goon.                           │
└───┴───────────────────────┴──────┴───────────────────────────────────────────┘
                                  PCU Board P1                                  
┏━━━┳━━━━━━━━━━━━━━━━━━┳━━━━━━┳━━━━━━━━━━━━━━━━━━━━━━━━━━━━━━━━━━━━━━━━━━━━━━━━┓
┃ # ┃ Name             ┃ Wind ┃ Abilities                                      ┃
┡━━━╇━━━━━━━━━━━━━━━━━━╇━━━━━━╇━━━━━━━━━━━━━━━━━━━━━━━━━━━━━━━━━━━━━━━━━━━━━━━━┩
│ 0 │ Grim⭐✋🥩🌀     │    0 │ 0 DEFILE NATURE Remove 1 wind from any target  │
│   │                  │      │ Goon.                                          │
│ 1 │ Käsekobold🥩🌀   │    0 │ 0 ADD NAUSEAM [1⟲] Add 1 wind to target Goon   │
│   │                  │      │ 1 REVOLT Add 1 wind to any Goon who targets    │
│   │                  │      │ Käsekobold with ability                        │
│ 2 │ Nives⚙️ 🌀        │    0 │ 0 SMILODON SABERS [1⟲] Add 2 wind to target    │
│   │                  │      │ Goon                                           │
│   │                  │      │ 1 FAMILIAR ASSIST Nives can contribute wind to │
│   │                  │      │ pay for Vex's abilities.                       │
│ 3 │ Void Freak🚫🥩🌀 │    0 │ 0 THRASHING VAULT [1⟲] Add 1 wind to target    │
│   │                  │      │ Goon. Must always use this ability on owners   │
│   │                  │      │ turn if able                                   │
│   │                  │      │ 1 BLOODLUST Must attack if able.               │
└───┴──────────────────┴──────┴────────────────────────────────────────────────┘
Dead Pool 🥩:14 ⚙️ :8
         PCU P1 hand (6)          
┏━━━┳━━━━━━━━━━━━━━━━━━━━┳━━━━━━━┓
┃ # ┃ Name               ┃ Cost  ┃
┡━━━╇━━━━━━━━━━━━━━━━━━━━╇━━━━━━━┩
│ 0 │ Mutt⚙️ 🌀           │ 4⟲    │
│ 1 │ Krax🔶✋🥩🌀       │ 6⟲    │
│ 2 │ Dragoon⚙️ 🌀        │ 6⟲    │
│ 3 │ Kriegsgheist✋🚫🌀 │ 3⛭ 3⚈ │
│ 4 │ Dragoon⚙️ 🌀        │ 6⟲    │
│ 5 │ Mutt⚙️ 🌀           │ 4⟲    │
└───┴────────────────────┴───────┘
Previous Turn
Turn 22 ends. P2 leaves 8 goons on the board. P1 now has 4 board / 5 hand 
(retired 8); P2 has 8 board / 6 hand (retired 4). Dead Pool holds 22.
  P2 deployed Sausage Droid.
could not pay wind
cannot deploy: requires Krax on your board
cannot deploy: requires Krax on your board
Turn 23 ends. P1 leaves 4 goons on the board. P1 now has 4 board / 5 hand 
(retired 9); P2 has 8 board / 6 hand (retired 4). Dead Pool holds 24.
  P1 deployed Krax.
  P1's Käsekobold was retired.
  Käsekobold was sent to the Dead Pool.
  Käsekobold was sent to the Dead Pool.
Turn 24 | Player: P2
                                  PCU Board P1                                  
┏━━━┳━━━━━━━━━━━━━━━━━━┳━━━━━━┳━━━━━━━━━━━━━━━━━━━━━━━━━━━━━━━━━━━━━━━━━━━━━━━━┓
┃ # ┃ Name             ┃ Wind ┃ Abilities                                      ┃
┡━━━╇━━━━━━━━━━━━━━━━━━╇━━━━━━╇━━━━━━━━━━━━━━━━━━━━━━━━━━━━━━━━━━━━━━━━━━━━━━━━┩
│ 0 │ Grim⭐✋🥩🌀     │    2 │ 0 DEFILE NATURE Remove 1 wind from any target  │
│   │                  │      │ Goon.                                          │
│ 1 │ Nives⚙️ 🌀        │    3 │ 0 SMILODON SABERS [1⟲] Add 2 wind to target    │
│   │                  │      │ Goon                                           │
│   │                  │      │ 1 FAMILIAR ASSIST Nives can contribute wind to │
│   │                  │      │ pay for Vex's abilities.                       │
│ 2 │ Void Freak🚫🥩🌀 │    0 │ 0 THRASHING VAULT [1⟲] Add 1 wind to target    │
│   │                  │      │ Goon. Must always use this ability on owners   │
│   │                  │      │ turn if able                                   │
│   │                  │      │ 1 BLOODLUST Must attack if able.               │
│ 3 │ Krax🔶✋🥩🌀     │    0 │ 0 BASH IN SKULL [1⟲] Add 2 wind to target Goon │
│   │                  │      │ 1 CHAIN REACTION If BASH IN SKULL destroys a   │
│   │                  │      │ Goon, Krax may add 2 wind to another target    │
│   │                  │      │ Goon. This may chain as long as it is able.    │
└───┴──────────────────┴──────┴────────────────────────────────────────────────┘
                                 NARC Board P2                                  
┏━━━┳━━━━━━━━━━━━━━━━━━━━━━━┳━━━━━━┳━━━━━━━━━━━━━━━━━━━━━━━━━━━━━━━━━━━━━━━━━━━┓
┃ # ┃ Name                  ┃ Wind ┃ Abilities                                 ┃
┡━━━╇━━━━━━━━━━━━━━━━━━━━━━━╇━━━━━━╇━━━━━━━━━━━━━━━━━━━━━━━━━━━━━━━━━━━━━━━━━━━┩
│ 0 │ Lokar Simmons⭐✋🥩🚨 │    0 │ 0 RESOURCEFUL [2⟲] Draw a card            │
│ 1 │ Hover Shield⚙️ 🚨      │    2 │ 0 COVER [1⟲] Target Goon may not be       │
│   │                       │      │ targeted by enemy Goon abilities until    │
│   │                       │      │ the beginning of player's next turn.      │
│ 2 │ Shield Array Node⚙️ 🚨 │    0 │ 0 FORTIFICATION NETWORK While 2+ Shield   │
│   │                       │      │ Array Nodes are in play, Player's Goons   │
│   │                       │      │ may not be the target of negative         │
│   │                       │      │ effects.                                  │
│   │                       │      │ 1 SURGE BARRIER [1⟲] Banish 1 mechanical  │
│   │                       │      │ from Dead Pool to give allied Goons       │
│   │                       │      │ Resist until end of turn.                 │
│ 3 │ MediFlux-1NDS⚙️ 🚨     │    0 │ 0 DORSAL CAVITY RINSE [1⟲] Remove 1 wind  │
│   │                       │      │ from target Goon.                         │
│ 4 │ MediFlux-1NDS⚙️ 🚨     │    0 │ 0 DORSAL CAVITY RINSE [1⟲] Remove 1 wind  │
│   │                       │      │ from target Goon.                         │
│ 5 │ Impact Simulant⚙️ 🚨   │    0 │ -                                         │
│ 6 │ MediFlux-1NDS⚙️ 🚨     │    0 │ 0 DORSAL CAVITY RINSE [1⟲] Remove 1 wind  │
│   │                       │      │ from target Goon.                         │
│ 7 │ Sausage Droid🥩⚙️ 🚨   │    0 │ 0 PROCESS [1⟲ 1⚈] Burn 1 biological from  │
│   │                       │      │ Dead Pool to remove 1 wind from target    │
│   │                       │      │ Goon.                                     │
│   │                       │      │ 1 OVERCLOCKED BURST [1⟲] Banish 1         │
│   │                       │      │ mechanical from Dead Pool to add 1 wind   │
│   │                       │      │ to target Goon.                           │
└───┴───────────────────────┴──────┴───────────────────────────────────────────┘
Dead Pool 🥩:16 ⚙️ :8
          NARC P2 hand (7)          
┏━━━┳━━━━━━━━━━━━━━━━━━━━━━━┳━━━━━━┓
┃ # ┃ Name                  ┃ Cost ┃
┡━━━╇━━━━━━━━━━━━━━━━━━━━━━━╇━━━━━━┩
│ 0 │ Buzzkill🔶✋⚙️ 🚨      │ 5⟲   │
│ 1 │ Nob Lobber⚙️ 🚨        │ 4⟲   │
│ 2 │ Marine Marauder🥩⚙️ 🚨 │ 3⟲   │
│ 3 │ Task Mistres⚙️ 🚨      │ 2⟲   │
│ 4 │ Killjoy🔶✋⚙️ 🚨       │ 4⟲   │
│ 5 │ Sentry Node⚙️ 🚨       │ 4⟲   │
│ 6 │ Sausage Droid🥩⚙️ 🚨   │ 1⟲   │
└───┴───────────────────────┴──────┘
Previous Turn
Turn 23 ends. P1 leaves 4 goons on the board. P1 now has 4 board / 5 hand 
(retired 9); P2 has 8 board / 6 hand (retired 4). Dead Pool holds 24.
  P1 deployed Krax.
  P1's Käsekobold was retired.
  Käsekobold was sent to the Dead Pool.
  Käsekobold was sent to the Dead Pool.
Turn 24 ends. P2 leaves 9 goons on the board. P1 now has 3 board / 5 hand 
(retired 10); P2 has 9 board / 6 hand (retired 4). Dead Pool holds 25.
  P2 deployed Sausage Droid.
  Opponent (P1)'s Nives was retired.
  Nives was sent to the Dead Pool.
Turn 25 | Player: P1
                                 NARC Board P2                                  
┏━━━┳━━━━━━━━━━━━━━━━━━━━━━━┳━━━━━━┳━━━━━━━━━━━━━━━━━━━━━━━━━━━━━━━━━━━━━━━━━━━┓
┃ # ┃ Name                  ┃ Wind ┃ Abilities                                 ┃
┡━━━╇━━━━━━━━━━━━━━━━━━━━━━━╇━━━━━━╇━━━━━━━━━━━━━━━━━━━━━━━━━━━━━━━━━━━━━━━━━━━┩
│ 0 │ Lokar Simmons⭐✋🥩🚨 │    0 │ 0 RESOURCEFUL [2⟲] Draw a card            │
│ 1 │ Hover Shield⚙️ 🚨      │    3 │ 0 COVER [1⟲] Target Goon may not be       │
│   │                       │      │ targeted by enemy Goon abilities until    │
│   │                       │      │ the beginning of player's next turn.      │
│ 2 │ Shield Array Node⚙️ 🚨 │    0 │ 0 FORTIFICATION NETWORK While 2+ Shield   │
│   │                       │      │ Array Nodes are in play, Player's Goons   │
│   │                       │      │ may not be the target of negative         │
│   │                       │      │ effects.                                  │
│   │                       │      │ 1 SURGE BARRIER [1⟲] Banish 1 mechanical  │
│   │                       │      │ from Dead Pool to give allied Goons       │
│   │                       │      │ Resist until end of turn.                 │
│ 3 │ MediFlux-1NDS⚙️ 🚨     │    0 │ 0 DORSAL CAVITY RINSE [1⟲] Remove 1 wind  │
│   │                       │      │ from target Goon.                         │
│ 4 │ MediFlux-1NDS⚙️ 🚨     │    0 │ 0 DORSAL CAVITY RINSE [1⟲] Remove 1 wind  │
│   │                       │      │ from target Goon.                         │
│ 5 │ Impact Simulant⚙️ 🚨   │    0 │ -                                         │
│ 6 │ MediFlux-1NDS⚙️ 🚨     │    0 │ 0 DORSAL CAVITY RINSE [1⟲] Remove 1 wind  │
│   │                       │      │ from target Goon.                         │
│ 7 │ Sausage Droid🥩⚙️ 🚨   │    1 │ 0 PROCESS [1⟲ 1⚈] Burn 1 biological from  │
│   │                       │      │ Dead Pool to remove 1 wind from target    │
│   │                       │      │ Goon.                                     │
│   │                       │      │ 1 OVERCLOCKED BURST [1⟲] Banish 1         │
│   │                       │      │ mechanical from Dead Pool to add 1 wind   │
│   │                       │      │ to target Goon.                           │
│ 8 │ Sausage Droid🥩⚙️ 🚨   │    0 │ 0 PROCESS [1⟲ 1⚈] Burn 1 biological from  │
│   │                       │      │ Dead Pool to remove 1 wind from target    │
│   │                       │      │ Goon.                                     │
│   │                       │      │ 1 OVERCLOCKED BURST [1⟲] Banish 1         │
│   │                       │      │ mechanical from Dead Pool to add 1 wind   │
│   │                       │      │ to target Goon.                           │
└───┴───────────────────────┴──────┴───────────────────────────────────────────┘
                                  PCU Board P1                                  
┏━━━┳━━━━━━━━━━━━━━━━━━┳━━━━━━┳━━━━━━━━━━━━━━━━━━━━━━━━━━━━━━━━━━━━━━━━━━━━━━━━┓
┃ # ┃ Name             ┃ Wind ┃ Abilities                                      ┃
┡━━━╇━━━━━━━━━━━━━━━━━━╇━━━━━━╇━━━━━━━━━━━━━━━━━━━━━━━━━━━━━━━━━━━━━━━━━━━━━━━━┩
│ 0 │ Grim⭐✋🥩🌀     │    1 │ 0 DEFILE NATURE Remove 1 wind from any target  │
│   │                  │      │ Goon.                                          │
│ 1 │ Void Freak🚫🥩🌀 │    0 │ 0 THRASHING VAULT [1⟲] Add 1 wind to target    │
│   │                  │      │ Goon. Must always use this ability on owners   │
│   │                  │      │ turn if able                                   │
│   │                  │      │ 1 BLOODLUST Must attack if able.               │
│ 2 │ Krax🔶✋🥩🌀     │    0 │ 0 BASH IN SKULL [1⟲] Add 2 wind to target Goon │
│   │                  │      │ 1 CHAIN REACTION If BASH IN SKULL destroys a   │
│   │                  │      │ Goon, Krax may add 2 wind to another target    │
│   │                  │      │ Goon. This may chain as long as it is able.    │
└───┴──────────────────┴──────┴────────────────────────────────────────────────┘
Dead Pool 🥩:16 ⚙️ :8
         PCU P1 hand (6)          
┏━━━┳━━━━━━━━━━━━━━━━━━━━┳━━━━━━━┓
┃ # ┃ Name               ┃ Cost  ┃
┡━━━╇━━━━━━━━━━━━━━━━━━━━╇━━━━━━━┩
│ 0 │ Mutt⚙️ 🌀           │ 4⟲    │
│ 1 │ Dragoon⚙️ 🌀        │ 6⟲    │
│ 2 │ Kriegsgheist✋🚫🌀 │ 3⛭ 3⚈ │
│ 3 │ Dragoon⚙️ 🌀        │ 6⟲    │
│ 4 │ Mutt⚙️ 🌀           │ 4⟲    │
│ 5 │ Mutt⚙️ 🌀           │ 4⟲    │
└───┴────────────────────┴───────┘
Previous Turn
Turn 24 ends. P2 leaves 9 goons on the board. P1 now has 3 board / 5 hand 
(retired 10); P2 has 9 board / 6 hand (retired 4). Dead Pool holds 25.
  P2 deployed Sausage Droid.
  Opponent (P1)'s Nives was retired.
  Nives was sent to the Dead Pool.
could not pay wind
Turn 25 ends. P1 leaves 3 goons on the board. P1 now has 3 board / 5 hand 
(retired 11); P2 has 8 board / 6 hand (retired 5). Dead Pool holds 28.
  P1 deployed Mutt.
  P1's Void Freak was retired.
  Opponent (P2)'s Hover Shield was retired.
  Void Freak was sent to the Dead Pool.
  Void Freak was sent to the Dead Pool.
  Hover Shield was sent to the Dead Pool.
Turn 26 | Player: P2
                                  PCU Board P1                                  
┏━━━┳━━━━━━━━━━━━━━┳━━━━━━┳━━━━━━━━━━━━━━━━━━━━━━━━━━━━━━━━━━━━━━━━━━━━━━━━━━━━┓
┃ # ┃ Name         ┃ Wind ┃ Abilities                                          ┃
┡━━━╇━━━━━━━━━━━━━━╇━━━━━━╇━━━━━━━━━━━━━━━━━━━━━━━━━━━━━━━━━━━━━━━━━━━━━━━━━━━━┩
│ 0 │ Grim⭐✋🥩🌀 │    1 │ 0 DEFILE NATURE Remove 1 wind from any target      │
│   │              │      │ Goon.                                              │
│ 1 │ Krax🔶✋🥩🌀 │    1 │ 0 BASH IN SKULL [1⟲] Add 2 wind to target Goon     │
│   │              │      │ 1 CHAIN REACTION If BASH IN SKULL destroys a Goon, │
│   │              │      │ Krax may add 2 wind to another target Goon. This   │
│   │              │      │ may chain as long as it is able.                   │
│ 2 │ Mutt⚙️ 🌀     │    0 │ 0 MAUL [1⟲] Add 1 wind to target Goon              │
│   │              │      │ 1 MANS BEST FIEND [4⟲] Some or all wind applied to │
│   │              │      │ Krax as damage from enemy Goon ability may be      │
│   │              │      │ applied to Mutt instead. If Krax is destroyed,     │
│   │              │      │ Mutt is destroyed.                                 │
└───┴──────────────┴──────┴────────────────────────────────────────────────────┘
                                 NARC Board P2                                  
┏━━━┳━━━━━━━━━━━━━━━━━━━━━━━┳━━━━━━┳━━━━━━━━━━━━━━━━━━━━━━━━━━━━━━━━━━━━━━━━━━━┓
┃ # ┃ Name                  ┃ Wind ┃ Abilities                                 ┃
┡━━━╇━━━━━━━━━━━━━━━━━━━━━━━╇━━━━━━╇━━━━━━━━━━━━━━━━━━━━━━━━━━━━━━━━━━━━━━━━━━━┩
│ 0 │ Lokar Simmons⭐✋🥩🚨 │    0 │ 0 RESOURCEFUL [2⟲] Draw a card            │
│ 1 │ Shield Array Node⚙️ 🚨 │    0 │ 0 FORTIFICATION NETWORK While 2+ Shield   │
│   │                       │      │ Array Nodes are in play, Player's Goons   │
│   │                       │      │ may not be the target of negative         │
│   │                       │      │ effects.                                  │
│   │                       │      │ 1 SURGE BARRIER [1⟲] Banish 1 mechanical  │
│   │                       │      │ from Dead Pool to give allied Goons       │
│   │                       │      │ Resist until end of turn.                 │
│ 2 │ MediFlux-1NDS⚙️ 🚨     │    0 │ 0 DORSAL CAVITY RINSE [1⟲] Remove 1 wind  │
│   │                       │      │ from target Goon.                         │
│ 3 │ MediFlux-1NDS⚙️ 🚨     │    0 │ 0 DORSAL CAVITY RINSE [1⟲] Remove 1 wind  │
│   │                       │      │ from target Goon.                         │
│ 4 │ Impact Simulant⚙️ 🚨   │    0 │ -                                         │
│ 5 │ MediFlux-1NDS⚙️ 🚨     │    0 │ 0 DORSAL CAVITY RINSE [1⟲] Remove 1 wind  │
│   │                       │      │ from target Goon.                         │
│ 6 │ Sausage Droid🥩⚙️ 🚨   │    0 │ 0 PROCESS [1⟲ 1⚈] Burn 1 biological from  │
│   │                       │      │ Dead Pool to remove 1 wind from target    │
│   │                       │      │ Goon.                                     │
│   │                       │      │ 1 OVERCLOCKED BURST [1⟲] Banish 1         │
│   │                       │      │ mechanical from Dead Pool to add 1 wind   │
│   │                       │      │ to target Goon.                           │
│ 7 │ Sausage Droid🥩⚙️ 🚨   │    0 │ 0 PROCESS [1⟲ 1⚈] Burn 1 biological from  │
│   │                       │      │ Dead Pool to remove 1 wind from target    │
│   │                       │      │ Goon.                                     │
│   │                       │      │ 1 OVERCLOCKED BURST [1⟲] Banish 1         │
│   │                       │      │ mechanical from Dead Pool to add 1 wind   │
│   │                       │      │ to target Goon.                           │
└───┴───────────────────────┴──────┴───────────────────────────────────────────┘
Dead Pool 🥩:18 ⚙️ :9
          NARC P2 hand (7)          
┏━━━┳━━━━━━━━━━━━━━━━━━━━━━━┳━━━━━━┓
┃ # ┃ Name                  ┃ Cost ┃
┡━━━╇━━━━━━━━━━━━━━━━━━━━━━━╇━━━━━━┩
│ 0 │ Buzzkill🔶✋⚙️ 🚨      │ 5⟲   │
│ 1 │ Nob Lobber⚙️ 🚨        │ 4⟲   │
│ 2 │ Marine Marauder🥩⚙️ 🚨 │ 3⟲   │
│ 3 │ Task Mistres⚙️ 🚨      │ 2⟲   │
│ 4 │ Killjoy🔶✋⚙️ 🚨       │ 4⟲   │
│ 5 │ Sentry Node⚙️ 🚨       │ 4⟲   │
│ 6 │ Buzzkill🔶✋⚙️ 🚨      │ 5⟲   │
└───┴───────────────────────┴──────┘
Previous Turn
Turn 25 ends. P1 leaves 3 goons on the board. P1 now has 3 board / 5 hand 
(retired 11); P2 has 8 board / 6 hand (retired 5). Dead Pool holds 28.
  P1 deployed Mutt.
  P1's Void Freak was retired.
  Opponent (P2)'s Hover Shield was retired.
  Void Freak was sent to the Dead Pool.
  Void Freak was sent to the Dead Pool.
  Hover Shield was sent to the Dead Pool.
Turn 26 ends. P2 leaves 9 goons on the board. P1 now has 3 board / 5 hand 
(retired 11); P2 has 9 board / 6 hand (retired 5). Dead Pool holds 28.
  P2 deployed Task Mistres.
Turn 27 | Player: P1
                                 NARC Board P2                                  
┏━━━┳━━━━━━━━━━━━━━━━━━━━━━━┳━━━━━━┳━━━━━━━━━━━━━━━━━━━━━━━━━━━━━━━━━━━━━━━━━━━┓
┃ # ┃ Name                  ┃ Wind ┃ Abilities                                 ┃
┡━━━╇━━━━━━━━━━━━━━━━━━━━━━━╇━━━━━━╇━━━━━━━━━━━━━━━━━━━━━━━━━━━━━━━━━━━━━━━━━━━┩
│ 0 │ Lokar Simmons⭐✋🥩🚨 │    0 │ 0 RESOURCEFUL [2⟲] Draw a card            │
│ 1 │ Shield Array Node⚙️ 🚨 │    2 │ 0 FORTIFICATION NETWORK While 2+ Shield   │
│   │                       │      │ Array Nodes are in play, Player's Goons   │
│   │                       │      │ may not be the target of negative         │
│   │                       │      │ effects.                                  │
│   │                       │      │ 1 SURGE BARRIER [1⟲] Banish 1 mechanical  │
│   │                       │      │ from Dead Pool to give allied Goons       │
│   │                       │      │ Resist until end of turn.                 │
│ 2 │ MediFlux-1NDS⚙️ 🚨     │    0 │ 0 DORSAL CAVITY RINSE [1⟲] Remove 1 wind  │
│   │                       │      │ from target Goon.                         │
│ 3 │ MediFlux-1NDS⚙️ 🚨     │    0 │ 0 DORSAL CAVITY RINSE [1⟲] Remove 1 wind  │
│   │                       │      │ from target Goon.                         │
│ 4 │ Impact Simulant⚙️ 🚨   │    0 │ -                                         │
│ 5 │ MediFlux-1NDS⚙️ 🚨     │    0 │ 0 DORSAL CAVITY RINSE [1⟲] Remove 1 wind  │
│   │                       │      │ from target Goon.                         │
│ 6 │ Sausage Droid🥩⚙️ 🚨   │    1 │ 0 PROCESS [1⟲ 1⚈] Burn 1 biological from  │
│   │                       │      │ Dead Pool to remove 1 wind from target    │
│   │                       │      │ Goon.                                     │
│   │                       │      │ 1 OVERCLOCKED BURST [1⟲] Banish 1         │
│   │                       │      │ mechanical from Dead Pool to add 1 wind   │
│   │                       │      │ to target Goon.                           │
│ 7 │ Sausage Droid🥩⚙️ 🚨   │    0 │ 0 PROCESS [1⟲ 1⚈] Burn 1 biological from  │
│   │                       │      │ Dead Pool to remove 1 wind from target    │
│   │                       │      │ Goon.                                     │
│   │                       │      │ 1 OVERCLOCKED BURST [1⟲] Banish 1         │
│   │                       │      │ mechanical from Dead Pool to add 1 wind   │
│   │                       │      │ to target Goon.                           │
│ 8 │ Task Mistres⚙️ 🚨      │    0 │ 0 BIDE TIME Mistrex gains Resist until    │
│   │                       │      │ beginning of Player's next turn.          │
│   │                       │      │ 1 TAZING CRACK [1⟲] Target Goon does not  │
│   │                       │      │ unwind during its next unwind.            │
│   │                       │      │ 2 DOMINATE [2⟲] Use target Goon ability   │
│   │                       │      │ on a target of Player's choice. Target    │
│   │                       │      │ Goon pays wind as it would on its turn.   │
└───┴───────────────────────┴──────┴───────────────────────────────────────────┘
                                  PCU Board P1                                  
┏━━━┳━━━━━━━━━━━━━━┳━━━━━━┳━━━━━━━━━━━━━━━━━━━━━━━━━━━━━━━━━━━━━━━━━━━━━━━━━━━━┓
┃ # ┃ Name         ┃ Wind ┃ Abilities                                          ┃
┡━━━╇━━━━━━━━━━━━━━╇━━━━━━╇━━━━━━━━━━━━━━━━━━━━━━━━━━━━━━━━━━━━━━━━━━━━━━━━━━━━┩
│ 0 │ Grim⭐✋🥩🌀 │    0 │ 0 DEFILE NATURE Remove 1 wind from any target      │
│   │              │      │ Goon.                                              │
│ 1 │ Krax🔶✋🥩🌀 │    0 │ 0 BASH IN SKULL [1⟲] Add 2 wind to target Goon     │
│   │              │      │ 1 CHAIN REACTION If BASH IN SKULL destroys a Goon, │
│   │              │      │ Krax may add 2 wind to another target Goon. This   │
│   │              │      │ may chain as long as it is able.                   │
│ 2 │ Mutt⚙️ 🌀     │    0 │ 0 MAUL [1⟲] Add 1 wind to target Goon              │
│   │              │      │ 1 MANS BEST FIEND [4⟲] Some or all wind applied to │
│   │              │      │ Krax as damage from enemy Goon ability may be      │
│   │              │      │ applied to Mutt instead. If Krax is destroyed,     │
│   │              │      │ Mutt is destroyed.                                 │
└───┴──────────────┴──────┴────────────────────────────────────────────────────┘
Dead Pool 🥩:18 ⚙️ :8
         PCU P1 hand (6)          
┏━━━┳━━━━━━━━━━━━━━━━━━━━┳━━━━━━━┓
┃ # ┃ Name               ┃ Cost  ┃
┡━━━╇━━━━━━━━━━━━━━━━━━━━╇━━━━━━━┩
│ 0 │ Dragoon⚙️ 🌀        │ 6⟲    │
│ 1 │ Kriegsgheist✋🚫🌀 │ 3⛭ 3⚈ │
│ 2 │ Dragoon⚙️ 🌀        │ 6⟲    │
│ 3 │ Mutt⚙️ 🌀           │ 4⟲    │
│ 4 │ Mutt⚙️ 🌀           │ 4⟲    │
│ 5 │ Käsekobold🥩🌀     │ 2⟲    │
└───┴────────────────────┴───────┘
Previous Turn
Turn 26 ends. P2 leaves 9 goons on the board. P1 now has 3 board / 5 hand 
(retired 11); P2 has 9 board / 6 hand (retired 5). Dead Pool holds 28.
  P2 deployed Task Mistres.
could not pay wind
Turn 27 ends. P1 leaves 4 goons on the board. P1 now has 4 board / 5 hand 
(retired 11); P2 has 8 board / 6 hand (retired 6). Dead Pool holds 29.
  P1 deployed Käsekobold.
  Opponent (P2)'s Shield Array Node was retired.
  Shield Array Node was sent to the Dead Pool.
Turn 28 | Player: P2
                                  PCU Board P1                                  
┏━━━┳━━━━━━━━━━━━━━━━┳━━━━━━┳━━━━━━━━━━━━━━━━━━━━━━━━━━━━━━━━━━━━━━━━━━━━━━━━━━┓
┃ # ┃ Name           ┃ Wind ┃ Abilities                                        ┃
┡━━━╇━━━━━━━━━━━━━━━━╇━━━━━━╇━━━━━━━━━━━━━━━━━━━━━━━━━━━━━━━━━━━━━━━━━━━━━━━━━━┩
│ 0 │ Grim⭐✋🥩🌀   │    0 │ 0 DEFILE NATURE Remove 1 wind from any target    │
│   │                │      │ Goon.                                            │
│ 1 │ Krax🔶✋🥩🌀   │    3 │ 0 BASH IN SKULL [1⟲] Add 2 wind to target Goon   │
│   │                │      │ 1 CHAIN REACTION If BASH IN SKULL destroys a     │
│   │                │      │ Goon, Krax may add 2 wind to another target      │
│   │                │      │ Goon. This may chain as long as it is able.      │
│ 2 │ Mutt⚙️ 🌀       │    0 │ 0 MAUL [1⟲] Add 1 wind to target Goon            │
│   │                │      │ 1 MANS BEST FIEND [4⟲] Some or all wind applied  │
│   │                │      │ to Krax as damage from enemy Goon ability may be │
│   │                │      │ applied to Mutt instead. If Krax is destroyed,   │
│   │                │      │ Mutt is destroyed.                               │
│ 3 │ Käsekobold🥩🌀 │    1 │ 0 ADD NAUSEAM [1⟲] Add 1 wind to target Goon     │
│   │                │      │ 1 REVOLT Add 1 wind to any Goon who targets      │
│   │                │      │ Käsekobold with ability                          │
└───┴────────────────┴──────┴──────────────────────────────────────────────────┘
                                 NARC Board P2                                  
┏━━━┳━━━━━━━━━━━━━━━━━━━━━━━┳━━━━━━┳━━━━━━━━━━━━━━━━━━━━━━━━━━━━━━━━━━━━━━━━━━━┓
┃ # ┃ Name                  ┃ Wind ┃ Abilities                                 ┃
┡━━━╇━━━━━━━━━━━━━━━━━━━━━━━╇━━━━━━╇━━━━━━━━━━━━━━━━━━━━━━━━━━━━━━━━━━━━━━━━━━━┩
│ 0 │ Lokar Simmons⭐✋🥩🚨 │    0 │ 0 RESOURCEFUL [2⟲] Draw a card            │
│ 1 │ MediFlux-1NDS⚙️ 🚨     │    0 │ 0 DORSAL CAVITY RINSE [1⟲] Remove 1 wind  │
│   │                       │      │ from target Goon.                         │
│ 2 │ MediFlux-1NDS⚙️ 🚨     │    0 │ 0 DORSAL CAVITY RINSE [1⟲] Remove 1 wind  │
│   │                       │      │ from target Goon.                         │
│ 3 │ Impact Simulant⚙️ 🚨   │    0 │ -                                         │
│ 4 │ MediFlux-1NDS⚙️ 🚨     │    0 │ 0 DORSAL CAVITY RINSE [1⟲] Remove 1 wind  │
│   │                       │      │ from target Goon.                         │
│ 5 │ Sausage Droid🥩⚙️ 🚨   │    0 │ 0 PROCESS [1⟲ 1⚈] Burn 1 biological from  │
│   │                       │      │ Dead Pool to remove 1 wind from target    │
│   │                       │      │ Goon.                                     │
│   │                       │      │ 1 OVERCLOCKED BURST [1⟲] Banish 1         │
│   │                       │      │ mechanical from Dead Pool to add 1 wind   │
│   │                       │      │ to target Goon.                           │
│ 6 │ Sausage Droid🥩⚙️ 🚨   │    0 │ 0 PROCESS [1⟲ 1⚈] Burn 1 biological from  │
│   │                       │      │ Dead Pool to remove 1 wind from target    │
│   │                       │      │ Goon.                                     │
│   │                       │      │ 1 OVERCLOCKED BURST [1⟲] Banish 1         │
│   │                       │      │ mechanical from Dead Pool to add 1 wind   │
│   │                       │      │ to target Goon.                           │
│ 7 │ Task Mistres⚙️ 🚨      │    0 │ 0 BIDE TIME Mistrex gains Resist until    │
│   │                       │      │ beginning of Player's next turn.          │
│   │                       │      │ 1 TAZING CRACK [1⟲] Target Goon does not  │
│   │                       │      │ unwind during its next unwind.            │
│   │                       │      │ 2 DOMINATE [2⟲] Use target Goon ability   │
│   │                       │      │ on a target of Player's choice. Target    │
│   │                       │      │ Goon pays wind as it would on its turn.   │
└───┴───────────────────────┴──────┴───────────────────────────────────────────┘
Dead Pool 🥩:18 ⚙️ :9
          NARC P2 hand (7)          
┏━━━┳━━━━━━━━━━━━━━━━━━━━━━━┳━━━━━━┓
┃ # ┃ Name                  ┃ Cost ┃
┡━━━╇━━━━━━━━━━━━━━━━━━━━━━━╇━━━━━━┩
│ 0 │ Buzzkill🔶✋⚙️ 🚨      │ 5⟲   │
│ 1 │ Nob Lobber⚙️ 🚨        │ 4⟲   │
│ 2 │ Marine Marauder🥩⚙️ 🚨 │ 3⟲   │
│ 3 │ Killjoy🔶✋⚙️ 🚨       │ 4⟲   │
│ 4 │ Sentry Node⚙️ 🚨       │ 4⟲   │
│ 5 │ Buzzkill🔶✋⚙️ 🚨      │ 5⟲   │
│ 6 │ Hover Shield⚙️ 🚨      │ 2⟲   │
└───┴───────────────────────┴──────┘
Previous Turn
Turn 27 ends. P1 leaves 4 goons on the board. P1 now has 4 board / 5 hand 
(retired 11); P2 has 8 board / 6 hand (retired 6). Dead Pool holds 29.
  P1 deployed Käsekobold.
  Opponent (P2)'s Shield Array Node was retired.
  Shield Array Node was sent to the Dead Pool.
Turn 28 ends. P2 leaves 9 goons on the board. P1 now has 4 board / 5 hand 
(retired 11); P2 has 9 board / 6 hand (retired 6). Dead Pool holds 29.
  P2 deployed Hover Shield.
Turn 29 | Player: P1
                                 NARC Board P2                                  
┏━━━┳━━━━━━━━━━━━━━━━━━━━━━━┳━━━━━━┳━━━━━━━━━━━━━━━━━━━━━━━━━━━━━━━━━━━━━━━━━━━┓
┃ # ┃ Name                  ┃ Wind ┃ Abilities                                 ┃
┡━━━╇━━━━━━━━━━━━━━━━━━━━━━━╇━━━━━━╇━━━━━━━━━━━━━━━━━━━━━━━━━━━━━━━━━━━━━━━━━━━┩
│ 0 │ Lokar Simmons⭐✋🥩🚨 │    0 │ 0 RESOURCEFUL [2⟲] Draw a card            │
│ 1 │ MediFlux-1NDS⚙️ 🚨     │    2 │ 0 DORSAL CAVITY RINSE [1⟲] Remove 1 wind  │
│   │                       │      │ from target Goon.                         │
│ 2 │ MediFlux-1NDS⚙️ 🚨     │    0 │ 0 DORSAL CAVITY RINSE [1⟲] Remove 1 wind  │
│   │                       │      │ from target Goon.                         │
│ 3 │ Impact Simulant⚙️ 🚨   │    0 │ -                                         │
│ 4 │ MediFlux-1NDS⚙️ 🚨     │    0 │ 0 DORSAL CAVITY RINSE [1⟲] Remove 1 wind  │
│   │                       │      │ from target Goon.                         │
│ 5 │ Sausage Droid🥩⚙️ 🚨   │    1 │ 0 PROCESS [1⟲ 1⚈] Burn 1 biological from  │
│   │                       │      │ Dead Pool to remove 1 wind from target    │
│   │                       │      │ Goon.                                     │
│   │                       │      │ 1 OVERCLOCKED BURST [1⟲] Banish 1         │
│   │                       │      │ mechanical from Dead Pool to add 1 wind   │
│   │                       │      │ to target Goon.                           │
│ 6 │ Sausage Droid🥩⚙️ 🚨   │    0 │ 0 PROCESS [1⟲ 1⚈] Burn 1 biological from  │
│   │                       │      │ Dead Pool to remove 1 wind from target    │
│   │                       │      │ Goon.                                     │
│   │                       │      │ 1 OVERCLOCKED BURST [1⟲] Banish 1         │
│   │                       │      │ mechanical from Dead Pool to add 1 wind   │
│   │                       │      │ to target Goon.                           │
│ 7 │ Task Mistres⚙️ 🚨      │    0 │ 0 BIDE TIME Mistrex gains Resist until    │
│   │                       │      │ beginning of Player's next turn.          │
│   │                       │      │ 1 TAZING CRACK [1⟲] Target Goon does not  │
│   │                       │      │ unwind during its next unwind.            │
│   │                       │      │ 2 DOMINATE [2⟲] Use target Goon ability   │
│   │                       │      │ on a target of Player's choice. Target    │
│   │                       │      │ Goon pays wind as it would on its turn.   │
│ 8 │ Hover Shield⚙️ 🚨      │    0 │ 0 COVER [1⟲] Target Goon may not be       │
│   │                       │      │ targeted by enemy Goon abilities until    │
│   │                       │      │ the beginning of player's next turn.      │
└───┴───────────────────────┴──────┴───────────────────────────────────────────┘
                                  PCU Board P1                                  
┏━━━┳━━━━━━━━━━━━━━━━┳━━━━━━┳━━━━━━━━━━━━━━━━━━━━━━━━━━━━━━━━━━━━━━━━━━━━━━━━━━┓
┃ # ┃ Name           ┃ Wind ┃ Abilities                                        ┃
┡━━━╇━━━━━━━━━━━━━━━━╇━━━━━━╇━━━━━━━━━━━━━━━━━━━━━━━━━━━━━━━━━━━━━━━━━━━━━━━━━━┩
│ 0 │ Grim⭐✋🥩🌀   │    0 │ 0 DEFILE NATURE Remove 1 wind from any target    │
│   │                │      │ Goon.                                            │
│ 1 │ Krax🔶✋🥩🌀   │    2 │ 0 BASH IN SKULL [1⟲] Add 2 wind to target Goon   │
│   │                │      │ 1 CHAIN REACTION If BASH IN SKULL destroys a     │
│   │                │      │ Goon, Krax may add 2 wind to another target      │
│   │                │      │ Goon. This may chain as long as it is able.      │
│ 2 │ Mutt⚙️ 🌀       │    0 │ 0 MAUL [1⟲] Add 1 wind to target Goon            │
│   │                │      │ 1 MANS BEST FIEND [4⟲] Some or all wind applied  │
│   │                │      │ to Krax as damage from enemy Goon ability may be │
│   │                │      │ applied to Mutt instead. If Krax is destroyed,   │
│   │                │      │ Mutt is destroyed.                               │
│ 3 │ Käsekobold🥩🌀 │    0 │ 0 ADD NAUSEAM [1⟲] Add 1 wind to target Goon     │
│   │                │      │ 1 REVOLT Add 1 wind to any Goon who targets      │
│   │                │      │ Käsekobold with ability                          │
└───┴────────────────┴──────┴──────────────────────────────────────────────────┘
Dead Pool 🥩:18 ⚙️ :8
         PCU P1 hand (6)          
┏━━━┳━━━━━━━━━━━━━━━━━━━━┳━━━━━━━┓
┃ # ┃ Name               ┃ Cost  ┃
┡━━━╇━━━━━━━━━━━━━━━━━━━━╇━━━━━━━┩
│ 0 │ Dragoon⚙️ 🌀        │ 6⟲    │
│ 1 │ Kriegsgheist✋🚫🌀 │ 3⛭ 3⚈ │
│ 2 │ Dragoon⚙️ 🌀        │ 6⟲    │
│ 3 │ Mutt⚙️ 🌀           │ 4⟲    │
│ 4 │ Mutt⚙️ 🌀           │ 4⟲    │
│ 5 │ Void Freak🚫🥩🌀   │ 1⟲    │
└───┴────────────────────┴───────┘
Previous Turn
Turn 28 ends. P2 leaves 9 goons on the board. P1 now has 4 board / 5 hand 
(retired 11); P2 has 9 board / 6 hand (retired 6). Dead Pool holds 29.
  P2 deployed Hover Shield.
could not pay wind
Turn 29 ends. P1 leaves 5 goons on the board. P1 now has 5 board / 5 hand 
(retired 11); P2 has 9 board / 6 hand (retired 6). Dead Pool holds 29.
  P1 deployed Void Freak.
Turn 30 | Player: P2
                                  PCU Board P1                                  
┏━━━┳━━━━━━━━━━━━━━━━━━┳━━━━━━┳━━━━━━━━━━━━━━━━━━━━━━━━━━━━━━━━━━━━━━━━━━━━━━━━┓
┃ # ┃ Name             ┃ Wind ┃ Abilities                                      ┃
┡━━━╇━━━━━━━━━━━━━━━━━━╇━━━━━━╇━━━━━━━━━━━━━━━━━━━━━━━━━━━━━━━━━━━━━━━━━━━━━━━━┩
│ 0 │ Grim⭐✋🥩🌀     │    0 │ 0 DEFILE NATURE Remove 1 wind from any target  │
│   │                  │      │ Goon.                                          │
│ 1 │ Krax🔶✋🥩🌀     │    3 │ 0 BASH IN SKULL [1⟲] Add 2 wind to target Goon │
│   │                  │      │ 1 CHAIN REACTION If BASH IN SKULL destroys a   │
│   │                  │      │ Goon, Krax may add 2 wind to another target    │
│   │                  │      │ Goon. This may chain as long as it is able.    │
│ 2 │ Mutt⚙️ 🌀         │    1 │ 0 MAUL [1⟲] Add 1 wind to target Goon          │
│   │                  │      │ 1 MANS BEST FIEND [4⟲] Some or all wind        │
│   │                  │      │ applied to Krax as damage from enemy Goon      │
│   │                  │      │ ability may be applied to Mutt instead. If     │
│   │                  │      │ Krax is destroyed, Mutt is destroyed.          │
│ 3 │ Käsekobold🥩🌀   │    0 │ 0 ADD NAUSEAM [1⟲] Add 1 wind to target Goon   │
│   │                  │      │ 1 REVOLT Add 1 wind to any Goon who targets    │
│   │                  │      │ Käsekobold with ability                        │
│ 4 │ Void Freak🚫🥩🌀 │    0 │ 0 THRASHING VAULT [1⟲] Add 1 wind to target    │
│   │                  │      │ Goon. Must always use this ability on owners   │
│   │                  │      │ turn if able                                   │
│   │                  │      │ 1 BLOODLUST Must attack if able.               │
└───┴──────────────────┴──────┴────────────────────────────────────────────────┘
                                 NARC Board P2                                  
┏━━━┳━━━━━━━━━━━━━━━━━━━━━━━┳━━━━━━┳━━━━━━━━━━━━━━━━━━━━━━━━━━━━━━━━━━━━━━━━━━━┓
┃ # ┃ Name                  ┃ Wind ┃ Abilities                                 ┃
┡━━━╇━━━━━━━━━━━━━━━━━━━━━━━╇━━━━━━╇━━━━━━━━━━━━━━━━━━━━━━━━━━━━━━━━━━━━━━━━━━━┩
│ 0 │ Lokar Simmons⭐✋🥩🚨 │    0 │ 0 RESOURCEFUL [2⟲] Draw a card            │
│ 1 │ MediFlux-1NDS⚙️ 🚨     │    2 │ 0 DORSAL CAVITY RINSE [1⟲] Remove 1 wind  │
│   │                       │      │ from target Goon.                         │
│ 2 │ MediFlux-1NDS⚙️ 🚨     │    0 │ 0 DORSAL CAVITY RINSE [1⟲] Remove 1 wind  │
│   │                       │      │ from target Goon.                         │
│ 3 │ Impact Simulant⚙️ 🚨   │    0 │ -                                         │
│ 4 │ MediFlux-1NDS⚙️ 🚨     │    0 │ 0 DORSAL CAVITY RINSE [1⟲] Remove 1 wind  │
│   │                       │      │ from target Goon.                         │
│ 5 │ Sausage Droid🥩⚙️ 🚨   │    0 │ 0 PROCESS [1⟲ 1⚈] Burn 1 biological from  │
│   │                       │      │ Dead Pool to remove 1 wind from target    │
│   │                       │      │ Goon.                                     │
│   │                       │      │ 1 OVERCLOCKED BURST [1⟲] Banish 1         │
│   │                       │      │ mechanical from Dead Pool to add 1 wind   │
│   │                       │      │ to target Goon.                           │
│ 6 │ Sausage Droid🥩⚙️ 🚨   │    0 │ 0 PROCESS [1⟲ 1⚈] Burn 1 biological from  │
│   │                       │      │ Dead Pool to remove 1 wind from target    │
│   │                       │      │ Goon.                                     │
│   │                       │      │ 1 OVERCLOCKED BURST [1⟲] Banish 1         │
│   │                       │      │ mechanical from Dead Pool to add 1 wind   │
│   │                       │      │ to target Goon.                           │
│ 7 │ Task Mistres⚙️ 🚨      │    0 │ 0 BIDE TIME Mistrex gains Resist until    │
│   │                       │      │ beginning of Player's next turn.          │
│   │                       │      │ 1 TAZING CRACK [1⟲] Target Goon does not  │
│   │                       │      │ unwind during its next unwind.            │
│   │                       │      │ 2 DOMINATE [2⟲] Use target Goon ability   │
│   │                       │      │ on a target of Player's choice. Target    │
│   │                       │      │ Goon pays wind as it would on its turn.   │
│ 8 │ Hover Shield⚙️ 🚨      │    0 │ 0 COVER [1⟲] Target Goon may not be       │
│   │                       │      │ targeted by enemy Goon abilities until    │
│   │                       │      │ the beginning of player's next turn.      │
└───┴───────────────────────┴──────┴───────────────────────────────────────────┘
Dead Pool 🥩:18 ⚙️ :8
          NARC P2 hand (7)          
┏━━━┳━━━━━━━━━━━━━━━━━━━━━━━┳━━━━━━┓
┃ # ┃ Name                  ┃ Cost ┃
┡━━━╇━━━━━━━━━━━━━━━━━━━━━━━╇━━━━━━┩
│ 0 │ Buzzkill🔶✋⚙️ 🚨      │ 5⟲   │
│ 1 │ Nob Lobber⚙️ 🚨        │ 4⟲   │
│ 2 │ Marine Marauder🥩⚙️ 🚨 │ 3⟲   │
│ 3 │ Killjoy🔶✋⚙️ 🚨       │ 4⟲   │
│ 4 │ Sentry Node⚙️ 🚨       │ 4⟲   │
│ 5 │ Buzzkill🔶✋⚙️ 🚨      │ 5⟲   │
│ 6 │ Sausage Droid🥩⚙️ 🚨   │ 1⟲   │
└───┴───────────────────────┴──────┘
Previous Turn
Turn 29 ends. P1 leaves 5 goons on the board. P1 now has 5 board / 5 hand 
(retired 11); P2 has 9 board / 6 hand (retired 6). Dead Pool holds 29.
  P1 deployed Void Freak.
Turn 30 ends. P2 leaves 10 goons on the board. P1 now has 5 board / 5 hand 
(retired 11); P2 has 10 board / 6 hand (retired 6). Dead Pool holds 29.
  P2 deployed Sausage Droid.
Turn 31 | Player: P1
                                 NARC Board P2                                  
┏━━━┳━━━━━━━━━━━━━━━━━━━━━━━┳━━━━━━┳━━━━━━━━━━━━━━━━━━━━━━━━━━━━━━━━━━━━━━━━━━━┓
┃ # ┃ Name                  ┃ Wind ┃ Abilities                                 ┃
┡━━━╇━━━━━━━━━━━━━━━━━━━━━━━╇━━━━━━╇━━━━━━━━━━━━━━━━━━━━━━━━━━━━━━━━━━━━━━━━━━━┩
│ 0 │ Lokar Simmons⭐✋🥩🚨 │    0 │ 0 RESOURCEFUL [2⟲] Draw a card            │
│ 1 │ MediFlux-1NDS⚙️ 🚨     │    3 │ 0 DORSAL CAVITY RINSE [1⟲] Remove 1 wind  │
│   │                       │      │ from target Goon.                         │
│ 2 │ MediFlux-1NDS⚙️ 🚨     │    0 │ 0 DORSAL CAVITY RINSE [1⟲] Remove 1 wind  │
│   │                       │      │ from target Goon.                         │
│ 3 │ Impact Simulant⚙️ 🚨   │    0 │ -                                         │
│ 4 │ MediFlux-1NDS⚙️ 🚨     │    0 │ 0 DORSAL CAVITY RINSE [1⟲] Remove 1 wind  │
│   │                       │      │ from target Goon.                         │
│ 5 │ Sausage Droid🥩⚙️ 🚨   │    1 │ 0 PROCESS [1⟲ 1⚈] Burn 1 biological from  │
│   │                       │      │ Dead Pool to remove 1 wind from target    │
│   │                       │      │ Goon.                                     │
│   │                       │      │ 1 OVERCLOCKED BURST [1⟲] Banish 1         │
│   │                       │      │ mechanical from Dead Pool to add 1 wind   │
│   │                       │      │ to target Goon.                           │
│ 6 │ Sausage Droid🥩⚙️ 🚨   │    0 │ 0 PROCESS [1⟲ 1⚈] Burn 1 biological from  │
│   │                       │      │ Dead Pool to remove 1 wind from target    │
│   │                       │      │ Goon.                                     │
│   │                       │      │ 1 OVERCLOCKED BURST [1⟲] Banish 1         │
│   │                       │      │ mechanical from Dead Pool to add 1 wind   │
│   │                       │      │ to target Goon.                           │
│ 7 │ Task Mistres⚙️ 🚨      │    0 │ 0 BIDE TIME Mistrex gains Resist until    │
│   │                       │      │ beginning of Player's next turn.          │
│   │                       │      │ 1 TAZING CRACK [1⟲] Target Goon does not  │
│   │                       │      │ unwind during its next unwind.            │
│   │                       │      │ 2 DOMINATE [2⟲] Use target Goon ability   │
│   │                       │      │ on a target of Player's choice. Target    │
│   │                       │      │ Goon pays wind as it would on its turn.   │
│ 8 │ Hover Shield⚙️ 🚨      │    0 │ 0 COVER [1⟲] Target Goon may not be       │
│   │                       │      │ targeted by enemy Goon abilities until    │
│   │                       │      │ the beginning of player's next turn.      │
│ 9 │ Sausage Droid🥩⚙️ 🚨   │    0 │ 0 PROCESS [1⟲ 1⚈] Burn 1 biological from  │
│   │                       │      │ Dead Pool to remove 1 wind from target    │
│   │                       │      │ Goon.                                     │
│   │                       │      │ 1 OVERCLOCKED BURST [1⟲] Banish 1         │
│   │                       │      │ mechanical from Dead Pool to add 1 wind   │
│   │                       │      │ to target Goon.                           │
└───┴───────────────────────┴──────┴───────────────────────────────────────────┘
                                  PCU Board P1                                  
┏━━━┳━━━━━━━━━━━━━━━━━━┳━━━━━━┳━━━━━━━━━━━━━━━━━━━━━━━━━━━━━━━━━━━━━━━━━━━━━━━━┓
┃ # ┃ Name             ┃ Wind ┃ Abilities                                      ┃
┡━━━╇━━━━━━━━━━━━━━━━━━╇━━━━━━╇━━━━━━━━━━━━━━━━━━━━━━━━━━━━━━━━━━━━━━━━━━━━━━━━┩
│ 0 │ Grim⭐✋🥩🌀     │    0 │ 0 DEFILE NATURE Remove 1 wind from any target  │
│   │                  │      │ Goon.                                          │
│ 1 │ Krax🔶✋🥩🌀     │    2 │ 0 BASH IN SKULL [1⟲] Add 2 wind to target Goon │
│   │                  │      │ 1 CHAIN REACTION If BASH IN SKULL destroys a   │
│   │                  │      │ Goon, Krax may add 2 wind to another target    │
│   │                  │      │ Goon. This may chain as long as it is able.    │
│ 2 │ Mutt⚙️ 🌀         │    0 │ 0 MAUL [1⟲] Add 1 wind to target Goon          │
│   │                  │      │ 1 MANS BEST FIEND [4⟲] Some or all wind        │
│   │                  │      │ applied to Krax as damage from enemy Goon      │
│   │                  │      │ ability may be applied to Mutt instead. If     │
│   │                  │      │ Krax is destroyed, Mutt is destroyed.          │
│ 3 │ Käsekobold🥩🌀   │    0 │ 0 ADD NAUSEAM [1⟲] Add 1 wind to target Goon   │
│   │                  │      │ 1 REVOLT Add 1 wind to any Goon who targets    │
│   │                  │      │ Käsekobold with ability                        │
│ 4 │ Void Freak🚫🥩🌀 │    0 │ 0 THRASHING VAULT [1⟲] Add 1 wind to target    │
│   │                  │      │ Goon. Must always use this ability on owners   │
│   │                  │      │ turn if able                                   │
│   │                  │      │ 1 BLOODLUST Must attack if able.               │
└───┴──────────────────┴──────┴────────────────────────────────────────────────┘
Dead Pool 🥩:18 ⚙️ :7
           PCU P1 hand (6)           
┏━━━┳━━━━━━━━━━━━━━━━━━━━━━━┳━━━━━━━┓
┃ # ┃ Name                  ┃ Cost  ┃
┡━━━╇━━━━━━━━━━━━━━━━━━━━━━━╇━━━━━━━┩
│ 0 │ Dragoon⚙️ 🌀           │ 6⟲    │
│ 1 │ Kriegsgheist✋🚫🌀    │ 3⛭ 3⚈ │
│ 2 │ Dragoon⚙️ 🌀           │ 6⟲    │
│ 3 │ Mutt⚙️ 🌀              │ 4⟲    │
│ 4 │ Mutt⚙️ 🌀              │ 4⟲    │
│ 5 │ Annihilist Overseer🌀 │ 4⟲    │
└───┴───────────────────────┴───────┘
Previous Turn
Turn 30 ends. P2 leaves 10 goons on the board. P1 now has 5 board / 5 hand 
(retired 11); P2 has 10 board / 6 hand (retired 6). Dead Pool holds 29.
  P2 deployed Sausage Droid.
could not pay wind
Turn 31 ends. P1 leaves 5 goons on the board. P1 now has 5 board / 5 hand 
(retired 12); P2 has 9 board / 6 hand (retired 7). Dead Pool holds 32.
  P1 deployed Mutt.
  P1's Krax was retired.
  Opponent (P2)'s MediFlux-1NDS was retired.
  Krax was sent to the Dead Pool.
  Krax was sent to the Dead Pool.
  MediFlux-1NDS was sent to the Dead Pool.
Turn 32 | Player: P2
                                  PCU Board P1                                  
┏━━━┳━━━━━━━━━━━━━━━━━━┳━━━━━━┳━━━━━━━━━━━━━━━━━━━━━━━━━━━━━━━━━━━━━━━━━━━━━━━━┓
┃ # ┃ Name             ┃ Wind ┃ Abilities                                      ┃
┡━━━╇━━━━━━━━━━━━━━━━━━╇━━━━━━╇━━━━━━━━━━━━━━━━━━━━━━━━━━━━━━━━━━━━━━━━━━━━━━━━┩
│ 0 │ Grim⭐✋🥩🌀     │    0 │ 0 DEFILE NATURE Remove 1 wind from any target  │
│   │                  │      │ Goon.                                          │
│ 1 │ Mutt⚙️ 🌀         │    3 │ 0 MAUL [1⟲] Add 1 wind to target Goon          │
│   │                  │      │ 1 MANS BEST FIEND [4⟲] Some or all wind        │
│   │                  │      │ applied to Krax as damage from enemy Goon      │
│   │                  │      │ ability may be applied to Mutt instead. If     │
│   │                  │      │ Krax is destroyed, Mutt is destroyed.          │
│ 2 │ Käsekobold🥩🌀   │    0 │ 0 ADD NAUSEAM [1⟲] Add 1 wind to target Goon   │
│   │                  │      │ 1 REVOLT Add 1 wind to any Goon who targets    │
│   │                  │      │ Käsekobold with ability                        │
│ 3 │ Void Freak🚫🥩🌀 │    0 │ 0 THRASHING VAULT [1⟲] Add 1 wind to target    │
│   │                  │      │ Goon. Must always use this ability on owners   │
│   │                  │      │ turn if able                                   │
│   │                  │      │ 1 BLOODLUST Must attack if able.               │
│ 4 │ Mutt⚙️ 🌀         │    0 │ 0 MAUL [1⟲] Add 1 wind to target Goon          │
│   │                  │      │ 1 MANS BEST FIEND [4⟲] Some or all wind        │
│   │                  │      │ applied to Krax as damage from enemy Goon      │
│   │                  │      │ ability may be applied to Mutt instead. If     │
│   │                  │      │ Krax is destroyed, Mutt is destroyed.          │
└───┴──────────────────┴──────┴────────────────────────────────────────────────┘
                                 NARC Board P2                                  
┏━━━┳━━━━━━━━━━━━━━━━━━━━━━━┳━━━━━━┳━━━━━━━━━━━━━━━━━━━━━━━━━━━━━━━━━━━━━━━━━━━┓
┃ # ┃ Name                  ┃ Wind ┃ Abilities                                 ┃
┡━━━╇━━━━━━━━━━━━━━━━━━━━━━━╇━━━━━━╇━━━━━━━━━━━━━━━━━━━━━━━━━━━━━━━━━━━━━━━━━━━┩
│ 0 │ Lokar Simmons⭐✋🥩🚨 │    0 │ 0 RESOURCEFUL [2⟲] Draw a card            │
│ 1 │ MediFlux-1NDS⚙️ 🚨     │    0 │ 0 DORSAL CAVITY RINSE [1⟲] Remove 1 wind  │
│   │                       │      │ from target Goon.                         │
│ 2 │ Impact Simulant⚙️ 🚨   │    0 │ -                                         │
│ 3 │ MediFlux-1NDS⚙️ 🚨     │    0 │ 0 DORSAL CAVITY RINSE [1⟲] Remove 1 wind  │
│   │                       │      │ from target Goon.                         │
│ 4 │ Sausage Droid🥩⚙️ 🚨   │    0 │ 0 PROCESS [1⟲ 1⚈] Burn 1 biological from  │
│   │                       │      │ Dead Pool to remove 1 wind from target    │
│   │                       │      │ Goon.                                     │
│   │                       │      │ 1 OVERCLOCKED BURST [1⟲] Banish 1         │
│   │                       │      │ mechanical from Dead Pool to add 1 wind   │
│   │                       │      │ to target Goon.                           │
│ 5 │ Sausage Droid🥩⚙️ 🚨   │    0 │ 0 PROCESS [1⟲ 1⚈] Burn 1 biological from  │
│   │                       │      │ Dead Pool to remove 1 wind from target    │
│   │                       │      │ Goon.                                     │
│   │                       │      │ 1 OVERCLOCKED BURST [1⟲] Banish 1         │
│   │                       │      │ mechanical from Dead Pool to add 1 wind   │
│   │                       │      │ to target Goon.                           │
│ 6 │ Task Mistres⚙️ 🚨      │    0 │ 0 BIDE TIME Mistrex gains Resist until    │
│   │                       │      │ beginning of Player's next turn.          │
│   │                       │      │ 1 TAZING CRACK [1⟲] Target Goon does not  │
│   │                       │      │ unwind during its next unwind.            │
│   │                       │      │ 2 DOMINATE [2⟲] Use target Goon ability   │
│   │                       │      │ on a target of Player's choice. Target    │
│   │                       │      │ Goon pays wind as it would on its turn.   │
│ 7 │ Hover Shield⚙️ 🚨      │    0 │ 0 COVER [1⟲] Target Goon may not be       │
│   │                       │      │ targeted by enemy Goon abilities until    │
│   │                       │      │ the beginning of player's next turn.      │
│ 8 │ Sausage Droid🥩⚙️ 🚨   │    0 │ 0 PROCESS [1⟲ 1⚈] Burn 1 biological from  │
│   │                       │      │ Dead Pool to remove 1 wind from target    │
│   │                       │      │ Goon.                                     │
│   │                       │      │ 1 OVERCLOCKED BURST [1⟲] Banish 1         │
│   │                       │      │ mechanical from Dead Pool to add 1 wind   │
│   │                       │      │ to target Goon.                           │
└───┴───────────────────────┴──────┴───────────────────────────────────────────┘
Dead Pool 🥩:20 ⚙️ :8
          NARC P2 hand (7)          
┏━━━┳━━━━━━━━━━━━━━━━━━━━━━━┳━━━━━━┓
┃ # ┃ Name                  ┃ Cost ┃
┡━━━╇━━━━━━━━━━━━━━━━━━━━━━━╇━━━━━━┩
│ 0 │ Buzzkill🔶✋⚙️ 🚨      │ 5⟲   │
│ 1 │ Nob Lobber⚙️ 🚨        │ 4⟲   │
│ 2 │ Marine Marauder🥩⚙️ 🚨 │ 3⟲   │
│ 3 │ Killjoy🔶✋⚙️ 🚨       │ 4⟲   │
│ 4 │ Sentry Node⚙️ 🚨       │ 4⟲   │
│ 5 │ Buzzkill🔶✋⚙️ 🚨      │ 5⟲   │
│ 6 │ Marine Marauder🥩⚙️ 🚨 │ 3⟲   │
└───┴───────────────────────┴──────┘
Previous Turn
Turn 31 ends. P1 leaves 5 goons on the board. P1 now has 5 board / 5 hand 
(retired 12); P2 has 9 board / 6 hand (retired 7). Dead Pool holds 32.
  P1 deployed Mutt.
  P1's Krax was retired.
  Opponent (P2)'s MediFlux-1NDS was retired.
  Krax was sent to the Dead Pool.
  Krax was sent to the Dead Pool.
  MediFlux-1NDS was sent to the Dead Pool.
Turn 32 ends. P2 leaves 10 goons on the board. P1 now has 4 board / 5 hand 
(retired 13); P2 has 10 board / 6 hand (retired 7). Dead Pool holds 33.
  P2 deployed Marine Marauder.
  Opponent (P1)'s Mutt was retired.
  Mutt was sent to the Dead Pool.
Turn 33 | Player: P1
                                 NARC Board P2                                  
┏━━━┳━━━━━━━━━━━━━━━━━━━━━━━┳━━━━━━┳━━━━━━━━━━━━━━━━━━━━━━━━━━━━━━━━━━━━━━━━━━━┓
┃ # ┃ Name                  ┃ Wind ┃ Abilities                                 ┃
┡━━━╇━━━━━━━━━━━━━━━━━━━━━━━╇━━━━━━╇━━━━━━━━━━━━━━━━━━━━━━━━━━━━━━━━━━━━━━━━━━━┩
│ 0 │ Lokar Simmons⭐✋🥩🚨 │    0 │ 0 RESOURCEFUL [2⟲] Draw a card            │
│ 1 │ MediFlux-1NDS⚙️ 🚨     │    3 │ 0 DORSAL CAVITY RINSE [1⟲] Remove 1 wind  │
│   │                       │      │ from target Goon.                         │
│ 2 │ Impact Simulant⚙️ 🚨   │    0 │ -                                         │
│ 3 │ MediFlux-1NDS⚙️ 🚨     │    0 │ 0 DORSAL CAVITY RINSE [1⟲] Remove 1 wind  │
│   │                       │      │ from target Goon.                         │
│ 4 │ Sausage Droid🥩⚙️ 🚨   │    1 │ 0 PROCESS [1⟲ 1⚈] Burn 1 biological from  │
│   │                       │      │ Dead Pool to remove 1 wind from target    │
│   │                       │      │ Goon.                                     │
│   │                       │      │ 1 OVERCLOCKED BURST [1⟲] Banish 1         │
│   │                       │      │ mechanical from Dead Pool to add 1 wind   │
│   │                       │      │ to target Goon.                           │
│ 5 │ Sausage Droid🥩⚙️ 🚨   │    0 │ 0 PROCESS [1⟲ 1⚈] Burn 1 biological from  │
│   │                       │      │ Dead Pool to remove 1 wind from target    │
│   │                       │      │ Goon.                                     │
│   │                       │      │ 1 OVERCLOCKED BURST [1⟲] Banish 1         │
│   │                       │      │ mechanical from Dead Pool to add 1 wind   │
│   │                       │      │ to target Goon.                           │
│ 6 │ Task Mistres⚙️ 🚨      │    0 │ 0 BIDE TIME Mistrex gains Resist until    │
│   │                       │      │ beginning of Player's next turn.          │
│   │                       │      │ 1 TAZING CRACK [1⟲] Target Goon does not  │
│   │                       │      │ unwind during its next unwind.            │
│   │                       │      │ 2 DOMINATE [2⟲] Use target Goon ability   │
│   │                       │      │ on a target of Player's choice. Target    │
│   │                       │      │ Goon pays wind as it would on its turn.   │
│ 7 │ Hover Shield⚙️ 🚨      │    0 │ 0 COVER [1⟲] Target Goon may not be       │
│   │                       │      │ targeted by enemy Goon abilities until    │
│   │                       │      │ the beginning of player's next turn.      │
│ 8 │ Sausage Droid🥩⚙️ 🚨   │    0 │ 0 PROCESS [1⟲ 1⚈] Burn 1 biological from  │
│   │                       │      │ Dead Pool to remove 1 wind from target    │
│   │                       │      │ Goon.                                     │
│   │                       │      │ 1 OVERCLOCKED BURST [1⟲] Banish 1         │
│   │                       │      │ mechanical from Dead Pool to add 1 wind   │
│   │                       │      │ to target Goon.                           │
│ 9 │ Marine Marauder🥩⚙️ 🚨 │    0 │ 0 PRECISION STRIKE [1⟲] Add 1 wind to     │
│   │                       │      │ target Goon.                              │
│   │                       │      │ 1 ORDINANCE ARRAY [3⟲] Distribute 3 wind  │
│   │                       │      │ among 3 target Goons.                     │
└───┴───────────────────────┴──────┴───────────────────────────────────────────┘
                                  PCU Board P1                                  
┏━━━┳━━━━━━━━━━━━━━━━━━┳━━━━━━┳━━━━━━━━━━━━━━━━━━━━━━━━━━━━━━━━━━━━━━━━━━━━━━━━┓
┃ # ┃ Name             ┃ Wind ┃ Abilities                                      ┃
┡━━━╇━━━━━━━━━━━━━━━━━━╇━━━━━━╇━━━━━━━━━━━━━━━━━━━━━━━━━━━━━━━━━━━━━━━━━━━━━━━━┩
│ 0 │ Grim⭐✋🥩🌀     │    0 │ 0 DEFILE NATURE Remove 1 wind from any target  │
│   │                  │      │ Goon.                                          │
│ 1 │ Käsekobold🥩🌀   │    0 │ 0 ADD NAUSEAM [1⟲] Add 1 wind to target Goon   │
│   │                  │      │ 1 REVOLT Add 1 wind to any Goon who targets    │
│   │                  │      │ Käsekobold with ability                        │
│ 2 │ Void Freak🚫🥩🌀 │    0 │ 0 THRASHING VAULT [1⟲] Add 1 wind to target    │
│   │                  │      │ Goon. Must always use this ability on owners   │
│   │                  │      │ turn if able                                   │
│   │                  │      │ 1 BLOODLUST Must attack if able.               │
│ 3 │ Mutt⚙️ 🌀         │    0 │ 0 MAUL [1⟲] Add 1 wind to target Goon          │
│   │                  │      │ 1 MANS BEST FIEND [4⟲] Some or all wind        │
│   │                  │      │ applied to Krax as damage from enemy Goon      │
│   │                  │      │ ability may be applied to Mutt instead. If     │
│   │                  │      │ Krax is destroyed, Mutt is destroyed.          │
└───┴──────────────────┴──────┴────────────────────────────────────────────────┘
Dead Pool 🥩:20 ⚙️ :8
           PCU P1 hand (6)           
┏━━━┳━━━━━━━━━━━━━━━━━━━━━━━┳━━━━━━━┓
┃ # ┃ Name                  ┃ Cost  ┃
┡━━━╇━━━━━━━━━━━━━━━━━━━━━━━╇━━━━━━━┩
│ 0 │ Dragoon⚙️ 🌀           │ 6⟲    │
│ 1 │ Kriegsgheist✋🚫🌀    │ 3⛭ 3⚈ │
│ 2 │ Dragoon⚙️ 🌀           │ 6⟲    │
│ 3 │ Mutt⚙️ 🌀              │ 4⟲    │
│ 4 │ Annihilist Overseer🌀 │ 4⟲    │
│ 5 │ Krax🔶✋🥩🌀          │ 6⟲    │
└───┴───────────────────────┴───────┘
Previous Turn
Turn 32 ends. P2 leaves 10 goons on the board. P1 now has 4 board / 5 hand 
(retired 13); P2 has 10 board / 6 hand (retired 7). Dead Pool holds 33.
  P2 deployed Marine Marauder.
  Opponent (P1)'s Mutt was retired.
  Mutt was sent to the Dead Pool.
could not pay wind
cannot deploy: requires Krax on your board
Turn 33 ends. P1 leaves 4 goons on the board. P1 now has 4 board / 5 hand 
(retired 14); P2 has 9 board / 6 hand (retired 8). Dead Pool holds 36.
  P1 deployed Annihilist Overseer.
  P1's Käsekobold was retired.
  Opponent (P2)'s MediFlux-1NDS was retired.
  Käsekobold was sent to the Dead Pool.
  Käsekobold was sent to the Dead Pool.
  MediFlux-1NDS was sent to the Dead Pool.
Turn 34 | Player: P2
                                  PCU Board P1                                  
┏━━━┳━━━━━━━━━━━━━━━━━━━━━━━┳━━━━━━┳━━━━━━━━━━━━━━━━━━━━━━━━━━━━━━━━━━━━━━━━━━━┓
┃ # ┃ Name                  ┃ Wind ┃ Abilities                                 ┃
┡━━━╇━━━━━━━━━━━━━━━━━━━━━━━╇━━━━━━╇━━━━━━━━━━━━━━━━━━━━━━━━━━━━━━━━━━━━━━━━━━━┩
│ 0 │ Grim⭐✋🥩🌀          │    0 │ 0 DEFILE NATURE Remove 1 wind from any    │
│   │                       │      │ target Goon.                              │
│ 1 │ Void Freak🚫🥩🌀      │    1 │ 0 THRASHING VAULT [1⟲] Add 1 wind to      │
│   │                       │      │ target Goon. Must always use this ability │
│   │                       │      │ on owners turn if able                    │
│   │                       │      │ 1 BLOODLUST Must attack if able.          │
│ 2 │ Mutt⚙️ 🌀              │    0 │ 0 MAUL [1⟲] Add 1 wind to target Goon     │
│   │                       │      │ 1 MANS BEST FIEND [4⟲] Some or all wind   │
│   │                       │      │ applied to Krax as damage from enemy Goon │
│   │                       │      │ ability may be applied to Mutt instead.   │
│   │                       │      │ If Krax is destroyed, Mutt is destroyed.  │
│ 3 │ Annihilist Overseer🌀 │    0 │ 0 BLIND [1⟲] Target Goon may not use      │
│   │                       │      │ abilities or contribute wind on its next  │
│   │                       │      │ turn.                                     │
│   │                       │      │ 1 BEHEAD [3⟲] Destroy target Goon.        │
└───┴───────────────────────┴──────┴───────────────────────────────────────────┘
                                 NARC Board P2                                  
┏━━━┳━━━━━━━━━━━━━━━━━━━━━━━┳━━━━━━┳━━━━━━━━━━━━━━━━━━━━━━━━━━━━━━━━━━━━━━━━━━━┓
┃ # ┃ Name                  ┃ Wind ┃ Abilities                                 ┃
┡━━━╇━━━━━━━━━━━━━━━━━━━━━━━╇━━━━━━╇━━━━━━━━━━━━━━━━━━━━━━━━━━━━━━━━━━━━━━━━━━━┩
│ 0 │ Lokar Simmons⭐✋🥩🚨 │    0 │ 0 RESOURCEFUL [2⟲] Draw a card            │
│ 1 │ Impact Simulant⚙️ 🚨   │    0 │ -                                         │
│ 2 │ MediFlux-1NDS⚙️ 🚨     │    0 │ 0 DORSAL CAVITY RINSE [1⟲] Remove 1 wind  │
│   │                       │      │ from target Goon.                         │
│ 3 │ Sausage Droid🥩⚙️ 🚨   │    0 │ 0 PROCESS [1⟲ 1⚈] Burn 1 biological from  │
│   │                       │      │ Dead Pool to remove 1 wind from target    │
│   │                       │      │ Goon.                                     │
│   │                       │      │ 1 OVERCLOCKED BURST [1⟲] Banish 1         │
│   │                       │      │ mechanical from Dead Pool to add 1 wind   │
│   │                       │      │ to target Goon.                           │
│ 4 │ Sausage Droid🥩⚙️ 🚨   │    0 │ 0 PROCESS [1⟲ 1⚈] Burn 1 biological from  │
│   │                       │      │ Dead Pool to remove 1 wind from target    │
│   │                       │      │ Goon.                                     │
│   │                       │      │ 1 OVERCLOCKED BURST [1⟲] Banish 1         │
│   │                       │      │ mechanical from Dead Pool to add 1 wind   │
│   │                       │      │ to target Goon.                           │
│ 5 │ Task Mistres⚙️ 🚨      │    0 │ 0 BIDE TIME Mistrex gains Resist until    │
│   │                       │      │ beginning of Player's next turn.          │
│   │                       │      │ 1 TAZING CRACK [1⟲] Target Goon does not  │
│   │                       │      │ unwind during its next unwind.            │
│   │                       │      │ 2 DOMINATE [2⟲] Use target Goon ability   │
│   │                       │      │ on a target of Player's choice. Target    │
│   │                       │      │ Goon pays wind as it would on its turn.   │
│ 6 │ Hover Shield⚙️ 🚨      │    0 │ 0 COVER [1⟲] Target Goon may not be       │
│   │                       │      │ targeted by enemy Goon abilities until    │
│   │                       │      │ the beginning of player's next turn.      │
│ 7 │ Sausage Droid🥩⚙️ 🚨   │    0 │ 0 PROCESS [1⟲ 1⚈] Burn 1 biological from  │
│   │                       │      │ Dead Pool to remove 1 wind from target    │
│   │                       │      │ Goon.                                     │
│   │                       │      │ 1 OVERCLOCKED BURST [1⟲] Banish 1         │
│   │                       │      │ mechanical from Dead Pool to add 1 wind   │
│   │                       │      │ to target Goon.                           │
│ 8 │ Marine Marauder🥩⚙️ 🚨 │    0 │ 0 PRECISION STRIKE [1⟲] Add 1 wind to     │
│   │                       │      │ target Goon.                              │
│   │                       │      │ 1 ORDINANCE ARRAY [3⟲] Distribute 3 wind  │
│   │                       │      │ among 3 target Goons.                     │
└───┴───────────────────────┴──────┴───────────────────────────────────────────┘
Dead Pool 🥩:22 ⚙️ :9
          NARC P2 hand (7)           
┏━━━┳━━━━━━━━━━━━━━━━━━━━━━━━┳━━━━━━┓
┃ # ┃ Name                   ┃ Cost ┃
┡━━━╇━━━━━━━━━━━━━━━━━━━━━━━━╇━━━━━━┩
│ 0 │ Buzzkill🔶✋⚙️ 🚨       │ 5⟲   │
│ 1 │ Nob Lobber⚙️ 🚨         │ 4⟲   │
│ 2 │ Killjoy🔶✋⚙️ 🚨        │ 4⟲   │
│ 3 │ Sentry Node⚙️ 🚨        │ 4⟲   │
│ 4 │ Buzzkill🔶✋⚙️ 🚨       │ 5⟲   │
│ 5 │ Marine Marauder🥩⚙️ 🚨  │ 3⟲   │
│ 6 │ Compliance Auditon⚙️ 🚨 │ 1⟲   │
└───┴────────────────────────┴──────┘
Previous Turn
Turn 33 ends. P1 leaves 4 goons on the board. P1 now has 4 board / 5 hand 
(retired 14); P2 has 9 board / 6 hand (retired 8). Dead Pool holds 36.
  P1 deployed Annihilist Overseer.
  P1's Käsekobold was retired.
  Opponent (P2)'s MediFlux-1NDS was retired.
  Käsekobold was sent to the Dead Pool.
  Käsekobold was sent to the Dead Pool.
  MediFlux-1NDS was sent to the Dead Pool.
Turn 34 ends. P2 leaves 10 goons on the board. P1 now has 4 board / 5 hand 
(retired 14); P2 has 10 board / 6 hand (retired 8). Dead Pool holds 36.
  P2 deployed Compliance Auditon.
Turn 35 | Player: P1
                                 NARC Board P2                                  
┏━━━┳━━━━━━━━━━━━━━━━━━━━━━━━┳━━━━━━┳━━━━━━━━━━━━━━━━━━━━━━━━━━━━━━━━━━━━━━━━━━┓
┃ # ┃ Name                   ┃ Wind ┃ Abilities                                ┃
┡━━━╇━━━━━━━━━━━━━━━━━━━━━━━━╇━━━━━━╇━━━━━━━━━━━━━━━━━━━━━━━━━━━━━━━━━━━━━━━━━━┩
│ 0 │ Lokar Simmons⭐✋🥩🚨  │    0 │ 0 RESOURCEFUL [2⟲] Draw a card           │
│ 1 │ Impact Simulant⚙️ 🚨    │    1 │ -                                        │
│ 2 │ MediFlux-1NDS⚙️ 🚨      │    0 │ 0 DORSAL CAVITY RINSE [1⟲] Remove 1 wind │
│   │                        │      │ from target Goon.                        │
│ 3 │ Sausage Droid🥩⚙️ 🚨    │    1 │ 0 PROCESS [1⟲ 1⚈] Burn 1 biological from │
│   │                        │      │ Dead Pool to remove 1 wind from target   │
│   │                        │      │ Goon.                                    │
│   │                        │      │ 1 OVERCLOCKED BURST [1⟲] Banish 1        │
│   │                        │      │ mechanical from Dead Pool to add 1 wind  │
│   │                        │      │ to target Goon.                          │
│ 4 │ Sausage Droid🥩⚙️ 🚨    │    0 │ 0 PROCESS [1⟲ 1⚈] Burn 1 biological from │
│   │                        │      │ Dead Pool to remove 1 wind from target   │
│   │                        │      │ Goon.                                    │
│   │                        │      │ 1 OVERCLOCKED BURST [1⟲] Banish 1        │
│   │                        │      │ mechanical from Dead Pool to add 1 wind  │
│   │                        │      │ to target Goon.                          │
│ 5 │ Task Mistres⚙️ 🚨       │    0 │ 0 BIDE TIME Mistrex gains Resist until   │
│   │                        │      │ beginning of Player's next turn.         │
│   │                        │      │ 1 TAZING CRACK [1⟲] Target Goon does not │
│   │                        │      │ unwind during its next unwind.           │
│   │                        │      │ 2 DOMINATE [2⟲] Use target Goon ability  │
│   │                        │      │ on a target of Player's choice. Target   │
│   │                        │      │ Goon pays wind as it would on its turn.  │
│ 6 │ Hover Shield⚙️ 🚨       │    0 │ 0 COVER [1⟲] Target Goon may not be      │
│   │                        │      │ targeted by enemy Goon abilities until   │
│   │                        │      │ the beginning of player's next turn.     │
│ 7 │ Sausage Droid🥩⚙️ 🚨    │    0 │ 0 PROCESS [1⟲ 1⚈] Burn 1 biological from │
│   │                        │      │ Dead Pool to remove 1 wind from target   │
│   │                        │      │ Goon.                                    │
│   │                        │      │ 1 OVERCLOCKED BURST [1⟲] Banish 1        │
│   │                        │      │ mechanical from Dead Pool to add 1 wind  │
│   │                        │      │ to target Goon.                          │
│ 8 │ Marine Marauder🥩⚙️ 🚨  │    0 │ 0 PRECISION STRIKE [1⟲] Add 1 wind to    │
│   │                        │      │ target Goon.                             │
│   │                        │      │ 1 ORDINANCE ARRAY [3⟲] Distribute 3 wind │
│   │                        │      │ among 3 target Goons.                    │
│ 9 │ Compliance Auditon⚙️ 🚨 │    0 │ 0 LITIGIOUS GRIDLOCK [1⟲] Target goon    │
│   │                        │      │ does not unwind in its next unwind       │
│   │                        │      │ phase.                                   │
└───┴────────────────────────┴──────┴──────────────────────────────────────────┘
                                  PCU Board P1                                  
┏━━━┳━━━━━━━━━━━━━━━━━━━━━━━┳━━━━━━┳━━━━━━━━━━━━━━━━━━━━━━━━━━━━━━━━━━━━━━━━━━━┓
┃ # ┃ Name                  ┃ Wind ┃ Abilities                                 ┃
┡━━━╇━━━━━━━━━━━━━━━━━━━━━━━╇━━━━━━╇━━━━━━━━━━━━━━━━━━━━━━━━━━━━━━━━━━━━━━━━━━━┩
│ 0 │ Grim⭐✋🥩🌀          │    0 │ 0 DEFILE NATURE Remove 1 wind from any    │
│   │                       │      │ target Goon.                              │
│ 1 │ Void Freak🚫🥩🌀      │    2 │ 0 THRASHING VAULT [1⟲] Add 1 wind to      │
│   │                       │      │ target Goon. Must always use this ability │
│   │                       │      │ on owners turn if able                    │
│   │                       │      │ 1 BLOODLUST Must attack if able.          │
│ 2 │ Mutt⚙️ 🌀              │    0 │ 0 MAUL [1⟲] Add 1 wind to target Goon     │
│   │                       │      │ 1 MANS BEST FIEND [4⟲] Some or all wind   │
│   │                       │      │ applied to Krax as damage from enemy Goon │
│   │                       │      │ ability may be applied to Mutt instead.   │
│   │                       │      │ If Krax is destroyed, Mutt is destroyed.  │
│ 3 │ Annihilist Overseer🌀 │    0 │ 0 BLIND [1⟲] Target Goon may not use      │
│   │                       │      │ abilities or contribute wind on its next  │
│   │                       │      │ turn.                                     │
│   │                       │      │ 1 BEHEAD [3⟲] Destroy target Goon.        │
└───┴───────────────────────┴──────┴───────────────────────────────────────────┘
Dead Pool 🥩:22 ⚙️ :8
         PCU P1 hand (6)          
┏━━━┳━━━━━━━━━━━━━━━━━━━━┳━━━━━━━┓
┃ # ┃ Name               ┃ Cost  ┃
┡━━━╇━━━━━━━━━━━━━━━━━━━━╇━━━━━━━┩
│ 0 │ Dragoon⚙️ 🌀        │ 6⟲    │
│ 1 │ Kriegsgheist✋🚫🌀 │ 3⛭ 3⚈ │
│ 2 │ Dragoon⚙️ 🌀        │ 6⟲    │
│ 3 │ Mutt⚙️ 🌀           │ 4⟲    │
│ 4 │ Krax🔶✋🥩🌀       │ 6⟲    │
│ 5 │ Meat Vegetable🥩🌀 │ -     │
└───┴────────────────────┴───────┘
Previous Turn
Turn 34 ends. P2 leaves 10 goons on the board. P1 now has 4 board / 5 hand 
(retired 14); P2 has 10 board / 6 hand (retired 8). Dead Pool holds 36.
  P2 deployed Compliance Auditon.
could not pay wind
Turn 35 ends. P1 leaves 5 goons on the board. P1 now has 5 board / 5 hand 
(retired 14); P2 has 10 board / 6 hand (retired 8). Dead Pool holds 36.
  P1 deployed Meat Vegetable.
Turn 36 | Player: P2
                                  PCU Board P1                                  
┏━━━┳━━━━━━━━━━━━━━━━━━━━━━━┳━━━━━━┳━━━━━━━━━━━━━━━━━━━━━━━━━━━━━━━━━━━━━━━━━━━┓
┃ # ┃ Name                  ┃ Wind ┃ Abilities                                 ┃
┡━━━╇━━━━━━━━━━━━━━━━━━━━━━━╇━━━━━━╇━━━━━━━━━━━━━━━━━━━━━━━━━━━━━━━━━━━━━━━━━━━┩
│ 0 │ Grim⭐✋🥩🌀          │    0 │ 0 DEFILE NATURE Remove 1 wind from any    │
│   │                       │      │ target Goon.                              │
│ 1 │ Void Freak🚫🥩🌀      │    2 │ 0 THRASHING VAULT [1⟲] Add 1 wind to      │
│   │                       │      │ target Goon. Must always use this ability │
│   │                       │      │ on owners turn if able                    │
│   │                       │      │ 1 BLOODLUST Must attack if able.          │
│ 2 │ Mutt⚙️ 🌀              │    0 │ 0 MAUL [1⟲] Add 1 wind to target Goon     │
│   │                       │      │ 1 MANS BEST FIEND [4⟲] Some or all wind   │
│   │                       │      │ applied to Krax as damage from enemy Goon │
│   │                       │      │ ability may be applied to Mutt instead.   │
│   │                       │      │ If Krax is destroyed, Mutt is destroyed.  │
│ 3 │ Annihilist Overseer🌀 │    3 │ 0 BLIND [1⟲] Target Goon may not use      │
│   │                       │      │ abilities or contribute wind on its next  │
│   │                       │      │ turn.                                     │
│   │                       │      │ 1 BEHEAD [3⟲] Destroy target Goon.        │
│ 4 │ Meat Vegetable🥩🌀    │    0 │ -                                         │
└───┴───────────────────────┴──────┴───────────────────────────────────────────┘
                                 NARC Board P2                                  
┏━━━┳━━━━━━━━━━━━━━━━━━━━━━━━┳━━━━━━┳━━━━━━━━━━━━━━━━━━━━━━━━━━━━━━━━━━━━━━━━━━┓
┃ # ┃ Name                   ┃ Wind ┃ Abilities                                ┃
┡━━━╇━━━━━━━━━━━━━━━━━━━━━━━━╇━━━━━━╇━━━━━━━━━━━━━━━━━━━━━━━━━━━━━━━━━━━━━━━━━━┩
│ 0 │ Lokar Simmons⭐✋🥩🚨  │    0 │ 0 RESOURCEFUL [2⟲] Draw a card           │
│ 1 │ Impact Simulant⚙️ 🚨    │    0 │ -                                        │
│ 2 │ MediFlux-1NDS⚙️ 🚨      │    0 │ 0 DORSAL CAVITY RINSE [1⟲] Remove 1 wind │
│   │                        │      │ from target Goon.                        │
│ 3 │ Sausage Droid🥩⚙️ 🚨    │    0 │ 0 PROCESS [1⟲ 1⚈] Burn 1 biological from │
│   │                        │      │ Dead Pool to remove 1 wind from target   │
│   │                        │      │ Goon.                                    │
│   │                        │      │ 1 OVERCLOCKED BURST [1⟲] Banish 1        │
│   │                        │      │ mechanical from Dead Pool to add 1 wind  │
│   │                        │      │ to target Goon.                          │
│ 4 │ Sausage Droid🥩⚙️ 🚨    │    0 │ 0 PROCESS [1⟲ 1⚈] Burn 1 biological from │
│   │                        │      │ Dead Pool to remove 1 wind from target   │
│   │                        │      │ Goon.                                    │
│   │                        │      │ 1 OVERCLOCKED BURST [1⟲] Banish 1        │
│   │                        │      │ mechanical from Dead Pool to add 1 wind  │
│   │                        │      │ to target Goon.                          │
│ 5 │ Task Mistres⚙️ 🚨       │    0 │ 0 BIDE TIME Mistrex gains Resist until   │
│   │                        │      │ beginning of Player's next turn.         │
│   │                        │      │ 1 TAZING CRACK [1⟲] Target Goon does not │
│   │                        │      │ unwind during its next unwind.           │
│   │                        │      │ 2 DOMINATE [2⟲] Use target Goon ability  │
│   │                        │      │ on a target of Player's choice. Target   │
│   │                        │      │ Goon pays wind as it would on its turn.  │
│ 6 │ Hover Shield⚙️ 🚨       │    0 │ 0 COVER [1⟲] Target Goon may not be      │
│   │                        │      │ targeted by enemy Goon abilities until   │
│   │                        │      │ the beginning of player's next turn.     │
│ 7 │ Sausage Droid🥩⚙️ 🚨    │    0 │ 0 PROCESS [1⟲ 1⚈] Burn 1 biological from │
│   │                        │      │ Dead Pool to remove 1 wind from target   │
│   │                        │      │ Goon.                                    │
│   │                        │      │ 1 OVERCLOCKED BURST [1⟲] Banish 1        │
│   │                        │      │ mechanical from Dead Pool to add 1 wind  │
│   │                        │      │ to target Goon.                          │
│ 8 │ Marine Marauder🥩⚙️ 🚨  │    0 │ 0 PRECISION STRIKE [1⟲] Add 1 wind to    │
│   │                        │      │ target Goon.                             │
│   │                        │      │ 1 ORDINANCE ARRAY [3⟲] Distribute 3 wind │
│   │                        │      │ among 3 target Goons.                    │
│ 9 │ Compliance Auditon⚙️ 🚨 │    0 │ 0 LITIGIOUS GRIDLOCK [1⟲] Target goon    │
│   │                        │      │ does not unwind in its next unwind       │
│   │                        │      │ phase.                                   │
└───┴────────────────────────┴──────┴──────────────────────────────────────────┘
Dead Pool 🥩:22 ⚙️ :8
          NARC P2 hand (7)           
┏━━━┳━━━━━━━━━━━━━━━━━━━━━━━━┳━━━━━━┓
┃ # ┃ Name                   ┃ Cost ┃
┡━━━╇━━━━━━━━━━━━━━━━━━━━━━━━╇━━━━━━┩
│ 0 │ Buzzkill🔶✋⚙️ 🚨       │ 5⟲   │
│ 1 │ Nob Lobber⚙️ 🚨         │ 4⟲   │
│ 2 │ Killjoy🔶✋⚙️ 🚨        │ 4⟲   │
│ 3 │ Sentry Node⚙️ 🚨        │ 4⟲   │
│ 4 │ Buzzkill🔶✋⚙️ 🚨       │ 5⟲   │
│ 5 │ Marine Marauder🥩⚙️ 🚨  │ 3⟲   │
│ 6 │ Compliance Auditon⚙️ 🚨 │ 1⟲   │
└───┴────────────────────────┴──────┘
Previous Turn
Turn 35 ends. P1 leaves 5 goons on the board. P1 now has 5 board / 5 hand 
(retired 14); P2 has 10 board / 6 hand (retired 8). Dead Pool holds 36.
  P1 deployed Meat Vegetable.
Turn 36 ends. P2 leaves 11 goons on the board. P1 now has 4 board / 5 hand 
(retired 15); P2 has 11 board / 6 hand (retired 8). Dead Pool holds 37.
  P2 deployed Compliance Auditon.
  Opponent (P1)'s Annihilist Overseer was retired.
  Annihilist Overseer was sent to the Dead Pool.
Turn 37 | Player: P1
                                 NARC Board P2                                  
┏━━━━┳━━━━━━━━━━━━━━━━━━━━━━━━┳━━━━━━┳━━━━━━━━━━━━━━━━━━━━━━━━━━━━━━━━━━━━━━━━━┓
┃  # ┃ Name                   ┃ Wind ┃ Abilities                               ┃
┡━━━━╇━━━━━━━━━━━━━━━━━━━━━━━━╇━━━━━━╇━━━━━━━━━━━━━━━━━━━━━━━━━━━━━━━━━━━━━━━━━┩
│  0 │ Lokar Simmons⭐✋🥩🚨  │    0 │ 0 RESOURCEFUL [2⟲] Draw a card          │
│  1 │ Impact Simulant⚙️ 🚨    │    1 │ -                                       │
│  2 │ MediFlux-1NDS⚙️ 🚨      │    0 │ 0 DORSAL CAVITY RINSE [1⟲] Remove 1     │
│    │                        │      │ wind from target Goon.                  │
│  3 │ Sausage Droid🥩⚙️ 🚨    │    1 │ 0 PROCESS [1⟲ 1⚈] Burn 1 biological     │
│    │                        │      │ from Dead Pool to remove 1 wind from    │
│    │                        │      │ target Goon.                            │
│    │                        │      │ 1 OVERCLOCKED BURST [1⟲] Banish 1       │
│    │                        │      │ mechanical from Dead Pool to add 1 wind │
│    │                        │      │ to target Goon.                         │
│  4 │ Sausage Droid🥩⚙️ 🚨    │    0 │ 0 PROCESS [1⟲ 1⚈] Burn 1 biological     │
│    │                        │      │ from Dead Pool to remove 1 wind from    │
│    │                        │      │ target Goon.                            │
│    │                        │      │ 1 OVERCLOCKED BURST [1⟲] Banish 1       │
│    │                        │      │ mechanical from Dead Pool to add 1 wind │
│    │                        │      │ to target Goon.                         │
│  5 │ Task Mistres⚙️ 🚨       │    0 │ 0 BIDE TIME Mistrex gains Resist until  │
│    │                        │      │ beginning of Player's next turn.        │
│    │                        │      │ 1 TAZING CRACK [1⟲] Target Goon does    │
│    │                        │      │ not unwind during its next unwind.      │
│    │                        │      │ 2 DOMINATE [2⟲] Use target Goon ability │
│    │                        │      │ on a target of Player's choice. Target  │
│    │                        │      │ Goon pays wind as it would on its turn. │
│  6 │ Hover Shield⚙️ 🚨       │    0 │ 0 COVER [1⟲] Target Goon may not be     │
│    │                        │      │ targeted by enemy Goon abilities until  │
│    │                        │      │ the beginning of player's next turn.    │
│  7 │ Sausage Droid🥩⚙️ 🚨    │    0 │ 0 PROCESS [1⟲ 1⚈] Burn 1 biological     │
│    │                        │      │ from Dead Pool to remove 1 wind from    │
│    │                        │      │ target Goon.                            │
│    │                        │      │ 1 OVERCLOCKED BURST [1⟲] Banish 1       │
│    │                        │      │ mechanical from Dead Pool to add 1 wind │
│    │                        │      │ to target Goon.                         │
│  8 │ Marine Marauder🥩⚙️ 🚨  │    0 │ 0 PRECISION STRIKE [1⟲] Add 1 wind to   │
│    │                        │      │ target Goon.                            │
│    │                        │      │ 1 ORDINANCE ARRAY [3⟲] Distribute 3     │
│    │                        │      │ wind among 3 target Goons.              │
│  9 │ Compliance Auditon⚙️ 🚨 │    0 │ 0 LITIGIOUS GRIDLOCK [1⟲] Target goon   │
│    │                        │      │ does not unwind in its next unwind      │
│    │                        │      │ phase.                                  │
│ 10 │ Compliance Auditon⚙️ 🚨 │    0 │ 0 LITIGIOUS GRIDLOCK [1⟲] Target goon   │
│    │                        │      │ does not unwind in its next unwind      │
│    │                        │      │ phase.                                  │
└────┴────────────────────────┴──────┴─────────────────────────────────────────┘
                                  PCU Board P1                                  
┏━━━┳━━━━━━━━━━━━━━━━━━━━┳━━━━━━┳━━━━━━━━━━━━━━━━━━━━━━━━━━━━━━━━━━━━━━━━━━━━━━┓
┃ # ┃ Name               ┃ Wind ┃ Abilities                                    ┃
┡━━━╇━━━━━━━━━━━━━━━━━━━━╇━━━━━━╇━━━━━━━━━━━━━━━━━━━━━━━━━━━━━━━━━━━━━━━━━━━━━━┩
│ 0 │ Grim⭐✋🥩🌀       │    0 │ 0 DEFILE NATURE Remove 1 wind from any       │
│   │                    │      │ target Goon.                                 │
│ 1 │ Void Freak🚫🥩🌀   │    2 │ 0 THRASHING VAULT [1⟲] Add 1 wind to target  │
│   │                    │      │ Goon. Must always use this ability on owners │
│   │                    │      │ turn if able                                 │
│   │                    │      │ 1 BLOODLUST Must attack if able.             │
│ 2 │ Mutt⚙️ 🌀           │    0 │ 0 MAUL [1⟲] Add 1 wind to target Goon        │
│   │                    │      │ 1 MANS BEST FIEND [4⟲] Some or all wind      │
│   │                    │      │ applied to Krax as damage from enemy Goon    │
│   │                    │      │ ability may be applied to Mutt instead. If   │
│   │                    │      │ Krax is destroyed, Mutt is destroyed.        │
│ 3 │ Meat Vegetable🥩🌀 │    0 │ -                                            │
└───┴────────────────────┴──────┴──────────────────────────────────────────────┘
Dead Pool 🥩:22 ⚙️ :7
         PCU P1 hand (6)          
┏━━━┳━━━━━━━━━━━━━━━━━━━━┳━━━━━━━┓
┃ # ┃ Name               ┃ Cost  ┃
┡━━━╇━━━━━━━━━━━━━━━━━━━━╇━━━━━━━┩
│ 0 │ Dragoon⚙️ 🌀        │ 6⟲    │
│ 1 │ Kriegsgheist✋🚫🌀 │ 3⛭ 3⚈ │
│ 2 │ Dragoon⚙️ 🌀        │ 6⟲    │
│ 3 │ Mutt⚙️ 🌀           │ 4⟲    │
│ 4 │ Krax🔶✋🥩🌀       │ 6⟲    │
│ 5 │ Voidling🥩🌀       │ 3⟲    │
└───┴────────────────────┴───────┘
Previous Turn
Turn 36 ends. P2 leaves 11 goons on the board. P1 now has 4 board / 5 hand 
(retired 15); P2 has 11 board / 6 hand (retired 8). Dead Pool holds 37.
  P2 deployed Compliance Auditon.
  Opponent (P1)'s Annihilist Overseer was retired.
  Annihilist Overseer was sent to the Dead Pool.
could not pay wind
Turn 37 ends. P1 leaves 4 goons on the board. P1 now has 4 board / 5 hand 
(retired 16); P2 has 11 board / 6 hand (retired 8). Dead Pool holds 39.
  P1 deployed Voidling.
  P1's Void Freak was retired.
  Void Freak was sent to the Dead Pool.
  Void Freak was sent to the Dead Pool.
Turn 38 | Player: P2
                                  PCU Board P1                                  
┏━━━┳━━━━━━━━━━━━━━━━━━━━┳━━━━━━┳━━━━━━━━━━━━━━━━━━━━━━━━━━━━━━━━━━━━━━━━━━━━━━┓
┃ # ┃ Name               ┃ Wind ┃ Abilities                                    ┃
┡━━━╇━━━━━━━━━━━━━━━━━━━━╇━━━━━━╇━━━━━━━━━━━━━━━━━━━━━━━━━━━━━━━━━━━━━━━━━━━━━━┩
│ 0 │ Grim⭐✋🥩🌀       │    0 │ 0 DEFILE NATURE Remove 1 wind from any       │
│   │                    │      │ target Goon.                                 │
│ 1 │ Mutt⚙️ 🌀           │    2 │ 0 MAUL [1⟲] Add 1 wind to target Goon        │
│   │                    │      │ 1 MANS BEST FIEND [4⟲] Some or all wind      │
│   │                    │      │ applied to Krax as damage from enemy Goon    │
│   │                    │      │ ability may be applied to Mutt instead. If   │
│   │                    │      │ Krax is destroyed, Mutt is destroyed.        │
│ 2 │ Meat Vegetable🥩🌀 │    0 │ -                                            │
│ 3 │ Voidling🥩🌀       │    0 │ 0 SHOT SPOTTER [1⟲] If target takes wind as  │
│   │                    │      │ damage this turn, they do not unwind during  │
│   │                    │      │ their next unwind phase.                     │
│   │                    │      │ 1 RALLY RINGER [4⟲] Move any card from deck  │
│   │                    │      │ to hand; reshuffle deck.                     │
└───┴────────────────────┴──────┴──────────────────────────────────────────────┘
                                 NARC Board P2                                  
┏━━━━┳━━━━━━━━━━━━━━━━━━━━━━━━┳━━━━━━┳━━━━━━━━━━━━━━━━━━━━━━━━━━━━━━━━━━━━━━━━━┓
┃  # ┃ Name                   ┃ Wind ┃ Abilities                               ┃
┡━━━━╇━━━━━━━━━━━━━━━━━━━━━━━━╇━━━━━━╇━━━━━━━━━━━━━━━━━━━━━━━━━━━━━━━━━━━━━━━━━┩
│  0 │ Lokar Simmons⭐✋🥩🚨  │    0 │ 0 RESOURCEFUL [2⟲] Draw a card          │
│  1 │ Impact Simulant⚙️ 🚨    │    0 │ -                                       │
│  2 │ MediFlux-1NDS⚙️ 🚨      │    0 │ 0 DORSAL CAVITY RINSE [1⟲] Remove 1     │
│    │                        │      │ wind from target Goon.                  │
│  3 │ Sausage Droid🥩⚙️ 🚨    │    1 │ 0 PROCESS [1⟲ 1⚈] Burn 1 biological     │
│    │                        │      │ from Dead Pool to remove 1 wind from    │
│    │                        │      │ target Goon.                            │
│    │                        │      │ 1 OVERCLOCKED BURST [1⟲] Banish 1       │
│    │                        │      │ mechanical from Dead Pool to add 1 wind │
│    │                        │      │ to target Goon.                         │
│  4 │ Sausage Droid🥩⚙️ 🚨    │    0 │ 0 PROCESS [1⟲ 1⚈] Burn 1 biological     │
│    │                        │      │ from Dead Pool to remove 1 wind from    │
│    │                        │      │ target Goon.                            │
│    │                        │      │ 1 OVERCLOCKED BURST [1⟲] Banish 1       │
│    │                        │      │ mechanical from Dead Pool to add 1 wind │
│    │                        │      │ to target Goon.                         │
│  5 │ Task Mistres⚙️ 🚨       │    0 │ 0 BIDE TIME Mistrex gains Resist until  │
│    │                        │      │ beginning of Player's next turn.        │
│    │                        │      │ 1 TAZING CRACK [1⟲] Target Goon does    │
│    │                        │      │ not unwind during its next unwind.      │
│    │                        │      │ 2 DOMINATE [2⟲] Use target Goon ability │
│    │                        │      │ on a target of Player's choice. Target  │
│    │                        │      │ Goon pays wind as it would on its turn. │
│  6 │ Hover Shield⚙️ 🚨       │    0 │ 0 COVER [1⟲] Target Goon may not be     │
│    │                        │      │ targeted by enemy Goon abilities until  │
│    │                        │      │ the beginning of player's next turn.    │
│  7 │ Sausage Droid🥩⚙️ 🚨    │    0 │ 0 PROCESS [1⟲ 1⚈] Burn 1 biological     │
│    │                        │      │ from Dead Pool to remove 1 wind from    │
│    │                        │      │ target Goon.                            │
│    │                        │      │ 1 OVERCLOCKED BURST [1⟲] Banish 1       │
│    │                        │      │ mechanical from Dead Pool to add 1 wind │
│    │                        │      │ to target Goon.                         │
│  8 │ Marine Marauder🥩⚙️ 🚨  │    0 │ 0 PRECISION STRIKE [1⟲] Add 1 wind to   │
│    │                        │      │ target Goon.                            │
│    │                        │      │ 1 ORDINANCE ARRAY [3⟲] Distribute 3     │
│    │                        │      │ wind among 3 target Goons.              │
│  9 │ Compliance Auditon⚙️ 🚨 │    0 │ 0 LITIGIOUS GRIDLOCK [1⟲] Target goon   │
│    │                        │      │ does not unwind in its next unwind      │
│    │                        │      │ phase.                                  │
│ 10 │ Compliance Auditon⚙️ 🚨 │    0 │ 0 LITIGIOUS GRIDLOCK [1⟲] Target goon   │
│    │                        │      │ does not unwind in its next unwind      │
│    │                        │      │ phase.                                  │
└────┴────────────────────────┴──────┴─────────────────────────────────────────┘
Dead Pool 🥩:24 ⚙️ :7
          NARC P2 hand (7)          
┏━━━┳━━━━━━━━━━━━━━━━━━━━━━━┳━━━━━━┓
┃ # ┃ Name                  ┃ Cost ┃
┡━━━╇━━━━━━━━━━━━━━━━━━━━━━━╇━━━━━━┩
│ 0 │ Buzzkill🔶✋⚙️ 🚨      │ 5⟲   │
│ 1 │ Nob Lobber⚙️ 🚨        │ 4⟲   │
│ 2 │ Killjoy🔶✋⚙️ 🚨       │ 4⟲   │
│ 3 │ Sentry Node⚙️ 🚨       │ 4⟲   │
│ 4 │ Buzzkill🔶✋⚙️ 🚨      │ 5⟲   │
│ 5 │ Marine Marauder🥩⚙️ 🚨 │ 3⟲   │
│ 6 │ Marine Marauder🥩⚙️ 🚨 │ 3⟲   │
└───┴───────────────────────┴──────┘
Previous Turn
Turn 37 ends. P1 leaves 4 goons on the board. P1 now has 4 board / 5 hand 
(retired 16); P2 has 11 board / 6 hand (retired 8). Dead Pool holds 39.
  P1 deployed Voidling.
  P1's Void Freak was retired.
  Void Freak was sent to the Dead Pool.
  Void Freak was sent to the Dead Pool.
Turn 38 ends. P2 leaves 12 goons on the board. P1 now has 4 board / 5 hand 
(retired 16); P2 has 12 board / 6 hand (retired 8). Dead Pool holds 39.
  P2 deployed Marine Marauder.
Turn 39 | Player: P1
                                 NARC Board P2                                  
┏━━━━┳━━━━━━━━━━━━━━━━━━━━━━━━┳━━━━━━┳━━━━━━━━━━━━━━━━━━━━━━━━━━━━━━━━━━━━━━━━━┓
┃  # ┃ Name                   ┃ Wind ┃ Abilities                               ┃
┡━━━━╇━━━━━━━━━━━━━━━━━━━━━━━━╇━━━━━━╇━━━━━━━━━━━━━━━━━━━━━━━━━━━━━━━━━━━━━━━━━┩
│  0 │ Lokar Simmons⭐✋🥩🚨  │    0 │ 0 RESOURCEFUL [2⟲] Draw a card          │
│  1 │ Impact Simulant⚙️ 🚨    │    3 │ -                                       │
│  2 │ MediFlux-1NDS⚙️ 🚨      │    0 │ 0 DORSAL CAVITY RINSE [1⟲] Remove 1     │
│    │                        │      │ wind from target Goon.                  │
│  3 │ Sausage Droid🥩⚙️ 🚨    │    2 │ 0 PROCESS [1⟲ 1⚈] Burn 1 biological     │
│    │                        │      │ from Dead Pool to remove 1 wind from    │
│    │                        │      │ target Goon.                            │
│    │                        │      │ 1 OVERCLOCKED BURST [1⟲] Banish 1       │
│    │                        │      │ mechanical from Dead Pool to add 1 wind │
│    │                        │      │ to target Goon.                         │
│  4 │ Sausage Droid🥩⚙️ 🚨    │    0 │ 0 PROCESS [1⟲ 1⚈] Burn 1 biological     │
│    │                        │      │ from Dead Pool to remove 1 wind from    │
│    │                        │      │ target Goon.                            │
│    │                        │      │ 1 OVERCLOCKED BURST [1⟲] Banish 1       │
│    │                        │      │ mechanical from Dead Pool to add 1 wind │
│    │                        │      │ to target Goon.                         │
│  5 │ Task Mistres⚙️ 🚨       │    0 │ 0 BIDE TIME Mistrex gains Resist until  │
│    │                        │      │ beginning of Player's next turn.        │
│    │                        │      │ 1 TAZING CRACK [1⟲] Target Goon does    │
│    │                        │      │ not unwind during its next unwind.      │
│    │                        │      │ 2 DOMINATE [2⟲] Use target Goon ability │
│    │                        │      │ on a target of Player's choice. Target  │
│    │                        │      │ Goon pays wind as it would on its turn. │
│  6 │ Hover Shield⚙️ 🚨       │    0 │ 0 COVER [1⟲] Target Goon may not be     │
│    │                        │      │ targeted by enemy Goon abilities until  │
│    │                        │      │ the beginning of player's next turn.    │
│  7 │ Sausage Droid🥩⚙️ 🚨    │    0 │ 0 PROCESS [1⟲ 1⚈] Burn 1 biological     │
│    │                        │      │ from Dead Pool to remove 1 wind from    │
│    │                        │      │ target Goon.                            │
│    │                        │      │ 1 OVERCLOCKED BURST [1⟲] Banish 1       │
│    │                        │      │ mechanical from Dead Pool to add 1 wind │
│    │                        │      │ to target Goon.                         │
│  8 │ Marine Marauder🥩⚙️ 🚨  │    0 │ 0 PRECISION STRIKE [1⟲] Add 1 wind to   │
│    │                        │      │ target Goon.                            │
│    │                        │      │ 1 ORDINANCE ARRAY [3⟲] Distribute 3     │
│    │                        │      │ wind among 3 target Goons.              │
│  9 │ Compliance Auditon⚙️ 🚨 │    0 │ 0 LITIGIOUS GRIDLOCK [1⟲] Target goon   │
│    │                        │      │ does not unwind in its next unwind      │
│    │                        │      │ phase.                                  │
│ 10 │ Compliance Auditon⚙️ 🚨 │    0 │ 0 LITIGIOUS GRIDLOCK [1⟲] Target goon   │
│    │                        │      │ does not unwind in its next unwind      │
│    │                        │      │ phase.                                  │
│ 11 │ Marine Marauder🥩⚙️ 🚨  │    0 │ 0 PRECISION STRIKE [1⟲] Add 1 wind to   │
│    │                        │      │ target Goon.                            │
│    │                        │      │ 1 ORDINANCE ARRAY [3⟲] Distribute 3     │
│    │                        │      │ wind among 3 target Goons.              │
└────┴────────────────────────┴──────┴─────────────────────────────────────────┘
                                  PCU Board P1                                  
┏━━━┳━━━━━━━━━━━━━━━━━━━━┳━━━━━━┳━━━━━━━━━━━━━━━━━━━━━━━━━━━━━━━━━━━━━━━━━━━━━━┓
┃ # ┃ Name               ┃ Wind ┃ Abilities                                    ┃
┡━━━╇━━━━━━━━━━━━━━━━━━━━╇━━━━━━╇━━━━━━━━━━━━━━━━━━━━━━━━━━━━━━━━━━━━━━━━━━━━━━┩
│ 0 │ Grim⭐✋🥩🌀       │    0 │ 0 DEFILE NATURE Remove 1 wind from any       │
│   │                    │      │ target Goon.                                 │
│ 1 │ Mutt⚙️ 🌀           │    2 │ 0 MAUL [1⟲] Add 1 wind to target Goon        │
│   │                    │      │ 1 MANS BEST FIEND [4⟲] Some or all wind      │
│   │                    │      │ applied to Krax as damage from enemy Goon    │
│   │                    │      │ ability may be applied to Mutt instead. If   │
│   │                    │      │ Krax is destroyed, Mutt is destroyed.        │
│ 2 │ Meat Vegetable🥩🌀 │    0 │ -                                            │
│ 3 │ Voidling🥩🌀       │    0 │ 0 SHOT SPOTTER [1⟲] If target takes wind as  │
│   │                    │      │ damage this turn, they do not unwind during  │
│   │                    │      │ their next unwind phase.                     │
│   │                    │      │ 1 RALLY RINGER [4⟲] Move any card from deck  │
│   │                    │      │ to hand; reshuffle deck.                     │
└───┴────────────────────┴──────┴──────────────────────────────────────────────┘
Dead Pool 🥩:24 ⚙️ :6
         PCU P1 hand (6)          
┏━━━┳━━━━━━━━━━━━━━━━━━━━┳━━━━━━━┓
┃ # ┃ Name               ┃ Cost  ┃
┡━━━╇━━━━━━━━━━━━━━━━━━━━╇━━━━━━━┩
│ 0 │ Dragoon⚙️ 🌀        │ 6⟲    │
│ 1 │ Kriegsgheist✋🚫🌀 │ 3⛭ 3⚈ │
│ 2 │ Dragoon⚙️ 🌀        │ 6⟲    │
│ 3 │ Mutt⚙️ 🌀           │ 4⟲    │
│ 4 │ Krax🔶✋🥩🌀       │ 6⟲    │
│ 5 │ Nives⚙️ 🌀          │ 4⟲    │
└───┴────────────────────┴───────┘
Previous Turn
Turn 38 ends. P2 leaves 12 goons on the board. P1 now has 4 board / 5 hand 
(retired 16); P2 has 12 board / 6 hand (retired 8). Dead Pool holds 39.
  P2 deployed Marine Marauder.
could not pay wind
cannot deploy: requires Krax on your board
cannot deploy: requires Vex on your board
cannot deploy: requires Krax on your board
cannot deploy: requires Krax on your board
Turn 39 ends. P1 leaves 3 goons on the board. P1 now has 3 board / 5 hand 
(retired 18); P2 has 12 board / 6 hand (retired 8). Dead Pool holds 43.
  P1 deployed Krax.
  P1's Mutt was retired.
  P1's Meat Vegetable was retired.
  Mutt was sent to the Dead Pool.
  Mutt was sent to the Dead Pool.
  Meat Vegetable was sent to the Dead Pool.
  Meat Vegetable was sent to the Dead Pool.
Turn 40 | Player: P2
                                  PCU Board P1                                  
┏━━━┳━━━━━━━━━━━━━━┳━━━━━━┳━━━━━━━━━━━━━━━━━━━━━━━━━━━━━━━━━━━━━━━━━━━━━━━━━━━━┓
┃ # ┃ Name         ┃ Wind ┃ Abilities                                          ┃
┡━━━╇━━━━━━━━━━━━━━╇━━━━━━╇━━━━━━━━━━━━━━━━━━━━━━━━━━━━━━━━━━━━━━━━━━━━━━━━━━━━┩
│ 0 │ Grim⭐✋🥩🌀 │    1 │ 0 DEFILE NATURE Remove 1 wind from any target      │
│   │              │      │ Goon.                                              │
│ 1 │ Voidling🥩🌀 │    0 │ 0 SHOT SPOTTER [1⟲] If target takes wind as damage │
│   │              │      │ this turn, they do not unwind during their next    │
│   │              │      │ unwind phase.                                      │
│   │              │      │ 1 RALLY RINGER [4⟲] Move any card from deck to     │
│   │              │      │ hand; reshuffle deck.                              │
│ 2 │ Krax🔶✋🥩🌀 │    0 │ 0 BASH IN SKULL [1⟲] Add 2 wind to target Goon     │
│   │              │      │ 1 CHAIN REACTION If BASH IN SKULL destroys a Goon, │
│   │              │      │ Krax may add 2 wind to another target Goon. This   │
│   │              │      │ may chain as long as it is able.                   │
└───┴──────────────┴──────┴────────────────────────────────────────────────────┘
                                 NARC Board P2                                  
┏━━━━┳━━━━━━━━━━━━━━━━━━━━━━━━┳━━━━━━┳━━━━━━━━━━━━━━━━━━━━━━━━━━━━━━━━━━━━━━━━━┓
┃  # ┃ Name                   ┃ Wind ┃ Abilities                               ┃
┡━━━━╇━━━━━━━━━━━━━━━━━━━━━━━━╇━━━━━━╇━━━━━━━━━━━━━━━━━━━━━━━━━━━━━━━━━━━━━━━━━┩
│  0 │ Lokar Simmons⭐✋🥩🚨  │    0 │ 0 RESOURCEFUL [2⟲] Draw a card          │
│  1 │ Impact Simulant⚙️ 🚨    │    2 │ -                                       │
│  2 │ MediFlux-1NDS⚙️ 🚨      │    0 │ 0 DORSAL CAVITY RINSE [1⟲] Remove 1     │
│    │                        │      │ wind from target Goon.                  │
│  3 │ Sausage Droid🥩⚙️ 🚨    │    1 │ 0 PROCESS [1⟲ 1⚈] Burn 1 biological     │
│    │                        │      │ from Dead Pool to remove 1 wind from    │
│    │                        │      │ target Goon.                            │
│    │                        │      │ 1 OVERCLOCKED BURST [1⟲] Banish 1       │
│    │                        │      │ mechanical from Dead Pool to add 1 wind │
│    │                        │      │ to target Goon.                         │
│  4 │ Sausage Droid🥩⚙️ 🚨    │    0 │ 0 PROCESS [1⟲ 1⚈] Burn 1 biological     │
│    │                        │      │ from Dead Pool to remove 1 wind from    │
│    │                        │      │ target Goon.                            │
│    │                        │      │ 1 OVERCLOCKED BURST [1⟲] Banish 1       │
│    │                        │      │ mechanical from Dead Pool to add 1 wind │
│    │                        │      │ to target Goon.                         │
│  5 │ Task Mistres⚙️ 🚨       │    0 │ 0 BIDE TIME Mistrex gains Resist until  │
│    │                        │      │ beginning of Player's next turn.        │
│    │                        │      │ 1 TAZING CRACK [1⟲] Target Goon does    │
│    │                        │      │ not unwind during its next unwind.      │
│    │                        │      │ 2 DOMINATE [2⟲] Use target Goon ability │
│    │                        │      │ on a target of Player's choice. Target  │
│    │                        │      │ Goon pays wind as it would on its turn. │
│  6 │ Hover Shield⚙️ 🚨       │    0 │ 0 COVER [1⟲] Target Goon may not be     │
│    │                        │      │ targeted by enemy Goon abilities until  │
│    │                        │      │ the beginning of player's next turn.    │
│  7 │ Sausage Droid🥩⚙️ 🚨    │    0 │ 0 PROCESS [1⟲ 1⚈] Burn 1 biological     │
│    │                        │      │ from Dead Pool to remove 1 wind from    │
│    │                        │      │ target Goon.                            │
│    │                        │      │ 1 OVERCLOCKED BURST [1⟲] Banish 1       │
│    │                        │      │ mechanical from Dead Pool to add 1 wind │
│    │                        │      │ to target Goon.                         │
│  8 │ Marine Marauder🥩⚙️ 🚨  │    0 │ 0 PRECISION STRIKE [1⟲] Add 1 wind to   │
│    │                        │      │ target Goon.                            │
│    │                        │      │ 1 ORDINANCE ARRAY [3⟲] Distribute 3     │
│    │                        │      │ wind among 3 target Goons.              │
│  9 │ Compliance Auditon⚙️ 🚨 │    0 │ 0 LITIGIOUS GRIDLOCK [1⟲] Target goon   │
│    │                        │      │ does not unwind in its next unwind      │
│    │                        │      │ phase.                                  │
│ 10 │ Compliance Auditon⚙️ 🚨 │    0 │ 0 LITIGIOUS GRIDLOCK [1⟲] Target goon   │
│    │                        │      │ does not unwind in its next unwind      │
│    │                        │      │ phase.                                  │
│ 11 │ Marine Marauder🥩⚙️ 🚨  │    0 │ 0 PRECISION STRIKE [1⟲] Add 1 wind to   │
│    │                        │      │ target Goon.                            │
│    │                        │      │ 1 ORDINANCE ARRAY [3⟲] Distribute 3     │
│    │                        │      │ wind among 3 target Goons.              │
└────┴────────────────────────┴──────┴─────────────────────────────────────────┘
Dead Pool 🥩:26 ⚙️ :8
          NARC P2 hand (7)          
┏━━━┳━━━━━━━━━━━━━━━━━━━━━━━┳━━━━━━┓
┃ # ┃ Name                  ┃ Cost ┃
┡━━━╇━━━━━━━━━━━━━━━━━━━━━━━╇━━━━━━┩
│ 0 │ Buzzkill🔶✋⚙️ 🚨      │ 5⟲   │
│ 1 │ Nob Lobber⚙️ 🚨        │ 4⟲   │
│ 2 │ Killjoy🔶✋⚙️ 🚨       │ 4⟲   │
│ 3 │ Sentry Node⚙️ 🚨       │ 4⟲   │
│ 4 │ Buzzkill🔶✋⚙️ 🚨      │ 5⟲   │
│ 5 │ Marine Marauder🥩⚙️ 🚨 │ 3⟲   │
│ 6 │ Nob Lobber⚙️ 🚨        │ 4⟲   │
└───┴───────────────────────┴──────┘
Previous Turn
Turn 39 ends. P1 leaves 3 goons on the board. P1 now has 3 board / 5 hand 
(retired 18); P2 has 12 board / 6 hand (retired 8). Dead Pool holds 43.
  P1 deployed Krax.
  P1's Mutt was retired.
  P1's Meat Vegetable was retired.
  Mutt was sent to the Dead Pool.
  Mutt was sent to the Dead Pool.
  Meat Vegetable was sent to the Dead Pool.
  Meat Vegetable was sent to the Dead Pool.
Turn 40 ends. P2 leaves 12 goons on the board. P1 now has 3 board / 5 hand 
(retired 18); P2 has 12 board / 6 hand (retired 9). Dead Pool holds 45.
  P2 deployed Marine Marauder.
  P2's Impact Simulant was retired.
  Impact Simulant was sent to the Dead Pool.
  Impact Simulant was sent to the Dead Pool.
Turn 41 | Player: P1
                                 NARC Board P2                                  
┏━━━━┳━━━━━━━━━━━━━━━━━━━━━━━━┳━━━━━━┳━━━━━━━━━━━━━━━━━━━━━━━━━━━━━━━━━━━━━━━━━┓
┃  # ┃ Name                   ┃ Wind ┃ Abilities                               ┃
┡━━━━╇━━━━━━━━━━━━━━━━━━━━━━━━╇━━━━━━╇━━━━━━━━━━━━━━━━━━━━━━━━━━━━━━━━━━━━━━━━━┩
│  0 │ Lokar Simmons⭐✋🥩🚨  │    0 │ 0 RESOURCEFUL [2⟲] Draw a card          │
│  1 │ MediFlux-1NDS⚙️ 🚨      │    1 │ 0 DORSAL CAVITY RINSE [1⟲] Remove 1     │
│    │                        │      │ wind from target Goon.                  │
│  2 │ Sausage Droid🥩⚙️ 🚨    │    2 │ 0 PROCESS [1⟲ 1⚈] Burn 1 biological     │
│    │                        │      │ from Dead Pool to remove 1 wind from    │
│    │                        │      │ target Goon.                            │
│    │                        │      │ 1 OVERCLOCKED BURST [1⟲] Banish 1       │
│    │                        │      │ mechanical from Dead Pool to add 1 wind │
│    │                        │      │ to target Goon.                         │
│  3 │ Sausage Droid🥩⚙️ 🚨    │    0 │ 0 PROCESS [1⟲ 1⚈] Burn 1 biological     │
│    │                        │      │ from Dead Pool to remove 1 wind from    │
│    │                        │      │ target Goon.                            │
│    │                        │      │ 1 OVERCLOCKED BURST [1⟲] Banish 1       │
│    │                        │      │ mechanical from Dead Pool to add 1 wind │
│    │                        │      │ to target Goon.                         │
│  4 │ Task Mistres⚙️ 🚨       │    0 │ 0 BIDE TIME Mistrex gains Resist until  │
│    │                        │      │ beginning of Player's next turn.        │
│    │                        │      │ 1 TAZING CRACK [1⟲] Target Goon does    │
│    │                        │      │ not unwind during its next unwind.      │
│    │                        │      │ 2 DOMINATE [2⟲] Use target Goon ability │
│    │                        │      │ on a target of Player's choice. Target  │
│    │                        │      │ Goon pays wind as it would on its turn. │
│  5 │ Hover Shield⚙️ 🚨       │    0 │ 0 COVER [1⟲] Target Goon may not be     │
│    │                        │      │ targeted by enemy Goon abilities until  │
│    │                        │      │ the beginning of player's next turn.    │
│  6 │ Sausage Droid🥩⚙️ 🚨    │    0 │ 0 PROCESS [1⟲ 1⚈] Burn 1 biological     │
│    │                        │      │ from Dead Pool to remove 1 wind from    │
│    │                        │      │ target Goon.                            │
│    │                        │      │ 1 OVERCLOCKED BURST [1⟲] Banish 1       │
│    │                        │      │ mechanical from Dead Pool to add 1 wind │
│    │                        │      │ to target Goon.                         │
│  7 │ Marine Marauder🥩⚙️ 🚨  │    0 │ 0 PRECISION STRIKE [1⟲] Add 1 wind to   │
│    │                        │      │ target Goon.                            │
│    │                        │      │ 1 ORDINANCE ARRAY [3⟲] Distribute 3     │
│    │                        │      │ wind among 3 target Goons.              │
│  8 │ Compliance Auditon⚙️ 🚨 │    0 │ 0 LITIGIOUS GRIDLOCK [1⟲] Target goon   │
│    │                        │      │ does not unwind in its next unwind      │
│    │                        │      │ phase.                                  │
│  9 │ Compliance Auditon⚙️ 🚨 │    0 │ 0 LITIGIOUS GRIDLOCK [1⟲] Target goon   │
│    │                        │      │ does not unwind in its next unwind      │
│    │                        │      │ phase.                                  │
│ 10 │ Marine Marauder🥩⚙️ 🚨  │    0 │ 0 PRECISION STRIKE [1⟲] Add 1 wind to   │
│    │                        │      │ target Goon.                            │
│    │                        │      │ 1 ORDINANCE ARRAY [3⟲] Distribute 3     │
│    │                        │      │ wind among 3 target Goons.              │
│ 11 │ Marine Marauder🥩⚙️ 🚨  │    0 │ 0 PRECISION STRIKE [1⟲] Add 1 wind to   │
│    │                        │      │ target Goon.                            │
│    │                        │      │ 1 ORDINANCE ARRAY [3⟲] Distribute 3     │
│    │                        │      │ wind among 3 target Goons.              │
└────┴────────────────────────┴──────┴─────────────────────────────────────────┘
                                  PCU Board P1                                  
┏━━━┳━━━━━━━━━━━━━━┳━━━━━━┳━━━━━━━━━━━━━━━━━━━━━━━━━━━━━━━━━━━━━━━━━━━━━━━━━━━━┓
┃ # ┃ Name         ┃ Wind ┃ Abilities                                          ┃
┡━━━╇━━━━━━━━━━━━━━╇━━━━━━╇━━━━━━━━━━━━━━━━━━━━━━━━━━━━━━━━━━━━━━━━━━━━━━━━━━━━┩
│ 0 │ Grim⭐✋🥩🌀 │    0 │ 0 DEFILE NATURE Remove 1 wind from any target      │
│   │              │      │ Goon.                                              │
│ 1 │ Voidling🥩🌀 │    0 │ 0 SHOT SPOTTER [1⟲] If target takes wind as damage │
│   │              │      │ this turn, they do not unwind during their next    │
│   │              │      │ unwind phase.                                      │
│   │              │      │ 1 RALLY RINGER [4⟲] Move any card from deck to     │
│   │              │      │ hand; reshuffle deck.                              │
│ 2 │ Krax🔶✋🥩🌀 │    0 │ 0 BASH IN SKULL [1⟲] Add 2 wind to target Goon     │
│   │              │      │ 1 CHAIN REACTION If BASH IN SKULL destroys a Goon, │
│   │              │      │ Krax may add 2 wind to another target Goon. This   │
│   │              │      │ may chain as long as it is able.                   │
└───┴──────────────┴──────┴────────────────────────────────────────────────────┘
Dead Pool 🥩:26 ⚙️ :9
         PCU P1 hand (6)          
┏━━━┳━━━━━━━━━━━━━━━━━━━━┳━━━━━━━┓
┃ # ┃ Name               ┃ Cost  ┃
┡━━━╇━━━━━━━━━━━━━━━━━━━━╇━━━━━━━┩
│ 0 │ Dragoon⚙️ 🌀        │ 6⟲    │
│ 1 │ Kriegsgheist✋🚫🌀 │ 3⛭ 3⚈ │
│ 2 │ Dragoon⚙️ 🌀        │ 6⟲    │
│ 3 │ Mutt⚙️ 🌀           │ 4⟲    │
│ 4 │ Nives⚙️ 🌀          │ 4⟲    │
│ 5 │ Käsekobold🥩🌀     │ 2⟲    │
└───┴────────────────────┴───────┘
Previous Turn
Turn 40 ends. P2 leaves 12 goons on the board. P1 now has 3 board / 5 hand 
(retired 18); P2 has 12 board / 6 hand (retired 9). Dead Pool holds 45.
  P2 deployed Marine Marauder.
  P2's Impact Simulant was retired.
  Impact Simulant was sent to the Dead Pool.
  Impact Simulant was sent to the Dead Pool.
could not pay wind
Turn 41 ends. P1 leaves 4 goons on the board. P1 now has 4 board / 5 hand 
(retired 18); P2 has 11 board / 6 hand (retired 10). Dead Pool holds 46.
  P1 deployed Käsekobold.
  Opponent (P2)'s Sausage Droid was retired.
  Sausage Droid was sent to the Dead Pool.
Turn 42 | Player: P2
                                  PCU Board P1                                  
┏━━━┳━━━━━━━━━━━━━━━━┳━━━━━━┳━━━━━━━━━━━━━━━━━━━━━━━━━━━━━━━━━━━━━━━━━━━━━━━━━━┓
┃ # ┃ Name           ┃ Wind ┃ Abilities                                        ┃
┡━━━╇━━━━━━━━━━━━━━━━╇━━━━━━╇━━━━━━━━━━━━━━━━━━━━━━━━━━━━━━━━━━━━━━━━━━━━━━━━━━┩
│ 0 │ Grim⭐✋🥩🌀   │    0 │ 0 DEFILE NATURE Remove 1 wind from any target    │
│   │                │      │ Goon.                                            │
│ 1 │ Voidling🥩🌀   │    2 │ 0 SHOT SPOTTER [1⟲] If target takes wind as      │
│   │                │      │ damage this turn, they do not unwind during      │
│   │                │      │ their next unwind phase.                         │
│   │                │      │ 1 RALLY RINGER [4⟲] Move any card from deck to   │
│   │                │      │ hand; reshuffle deck.                            │
│ 2 │ Krax🔶✋🥩🌀   │    1 │ 0 BASH IN SKULL [1⟲] Add 2 wind to target Goon   │
│   │                │      │ 1 CHAIN REACTION If BASH IN SKULL destroys a     │
│   │                │      │ Goon, Krax may add 2 wind to another target      │
│   │                │      │ Goon. This may chain as long as it is able.      │
│ 3 │ Käsekobold🥩🌀 │    1 │ 0 ADD NAUSEAM [1⟲] Add 1 wind to target Goon     │
│   │                │      │ 1 REVOLT Add 1 wind to any Goon who targets      │
│   │                │      │ Käsekobold with ability                          │
└───┴────────────────┴──────┴──────────────────────────────────────────────────┘
                                 NARC Board P2                                  
┏━━━━┳━━━━━━━━━━━━━━━━━━━━━━━━┳━━━━━━┳━━━━━━━━━━━━━━━━━━━━━━━━━━━━━━━━━━━━━━━━━┓
┃  # ┃ Name                   ┃ Wind ┃ Abilities                               ┃
┡━━━━╇━━━━━━━━━━━━━━━━━━━━━━━━╇━━━━━━╇━━━━━━━━━━━━━━━━━━━━━━━━━━━━━━━━━━━━━━━━━┩
│  0 │ Lokar Simmons⭐✋🥩🚨  │    0 │ 0 RESOURCEFUL [2⟲] Draw a card          │
│  1 │ MediFlux-1NDS⚙️ 🚨      │    0 │ 0 DORSAL CAVITY RINSE [1⟲] Remove 1     │
│    │                        │      │ wind from target Goon.                  │
│  2 │ Sausage Droid🥩⚙️ 🚨    │    0 │ 0 PROCESS [1⟲ 1⚈] Burn 1 biological     │
│    │                        │      │ from Dead Pool to remove 1 wind from    │
│    │                        │      │ target Goon.                            │
│    │                        │      │ 1 OVERCLOCKED BURST [1⟲] Banish 1       │
│    │                        │      │ mechanical from Dead Pool to add 1 wind │
│    │                        │      │ to target Goon.                         │
│  3 │ Task Mistres⚙️ 🚨       │    0 │ 0 BIDE TIME Mistrex gains Resist until  │
│    │                        │      │ beginning of Player's next turn.        │
│    │                        │      │ 1 TAZING CRACK [1⟲] Target Goon does    │
│    │                        │      │ not unwind during its next unwind.      │
│    │                        │      │ 2 DOMINATE [2⟲] Use target Goon ability │
│    │                        │      │ on a target of Player's choice. Target  │
│    │                        │      │ Goon pays wind as it would on its turn. │
│  4 │ Hover Shield⚙️ 🚨       │    0 │ 0 COVER [1⟲] Target Goon may not be     │
│    │                        │      │ targeted by enemy Goon abilities until  │
│    │                        │      │ the beginning of player's next turn.    │
│  5 │ Sausage Droid🥩⚙️ 🚨    │    0 │ 0 PROCESS [1⟲ 1⚈] Burn 1 biological     │
│    │                        │      │ from Dead Pool to remove 1 wind from    │
│    │                        │      │ target Goon.                            │
│    │                        │      │ 1 OVERCLOCKED BURST [1⟲] Banish 1       │
│    │                        │      │ mechanical from Dead Pool to add 1 wind │
│    │                        │      │ to target Goon.                         │
│  6 │ Marine Marauder🥩⚙️ 🚨  │    0 │ 0 PRECISION STRIKE [1⟲] Add 1 wind to   │
│    │                        │      │ target Goon.                            │
│    │                        │      │ 1 ORDINANCE ARRAY [3⟲] Distribute 3     │
│    │                        │      │ wind among 3 target Goons.              │
│  7 │ Compliance Auditon⚙️ 🚨 │    0 │ 0 LITIGIOUS GRIDLOCK [1⟲] Target goon   │
│    │                        │      │ does not unwind in its next unwind      │
│    │                        │      │ phase.                                  │
│  8 │ Compliance Auditon⚙️ 🚨 │    0 │ 0 LITIGIOUS GRIDLOCK [1⟲] Target goon   │
│    │                        │      │ does not unwind in its next unwind      │
│    │                        │      │ phase.                                  │
│  9 │ Marine Marauder🥩⚙️ 🚨  │    0 │ 0 PRECISION STRIKE [1⟲] Add 1 wind to   │
│    │                        │      │ target Goon.                            │
│    │                        │      │ 1 ORDINANCE ARRAY [3⟲] Distribute 3     │
│    │                        │      │ wind among 3 target Goons.              │
│ 10 │ Marine Marauder🥩⚙️ 🚨  │    0 │ 0 PRECISION STRIKE [1⟲] Add 1 wind to   │
│    │                        │      │ target Goon.                            │
│    │                        │      │ 1 ORDINANCE ARRAY [3⟲] Distribute 3     │
│    │                        │      │ wind among 3 target Goons.              │
└────┴────────────────────────┴──────┴─────────────────────────────────────────┘
Dead Pool 🥩:27 ⚙️ :10
       NARC P2 hand (7)        
┏━━━┳━━━━━━━━━━━━━━━━━━┳━━━━━━┓
┃ # ┃ Name             ┃ Cost ┃
┡━━━╇━━━━━━━━━━━━━━━━━━╇━━━━━━┩
│ 0 │ Buzzkill🔶✋⚙️ 🚨 │ 5⟲   │
│ 1 │ Nob Lobber⚙️ 🚨   │ 4⟲   │
│ 2 │ Killjoy🔶✋⚙️ 🚨  │ 4⟲   │
│ 3 │ Sentry Node⚙️ 🚨  │ 4⟲   │
│ 4 │ Buzzkill🔶✋⚙️ 🚨 │ 5⟲   │
│ 5 │ Nob Lobber⚙️ 🚨   │ 4⟲   │
│ 6 │ Sentry Node⚙️ 🚨  │ 4⟲   │
└───┴──────────────────┴──────┘
Previous Turn
Turn 41 ends. P1 leaves 4 goons on the board. P1 now has 4 board / 5 hand 
(retired 18); P2 has 11 board / 6 hand (retired 10). Dead Pool holds 46.
  P1 deployed Käsekobold.
  Opponent (P2)'s Sausage Droid was retired.
  Sausage Droid was sent to the Dead Pool.
Turn 42 ends. P2 leaves 11 goons on the board. P1 now has 4 board / 5 hand 
(retired 18); P2 has 11 board / 6 hand (retired 11). Dead Pool holds 48.
  P2 deployed Nob Lobber.
  P2's MediFlux-1NDS was retired.
  MediFlux-1NDS was sent to the Dead Pool.
  MediFlux-1NDS was sent to the Dead Pool.
Turn 43 | Player: P1
                                 NARC Board P2                                  
┏━━━━┳━━━━━━━━━━━━━━━━━━━━━━━━┳━━━━━━┳━━━━━━━━━━━━━━━━━━━━━━━━━━━━━━━━━━━━━━━━━┓
┃  # ┃ Name                   ┃ Wind ┃ Abilities                               ┃
┡━━━━╇━━━━━━━━━━━━━━━━━━━━━━━━╇━━━━━━╇━━━━━━━━━━━━━━━━━━━━━━━━━━━━━━━━━━━━━━━━━┩
│  0 │ Lokar Simmons⭐✋🥩🚨  │    0 │ 0 RESOURCEFUL [2⟲] Draw a card          │
│  1 │ Sausage Droid🥩⚙️ 🚨    │    1 │ 0 PROCESS [1⟲ 1⚈] Burn 1 biological     │
│    │                        │      │ from Dead Pool to remove 1 wind from    │
│    │                        │      │ target Goon.                            │
│    │                        │      │ 1 OVERCLOCKED BURST [1⟲] Banish 1       │
│    │                        │      │ mechanical from Dead Pool to add 1 wind │
│    │                        │      │ to target Goon.                         │
│  2 │ Task Mistres⚙️ 🚨       │    0 │ 0 BIDE TIME Mistrex gains Resist until  │
│    │                        │      │ beginning of Player's next turn.        │
│    │                        │      │ 1 TAZING CRACK [1⟲] Target Goon does    │
│    │                        │      │ not unwind during its next unwind.      │
│    │                        │      │ 2 DOMINATE [2⟲] Use target Goon ability │
│    │                        │      │ on a target of Player's choice. Target  │
│    │                        │      │ Goon pays wind as it would on its turn. │
│  3 │ Hover Shield⚙️ 🚨       │    0 │ 0 COVER [1⟲] Target Goon may not be     │
│    │                        │      │ targeted by enemy Goon abilities until  │
│    │                        │      │ the beginning of player's next turn.    │
│  4 │ Sausage Droid🥩⚙️ 🚨    │    0 │ 0 PROCESS [1⟲ 1⚈] Burn 1 biological     │
│    │                        │      │ from Dead Pool to remove 1 wind from    │
│    │                        │      │ target Goon.                            │
│    │                        │      │ 1 OVERCLOCKED BURST [1⟲] Banish 1       │
│    │                        │      │ mechanical from Dead Pool to add 1 wind │
│    │                        │      │ to target Goon.                         │
│  5 │ Marine Marauder🥩⚙️ 🚨  │    0 │ 0 PRECISION STRIKE [1⟲] Add 1 wind to   │
│    │                        │      │ target Goon.                            │
│    │                        │      │ 1 ORDINANCE ARRAY [3⟲] Distribute 3     │
│    │                        │      │ wind among 3 target Goons.              │
│  6 │ Compliance Auditon⚙️ 🚨 │    0 │ 0 LITIGIOUS GRIDLOCK [1⟲] Target goon   │
│    │                        │      │ does not unwind in its next unwind      │
│    │                        │      │ phase.                                  │
│  7 │ Compliance Auditon⚙️ 🚨 │    0 │ 0 LITIGIOUS GRIDLOCK [1⟲] Target goon   │
│    │                        │      │ does not unwind in its next unwind      │
│    │                        │      │ phase.                                  │
│  8 │ Marine Marauder🥩⚙️ 🚨  │    0 │ 0 PRECISION STRIKE [1⟲] Add 1 wind to   │
│    │                        │      │ target Goon.                            │
│    │                        │      │ 1 ORDINANCE ARRAY [3⟲] Distribute 3     │
│    │                        │      │ wind among 3 target Goons.              │
│  9 │ Marine Marauder🥩⚙️ 🚨  │    0 │ 0 PRECISION STRIKE [1⟲] Add 1 wind to   │
│    │                        │      │ target Goon.                            │
│    │                        │      │ 1 ORDINANCE ARRAY [3⟲] Distribute 3     │
│    │                        │      │ wind among 3 target Goons.              │
│ 10 │ Nob Lobber⚙️ 🚨         │    0 │ 0 SCATTER LOAD [1⟲] Add 1 wind to 2     │
│    │                        │      │ target Goons.                           │
│    │                        │      │ 1 GOON BUSTER [3⟲] Add 1 wind to target │
│    │                        │      │ Goon.                                   │
└────┴────────────────────────┴──────┴─────────────────────────────────────────┘
                                  PCU Board P1                                  
┏━━━┳━━━━━━━━━━━━━━━━┳━━━━━━┳━━━━━━━━━━━━━━━━━━━━━━━━━━━━━━━━━━━━━━━━━━━━━━━━━━┓
┃ # ┃ Name           ┃ Wind ┃ Abilities                                        ┃
┡━━━╇━━━━━━━━━━━━━━━━╇━━━━━━╇━━━━━━━━━━━━━━━━━━━━━━━━━━━━━━━━━━━━━━━━━━━━━━━━━━┩
│ 0 │ Grim⭐✋🥩🌀   │    0 │ 0 DEFILE NATURE Remove 1 wind from any target    │
│   │                │      │ Goon.                                            │
│ 1 │ Voidling🥩🌀   │    2 │ 0 SHOT SPOTTER [1⟲] If target takes wind as      │
│   │                │      │ damage this turn, they do not unwind during      │
│   │                │      │ their next unwind phase.                         │
│   │                │      │ 1 RALLY RINGER [4⟲] Move any card from deck to   │
│   │                │      │ hand; reshuffle deck.                            │
│ 2 │ Krax🔶✋🥩🌀   │    0 │ 0 BASH IN SKULL [1⟲] Add 2 wind to target Goon   │
│   │                │      │ 1 CHAIN REACTION If BASH IN SKULL destroys a     │
│   │                │      │ Goon, Krax may add 2 wind to another target      │
│   │                │      │ Goon. This may chain as long as it is able.      │
│ 3 │ Käsekobold🥩🌀 │    0 │ 0 ADD NAUSEAM [1⟲] Add 1 wind to target Goon     │
│   │                │      │ 1 REVOLT Add 1 wind to any Goon who targets      │
│   │                │      │ Käsekobold with ability                          │
└───┴────────────────┴──────┴──────────────────────────────────────────────────┘
Dead Pool 🥩:27 ⚙️ :11
         PCU P1 hand (6)          
┏━━━┳━━━━━━━━━━━━━━━━━━━━┳━━━━━━━┓
┃ # ┃ Name               ┃ Cost  ┃
┡━━━╇━━━━━━━━━━━━━━━━━━━━╇━━━━━━━┩
│ 0 │ Dragoon⚙️ 🌀        │ 6⟲    │
│ 1 │ Kriegsgheist✋🚫🌀 │ 3⛭ 3⚈ │
│ 2 │ Dragoon⚙️ 🌀        │ 6⟲    │
│ 3 │ Mutt⚙️ 🌀           │ 4⟲    │
│ 4 │ Nives⚙️ 🌀          │ 4⟲    │
│ 5 │ Vex🔶✋🥩🌀        │ 4⟲    │
└───┴────────────────────┴───────┘
Previous Turn
Turn 42 ends. P2 leaves 11 goons on the board. P1 now has 4 board / 5 hand 
(retired 18); P2 has 11 board / 6 hand (retired 11). Dead Pool holds 48.
  P2 deployed Nob Lobber.
  P2's MediFlux-1NDS was retired.
  MediFlux-1NDS was sent to the Dead Pool.
  MediFlux-1NDS was sent to the Dead Pool.
could not pay wind
Turn 43 ends. P1 leaves 4 goons on the board. P1 now has 4 board / 5 hand 
(retired 19); P2 has 11 board / 6 hand (retired 11). Dead Pool holds 50.
  P1 deployed Mutt.
  P1's Voidling was retired.
  Voidling was sent to the Dead Pool.
  Voidling was sent to the Dead Pool.
Turn 44 | Player: P2
                                  PCU Board P1                                  
┏━━━┳━━━━━━━━━━━━━━━━┳━━━━━━┳━━━━━━━━━━━━━━━━━━━━━━━━━━━━━━━━━━━━━━━━━━━━━━━━━━┓
┃ # ┃ Name           ┃ Wind ┃ Abilities                                        ┃
┡━━━╇━━━━━━━━━━━━━━━━╇━━━━━━╇━━━━━━━━━━━━━━━━━━━━━━━━━━━━━━━━━━━━━━━━━━━━━━━━━━┩
│ 0 │ Grim⭐✋🥩🌀   │    0 │ 0 DEFILE NATURE Remove 1 wind from any target    │
│   │                │      │ Goon.                                            │
│ 1 │ Krax🔶✋🥩🌀   │    3 │ 0 BASH IN SKULL [1⟲] Add 2 wind to target Goon   │
│   │                │      │ 1 CHAIN REACTION If BASH IN SKULL destroys a     │
│   │                │      │ Goon, Krax may add 2 wind to another target      │
│   │                │      │ Goon. This may chain as long as it is able.      │
│ 2 │ Käsekobold🥩🌀 │    0 │ 0 ADD NAUSEAM [1⟲] Add 1 wind to target Goon     │
│   │                │      │ 1 REVOLT Add 1 wind to any Goon who targets      │
│   │                │      │ Käsekobold with ability                          │
│ 3 │ Mutt⚙️ 🌀       │    0 │ 0 MAUL [1⟲] Add 1 wind to target Goon            │
│   │                │      │ 1 MANS BEST FIEND [4⟲] Some or all wind applied  │
│   │                │      │ to Krax as damage from enemy Goon ability may be │
│   │                │      │ applied to Mutt instead. If Krax is destroyed,   │
│   │                │      │ Mutt is destroyed.                               │
└───┴────────────────┴──────┴──────────────────────────────────────────────────┘
                                 NARC Board P2                                  
┏━━━━┳━━━━━━━━━━━━━━━━━━━━━━━━┳━━━━━━┳━━━━━━━━━━━━━━━━━━━━━━━━━━━━━━━━━━━━━━━━━┓
┃  # ┃ Name                   ┃ Wind ┃ Abilities                               ┃
┡━━━━╇━━━━━━━━━━━━━━━━━━━━━━━━╇━━━━━━╇━━━━━━━━━━━━━━━━━━━━━━━━━━━━━━━━━━━━━━━━━┩
│  0 │ Lokar Simmons⭐✋🥩🚨  │    0 │ 0 RESOURCEFUL [2⟲] Draw a card          │
│  1 │ Sausage Droid🥩⚙️ 🚨    │    2 │ 0 PROCESS [1⟲ 1⚈] Burn 1 biological     │
│    │                        │      │ from Dead Pool to remove 1 wind from    │
│    │                        │      │ target Goon.                            │
│    │                        │      │ 1 OVERCLOCKED BURST [1⟲] Banish 1       │
│    │                        │      │ mechanical from Dead Pool to add 1 wind │
│    │                        │      │ to target Goon.                         │
│  2 │ Task Mistres⚙️ 🚨       │    0 │ 0 BIDE TIME Mistrex gains Resist until  │
│    │                        │      │ beginning of Player's next turn.        │
│    │                        │      │ 1 TAZING CRACK [1⟲] Target Goon does    │
│    │                        │      │ not unwind during its next unwind.      │
│    │                        │      │ 2 DOMINATE [2⟲] Use target Goon ability │
│    │                        │      │ on a target of Player's choice. Target  │
│    │                        │      │ Goon pays wind as it would on its turn. │
│  3 │ Hover Shield⚙️ 🚨       │    0 │ 0 COVER [1⟲] Target Goon may not be     │
│    │                        │      │ targeted by enemy Goon abilities until  │
│    │                        │      │ the beginning of player's next turn.    │
│  4 │ Sausage Droid🥩⚙️ 🚨    │    0 │ 0 PROCESS [1⟲ 1⚈] Burn 1 biological     │
│    │                        │      │ from Dead Pool to remove 1 wind from    │
│    │                        │      │ target Goon.                            │
│    │                        │      │ 1 OVERCLOCKED BURST [1⟲] Banish 1       │
│    │                        │      │ mechanical from Dead Pool to add 1 wind │
│    │                        │      │ to target Goon.                         │
│  5 │ Marine Marauder🥩⚙️ 🚨  │    0 │ 0 PRECISION STRIKE [1⟲] Add 1 wind to   │
│    │                        │      │ target Goon.                            │
│    │                        │      │ 1 ORDINANCE ARRAY [3⟲] Distribute 3     │
│    │                        │      │ wind among 3 target Goons.              │
│  6 │ Compliance Auditon⚙️ 🚨 │    0 │ 0 LITIGIOUS GRIDLOCK [1⟲] Target goon   │
│    │                        │      │ does not unwind in its next unwind      │
│    │                        │      │ phase.                                  │
│  7 │ Compliance Auditon⚙️ 🚨 │    0 │ 0 LITIGIOUS GRIDLOCK [1⟲] Target goon   │
│    │                        │      │ does not unwind in its next unwind      │
│    │                        │      │ phase.                                  │
│  8 │ Marine Marauder🥩⚙️ 🚨  │    0 │ 0 PRECISION STRIKE [1⟲] Add 1 wind to   │
│    │                        │      │ target Goon.                            │
│    │                        │      │ 1 ORDINANCE ARRAY [3⟲] Distribute 3     │
│    │                        │      │ wind among 3 target Goons.              │
│  9 │ Marine Marauder🥩⚙️ 🚨  │    0 │ 0 PRECISION STRIKE [1⟲] Add 1 wind to   │
│    │                        │      │ target Goon.                            │
│    │                        │      │ 1 ORDINANCE ARRAY [3⟲] Distribute 3     │
│    │                        │      │ wind among 3 target Goons.              │
│ 10 │ Nob Lobber⚙️ 🚨         │    0 │ 0 SCATTER LOAD [1⟲] Add 1 wind to 2     │
│    │                        │      │ target Goons.                           │
│    │                        │      │ 1 GOON BUSTER [3⟲] Add 1 wind to target │
│    │                        │      │ Goon.                                   │
└────┴────────────────────────┴──────┴─────────────────────────────────────────┘
Dead Pool 🥩:29 ⚙️ :11
         NARC P2 hand (7)         
┏━━━┳━━━━━━━━━━━━━━━━━━━━━┳━━━━━━┓
┃ # ┃ Name                ┃ Cost ┃
┡━━━╇━━━━━━━━━━━━━━━━━━━━━╇━━━━━━┩
│ 0 │ Buzzkill🔶✋⚙️ 🚨    │ 5⟲   │
│ 1 │ Killjoy🔶✋⚙️ 🚨     │ 4⟲   │
│ 2 │ Sentry Node⚙️ 🚨     │ 4⟲   │
│ 3 │ Buzzkill🔶✋⚙️ 🚨    │ 5⟲   │
│ 4 │ Nob Lobber⚙️ 🚨      │ 4⟲   │
│ 5 │ Sentry Node⚙️ 🚨     │ 4⟲   │
│ 6 │ Impact Simulant⚙️ 🚨 │ -    │
└───┴─────────────────────┴──────┘
Previous Turn
Turn 43 ends. P1 leaves 4 goons on the board. P1 now has 4 board / 5 hand 
(retired 19); P2 has 11 board / 6 hand (retired 11). Dead Pool holds 50.
  P1 deployed Mutt.
  P1's Voidling was retired.
  Voidling was sent to the Dead Pool.
  Voidling was sent to the Dead Pool.
Turn 44 ends. P2 leaves 12 goons on the board. P1 now has 4 board / 5 hand 
(retired 19); P2 has 12 board / 6 hand (retired 11). Dead Pool holds 50.
  P2 deployed Impact Simulant.
Turn 45 | Player: P1
                                 NARC Board P2                                  
┏━━━━┳━━━━━━━━━━━━━━━━━━━━━━━━┳━━━━━━┳━━━━━━━━━━━━━━━━━━━━━━━━━━━━━━━━━━━━━━━━━┓
┃  # ┃ Name                   ┃ Wind ┃ Abilities                               ┃
┡━━━━╇━━━━━━━━━━━━━━━━━━━━━━━━╇━━━━━━╇━━━━━━━━━━━━━━━━━━━━━━━━━━━━━━━━━━━━━━━━━┩
│  0 │ Lokar Simmons⭐✋🥩🚨  │    0 │ 0 RESOURCEFUL [2⟲] Draw a card          │
│  1 │ Sausage Droid🥩⚙️ 🚨    │    3 │ 0 PROCESS [1⟲ 1⚈] Burn 1 biological     │
│    │                        │      │ from Dead Pool to remove 1 wind from    │
│    │                        │      │ target Goon.                            │
│    │                        │      │ 1 OVERCLOCKED BURST [1⟲] Banish 1       │
│    │                        │      │ mechanical from Dead Pool to add 1 wind │
│    │                        │      │ to target Goon.                         │
│  2 │ Task Mistres⚙️ 🚨       │    0 │ 0 BIDE TIME Mistrex gains Resist until  │
│    │                        │      │ beginning of Player's next turn.        │
│    │                        │      │ 1 TAZING CRACK [1⟲] Target Goon does    │
│    │                        │      │ not unwind during its next unwind.      │
│    │                        │      │ 2 DOMINATE [2⟲] Use target Goon ability │
│    │                        │      │ on a target of Player's choice. Target  │
│    │                        │      │ Goon pays wind as it would on its turn. │
│  3 │ Hover Shield⚙️ 🚨       │    0 │ 0 COVER [1⟲] Target Goon may not be     │
│    │                        │      │ targeted by enemy Goon abilities until  │
│    │                        │      │ the beginning of player's next turn.    │
│  4 │ Sausage Droid🥩⚙️ 🚨    │    0 │ 0 PROCESS [1⟲ 1⚈] Burn 1 biological     │
│    │                        │      │ from Dead Pool to remove 1 wind from    │
│    │                        │      │ target Goon.                            │
│    │                        │      │ 1 OVERCLOCKED BURST [1⟲] Banish 1       │
│    │                        │      │ mechanical from Dead Pool to add 1 wind │
│    │                        │      │ to target Goon.                         │
│  5 │ Marine Marauder🥩⚙️ 🚨  │    0 │ 0 PRECISION STRIKE [1⟲] Add 1 wind to   │
│    │                        │      │ target Goon.                            │
│    │                        │      │ 1 ORDINANCE ARRAY [3⟲] Distribute 3     │
│    │                        │      │ wind among 3 target Goons.              │
│  6 │ Compliance Auditon⚙️ 🚨 │    0 │ 0 LITIGIOUS GRIDLOCK [1⟲] Target goon   │
│    │                        │      │ does not unwind in its next unwind      │
│    │                        │      │ phase.                                  │
│  7 │ Compliance Auditon⚙️ 🚨 │    0 │ 0 LITIGIOUS GRIDLOCK [1⟲] Target goon   │
│    │                        │      │ does not unwind in its next unwind      │
│    │                        │      │ phase.                                  │
│  8 │ Marine Marauder🥩⚙️ 🚨  │    0 │ 0 PRECISION STRIKE [1⟲] Add 1 wind to   │
│    │                        │      │ target Goon.                            │
│    │                        │      │ 1 ORDINANCE ARRAY [3⟲] Distribute 3     │
│    │                        │      │ wind among 3 target Goons.              │
│  9 │ Marine Marauder🥩⚙️ 🚨  │    0 │ 0 PRECISION STRIKE [1⟲] Add 1 wind to   │
│    │                        │      │ target Goon.                            │
│    │                        │      │ 1 ORDINANCE ARRAY [3⟲] Distribute 3     │
│    │                        │      │ wind among 3 target Goons.              │
│ 10 │ Nob Lobber⚙️ 🚨         │    0 │ 0 SCATTER LOAD [1⟲] Add 1 wind to 2     │
│    │                        │      │ target Goons.                           │
│    │                        │      │ 1 GOON BUSTER [3⟲] Add 1 wind to target │
│    │                        │      │ Goon.                                   │
│ 11 │ Impact Simulant⚙️ 🚨    │    0 │ -                                       │
└────┴────────────────────────┴──────┴─────────────────────────────────────────┘
                                  PCU Board P1                                  
┏━━━┳━━━━━━━━━━━━━━━━┳━━━━━━┳━━━━━━━━━━━━━━━━━━━━━━━━━━━━━━━━━━━━━━━━━━━━━━━━━━┓
┃ # ┃ Name           ┃ Wind ┃ Abilities                                        ┃
┡━━━╇━━━━━━━━━━━━━━━━╇━━━━━━╇━━━━━━━━━━━━━━━━━━━━━━━━━━━━━━━━━━━━━━━━━━━━━━━━━━┩
│ 0 │ Grim⭐✋🥩🌀   │    0 │ 0 DEFILE NATURE Remove 1 wind from any target    │
│   │                │      │ Goon.                                            │
│ 1 │ Krax🔶✋🥩🌀   │    2 │ 0 BASH IN SKULL [1⟲] Add 2 wind to target Goon   │
│   │                │      │ 1 CHAIN REACTION If BASH IN SKULL destroys a     │
│   │                │      │ Goon, Krax may add 2 wind to another target      │
│   │                │      │ Goon. This may chain as long as it is able.      │
│ 2 │ Käsekobold🥩🌀 │    0 │ 0 ADD NAUSEAM [1⟲] Add 1 wind to target Goon     │
│   │                │      │ 1 REVOLT Add 1 wind to any Goon who targets      │
│   │                │      │ Käsekobold with ability                          │
│ 3 │ Mutt⚙️ 🌀       │    0 │ 0 MAUL [1⟲] Add 1 wind to target Goon            │
│   │                │      │ 1 MANS BEST FIEND [4⟲] Some or all wind applied  │
│   │                │      │ to Krax as damage from enemy Goon ability may be │
│   │                │      │ applied to Mutt instead. If Krax is destroyed,   │
│   │                │      │ Mutt is destroyed.                               │
└───┴────────────────┴──────┴──────────────────────────────────────────────────┘
Dead Pool 🥩:29 ⚙️ :10
         PCU P1 hand (6)          
┏━━━┳━━━━━━━━━━━━━━━━━━━━┳━━━━━━━┓
┃ # ┃ Name               ┃ Cost  ┃
┡━━━╇━━━━━━━━━━━━━━━━━━━━╇━━━━━━━┩
│ 0 │ Dragoon⚙️ 🌀        │ 6⟲    │
│ 1 │ Kriegsgheist✋🚫🌀 │ 3⛭ 3⚈ │
│ 2 │ Dragoon⚙️ 🌀        │ 6⟲    │
│ 3 │ Nives⚙️ 🌀          │ 4⟲    │
│ 4 │ Vex🔶✋🥩🌀        │ 4⟲    │
│ 5 │ Meat Vegetable🥩🌀 │ -     │
└───┴────────────────────┴───────┘
Previous Turn
Turn 44 ends. P2 leaves 12 goons on the board. P1 now has 4 board / 5 hand 
(retired 19); P2 has 12 board / 6 hand (retired 11). Dead Pool holds 50.
  P2 deployed Impact Simulant.
could not pay wind
Turn 45 ends. P1 leaves 5 goons on the board. P1 now has 5 board / 5 hand 
(retired 19); P2 has 11 board / 6 hand (retired 12). Dead Pool holds 51.
  P1 deployed Meat Vegetable.
  Opponent (P2)'s Sausage Droid was retired.
  Sausage Droid was sent to the Dead Pool.
Turn 46 | Player: P2
                                  PCU Board P1                                  
┏━━━┳━━━━━━━━━━━━━━━━━━━━┳━━━━━━┳━━━━━━━━━━━━━━━━━━━━━━━━━━━━━━━━━━━━━━━━━━━━━━┓
┃ # ┃ Name               ┃ Wind ┃ Abilities                                    ┃
┡━━━╇━━━━━━━━━━━━━━━━━━━━╇━━━━━━╇━━━━━━━━━━━━━━━━━━━━━━━━━━━━━━━━━━━━━━━━━━━━━━┩
│ 0 │ Grim⭐✋🥩🌀       │    0 │ 0 DEFILE NATURE Remove 1 wind from any       │
│   │                    │      │ target Goon.                                 │
│ 1 │ Krax🔶✋🥩🌀       │    3 │ 0 BASH IN SKULL [1⟲] Add 2 wind to target    │
│   │                    │      │ Goon                                         │
│   │                    │      │ 1 CHAIN REACTION If BASH IN SKULL destroys a │
│   │                    │      │ Goon, Krax may add 2 wind to another target  │
│   │                    │      │ Goon. This may chain as long as it is able.  │
│ 2 │ Käsekobold🥩🌀     │    0 │ 0 ADD NAUSEAM [1⟲] Add 1 wind to target Goon │
│   │                    │      │ 1 REVOLT Add 1 wind to any Goon who targets  │
│   │                    │      │ Käsekobold with ability                      │
│ 3 │ Mutt⚙️ 🌀           │    0 │ 0 MAUL [1⟲] Add 1 wind to target Goon        │
│   │                    │      │ 1 MANS BEST FIEND [4⟲] Some or all wind      │
│   │                    │      │ applied to Krax as damage from enemy Goon    │
│   │                    │      │ ability may be applied to Mutt instead. If   │
│   │                    │      │ Krax is destroyed, Mutt is destroyed.        │
│ 4 │ Meat Vegetable🥩🌀 │    0 │ -                                            │
└───┴────────────────────┴──────┴──────────────────────────────────────────────┘
                                 NARC Board P2                                  
┏━━━━┳━━━━━━━━━━━━━━━━━━━━━━━━┳━━━━━━┳━━━━━━━━━━━━━━━━━━━━━━━━━━━━━━━━━━━━━━━━━┓
┃  # ┃ Name                   ┃ Wind ┃ Abilities                               ┃
┡━━━━╇━━━━━━━━━━━━━━━━━━━━━━━━╇━━━━━━╇━━━━━━━━━━━━━━━━━━━━━━━━━━━━━━━━━━━━━━━━━┩
│  0 │ Lokar Simmons⭐✋🥩🚨  │    0 │ 0 RESOURCEFUL [2⟲] Draw a card          │
│  1 │ Task Mistres⚙️ 🚨       │    0 │ 0 BIDE TIME Mistrex gains Resist until  │
│    │                        │      │ beginning of Player's next turn.        │
│    │                        │      │ 1 TAZING CRACK [1⟲] Target Goon does    │
│    │                        │      │ not unwind during its next unwind.      │
│    │                        │      │ 2 DOMINATE [2⟲] Use target Goon ability │
│    │                        │      │ on a target of Player's choice. Target  │
│    │                        │      │ Goon pays wind as it would on its turn. │
│  2 │ Hover Shield⚙️ 🚨       │    0 │ 0 COVER [1⟲] Target Goon may not be     │
│    │                        │      │ targeted by enemy Goon abilities until  │
│    │                        │      │ the beginning of player's next turn.    │
│  3 │ Sausage Droid🥩⚙️ 🚨    │    0 │ 0 PROCESS [1⟲ 1⚈] Burn 1 biological     │
│    │                        │      │ from Dead Pool to remove 1 wind from    │
│    │                        │      │ target Goon.                            │
│    │                        │      │ 1 OVERCLOCKED BURST [1⟲] Banish 1       │
│    │                        │      │ mechanical from Dead Pool to add 1 wind │
│    │                        │      │ to target Goon.                         │
│  4 │ Marine Marauder🥩⚙️ 🚨  │    0 │ 0 PRECISION STRIKE [1⟲] Add 1 wind to   │
│    │                        │      │ target Goon.                            │
│    │                        │      │ 1 ORDINANCE ARRAY [3⟲] Distribute 3     │
│    │                        │      │ wind among 3 target Goons.              │
│  5 │ Compliance Auditon⚙️ 🚨 │    0 │ 0 LITIGIOUS GRIDLOCK [1⟲] Target goon   │
│    │                        │      │ does not unwind in its next unwind      │
│    │                        │      │ phase.                                  │
│  6 │ Compliance Auditon⚙️ 🚨 │    0 │ 0 LITIGIOUS GRIDLOCK [1⟲] Target goon   │
│    │                        │      │ does not unwind in its next unwind      │
│    │                        │      │ phase.                                  │
│  7 │ Marine Marauder🥩⚙️ 🚨  │    0 │ 0 PRECISION STRIKE [1⟲] Add 1 wind to   │
│    │                        │      │ target Goon.                            │
│    │                        │      │ 1 ORDINANCE ARRAY [3⟲] Distribute 3     │
│    │                        │      │ wind among 3 target Goons.              │
│  8 │ Marine Marauder🥩⚙️ 🚨  │    0 │ 0 PRECISION STRIKE [1⟲] Add 1 wind to   │
│    │                        │      │ target Goon.                            │
│    │                        │      │ 1 ORDINANCE ARRAY [3⟲] Distribute 3     │
│    │                        │      │ wind among 3 target Goons.              │
│  9 │ Nob Lobber⚙️ 🚨         │    0 │ 0 SCATTER LOAD [1⟲] Add 1 wind to 2     │
│    │                        │      │ target Goons.                           │
│    │                        │      │ 1 GOON BUSTER [3⟲] Add 1 wind to target │
│    │                        │      │ Goon.                                   │
│ 10 │ Impact Simulant⚙️ 🚨    │    0 │ -                                       │
└────┴────────────────────────┴──────┴─────────────────────────────────────────┘
Dead Pool 🥩:30 ⚙️ :11
       NARC P2 hand (7)        
┏━━━┳━━━━━━━━━━━━━━━━━━┳━━━━━━┓
┃ # ┃ Name             ┃ Cost ┃
┡━━━╇━━━━━━━━━━━━━━━━━━╇━━━━━━┩
│ 0 │ Buzzkill🔶✋⚙️ 🚨 │ 5⟲   │
│ 1 │ Killjoy🔶✋⚙️ 🚨  │ 4⟲   │
│ 2 │ Sentry Node⚙️ 🚨  │ 4⟲   │
│ 3 │ Buzzkill🔶✋⚙️ 🚨 │ 5⟲   │
│ 4 │ Nob Lobber⚙️ 🚨   │ 4⟲   │
│ 5 │ Sentry Node⚙️ 🚨  │ 4⟲   │
│ 6 │ K-9.0⚙️ 🚨        │ 3⟲   │
└───┴──────────────────┴──────┘
Previous Turn
Turn 45 ends. P1 leaves 5 goons on the board. P1 now has 5 board / 5 hand 
(retired 19); P2 has 11 board / 6 hand (retired 12). Dead Pool holds 51.
  P1 deployed Meat Vegetable.
  Opponent (P2)'s Sausage Droid was retired.
  Sausage Droid was sent to the Dead Pool.
Turn 46 ends. P2 leaves 12 goons on the board. P1 now has 5 board / 5 hand 
(retired 19); P2 has 12 board / 6 hand (retired 12). Dead Pool holds 51.
  P2 deployed K-9.0.
Turn 47 | Player: P1
                                 NARC Board P2                                  
┏━━━━┳━━━━━━━━━━━━━━━━━━━━━━━━┳━━━━━━┳━━━━━━━━━━━━━━━━━━━━━━━━━━━━━━━━━━━━━━━━━┓
┃  # ┃ Name                   ┃ Wind ┃ Abilities                               ┃
┡━━━━╇━━━━━━━━━━━━━━━━━━━━━━━━╇━━━━━━╇━━━━━━━━━━━━━━━━━━━━━━━━━━━━━━━━━━━━━━━━━┩
│  0 │ Lokar Simmons⭐✋🥩🚨  │    0 │ 0 RESOURCEFUL [2⟲] Draw a card          │
│  1 │ Task Mistres⚙️ 🚨       │    3 │ 0 BIDE TIME Mistrex gains Resist until  │
│    │                        │      │ beginning of Player's next turn.        │
│    │                        │      │ 1 TAZING CRACK [1⟲] Target Goon does    │
│    │                        │      │ not unwind during its next unwind.      │
│    │                        │      │ 2 DOMINATE [2⟲] Use target Goon ability │
│    │                        │      │ on a target of Player's choice. Target  │
│    │                        │      │ Goon pays wind as it would on its turn. │
│  2 │ Hover Shield⚙️ 🚨       │    0 │ 0 COVER [1⟲] Target Goon may not be     │
│    │                        │      │ targeted by enemy Goon abilities until  │
│    │                        │      │ the beginning of player's next turn.    │
│  3 │ Sausage Droid🥩⚙️ 🚨    │    1 │ 0 PROCESS [1⟲ 1⚈] Burn 1 biological     │
│    │                        │      │ from Dead Pool to remove 1 wind from    │
│    │                        │      │ target Goon.                            │
│    │                        │      │ 1 OVERCLOCKED BURST [1⟲] Banish 1       │
│    │                        │      │ mechanical from Dead Pool to add 1 wind │
│    │                        │      │ to target Goon.                         │
│  4 │ Marine Marauder🥩⚙️ 🚨  │    0 │ 0 PRECISION STRIKE [1⟲] Add 1 wind to   │
│    │                        │      │ target Goon.                            │
│    │                        │      │ 1 ORDINANCE ARRAY [3⟲] Distribute 3     │
│    │                        │      │ wind among 3 target Goons.              │
│  5 │ Compliance Auditon⚙️ 🚨 │    0 │ 0 LITIGIOUS GRIDLOCK [1⟲] Target goon   │
│    │                        │      │ does not unwind in its next unwind      │
│    │                        │      │ phase.                                  │
│  6 │ Compliance Auditon⚙️ 🚨 │    0 │ 0 LITIGIOUS GRIDLOCK [1⟲] Target goon   │
│    │                        │      │ does not unwind in its next unwind      │
│    │                        │      │ phase.                                  │
│  7 │ Marine Marauder🥩⚙️ 🚨  │    0 │ 0 PRECISION STRIKE [1⟲] Add 1 wind to   │
│    │                        │      │ target Goon.                            │
│    │                        │      │ 1 ORDINANCE ARRAY [3⟲] Distribute 3     │
│    │                        │      │ wind among 3 target Goons.              │
│  8 │ Marine Marauder🥩⚙️ 🚨  │    0 │ 0 PRECISION STRIKE [1⟲] Add 1 wind to   │
│    │                        │      │ target Goon.                            │
│    │                        │      │ 1 ORDINANCE ARRAY [3⟲] Distribute 3     │
│    │                        │      │ wind among 3 target Goons.              │
│  9 │ Nob Lobber⚙️ 🚨         │    0 │ 0 SCATTER LOAD [1⟲] Add 1 wind to 2     │
│    │                        │      │ target Goons.                           │
│    │                        │      │ 1 GOON BUSTER [3⟲] Add 1 wind to target │
│    │                        │      │ Goon.                                   │
│ 10 │ Impact Simulant⚙️ 🚨    │    0 │ -                                       │
│ 11 │ K-9.0⚙️ 🚨              │    0 │ 0 SCAN FOR VULNERABILITY [2⟲] A goon    │
│    │                        │      │ may use an ability twice on the scanned │
│    │                        │      │ target this turn.                       │
└────┴────────────────────────┴──────┴─────────────────────────────────────────┘
                                  PCU Board P1                                  
┏━━━┳━━━━━━━━━━━━━━━━━━━━┳━━━━━━┳━━━━━━━━━━━━━━━━━━━━━━━━━━━━━━━━━━━━━━━━━━━━━━┓
┃ # ┃ Name               ┃ Wind ┃ Abilities                                    ┃
┡━━━╇━━━━━━━━━━━━━━━━━━━━╇━━━━━━╇━━━━━━━━━━━━━━━━━━━━━━━━━━━━━━━━━━━━━━━━━━━━━━┩
│ 0 │ Grim⭐✋🥩🌀       │    0 │ 0 DEFILE NATURE Remove 1 wind from any       │
│   │                    │      │ target Goon.                                 │
│ 1 │ Krax🔶✋🥩🌀       │    2 │ 0 BASH IN SKULL [1⟲] Add 2 wind to target    │
│   │                    │      │ Goon                                         │
│   │                    │      │ 1 CHAIN REACTION If BASH IN SKULL destroys a │
│   │                    │      │ Goon, Krax may add 2 wind to another target  │
│   │                    │      │ Goon. This may chain as long as it is able.  │
│ 2 │ Käsekobold🥩🌀     │    0 │ 0 ADD NAUSEAM [1⟲] Add 1 wind to target Goon │
│   │                    │      │ 1 REVOLT Add 1 wind to any Goon who targets  │
│   │                    │      │ Käsekobold with ability                      │
│ 3 │ Mutt⚙️ 🌀           │    0 │ 0 MAUL [1⟲] Add 1 wind to target Goon        │
│   │                    │      │ 1 MANS BEST FIEND [4⟲] Some or all wind      │
│   │                    │      │ applied to Krax as damage from enemy Goon    │
│   │                    │      │ ability may be applied to Mutt instead. If   │
│   │                    │      │ Krax is destroyed, Mutt is destroyed.        │
│ 4 │ Meat Vegetable🥩🌀 │    0 │ -                                            │
└───┴────────────────────┴──────┴──────────────────────────────────────────────┘
Dead Pool 🥩:30 ⚙️ :10
          PCU P1 hand (6)           
┏━━━┳━━━━━━━━━━━━━━━━━━━━━━┳━━━━━━━┓
┃ # ┃ Name                 ┃ Cost  ┃
┡━━━╇━━━━━━━━━━━━━━━━━━━━━━╇━━━━━━━┩
│ 0 │ Dragoon⚙️ 🌀          │ 6⟲    │
│ 1 │ Kriegsgheist✋🚫🌀   │ 3⛭ 3⚈ │
│ 2 │ Dragoon⚙️ 🌀          │ 6⟲    │
│ 3 │ Nives⚙️ 🌀            │ 4⟲    │
│ 4 │ Vex🔶✋🥩🌀          │ 4⟲    │
│ 5 │ Psychodelic Toad🥩🌀 │ 2⟲    │
└───┴──────────────────────┴───────┘
Previous Turn
Turn 46 ends. P2 leaves 12 goons on the board. P1 now has 5 board / 5 hand 
(retired 19); P2 has 12 board / 6 hand (retired 12). Dead Pool holds 51.
  P2 deployed K-9.0.
could not pay wind
Turn 47 ends. P1 leaves 5 goons on the board. P1 now has 5 board / 5 hand 
(retired 20); P2 has 11 board / 6 hand (retired 13). Dead Pool holds 54.
  P1 deployed Psychodelic Toad.
  P1's Krax was retired.
  Opponent (P2)'s Task Mistres was retired.
  Krax was sent to the Dead Pool.
  Krax was sent to the Dead Pool.
  Task Mistres was sent to the Dead Pool.
Turn 48 | Player: P2
                                  PCU Board P1                                  
┏━━━┳━━━━━━━━━━━━━━━━━━━━━━┳━━━━━━┳━━━━━━━━━━━━━━━━━━━━━━━━━━━━━━━━━━━━━━━━━━━━┓
┃ # ┃ Name                 ┃ Wind ┃ Abilities                                  ┃
┡━━━╇━━━━━━━━━━━━━━━━━━━━━━╇━━━━━━╇━━━━━━━━━━━━━━━━━━━━━━━━━━━━━━━━━━━━━━━━━━━━┩
│ 0 │ Grim⭐✋🥩🌀         │    0 │ 0 DEFILE NATURE Remove 1 wind from any     │
│   │                      │      │ target Goon.                               │
│ 1 │ Käsekobold🥩🌀       │    1 │ 0 ADD NAUSEAM [1⟲] Add 1 wind to target    │
│   │                      │      │ Goon                                       │
│   │                      │      │ 1 REVOLT Add 1 wind to any Goon who        │
│   │                      │      │ targets Käsekobold with ability            │
│ 2 │ Mutt⚙️ 🌀             │    0 │ 0 MAUL [1⟲] Add 1 wind to target Goon      │
│   │                      │      │ 1 MANS BEST FIEND [4⟲] Some or all wind    │
│   │                      │      │ applied to Krax as damage from enemy Goon  │
│   │                      │      │ ability may be applied to Mutt instead. If │
│   │                      │      │ Krax is destroyed, Mutt is destroyed.      │
│ 3 │ Meat Vegetable🥩🌀   │    0 │ -                                          │
│ 4 │ Psychodelic Toad🥩🌀 │    0 │ 0 DOSE [2⟲] Target Goon may not use        │
│   │                      │      │ abilities or contribute wind on its        │
│   │                      │      │ Player’s next turn. Target may still       │
│   │                      │      │ unwind.                                    │
└───┴──────────────────────┴──────┴────────────────────────────────────────────┘
                                 NARC Board P2                                  
┏━━━━┳━━━━━━━━━━━━━━━━━━━━━━━━┳━━━━━━┳━━━━━━━━━━━━━━━━━━━━━━━━━━━━━━━━━━━━━━━━━┓
┃  # ┃ Name                   ┃ Wind ┃ Abilities                               ┃
┡━━━━╇━━━━━━━━━━━━━━━━━━━━━━━━╇━━━━━━╇━━━━━━━━━━━━━━━━━━━━━━━━━━━━━━━━━━━━━━━━━┩
│  0 │ Lokar Simmons⭐✋🥩🚨  │    0 │ 0 RESOURCEFUL [2⟲] Draw a card          │
│  1 │ Hover Shield⚙️ 🚨       │    0 │ 0 COVER [1⟲] Target Goon may not be     │
│    │                        │      │ targeted by enemy Goon abilities until  │
│    │                        │      │ the beginning of player's next turn.    │
│  2 │ Sausage Droid🥩⚙️ 🚨    │    0 │ 0 PROCESS [1⟲ 1⚈] Burn 1 biological     │
│    │                        │      │ from Dead Pool to remove 1 wind from    │
│    │                        │      │ target Goon.                            │
│    │                        │      │ 1 OVERCLOCKED BURST [1⟲] Banish 1       │
│    │                        │      │ mechanical from Dead Pool to add 1 wind │
│    │                        │      │ to target Goon.                         │
│  3 │ Marine Marauder🥩⚙️ 🚨  │    0 │ 0 PRECISION STRIKE [1⟲] Add 1 wind to   │
│    │                        │      │ target Goon.                            │
│    │                        │      │ 1 ORDINANCE ARRAY [3⟲] Distribute 3     │
│    │                        │      │ wind among 3 target Goons.              │
│  4 │ Compliance Auditon⚙️ 🚨 │    0 │ 0 LITIGIOUS GRIDLOCK [1⟲] Target goon   │
│    │                        │      │ does not unwind in its next unwind      │
│    │                        │      │ phase.                                  │
│  5 │ Compliance Auditon⚙️ 🚨 │    0 │ 0 LITIGIOUS GRIDLOCK [1⟲] Target goon   │
│    │                        │      │ does not unwind in its next unwind      │
│    │                        │      │ phase.                                  │
│  6 │ Marine Marauder🥩⚙️ 🚨  │    0 │ 0 PRECISION STRIKE [1⟲] Add 1 wind to   │
│    │                        │      │ target Goon.                            │
│    │                        │      │ 1 ORDINANCE ARRAY [3⟲] Distribute 3     │
│    │                        │      │ wind among 3 target Goons.              │
│  7 │ Marine Marauder🥩⚙️ 🚨  │    0 │ 0 PRECISION STRIKE [1⟲] Add 1 wind to   │
│    │                        │      │ target Goon.                            │
│    │                        │      │ 1 ORDINANCE ARRAY [3⟲] Distribute 3     │
│    │                        │      │ wind among 3 target Goons.              │
│  8 │ Nob Lobber⚙️ 🚨         │    0 │ 0 SCATTER LOAD [1⟲] Add 1 wind to 2     │
│    │                        │      │ target Goons.                           │
│    │                        │      │ 1 GOON BUSTER [3⟲] Add 1 wind to target │
│    │                        │      │ Goon.                                   │
│  9 │ Impact Simulant⚙️ 🚨    │    0 │ -                                       │
│ 10 │ K-9.0⚙️ 🚨              │    0 │ 0 SCAN FOR VULNERABILITY [2⟲] A goon    │
│    │                        │      │ may use an ability twice on the scanned │
│    │                        │      │ target this turn.                       │
└────┴────────────────────────┴──────┴─────────────────────────────────────────┘
Dead Pool 🥩:32 ⚙️ :11
         NARC P2 hand (7)         
┏━━━┳━━━━━━━━━━━━━━━━━━━━━┳━━━━━━┓
┃ # ┃ Name                ┃ Cost ┃
┡━━━╇━━━━━━━━━━━━━━━━━━━━━╇━━━━━━┩
│ 0 │ Buzzkill🔶✋⚙️ 🚨    │ 5⟲   │
│ 1 │ Killjoy🔶✋⚙️ 🚨     │ 4⟲   │
│ 2 │ Sentry Node⚙️ 🚨     │ 4⟲   │
│ 3 │ Buzzkill🔶✋⚙️ 🚨    │ 5⟲   │
│ 4 │ Nob Lobber⚙️ 🚨      │ 4⟲   │
│ 5 │ Sentry Node⚙️ 🚨     │ 4⟲   │
│ 6 │ Impact Simulant⚙️ 🚨 │ -    │
└───┴─────────────────────┴──────┘
Previous Turn
Turn 47 ends. P1 leaves 5 goons on the board. P1 now has 5 board / 5 hand 
(retired 20); P2 has 11 board / 6 hand (retired 13). Dead Pool holds 54.
  P1 deployed Psychodelic Toad.
  P1's Krax was retired.
  Opponent (P2)'s Task Mistres was retired.
  Krax was sent to the Dead Pool.
  Krax was sent to the Dead Pool.
  Task Mistres was sent to the Dead Pool.
Turn 48 ends. P2 leaves 12 goons on the board. P1 now has 5 board / 5 hand 
(retired 20); P2 has 12 board / 6 hand (retired 13). Dead Pool holds 54.
  P2 deployed Impact Simulant.
Turn 49 | Player: P1
                                 NARC Board P2                                  
┏━━━━┳━━━━━━━━━━━━━━━━━━━━━━━━┳━━━━━━┳━━━━━━━━━━━━━━━━━━━━━━━━━━━━━━━━━━━━━━━━━┓
┃  # ┃ Name                   ┃ Wind ┃ Abilities                               ┃
┡━━━━╇━━━━━━━━━━━━━━━━━━━━━━━━╇━━━━━━╇━━━━━━━━━━━━━━━━━━━━━━━━━━━━━━━━━━━━━━━━━┩
│  0 │ Lokar Simmons⭐✋🥩🚨  │    0 │ 0 RESOURCEFUL [2⟲] Draw a card          │
│  1 │ Hover Shield⚙️ 🚨       │    0 │ 0 COVER [1⟲] Target Goon may not be     │
│    │                        │      │ targeted by enemy Goon abilities until  │
│    │                        │      │ the beginning of player's next turn.    │
│  2 │ Sausage Droid🥩⚙️ 🚨    │    1 │ 0 PROCESS [1⟲ 1⚈] Burn 1 biological     │
│    │                        │      │ from Dead Pool to remove 1 wind from    │
│    │                        │      │ target Goon.                            │
│    │                        │      │ 1 OVERCLOCKED BURST [1⟲] Banish 1       │
│    │                        │      │ mechanical from Dead Pool to add 1 wind │
│    │                        │      │ to target Goon.                         │
│  3 │ Marine Marauder🥩⚙️ 🚨  │    0 │ 0 PRECISION STRIKE [1⟲] Add 1 wind to   │
│    │                        │      │ target Goon.                            │
│    │                        │      │ 1 ORDINANCE ARRAY [3⟲] Distribute 3     │
│    │                        │      │ wind among 3 target Goons.              │
│  4 │ Compliance Auditon⚙️ 🚨 │    0 │ 0 LITIGIOUS GRIDLOCK [1⟲] Target goon   │
│    │                        │      │ does not unwind in its next unwind      │
│    │                        │      │ phase.                                  │
│  5 │ Compliance Auditon⚙️ 🚨 │    0 │ 0 LITIGIOUS GRIDLOCK [1⟲] Target goon   │
│    │                        │      │ does not unwind in its next unwind      │
│    │                        │      │ phase.                                  │
│  6 │ Marine Marauder🥩⚙️ 🚨  │    0 │ 0 PRECISION STRIKE [1⟲] Add 1 wind to   │
│    │                        │      │ target Goon.                            │
│    │                        │      │ 1 ORDINANCE ARRAY [3⟲] Distribute 3     │
│    │                        │      │ wind among 3 target Goons.              │
│  7 │ Marine Marauder🥩⚙️ 🚨  │    0 │ 0 PRECISION STRIKE [1⟲] Add 1 wind to   │
│    │                        │      │ target Goon.                            │
│    │                        │      │ 1 ORDINANCE ARRAY [3⟲] Distribute 3     │
│    │                        │      │ wind among 3 target Goons.              │
│  8 │ Nob Lobber⚙️ 🚨         │    0 │ 0 SCATTER LOAD [1⟲] Add 1 wind to 2     │
│    │                        │      │ target Goons.                           │
│    │                        │      │ 1 GOON BUSTER [3⟲] Add 1 wind to target │
│    │                        │      │ Goon.                                   │
│  9 │ Impact Simulant⚙️ 🚨    │    0 │ -                                       │
│ 10 │ K-9.0⚙️ 🚨              │    0 │ 0 SCAN FOR VULNERABILITY [2⟲] A goon    │
│    │                        │      │ may use an ability twice on the scanned │
│    │                        │      │ target this turn.                       │
│ 11 │ Impact Simulant⚙️ 🚨    │    0 │ -                                       │
└────┴────────────────────────┴──────┴─────────────────────────────────────────┘
                                  PCU Board P1                                  
┏━━━┳━━━━━━━━━━━━━━━━━━━━━━┳━━━━━━┳━━━━━━━━━━━━━━━━━━━━━━━━━━━━━━━━━━━━━━━━━━━━┓
┃ # ┃ Name                 ┃ Wind ┃ Abilities                                  ┃
┡━━━╇━━━━━━━━━━━━━━━━━━━━━━╇━━━━━━╇━━━━━━━━━━━━━━━━━━━━━━━━━━━━━━━━━━━━━━━━━━━━┩
│ 0 │ Grim⭐✋🥩🌀         │    0 │ 0 DEFILE NATURE Remove 1 wind from any     │
│   │                      │      │ target Goon.                               │
│ 1 │ Käsekobold🥩🌀       │    1 │ 0 ADD NAUSEAM [1⟲] Add 1 wind to target    │
│   │                      │      │ Goon                                       │
│   │                      │      │ 1 REVOLT Add 1 wind to any Goon who        │
│   │                      │      │ targets Käsekobold with ability            │
│ 2 │ Mutt⚙️ 🌀             │    0 │ 0 MAUL [1⟲] Add 1 wind to target Goon      │
│   │                      │      │ 1 MANS BEST FIEND [4⟲] Some or all wind    │
│   │                      │      │ applied to Krax as damage from enemy Goon  │
│   │                      │      │ ability may be applied to Mutt instead. If │
│   │                      │      │ Krax is destroyed, Mutt is destroyed.      │
│ 3 │ Meat Vegetable🥩🌀   │    0 │ -                                          │
│ 4 │ Psychodelic Toad🥩🌀 │    0 │ 0 DOSE [2⟲] Target Goon may not use        │
│   │                      │      │ abilities or contribute wind on its        │
│   │                      │      │ Player’s next turn. Target may still       │
│   │                      │      │ unwind.                                    │
└───┴──────────────────────┴──────┴────────────────────────────────────────────┘
Dead Pool 🥩:32 ⚙️ :10
           PCU P1 hand (6)           
┏━━━┳━━━━━━━━━━━━━━━━━━━━━━━┳━━━━━━━┓
┃ # ┃ Name                  ┃ Cost  ┃
┡━━━╇━━━━━━━━━━━━━━━━━━━━━━━╇━━━━━━━┩
│ 0 │ Dragoon⚙️ 🌀           │ 6⟲    │
│ 1 │ Kriegsgheist✋🚫🌀    │ 3⛭ 3⚈ │
│ 2 │ Dragoon⚙️ 🌀           │ 6⟲    │
│ 3 │ Nives⚙️ 🌀             │ 4⟲    │
│ 4 │ Vex🔶✋🥩🌀           │ 4⟲    │
│ 5 │ Local Singularity🚫🌀 │ 2⟲    │
└───┴───────────────────────┴───────┘
Previous Turn
Turn 48 ends. P2 leaves 12 goons on the board. P1 now has 5 board / 5 hand 
(retired 20); P2 has 12 board / 6 hand (retired 13). Dead Pool holds 54.
  P2 deployed Impact Simulant.
could not pay wind
Turn 49 ends. P1 leaves 6 goons on the board. P1 now has 6 board / 5 hand 
(retired 20); P2 has 12 board / 6 hand (retired 13). Dead Pool holds 54.
  P1 deployed Local Singularity.
Turn 50 | Player: P2
                                  PCU Board P1                                  
┏━━━┳━━━━━━━━━━━━━━━━━━━━━━━┳━━━━━━┳━━━━━━━━━━━━━━━━━━━━━━━━━━━━━━━━━━━━━━━━━━━┓
┃ # ┃ Name                  ┃ Wind ┃ Abilities                                 ┃
┡━━━╇━━━━━━━━━━━━━━━━━━━━━━━╇━━━━━━╇━━━━━━━━━━━━━━━━━━━━━━━━━━━━━━━━━━━━━━━━━━━┩
│ 0 │ Grim⭐✋🥩🌀          │    0 │ 0 DEFILE NATURE Remove 1 wind from any    │
│   │                       │      │ target Goon.                              │
│ 1 │ Käsekobold🥩🌀        │    3 │ 0 ADD NAUSEAM [1⟲] Add 1 wind to target   │
│   │                       │      │ Goon                                      │
│   │                       │      │ 1 REVOLT Add 1 wind to any Goon who       │
│   │                       │      │ targets Käsekobold with ability           │
│ 2 │ Mutt⚙️ 🌀              │    0 │ 0 MAUL [1⟲] Add 1 wind to target Goon     │
│   │                       │      │ 1 MANS BEST FIEND [4⟲] Some or all wind   │
│   │                       │      │ applied to Krax as damage from enemy Goon │
│   │                       │      │ ability may be applied to Mutt instead.   │
│   │                       │      │ If Krax is destroyed, Mutt is destroyed.  │
│ 3 │ Meat Vegetable🥩🌀    │    0 │ -                                         │
│ 4 │ Psychodelic Toad🥩🌀  │    2 │ 0 DOSE [2⟲] Target Goon may not use       │
│   │                       │      │ abilities or contribute wind on its       │
│   │                       │      │ Player’s next turn. Target may still      │
│   │                       │      │ unwind.                                   │
│ 5 │ Local Singularity🚫🌀 │    0 │ 0 DRAW FIRE Player's Goons cannot be      │
│   │                       │      │ targeted by unfriendly abilities while    │
│   │                       │      │ Singularity is in play. Singularity must  │
│   │                       │      │ be destroyed first.                       │
└───┴───────────────────────┴──────┴───────────────────────────────────────────┘
                                 NARC Board P2                                  
┏━━━━┳━━━━━━━━━━━━━━━━━━━━━━━━┳━━━━━━┳━━━━━━━━━━━━━━━━━━━━━━━━━━━━━━━━━━━━━━━━━┓
┃  # ┃ Name                   ┃ Wind ┃ Abilities                               ┃
┡━━━━╇━━━━━━━━━━━━━━━━━━━━━━━━╇━━━━━━╇━━━━━━━━━━━━━━━━━━━━━━━━━━━━━━━━━━━━━━━━━┩
│  0 │ Lokar Simmons⭐✋🥩🚨  │    0 │ 0 RESOURCEFUL [2⟲] Draw a card          │
│  1 │ Hover Shield⚙️ 🚨       │    0 │ 0 COVER [1⟲] Target Goon may not be     │
│    │                        │      │ targeted by enemy Goon abilities until  │
│    │                        │      │ the beginning of player's next turn.    │
│  2 │ Sausage Droid🥩⚙️ 🚨    │    0 │ 0 PROCESS [1⟲ 1⚈] Burn 1 biological     │
│    │                        │      │ from Dead Pool to remove 1 wind from    │
│    │                        │      │ target Goon.                            │
│    │                        │      │ 1 OVERCLOCKED BURST [1⟲] Banish 1       │
│    │                        │      │ mechanical from Dead Pool to add 1 wind │
│    │                        │      │ to target Goon.                         │
│  3 │ Marine Marauder🥩⚙️ 🚨  │    0 │ 0 PRECISION STRIKE [1⟲] Add 1 wind to   │
│    │                        │      │ target Goon.                            │
│    │                        │      │ 1 ORDINANCE ARRAY [3⟲] Distribute 3     │
│    │                        │      │ wind among 3 target Goons.              │
│  4 │ Compliance Auditon⚙️ 🚨 │    0 │ 0 LITIGIOUS GRIDLOCK [1⟲] Target goon   │
│    │                        │      │ does not unwind in its next unwind      │
│    │                        │      │ phase.                                  │
│  5 │ Compliance Auditon⚙️ 🚨 │    0 │ 0 LITIGIOUS GRIDLOCK [1⟲] Target goon   │
│    │                        │      │ does not unwind in its next unwind      │
│    │                        │      │ phase.                                  │
│  6 │ Marine Marauder🥩⚙️ 🚨  │    0 │ 0 PRECISION STRIKE [1⟲] Add 1 wind to   │
│    │                        │      │ target Goon.                            │
│    │                        │      │ 1 ORDINANCE ARRAY [3⟲] Distribute 3     │
│    │                        │      │ wind among 3 target Goons.              │
│  7 │ Marine Marauder🥩⚙️ 🚨  │    0 │ 0 PRECISION STRIKE [1⟲] Add 1 wind to   │
│    │                        │      │ target Goon.                            │
│    │                        │      │ 1 ORDINANCE ARRAY [3⟲] Distribute 3     │
│    │                        │      │ wind among 3 target Goons.              │
│  8 │ Nob Lobber⚙️ 🚨         │    0 │ 0 SCATTER LOAD [1⟲] Add 1 wind to 2     │
│    │                        │      │ target Goons.                           │
│    │                        │      │ 1 GOON BUSTER [3⟲] Add 1 wind to target │
│    │                        │      │ Goon.                                   │
│  9 │ Impact Simulant⚙️ 🚨    │    0 │ -                                       │
│ 10 │ K-9.0⚙️ 🚨              │    0 │ 0 SCAN FOR VULNERABILITY [2⟲] A goon    │
│    │                        │      │ may use an ability twice on the scanned │
│    │                        │      │ target this turn.                       │
│ 11 │ Impact Simulant⚙️ 🚨    │    0 │ -                                       │
└────┴────────────────────────┴──────┴─────────────────────────────────────────┘
Dead Pool 🥩:32 ⚙️ :10
       NARC P2 hand (7)        
┏━━━┳━━━━━━━━━━━━━━━━━━┳━━━━━━┓
┃ # ┃ Name             ┃ Cost ┃
┡━━━╇━━━━━━━━━━━━━━━━━━╇━━━━━━┩
│ 0 │ Buzzkill🔶✋⚙️ 🚨 │ 5⟲   │
│ 1 │ Killjoy🔶✋⚙️ 🚨  │ 4⟲   │
│ 2 │ Sentry Node⚙️ 🚨  │ 4⟲   │
│ 3 │ Buzzkill🔶✋⚙️ 🚨 │ 5⟲   │
│ 4 │ Nob Lobber⚙️ 🚨   │ 4⟲   │
│ 5 │ Sentry Node⚙️ 🚨  │ 4⟲   │
│ 6 │ Narcstar🚨       │ 12⟲  │
└───┴──────────────────┴──────┘
Previous Turn
Turn 49 ends. P1 leaves 6 goons on the board. P1 now has 6 board / 5 hand 
(retired 20); P2 has 12 board / 6 hand (retired 13). Dead Pool holds 54.
  P1 deployed Local Singularity.
Turn 50 ends. P2 leaves 12 goons on the board. P1 now has 5 board / 5 hand 
(retired 21); P2 has 12 board / 6 hand (retired 14). Dead Pool holds 57.
  P2 deployed Killjoy.
  P2's Hover Shield was retired.
  Opponent (P1)'s Käsekobold was retired.
  Käsekobold was sent to the Dead Pool.
  Hover Shield was sent to the Dead Pool.
  Hover Shield was sent to the Dead Pool.
Turn 51 | Player: P1
                                 NARC Board P2                                  
┏━━━━┳━━━━━━━━━━━━━━━━━━━━━━━━┳━━━━━━┳━━━━━━━━━━━━━━━━━━━━━━━━━━━━━━━━━━━━━━━━━┓
┃  # ┃ Name                   ┃ Wind ┃ Abilities                               ┃
┡━━━━╇━━━━━━━━━━━━━━━━━━━━━━━━╇━━━━━━╇━━━━━━━━━━━━━━━━━━━━━━━━━━━━━━━━━━━━━━━━━┩
│  0 │ Lokar Simmons⭐✋🥩🚨  │    0 │ 0 RESOURCEFUL [2⟲] Draw a card          │
│  1 │ Sausage Droid🥩⚙️ 🚨    │    1 │ 0 PROCESS [1⟲ 1⚈] Burn 1 biological     │
│    │                        │      │ from Dead Pool to remove 1 wind from    │
│    │                        │      │ target Goon.                            │
│    │                        │      │ 1 OVERCLOCKED BURST [1⟲] Banish 1       │
│    │                        │      │ mechanical from Dead Pool to add 1 wind │
│    │                        │      │ to target Goon.                         │
│  2 │ Marine Marauder🥩⚙️ 🚨  │    0 │ 0 PRECISION STRIKE [1⟲] Add 1 wind to   │
│    │                        │      │ target Goon.                            │
│    │                        │      │ 1 ORDINANCE ARRAY [3⟲] Distribute 3     │
│    │                        │      │ wind among 3 target Goons.              │
│  3 │ Compliance Auditon⚙️ 🚨 │    0 │ 0 LITIGIOUS GRIDLOCK [1⟲] Target goon   │
│    │                        │      │ does not unwind in its next unwind      │
│    │                        │      │ phase.                                  │
│  4 │ Compliance Auditon⚙️ 🚨 │    0 │ 0 LITIGIOUS GRIDLOCK [1⟲] Target goon   │
│    │                        │      │ does not unwind in its next unwind      │
│    │                        │      │ phase.                                  │
│  5 │ Marine Marauder🥩⚙️ 🚨  │    0 │ 0 PRECISION STRIKE [1⟲] Add 1 wind to   │
│    │                        │      │ target Goon.                            │
│    │                        │      │ 1 ORDINANCE ARRAY [3⟲] Distribute 3     │
│    │                        │      │ wind among 3 target Goons.              │
│  6 │ Marine Marauder🥩⚙️ 🚨  │    0 │ 0 PRECISION STRIKE [1⟲] Add 1 wind to   │
│    │                        │      │ target Goon.                            │
│    │                        │      │ 1 ORDINANCE ARRAY [3⟲] Distribute 3     │
│    │                        │      │ wind among 3 target Goons.              │
│  7 │ Nob Lobber⚙️ 🚨         │    0 │ 0 SCATTER LOAD [1⟲] Add 1 wind to 2     │
│    │                        │      │ target Goons.                           │
│    │                        │      │ 1 GOON BUSTER [3⟲] Add 1 wind to target │
│    │                        │      │ Goon.                                   │
│  8 │ Impact Simulant⚙️ 🚨    │    0 │ -                                       │
│  9 │ K-9.0⚙️ 🚨              │    0 │ 0 SCAN FOR VULNERABILITY [2⟲] A goon    │
│    │                        │      │ may use an ability twice on the scanned │
│    │                        │      │ target this turn.                       │
│ 10 │ Impact Simulant⚙️ 🚨    │    0 │ -                                       │
│ 11 │ Killjoy🔶✋⚙️ 🚨        │    0 │ 0 SUBMISSION HOLD Target Goon does not  │
│    │                        │      │ unwind on player's next turn.           │
│    │                        │      │ 1 NEUTRALIZE [1⟲] Add 1 wind to target  │
│    │                        │      │ Goon.                                   │
│    │                        │      │ 2 DEFENSIVE POSTURE [1⟲] Buzzkill and   │
│    │                        │      │ Killjoy both pay 1 wind; Player's Goons │
│    │                        │      │ gain Resist until Player's next turn.   │
└────┴────────────────────────┴──────┴─────────────────────────────────────────┘
                                  PCU Board P1                                  
┏━━━┳━━━━━━━━━━━━━━━━━━━━━━━┳━━━━━━┳━━━━━━━━━━━━━━━━━━━━━━━━━━━━━━━━━━━━━━━━━━━┓
┃ # ┃ Name                  ┃ Wind ┃ Abilities                                 ┃
┡━━━╇━━━━━━━━━━━━━━━━━━━━━━━╇━━━━━━╇━━━━━━━━━━━━━━━━━━━━━━━━━━━━━━━━━━━━━━━━━━━┩
│ 0 │ Grim⭐✋🥩🌀          │    0 │ 0 DEFILE NATURE Remove 1 wind from any    │
│   │                       │      │ target Goon.                              │
│ 1 │ Mutt⚙️ 🌀              │    0 │ 0 MAUL [1⟲] Add 1 wind to target Goon     │
│   │                       │      │ 1 MANS BEST FIEND [4⟲] Some or all wind   │
│   │                       │      │ applied to Krax as damage from enemy Goon │
│   │                       │      │ ability may be applied to Mutt instead.   │
│   │                       │      │ If Krax is destroyed, Mutt is destroyed.  │
│ 2 │ Meat Vegetable🥩🌀    │    0 │ -                                         │
│ 3 │ Psychodelic Toad🥩🌀  │    1 │ 0 DOSE [2⟲] Target Goon may not use       │
│   │                       │      │ abilities or contribute wind on its       │
│   │                       │      │ Player’s next turn. Target may still      │
│   │                       │      │ unwind.                                   │
│ 4 │ Local Singularity🚫🌀 │    0 │ 0 DRAW FIRE Player's Goons cannot be      │
│   │                       │      │ targeted by unfriendly abilities while    │
│   │                       │      │ Singularity is in play. Singularity must  │
│   │                       │      │ be destroyed first.                       │
└───┴───────────────────────┴──────┴───────────────────────────────────────────┘
Dead Pool 🥩:33 ⚙️ :11
         PCU P1 hand (6)          
┏━━━┳━━━━━━━━━━━━━━━━━━━━┳━━━━━━━┓
┃ # ┃ Name               ┃ Cost  ┃
┡━━━╇━━━━━━━━━━━━━━━━━━━━╇━━━━━━━┩
│ 0 │ Dragoon⚙️ 🌀        │ 6⟲    │
│ 1 │ Kriegsgheist✋🚫🌀 │ 3⛭ 3⚈ │
│ 2 │ Dragoon⚙️ 🌀        │ 6⟲    │
│ 3 │ Nives⚙️ 🌀          │ 4⟲    │
│ 4 │ Vex🔶✋🥩🌀        │ 4⟲    │
│ 5 │ Voidling🥩🌀       │ 3⟲    │
└───┴────────────────────┴───────┘
Previous Turn
Turn 50 ends. P2 leaves 12 goons on the board. P1 now has 5 board / 5 hand 
(retired 21); P2 has 12 board / 6 hand (retired 14). Dead Pool holds 57.
  P2 deployed Killjoy.
  P2's Hover Shield was retired.
  Opponent (P1)'s Käsekobold was retired.
  Käsekobold was sent to the Dead Pool.
  Hover Shield was sent to the Dead Pool.
  Hover Shield was sent to the Dead Pool.
could not pay wind
Turn 51 ends. P1 leaves 6 goons on the board. P1 now has 6 board / 5 hand 
(retired 21); P2 has 12 board / 6 hand (retired 14). Dead Pool holds 57.
  P1 deployed Voidling.
Turn 52 | Player: P2
                                  PCU Board P1                                  
┏━━━┳━━━━━━━━━━━━━━━━━━━━━━━┳━━━━━━┳━━━━━━━━━━━━━━━━━━━━━━━━━━━━━━━━━━━━━━━━━━━┓
┃ # ┃ Name                  ┃ Wind ┃ Abilities                                 ┃
┡━━━╇━━━━━━━━━━━━━━━━━━━━━━━╇━━━━━━╇━━━━━━━━━━━━━━━━━━━━━━━━━━━━━━━━━━━━━━━━━━━┩
│ 0 │ Grim⭐✋🥩🌀          │    0 │ 0 DEFILE NATURE Remove 1 wind from any    │
│   │                       │      │ target Goon.                              │
│ 1 │ Mutt⚙️ 🌀              │    3 │ 0 MAUL [1⟲] Add 1 wind to target Goon     │
│   │                       │      │ 1 MANS BEST FIEND [4⟲] Some or all wind   │
│   │                       │      │ applied to Krax as damage from enemy Goon │
│   │                       │      │ ability may be applied to Mutt instead.   │
│   │                       │      │ If Krax is destroyed, Mutt is destroyed.  │
│ 2 │ Meat Vegetable🥩🌀    │    0 │ -                                         │
│ 3 │ Psychodelic Toad🥩🌀  │    3 │ 0 DOSE [2⟲] Target Goon may not use       │
│   │                       │      │ abilities or contribute wind on its       │
│   │                       │      │ Player’s next turn. Target may still      │
│   │                       │      │ unwind.                                   │
│ 4 │ Local Singularity🚫🌀 │    0 │ 0 DRAW FIRE Player's Goons cannot be      │
│   │                       │      │ targeted by unfriendly abilities while    │
│   │                       │      │ Singularity is in play. Singularity must  │
│   │                       │      │ be destroyed first.                       │
│ 5 │ Voidling🥩🌀          │    0 │ 0 SHOT SPOTTER [1⟲] If target takes wind  │
│   │                       │      │ as damage this turn, they do not unwind   │
│   │                       │      │ during their next unwind phase.           │
│   │                       │      │ 1 RALLY RINGER [4⟲] Move any card from    │
│   │                       │      │ deck to hand; reshuffle deck.             │
└───┴───────────────────────┴──────┴───────────────────────────────────────────┘
                                 NARC Board P2                                  
┏━━━━┳━━━━━━━━━━━━━━━━━━━━━━━━┳━━━━━━┳━━━━━━━━━━━━━━━━━━━━━━━━━━━━━━━━━━━━━━━━━┓
┃  # ┃ Name                   ┃ Wind ┃ Abilities                               ┃
┡━━━━╇━━━━━━━━━━━━━━━━━━━━━━━━╇━━━━━━╇━━━━━━━━━━━━━━━━━━━━━━━━━━━━━━━━━━━━━━━━━┩
│  0 │ Lokar Simmons⭐✋🥩🚨  │    0 │ 0 RESOURCEFUL [2⟲] Draw a card          │
│  1 │ Sausage Droid🥩⚙️ 🚨    │    0 │ 0 PROCESS [1⟲ 1⚈] Burn 1 biological     │
│    │                        │      │ from Dead Pool to remove 1 wind from    │
│    │                        │      │ target Goon.                            │
│    │                        │      │ 1 OVERCLOCKED BURST [1⟲] Banish 1       │
│    │                        │      │ mechanical from Dead Pool to add 1 wind │
│    │                        │      │ to target Goon.                         │
│  2 │ Marine Marauder🥩⚙️ 🚨  │    0 │ 0 PRECISION STRIKE [1⟲] Add 1 wind to   │
│    │                        │      │ target Goon.                            │
│    │                        │      │ 1 ORDINANCE ARRAY [3⟲] Distribute 3     │
│    │                        │      │ wind among 3 target Goons.              │
│  3 │ Compliance Auditon⚙️ 🚨 │    0 │ 0 LITIGIOUS GRIDLOCK [1⟲] Target goon   │
│    │                        │      │ does not unwind in its next unwind      │
│    │                        │      │ phase.                                  │
│  4 │ Compliance Auditon⚙️ 🚨 │    0 │ 0 LITIGIOUS GRIDLOCK [1⟲] Target goon   │
│    │                        │      │ does not unwind in its next unwind      │
│    │                        │      │ phase.                                  │
│  5 │ Marine Marauder🥩⚙️ 🚨  │    0 │ 0 PRECISION STRIKE [1⟲] Add 1 wind to   │
│    │                        │      │ target Goon.                            │
│    │                        │      │ 1 ORDINANCE ARRAY [3⟲] Distribute 3     │
│    │                        │      │ wind among 3 target Goons.              │
│  6 │ Marine Marauder🥩⚙️ 🚨  │    0 │ 0 PRECISION STRIKE [1⟲] Add 1 wind to   │
│    │                        │      │ target Goon.                            │
│    │                        │      │ 1 ORDINANCE ARRAY [3⟲] Distribute 3     │
│    │                        │      │ wind among 3 target Goons.              │
│  7 │ Nob Lobber⚙️ 🚨         │    0 │ 0 SCATTER LOAD [1⟲] Add 1 wind to 2     │
│    │                        │      │ target Goons.                           │
│    │                        │      │ 1 GOON BUSTER [3⟲] Add 1 wind to target │
│    │                        │      │ Goon.                                   │
│  8 │ Impact Simulant⚙️ 🚨    │    0 │ -                                       │
│  9 │ K-9.0⚙️ 🚨              │    0 │ 0 SCAN FOR VULNERABILITY [2⟲] A goon    │
│    │                        │      │ may use an ability twice on the scanned │
│    │                        │      │ target this turn.                       │
│ 10 │ Impact Simulant⚙️ 🚨    │    0 │ -                                       │
│ 11 │ Killjoy🔶✋⚙️ 🚨        │    0 │ 0 SUBMISSION HOLD Target Goon does not  │
│    │                        │      │ unwind on player's next turn.           │
│    │                        │      │ 1 NEUTRALIZE [1⟲] Add 1 wind to target  │
│    │                        │      │ Goon.                                   │
│    │                        │      │ 2 DEFENSIVE POSTURE [1⟲] Buzzkill and   │
│    │                        │      │ Killjoy both pay 1 wind; Player's Goons │
│    │                        │      │ gain Resist until Player's next turn.   │
└────┴────────────────────────┴──────┴─────────────────────────────────────────┘
Dead Pool 🥩:33 ⚙️ :11
       NARC P2 hand (7)        
┏━━━┳━━━━━━━━━━━━━━━━━━┳━━━━━━┓
┃ # ┃ Name             ┃ Cost ┃
┡━━━╇━━━━━━━━━━━━━━━━━━╇━━━━━━┩
│ 0 │ Buzzkill🔶✋⚙️ 🚨 │ 5⟲   │
│ 1 │ Sentry Node⚙️ 🚨  │ 4⟲   │
│ 2 │ Buzzkill🔶✋⚙️ 🚨 │ 5⟲   │
│ 3 │ Nob Lobber⚙️ 🚨   │ 4⟲   │
│ 4 │ Sentry Node⚙️ 🚨  │ 4⟲   │
│ 5 │ Narcstar🚨       │ 12⟲  │
│ 6 │ K-9.0⚙️ 🚨        │ 3⟲   │
└───┴──────────────────┴──────┘
Previous Turn
Turn 51 ends. P1 leaves 6 goons on the board. P1 now has 6 board / 5 hand 
(retired 21); P2 has 12 board / 6 hand (retired 14). Dead Pool holds 57.
  P1 deployed Voidling.
Turn 52 ends. P2 leaves 13 goons on the board. P1 now has 5 board / 5 hand 
(retired 22); P2 has 13 board / 6 hand (retired 14). Dead Pool holds 58.
  P2 deployed K-9.0.
  Opponent (P1)'s Mutt was retired.
  Mutt was sent to the Dead Pool.
Turn 53 | Player: P1
                                 NARC Board P2                                  
┏━━━━┳━━━━━━━━━━━━━━━━━━━━━━━━┳━━━━━━┳━━━━━━━━━━━━━━━━━━━━━━━━━━━━━━━━━━━━━━━━━┓
┃  # ┃ Name                   ┃ Wind ┃ Abilities                               ┃
┡━━━━╇━━━━━━━━━━━━━━━━━━━━━━━━╇━━━━━━╇━━━━━━━━━━━━━━━━━━━━━━━━━━━━━━━━━━━━━━━━━┩
│  0 │ Lokar Simmons⭐✋🥩🚨  │    0 │ 0 RESOURCEFUL [2⟲] Draw a card          │
│  1 │ Sausage Droid🥩⚙️ 🚨    │    3 │ 0 PROCESS [1⟲ 1⚈] Burn 1 biological     │
│    │                        │      │ from Dead Pool to remove 1 wind from    │
│    │                        │      │ target Goon.                            │
│    │                        │      │ 1 OVERCLOCKED BURST [1⟲] Banish 1       │
│    │                        │      │ mechanical from Dead Pool to add 1 wind │
│    │                        │      │ to target Goon.                         │
│  2 │ Marine Marauder🥩⚙️ 🚨  │    1 │ 0 PRECISION STRIKE [1⟲] Add 1 wind to   │
│    │                        │      │ target Goon.                            │
│    │                        │      │ 1 ORDINANCE ARRAY [3⟲] Distribute 3     │
│    │                        │      │ wind among 3 target Goons.              │
│  3 │ Compliance Auditon⚙️ 🚨 │    0 │ 0 LITIGIOUS GRIDLOCK [1⟲] Target goon   │
│    │                        │      │ does not unwind in its next unwind      │
│    │                        │      │ phase.                                  │
│  4 │ Compliance Auditon⚙️ 🚨 │    0 │ 0 LITIGIOUS GRIDLOCK [1⟲] Target goon   │
│    │                        │      │ does not unwind in its next unwind      │
│    │                        │      │ phase.                                  │
│  5 │ Marine Marauder🥩⚙️ 🚨  │    0 │ 0 PRECISION STRIKE [1⟲] Add 1 wind to   │
│    │                        │      │ target Goon.                            │
│    │                        │      │ 1 ORDINANCE ARRAY [3⟲] Distribute 3     │
│    │                        │      │ wind among 3 target Goons.              │
│  6 │ Marine Marauder🥩⚙️ 🚨  │    0 │ 0 PRECISION STRIKE [1⟲] Add 1 wind to   │
│    │                        │      │ target Goon.                            │
│    │                        │      │ 1 ORDINANCE ARRAY [3⟲] Distribute 3     │
│    │                        │      │ wind among 3 target Goons.              │
│  7 │ Nob Lobber⚙️ 🚨         │    0 │ 0 SCATTER LOAD [1⟲] Add 1 wind to 2     │
│    │                        │      │ target Goons.                           │
│    │                        │      │ 1 GOON BUSTER [3⟲] Add 1 wind to target │
│    │                        │      │ Goon.                                   │
│  8 │ Impact Simulant⚙️ 🚨    │    0 │ -                                       │
│  9 │ K-9.0⚙️ 🚨              │    0 │ 0 SCAN FOR VULNERABILITY [2⟲] A goon    │
│    │                        │      │ may use an ability twice on the scanned │
│    │                        │      │ target this turn.                       │
│ 10 │ Impact Simulant⚙️ 🚨    │    0 │ -                                       │
│ 11 │ Killjoy🔶✋⚙️ 🚨        │    0 │ 0 SUBMISSION HOLD Target Goon does not  │
│    │                        │      │ unwind on player's next turn.           │
│    │                        │      │ 1 NEUTRALIZE [1⟲] Add 1 wind to target  │
│    │                        │      │ Goon.                                   │
│    │                        │      │ 2 DEFENSIVE POSTURE [1⟲] Buzzkill and   │
│    │                        │      │ Killjoy both pay 1 wind; Player's Goons │
│    │                        │      │ gain Resist until Player's next turn.   │
│ 12 │ K-9.0⚙️ 🚨              │    0 │ 0 SCAN FOR VULNERABILITY [2⟲] A goon    │
│    │                        │      │ may use an ability twice on the scanned │
│    │                        │      │ target this turn.                       │
└────┴────────────────────────┴──────┴─────────────────────────────────────────┘
                                  PCU Board P1                                  
┏━━━┳━━━━━━━━━━━━━━━━━━━━━━━┳━━━━━━┳━━━━━━━━━━━━━━━━━━━━━━━━━━━━━━━━━━━━━━━━━━━┓
┃ # ┃ Name                  ┃ Wind ┃ Abilities                                 ┃
┡━━━╇━━━━━━━━━━━━━━━━━━━━━━━╇━━━━━━╇━━━━━━━━━━━━━━━━━━━━━━━━━━━━━━━━━━━━━━━━━━━┩
│ 0 │ Grim⭐✋🥩🌀          │    0 │ 0 DEFILE NATURE Remove 1 wind from any    │
│   │                       │      │ target Goon.                              │
│ 1 │ Meat Vegetable🥩🌀    │    0 │ -                                         │
│ 2 │ Psychodelic Toad🥩🌀  │    2 │ 0 DOSE [2⟲] Target Goon may not use       │
│   │                       │      │ abilities or contribute wind on its       │
│   │                       │      │ Player’s next turn. Target may still      │
│   │                       │      │ unwind.                                   │
│ 3 │ Local Singularity🚫🌀 │    0 │ 0 DRAW FIRE Player's Goons cannot be      │
│   │                       │      │ targeted by unfriendly abilities while    │
│   │                       │      │ Singularity is in play. Singularity must  │
│   │                       │      │ be destroyed first.                       │
│ 4 │ Voidling🥩🌀          │    0 │ 0 SHOT SPOTTER [1⟲] If target takes wind  │
│   │                       │      │ as damage this turn, they do not unwind   │
│   │                       │      │ during their next unwind phase.           │
│   │                       │      │ 1 RALLY RINGER [4⟲] Move any card from    │
│   │                       │      │ deck to hand; reshuffle deck.             │
└───┴───────────────────────┴──────┴───────────────────────────────────────────┘
Dead Pool 🥩:33 ⚙️ :12
         PCU P1 hand (6)          
┏━━━┳━━━━━━━━━━━━━━━━━━━━┳━━━━━━━┓
┃ # ┃ Name               ┃ Cost  ┃
┡━━━╇━━━━━━━━━━━━━━━━━━━━╇━━━━━━━┩
│ 0 │ Dragoon⚙️ 🌀        │ 6⟲    │
│ 1 │ Kriegsgheist✋🚫🌀 │ 3⛭ 3⚈ │
│ 2 │ Dragoon⚙️ 🌀        │ 6⟲    │
│ 3 │ Nives⚙️ 🌀          │ 4⟲    │
│ 4 │ Vex🔶✋🥩🌀        │ 4⟲    │
│ 5 │ Krax🔶✋🥩🌀       │ 6⟲    │
└───┴────────────────────┴───────┘
Previous Turn
Turn 52 ends. P2 leaves 13 goons on the board. P1 now has 5 board / 5 hand 
(retired 22); P2 has 13 board / 6 hand (retired 14). Dead Pool holds 58.
  P2 deployed K-9.0.
  Opponent (P1)'s Mutt was retired.
  Mutt was sent to the Dead Pool.
could not pay wind
cannot deploy: requires Vex on your board
Turn 53 ends. P1 leaves 5 goons on the board. P1 now has 5 board / 5 hand 
(retired 23); P2 has 13 board / 6 hand (retired 14). Dead Pool holds 60.
  P1 deployed Vex.
  P1's Meat Vegetable was retired.
  Meat Vegetable was sent to the Dead Pool.
  Meat Vegetable was sent to the Dead Pool.
Turn 54 | Player: P2
                                  PCU Board P1                                  
┏━━━┳━━━━━━━━━━━━━━━━━━━━━━━┳━━━━━━┳━━━━━━━━━━━━━━━━━━━━━━━━━━━━━━━━━━━━━━━━━━━┓
┃ # ┃ Name                  ┃ Wind ┃ Abilities                                 ┃
┡━━━╇━━━━━━━━━━━━━━━━━━━━━━━╇━━━━━━╇━━━━━━━━━━━━━━━━━━━━━━━━━━━━━━━━━━━━━━━━━━━┩
│ 0 │ Grim⭐✋🥩🌀          │    0 │ 0 DEFILE NATURE Remove 1 wind from any    │
│   │                       │      │ target Goon.                              │
│ 1 │ Psychodelic Toad🥩🌀  │    2 │ 0 DOSE [2⟲] Target Goon may not use       │
│   │                       │      │ abilities or contribute wind on its       │
│   │                       │      │ Player’s next turn. Target may still      │
│   │                       │      │ unwind.                                   │
│ 2 │ Local Singularity🚫🌀 │    0 │ 0 DRAW FIRE Player's Goons cannot be      │
│   │                       │      │ targeted by unfriendly abilities while    │
│   │                       │      │ Singularity is in play. Singularity must  │
│   │                       │      │ be destroyed first.                       │
│ 3 │ Voidling🥩🌀          │    0 │ 0 SHOT SPOTTER [1⟲] If target takes wind  │
│   │                       │      │ as damage this turn, they do not unwind   │
│   │                       │      │ during their next unwind phase.           │
│   │                       │      │ 1 RALLY RINGER [4⟲] Move any card from    │
│   │                       │      │ deck to hand; reshuffle deck.             │
│ 4 │ Vex🔶✋🥩🌀           │    0 │ 0 PLINK Add 1 wind to target Goon         │
│   │                       │      │ 1 SNIPE [2⟲] Add 2 wind to target Goon    │
│   │                       │      │ 2 DOME [3⟲] Destroy target Goon.          │
└───┴───────────────────────┴──────┴───────────────────────────────────────────┘
                                 NARC Board P2                                  
┏━━━━┳━━━━━━━━━━━━━━━━━━━━━━━━┳━━━━━━┳━━━━━━━━━━━━━━━━━━━━━━━━━━━━━━━━━━━━━━━━━┓
┃  # ┃ Name                   ┃ Wind ┃ Abilities                               ┃
┡━━━━╇━━━━━━━━━━━━━━━━━━━━━━━━╇━━━━━━╇━━━━━━━━━━━━━━━━━━━━━━━━━━━━━━━━━━━━━━━━━┩
│  0 │ Lokar Simmons⭐✋🥩🚨  │    0 │ 0 RESOURCEFUL [2⟲] Draw a card          │
│  1 │ Sausage Droid🥩⚙️ 🚨    │    2 │ 0 PROCESS [1⟲ 1⚈] Burn 1 biological     │
│    │                        │      │ from Dead Pool to remove 1 wind from    │
│    │                        │      │ target Goon.                            │
│    │                        │      │ 1 OVERCLOCKED BURST [1⟲] Banish 1       │
│    │                        │      │ mechanical from Dead Pool to add 1 wind │
│    │                        │      │ to target Goon.                         │
│  2 │ Marine Marauder🥩⚙️ 🚨  │    0 │ 0 PRECISION STRIKE [1⟲] Add 1 wind to   │
│    │                        │      │ target Goon.                            │
│    │                        │      │ 1 ORDINANCE ARRAY [3⟲] Distribute 3     │
│    │                        │      │ wind among 3 target Goons.              │
│  3 │ Compliance Auditon⚙️ 🚨 │    0 │ 0 LITIGIOUS GRIDLOCK [1⟲] Target goon   │
│    │                        │      │ does not unwind in its next unwind      │
│    │                        │      │ phase.                                  │
│  4 │ Compliance Auditon⚙️ 🚨 │    0 │ 0 LITIGIOUS GRIDLOCK [1⟲] Target goon   │
│    │                        │      │ does not unwind in its next unwind      │
│    │                        │      │ phase.                                  │
│  5 │ Marine Marauder🥩⚙️ 🚨  │    0 │ 0 PRECISION STRIKE [1⟲] Add 1 wind to   │
│    │                        │      │ target Goon.                            │
│    │                        │      │ 1 ORDINANCE ARRAY [3⟲] Distribute 3     │
│    │                        │      │ wind among 3 target Goons.              │
│  6 │ Marine Marauder🥩⚙️ 🚨  │    0 │ 0 PRECISION STRIKE [1⟲] Add 1 wind to   │
│    │                        │      │ target Goon.                            │
│    │                        │      │ 1 ORDINANCE ARRAY [3⟲] Distribute 3     │
│    │                        │      │ wind among 3 target Goons.              │
│  7 │ Nob Lobber⚙️ 🚨         │    0 │ 0 SCATTER LOAD [1⟲] Add 1 wind to 2     │
│    │                        │      │ target Goons.                           │
│    │                        │      │ 1 GOON BUSTER [3⟲] Add 1 wind to target │
│    │                        │      │ Goon.                                   │
│  8 │ Impact Simulant⚙️ 🚨    │    0 │ -                                       │
│  9 │ K-9.0⚙️ 🚨              │    0 │ 0 SCAN FOR VULNERABILITY [2⟲] A goon    │
│    │                        │      │ may use an ability twice on the scanned │
│    │                        │      │ target this turn.                       │
│ 10 │ Impact Simulant⚙️ 🚨    │    0 │ -                                       │
│ 11 │ Killjoy🔶✋⚙️ 🚨        │    0 │ 0 SUBMISSION HOLD Target Goon does not  │
│    │                        │      │ unwind on player's next turn.           │
│    │                        │      │ 1 NEUTRALIZE [1⟲] Add 1 wind to target  │
│    │                        │      │ Goon.                                   │
│    │                        │      │ 2 DEFENSIVE POSTURE [1⟲] Buzzkill and   │
│    │                        │      │ Killjoy both pay 1 wind; Player's Goons │
│    │                        │      │ gain Resist until Player's next turn.   │
│ 12 │ K-9.0⚙️ 🚨              │    0 │ 0 SCAN FOR VULNERABILITY [2⟲] A goon    │
│    │                        │      │ may use an ability twice on the scanned │
│    │                        │      │ target this turn.                       │
└────┴────────────────────────┴──────┴─────────────────────────────────────────┘
Dead Pool 🥩:35 ⚙️ :12
          NARC P2 hand (7)           
┏━━━┳━━━━━━━━━━━━━━━━━━━━━━━━┳━━━━━━┓
┃ # ┃ Name                   ┃ Cost ┃
┡━━━╇━━━━━━━━━━━━━━━━━━━━━━━━╇━━━━━━┩
│ 0 │ Buzzkill🔶✋⚙️ 🚨       │ 5⟲   │
│ 1 │ Sentry Node⚙️ 🚨        │ 4⟲   │
│ 2 │ Buzzkill🔶✋⚙️ 🚨       │ 5⟲   │
│ 3 │ Nob Lobber⚙️ 🚨         │ 4⟲   │
│ 4 │ Sentry Node⚙️ 🚨        │ 4⟲   │
│ 5 │ Narcstar🚨             │ 12⟲  │
│ 6 │ Compliance Auditon⚙️ 🚨 │ 1⟲   │
└───┴────────────────────────┴──────┘
Previous Turn
Turn 53 ends. P1 leaves 5 goons on the board. P1 now has 5 board / 5 hand 
(retired 23); P2 has 13 board / 6 hand (retired 14). Dead Pool holds 60.
  P1 deployed Vex.
  P1's Meat Vegetable was retired.
  Meat Vegetable was sent to the Dead Pool.
  Meat Vegetable was sent to the Dead Pool.
Turn 54 ends. P2 leaves 14 goons on the board. P1 now has 5 board / 5 hand 
(retired 23); P2 has 14 board / 6 hand (retired 14). Dead Pool holds 60.
  P2 deployed Compliance Auditon.
Turn 55 | Player: P1
                                 NARC Board P2                                  
┏━━━━┳━━━━━━━━━━━━━━━━━━━━━━━━┳━━━━━━┳━━━━━━━━━━━━━━━━━━━━━━━━━━━━━━━━━━━━━━━━━┓
┃  # ┃ Name                   ┃ Wind ┃ Abilities                               ┃
┡━━━━╇━━━━━━━━━━━━━━━━━━━━━━━━╇━━━━━━╇━━━━━━━━━━━━━━━━━━━━━━━━━━━━━━━━━━━━━━━━━┩
│  0 │ Lokar Simmons⭐✋🥩🚨  │    0 │ 0 RESOURCEFUL [2⟲] Draw a card          │
│  1 │ Sausage Droid🥩⚙️ 🚨    │    3 │ 0 PROCESS [1⟲ 1⚈] Burn 1 biological     │
│    │                        │      │ from Dead Pool to remove 1 wind from    │
│    │                        │      │ target Goon.                            │
│    │                        │      │ 1 OVERCLOCKED BURST [1⟲] Banish 1       │
│    │                        │      │ mechanical from Dead Pool to add 1 wind │
│    │                        │      │ to target Goon.                         │
│  2 │ Marine Marauder🥩⚙️ 🚨  │    1 │ 0 PRECISION STRIKE [1⟲] Add 1 wind to   │
│    │                        │      │ target Goon.                            │
│    │                        │      │ 1 ORDINANCE ARRAY [3⟲] Distribute 3     │
│    │                        │      │ wind among 3 target Goons.              │
│  3 │ Compliance Auditon⚙️ 🚨 │    0 │ 0 LITIGIOUS GRIDLOCK [1⟲] Target goon   │
│    │                        │      │ does not unwind in its next unwind      │
│    │                        │      │ phase.                                  │
│  4 │ Compliance Auditon⚙️ 🚨 │    0 │ 0 LITIGIOUS GRIDLOCK [1⟲] Target goon   │
│    │                        │      │ does not unwind in its next unwind      │
│    │                        │      │ phase.                                  │
│  5 │ Marine Marauder🥩⚙️ 🚨  │    0 │ 0 PRECISION STRIKE [1⟲] Add 1 wind to   │
│    │                        │      │ target Goon.                            │
│    │                        │      │ 1 ORDINANCE ARRAY [3⟲] Distribute 3     │
│    │                        │      │ wind among 3 target Goons.              │
│  6 │ Marine Marauder🥩⚙️ 🚨  │    0 │ 0 PRECISION STRIKE [1⟲] Add 1 wind to   │
│    │                        │      │ target Goon.                            │
│    │                        │      │ 1 ORDINANCE ARRAY [3⟲] Distribute 3     │
│    │                        │      │ wind among 3 target Goons.              │
│  7 │ Nob Lobber⚙️ 🚨         │    0 │ 0 SCATTER LOAD [1⟲] Add 1 wind to 2     │
│    │                        │      │ target Goons.                           │
│    │                        │      │ 1 GOON BUSTER [3⟲] Add 1 wind to target │
│    │                        │      │ Goon.                                   │
│  8 │ Impact Simulant⚙️ 🚨    │    0 │ -                                       │
│  9 │ K-9.0⚙️ 🚨              │    0 │ 0 SCAN FOR VULNERABILITY [2⟲] A goon    │
│    │                        │      │ may use an ability twice on the scanned │
│    │                        │      │ target this turn.                       │
│ 10 │ Impact Simulant⚙️ 🚨    │    0 │ -                                       │
│ 11 │ Killjoy🔶✋⚙️ 🚨        │    0 │ 0 SUBMISSION HOLD Target Goon does not  │
│    │                        │      │ unwind on player's next turn.           │
│    │                        │      │ 1 NEUTRALIZE [1⟲] Add 1 wind to target  │
│    │                        │      │ Goon.                                   │
│    │                        │      │ 2 DEFENSIVE POSTURE [1⟲] Buzzkill and   │
│    │                        │      │ Killjoy both pay 1 wind; Player's Goons │
│    │                        │      │ gain Resist until Player's next turn.   │
│ 12 │ K-9.0⚙️ 🚨              │    0 │ 0 SCAN FOR VULNERABILITY [2⟲] A goon    │
│    │                        │      │ may use an ability twice on the scanned │
│    │                        │      │ target this turn.                       │
│ 13 │ Compliance Auditon⚙️ 🚨 │    0 │ 0 LITIGIOUS GRIDLOCK [1⟲] Target goon   │
│    │                        │      │ does not unwind in its next unwind      │
│    │                        │      │ phase.                                  │
└────┴────────────────────────┴──────┴─────────────────────────────────────────┘
                                  PCU Board P1                                  
┏━━━┳━━━━━━━━━━━━━━━━━━━━━━━┳━━━━━━┳━━━━━━━━━━━━━━━━━━━━━━━━━━━━━━━━━━━━━━━━━━━┓
┃ # ┃ Name                  ┃ Wind ┃ Abilities                                 ┃
┡━━━╇━━━━━━━━━━━━━━━━━━━━━━━╇━━━━━━╇━━━━━━━━━━━━━━━━━━━━━━━━━━━━━━━━━━━━━━━━━━━┩
│ 0 │ Grim⭐✋🥩🌀          │    0 │ 0 DEFILE NATURE Remove 1 wind from any    │
│   │                       │      │ target Goon.                              │
│ 1 │ Psychodelic Toad🥩🌀  │    2 │ 0 DOSE [2⟲] Target Goon may not use       │
│   │                       │      │ abilities or contribute wind on its       │
│   │                       │      │ Player’s next turn. Target may still      │
│   │                       │      │ unwind.                                   │
│ 2 │ Local Singularity🚫🌀 │    0 │ 0 DRAW FIRE Player's Goons cannot be      │
│   │                       │      │ targeted by unfriendly abilities while    │
│   │                       │      │ Singularity is in play. Singularity must  │
│   │                       │      │ be destroyed first.                       │
│ 3 │ Voidling🥩🌀          │    0 │ 0 SHOT SPOTTER [1⟲] If target takes wind  │
│   │                       │      │ as damage this turn, they do not unwind   │
│   │                       │      │ during their next unwind phase.           │
│   │                       │      │ 1 RALLY RINGER [4⟲] Move any card from    │
│   │                       │      │ deck to hand; reshuffle deck.             │
│ 4 │ Vex🔶✋🥩🌀           │    0 │ 0 PLINK Add 1 wind to target Goon         │
│   │                       │      │ 1 SNIPE [2⟲] Add 2 wind to target Goon    │
│   │                       │      │ 2 DOME [3⟲] Destroy target Goon.          │
└───┴───────────────────────┴──────┴───────────────────────────────────────────┘
Dead Pool 🥩:35 ⚙️ :12
           PCU P1 hand (6)           
┏━━━┳━━━━━━━━━━━━━━━━━━━━━━━┳━━━━━━━┓
┃ # ┃ Name                  ┃ Cost  ┃
┡━━━╇━━━━━━━━━━━━━━━━━━━━━━━╇━━━━━━━┩
│ 0 │ Dragoon⚙️ 🌀           │ 6⟲    │
│ 1 │ Kriegsgheist✋🚫🌀    │ 3⛭ 3⚈ │
│ 2 │ Dragoon⚙️ 🌀           │ 6⟲    │
│ 3 │ Nives⚙️ 🌀             │ 4⟲    │
│ 4 │ Krax🔶✋🥩🌀          │ 6⟲    │
│ 5 │ Local Singularity🚫🌀 │ 2⟲    │
└───┴───────────────────────┴───────┘
Previous Turn
Turn 54 ends. P2 leaves 14 goons on the board. P1 now has 5 board / 5 hand 
(retired 23); P2 has 14 board / 6 hand (retired 14). Dead Pool holds 60.
  P2 deployed Compliance Auditon.
could not pay wind
Turn 55 ends. P1 leaves 5 goons on the board. P1 now has 5 board / 5 hand 
(retired 24); P2 has 14 board / 6 hand (retired 14). Dead Pool holds 62.
  P1 deployed Local Singularity.
  P1's Psychodelic Toad was retired.
  Psychodelic Toad was sent to the Dead Pool.
  Psychodelic Toad was sent to the Dead Pool.
Turn 56 | Player: P2
                                  PCU Board P1                                  
┏━━━┳━━━━━━━━━━━━━━━━━━━━━━━┳━━━━━━┳━━━━━━━━━━━━━━━━━━━━━━━━━━━━━━━━━━━━━━━━━━━┓
┃ # ┃ Name                  ┃ Wind ┃ Abilities                                 ┃
┡━━━╇━━━━━━━━━━━━━━━━━━━━━━━╇━━━━━━╇━━━━━━━━━━━━━━━━━━━━━━━━━━━━━━━━━━━━━━━━━━━┩
│ 0 │ Grim⭐✋🥩🌀          │    0 │ 0 DEFILE NATURE Remove 1 wind from any    │
│   │                       │      │ target Goon.                              │
│ 1 │ Local Singularity🚫🌀 │    0 │ 0 DRAW FIRE Player's Goons cannot be      │
│   │                       │      │ targeted by unfriendly abilities while    │
│   │                       │      │ Singularity is in play. Singularity must  │
│   │                       │      │ be destroyed first.                       │
│ 2 │ Voidling🥩🌀          │    0 │ 0 SHOT SPOTTER [1⟲] If target takes wind  │
│   │                       │      │ as damage this turn, they do not unwind   │
│   │                       │      │ during their next unwind phase.           │
│   │                       │      │ 1 RALLY RINGER [4⟲] Move any card from    │
│   │                       │      │ deck to hand; reshuffle deck.             │
│ 3 │ Vex🔶✋🥩🌀           │    3 │ 0 PLINK Add 1 wind to target Goon         │
│   │                       │      │ 1 SNIPE [2⟲] Add 2 wind to target Goon    │
│   │                       │      │ 2 DOME [3⟲] Destroy target Goon.          │
│ 4 │ Local Singularity🚫🌀 │    0 │ 0 DRAW FIRE Player's Goons cannot be      │
│   │                       │      │ targeted by unfriendly abilities while    │
│   │                       │      │ Singularity is in play. Singularity must  │
│   │                       │      │ be destroyed first.                       │
└───┴───────────────────────┴──────┴───────────────────────────────────────────┘
                                 NARC Board P2                                  
┏━━━━┳━━━━━━━━━━━━━━━━━━━━━━━━┳━━━━━━┳━━━━━━━━━━━━━━━━━━━━━━━━━━━━━━━━━━━━━━━━━┓
┃  # ┃ Name                   ┃ Wind ┃ Abilities                               ┃
┡━━━━╇━━━━━━━━━━━━━━━━━━━━━━━━╇━━━━━━╇━━━━━━━━━━━━━━━━━━━━━━━━━━━━━━━━━━━━━━━━━┩
│  0 │ Lokar Simmons⭐✋🥩🚨  │    0 │ 0 RESOURCEFUL [2⟲] Draw a card          │
│  1 │ Sausage Droid🥩⚙️ 🚨    │    2 │ 0 PROCESS [1⟲ 1⚈] Burn 1 biological     │
│    │                        │      │ from Dead Pool to remove 1 wind from    │
│    │                        │      │ target Goon.                            │
│    │                        │      │ 1 OVERCLOCKED BURST [1⟲] Banish 1       │
│    │                        │      │ mechanical from Dead Pool to add 1 wind │
│    │                        │      │ to target Goon.                         │
│  2 │ Marine Marauder🥩⚙️ 🚨  │    0 │ 0 PRECISION STRIKE [1⟲] Add 1 wind to   │
│    │                        │      │ target Goon.                            │
│    │                        │      │ 1 ORDINANCE ARRAY [3⟲] Distribute 3     │
│    │                        │      │ wind among 3 target Goons.              │
│  3 │ Compliance Auditon⚙️ 🚨 │    0 │ 0 LITIGIOUS GRIDLOCK [1⟲] Target goon   │
│    │                        │      │ does not unwind in its next unwind      │
│    │                        │      │ phase.                                  │
│  4 │ Compliance Auditon⚙️ 🚨 │    0 │ 0 LITIGIOUS GRIDLOCK [1⟲] Target goon   │
│    │                        │      │ does not unwind in its next unwind      │
│    │                        │      │ phase.                                  │
│  5 │ Marine Marauder🥩⚙️ 🚨  │    0 │ 0 PRECISION STRIKE [1⟲] Add 1 wind to   │
│    │                        │      │ target Goon.                            │
│    │                        │      │ 1 ORDINANCE ARRAY [3⟲] Distribute 3     │
│    │                        │      │ wind among 3 target Goons.              │
│  6 │ Marine Marauder🥩⚙️ 🚨  │    0 │ 0 PRECISION STRIKE [1⟲] Add 1 wind to   │
│    │                        │      │ target Goon.                            │
│    │                        │      │ 1 ORDINANCE ARRAY [3⟲] Distribute 3     │
│    │                        │      │ wind among 3 target Goons.              │
│  7 │ Nob Lobber⚙️ 🚨         │    0 │ 0 SCATTER LOAD [1⟲] Add 1 wind to 2     │
│    │                        │      │ target Goons.                           │
│    │                        │      │ 1 GOON BUSTER [3⟲] Add 1 wind to target │
│    │                        │      │ Goon.                                   │
│  8 │ Impact Simulant⚙️ 🚨    │    0 │ -                                       │
│  9 │ K-9.0⚙️ 🚨              │    0 │ 0 SCAN FOR VULNERABILITY [2⟲] A goon    │
│    │                        │      │ may use an ability twice on the scanned │
│    │                        │      │ target this turn.                       │
│ 10 │ Impact Simulant⚙️ 🚨    │    0 │ -                                       │
│ 11 │ Killjoy🔶✋⚙️ 🚨        │    0 │ 0 SUBMISSION HOLD Target Goon does not  │
│    │                        │      │ unwind on player's next turn.           │
│    │                        │      │ 1 NEUTRALIZE [1⟲] Add 1 wind to target  │
│    │                        │      │ Goon.                                   │
│    │                        │      │ 2 DEFENSIVE POSTURE [1⟲] Buzzkill and   │
│    │                        │      │ Killjoy both pay 1 wind; Player's Goons │
│    │                        │      │ gain Resist until Player's next turn.   │
│ 12 │ K-9.0⚙️ 🚨              │    0 │ 0 SCAN FOR VULNERABILITY [2⟲] A goon    │
│    │                        │      │ may use an ability twice on the scanned │
│    │                        │      │ target this turn.                       │
│ 13 │ Compliance Auditon⚙️ 🚨 │    0 │ 0 LITIGIOUS GRIDLOCK [1⟲] Target goon   │
│    │                        │      │ does not unwind in its next unwind      │
│    │                        │      │ phase.                                  │
└────┴────────────────────────┴──────┴─────────────────────────────────────────┘
Dead Pool 🥩:37 ⚙️ :12
       NARC P2 hand (7)        
┏━━━┳━━━━━━━━━━━━━━━━━━┳━━━━━━┓
┃ # ┃ Name             ┃ Cost ┃
┡━━━╇━━━━━━━━━━━━━━━━━━╇━━━━━━┩
│ 0 │ Buzzkill🔶✋⚙️ 🚨 │ 5⟲   │
│ 1 │ Sentry Node⚙️ 🚨  │ 4⟲   │
│ 2 │ Buzzkill🔶✋⚙️ 🚨 │ 5⟲   │
│ 3 │ Nob Lobber⚙️ 🚨   │ 4⟲   │
│ 4 │ Sentry Node⚙️ 🚨  │ 4⟲   │
│ 5 │ Narcstar🚨       │ 12⟲  │
│ 6 │ Hover Shield⚙️ 🚨 │ 2⟲   │
└───┴──────────────────┴──────┘
Previous Turn
Turn 55 ends. P1 leaves 5 goons on the board. P1 now has 5 board / 5 hand 
(retired 24); P2 has 14 board / 6 hand (retired 14). Dead Pool holds 62.
  P1 deployed Local Singularity.
  P1's Psychodelic Toad was retired.
  Psychodelic Toad was sent to the Dead Pool.
  Psychodelic Toad was sent to the Dead Pool.
Turn 56 ends. P2 leaves 14 goons on the board. P1 now has 5 board / 5 hand 
(retired 24); P2 has 14 board / 6 hand (retired 15). Dead Pool holds 64.
  P2 deployed Hover Shield.
  P2's Sausage Droid was retired.
  Sausage Droid was sent to the Dead Pool.
  Sausage Droid was sent to the Dead Pool.
Turn 57 | Player: P1
                                 NARC Board P2                                  
┏━━━━┳━━━━━━━━━━━━━━━━━━━━━━━━┳━━━━━━┳━━━━━━━━━━━━━━━━━━━━━━━━━━━━━━━━━━━━━━━━━┓
┃  # ┃ Name                   ┃ Wind ┃ Abilities                               ┃
┡━━━━╇━━━━━━━━━━━━━━━━━━━━━━━━╇━━━━━━╇━━━━━━━━━━━━━━━━━━━━━━━━━━━━━━━━━━━━━━━━━┩
│  0 │ Lokar Simmons⭐✋🥩🚨  │    0 │ 0 RESOURCEFUL [2⟲] Draw a card          │
│  1 │ Marine Marauder🥩⚙️ 🚨  │    1 │ 0 PRECISION STRIKE [1⟲] Add 1 wind to   │
│    │                        │      │ target Goon.                            │
│    │                        │      │ 1 ORDINANCE ARRAY [3⟲] Distribute 3     │
│    │                        │      │ wind among 3 target Goons.              │
│  2 │ Compliance Auditon⚙️ 🚨 │    0 │ 0 LITIGIOUS GRIDLOCK [1⟲] Target goon   │
│    │                        │      │ does not unwind in its next unwind      │
│    │                        │      │ phase.                                  │
│  3 │ Compliance Auditon⚙️ 🚨 │    0 │ 0 LITIGIOUS GRIDLOCK [1⟲] Target goon   │
│    │                        │      │ does not unwind in its next unwind      │
│    │                        │      │ phase.                                  │
│  4 │ Marine Marauder🥩⚙️ 🚨  │    0 │ 0 PRECISION STRIKE [1⟲] Add 1 wind to   │
│    │                        │      │ target Goon.                            │
│    │                        │      │ 1 ORDINANCE ARRAY [3⟲] Distribute 3     │
│    │                        │      │ wind among 3 target Goons.              │
│  5 │ Marine Marauder🥩⚙️ 🚨  │    0 │ 0 PRECISION STRIKE [1⟲] Add 1 wind to   │
│    │                        │      │ target Goon.                            │
│    │                        │      │ 1 ORDINANCE ARRAY [3⟲] Distribute 3     │
│    │                        │      │ wind among 3 target Goons.              │
│  6 │ Nob Lobber⚙️ 🚨         │    0 │ 0 SCATTER LOAD [1⟲] Add 1 wind to 2     │
│    │                        │      │ target Goons.                           │
│    │                        │      │ 1 GOON BUSTER [3⟲] Add 1 wind to target │
│    │                        │      │ Goon.                                   │
│  7 │ Impact Simulant⚙️ 🚨    │    0 │ -                                       │
│  8 │ K-9.0⚙️ 🚨              │    0 │ 0 SCAN FOR VULNERABILITY [2⟲] A goon    │
│    │                        │      │ may use an ability twice on the scanned │
│    │                        │      │ target this turn.                       │
│  9 │ Impact Simulant⚙️ 🚨    │    0 │ -                                       │
│ 10 │ Killjoy🔶✋⚙️ 🚨        │    0 │ 0 SUBMISSION HOLD Target Goon does not  │
│    │                        │      │ unwind on player's next turn.           │
│    │                        │      │ 1 NEUTRALIZE [1⟲] Add 1 wind to target  │
│    │                        │      │ Goon.                                   │
│    │                        │      │ 2 DEFENSIVE POSTURE [1⟲] Buzzkill and   │
│    │                        │      │ Killjoy both pay 1 wind; Player's Goons │
│    │                        │      │ gain Resist until Player's next turn.   │
│ 11 │ K-9.0⚙️ 🚨              │    0 │ 0 SCAN FOR VULNERABILITY [2⟲] A goon    │
│    │                        │      │ may use an ability twice on the scanned │
│    │                        │      │ target this turn.                       │
│ 12 │ Compliance Auditon⚙️ 🚨 │    0 │ 0 LITIGIOUS GRIDLOCK [1⟲] Target goon   │
│    │                        │      │ does not unwind in its next unwind      │
│    │                        │      │ phase.                                  │
│ 13 │ Hover Shield⚙️ 🚨       │    0 │ 0 COVER [1⟲] Target Goon may not be     │
│    │                        │      │ targeted by enemy Goon abilities until  │
│    │                        │      │ the beginning of player's next turn.    │
└────┴────────────────────────┴──────┴─────────────────────────────────────────┘
                                  PCU Board P1                                  
┏━━━┳━━━━━━━━━━━━━━━━━━━━━━━┳━━━━━━┳━━━━━━━━━━━━━━━━━━━━━━━━━━━━━━━━━━━━━━━━━━━┓
┃ # ┃ Name                  ┃ Wind ┃ Abilities                                 ┃
┡━━━╇━━━━━━━━━━━━━━━━━━━━━━━╇━━━━━━╇━━━━━━━━━━━━━━━━━━━━━━━━━━━━━━━━━━━━━━━━━━━┩
│ 0 │ Grim⭐✋🥩🌀          │    0 │ 0 DEFILE NATURE Remove 1 wind from any    │
│   │                       │      │ target Goon.                              │
│ 1 │ Local Singularity🚫🌀 │    0 │ 0 DRAW FIRE Player's Goons cannot be      │
│   │                       │      │ targeted by unfriendly abilities while    │
│   │                       │      │ Singularity is in play. Singularity must  │
│   │                       │      │ be destroyed first.                       │
│ 2 │ Voidling🥩🌀          │    0 │ 0 SHOT SPOTTER [1⟲] If target takes wind  │
│   │                       │      │ as damage this turn, they do not unwind   │
│   │                       │      │ during their next unwind phase.           │
│   │                       │      │ 1 RALLY RINGER [4⟲] Move any card from    │
│   │                       │      │ deck to hand; reshuffle deck.             │
│ 3 │ Vex🔶✋🥩🌀           │    2 │ 0 PLINK Add 1 wind to target Goon         │
│   │                       │      │ 1 SNIPE [2⟲] Add 2 wind to target Goon    │
│   │                       │      │ 2 DOME [3⟲] Destroy target Goon.          │
│ 4 │ Local Singularity🚫🌀 │    0 │ 0 DRAW FIRE Player's Goons cannot be      │
│   │                       │      │ targeted by unfriendly abilities while    │
│   │                       │      │ Singularity is in play. Singularity must  │
│   │                       │      │ be destroyed first.                       │
└───┴───────────────────────┴──────┴───────────────────────────────────────────┘
Dead Pool 🥩:39 ⚙️ :14
         PCU P1 hand (6)          
┏━━━┳━━━━━━━━━━━━━━━━━━━━┳━━━━━━━┓
┃ # ┃ Name               ┃ Cost  ┃
┡━━━╇━━━━━━━━━━━━━━━━━━━━╇━━━━━━━┩
│ 0 │ Dragoon⚙️ 🌀        │ 6⟲    │
│ 1 │ Kriegsgheist✋🚫🌀 │ 3⛭ 3⚈ │
│ 2 │ Dragoon⚙️ 🌀        │ 6⟲    │
│ 3 │ Nives⚙️ 🌀          │ 4⟲    │
│ 4 │ Krax🔶✋🥩🌀       │ 6⟲    │
│ 5 │ Technomancer🥩⚙️ 🌀 │ 4⟲    │
└───┴────────────────────┴───────┘
Previous Turn
Turn 56 ends. P2 leaves 14 goons on the board. P1 now has 5 board / 5 hand 
(retired 24); P2 has 14 board / 6 hand (retired 15). Dead Pool holds 64.
  P2 deployed Hover Shield.
  P2's Sausage Droid was retired.
  Sausage Droid was sent to the Dead Pool.
  Sausage Droid was sent to the Dead Pool.
could not pay wind
Turn 57 ends. P1 leaves 5 goons on the board. P1 now has 5 board / 5 hand 
(retired 25); P2 has 14 board / 6 hand (retired 15). Dead Pool holds 66.
  P1 deployed Nives.
  P1's Local Singularity was retired.
  Local Singularity was sent to the Dead Pool.
  Local Singularity was sent to the Dead Pool.
Turn 58 | Player: P2
                                  PCU Board P1                                  
┏━━━┳━━━━━━━━━━━━━━━━━━━━━━━┳━━━━━━┳━━━━━━━━━━━━━━━━━━━━━━━━━━━━━━━━━━━━━━━━━━━┓
┃ # ┃ Name                  ┃ Wind ┃ Abilities                                 ┃
┡━━━╇━━━━━━━━━━━━━━━━━━━━━━━╇━━━━━━╇━━━━━━━━━━━━━━━━━━━━━━━━━━━━━━━━━━━━━━━━━━━┩
│ 0 │ Grim⭐✋🥩🌀          │    0 │ 0 DEFILE NATURE Remove 1 wind from any    │
│   │                       │      │ target Goon.                              │
│ 1 │ Voidling🥩🌀          │    0 │ 0 SHOT SPOTTER [1⟲] If target takes wind  │
│   │                       │      │ as damage this turn, they do not unwind   │
│   │                       │      │ during their next unwind phase.           │
│   │                       │      │ 1 RALLY RINGER [4⟲] Move any card from    │
│   │                       │      │ deck to hand; reshuffle deck.             │
│ 2 │ Vex🔶✋🥩🌀           │    2 │ 0 PLINK Add 1 wind to target Goon         │
│   │                       │      │ 1 SNIPE [2⟲] Add 2 wind to target Goon    │
│   │                       │      │ 2 DOME [3⟲] Destroy target Goon.          │
│ 3 │ Local Singularity🚫🌀 │    0 │ 0 DRAW FIRE Player's Goons cannot be      │
│   │                       │      │ targeted by unfriendly abilities while    │
│   │                       │      │ Singularity is in play. Singularity must  │
│   │                       │      │ be destroyed first.                       │
│ 4 │ Nives⚙️ 🌀             │    0 │ 0 SMILODON SABERS [1⟲] Add 2 wind to      │
│   │                       │      │ target Goon                               │
│   │                       │      │ 1 FAMILIAR ASSIST Nives can contribute    │
│   │                       │      │ wind to pay for Vex's abilities.          │
└───┴───────────────────────┴──────┴───────────────────────────────────────────┘
                                 NARC Board P2                                  
┏━━━━┳━━━━━━━━━━━━━━━━━━━━━━━━┳━━━━━━┳━━━━━━━━━━━━━━━━━━━━━━━━━━━━━━━━━━━━━━━━━┓
┃  # ┃ Name                   ┃ Wind ┃ Abilities                               ┃
┡━━━━╇━━━━━━━━━━━━━━━━━━━━━━━━╇━━━━━━╇━━━━━━━━━━━━━━━━━━━━━━━━━━━━━━━━━━━━━━━━━┩
│  0 │ Lokar Simmons⭐✋🥩🚨  │    0 │ 0 RESOURCEFUL [2⟲] Draw a card          │
│  1 │ Marine Marauder🥩⚙️ 🚨  │    1 │ 0 PRECISION STRIKE [1⟲] Add 1 wind to   │
│    │                        │      │ target Goon.                            │
│    │                        │      │ 1 ORDINANCE ARRAY [3⟲] Distribute 3     │
│    │                        │      │ wind among 3 target Goons.              │
│  2 │ Compliance Auditon⚙️ 🚨 │    0 │ 0 LITIGIOUS GRIDLOCK [1⟲] Target goon   │
│    │                        │      │ does not unwind in its next unwind      │
│    │                        │      │ phase.                                  │
│  3 │ Compliance Auditon⚙️ 🚨 │    0 │ 0 LITIGIOUS GRIDLOCK [1⟲] Target goon   │
│    │                        │      │ does not unwind in its next unwind      │
│    │                        │      │ phase.                                  │
│  4 │ Marine Marauder🥩⚙️ 🚨  │    0 │ 0 PRECISION STRIKE [1⟲] Add 1 wind to   │
│    │                        │      │ target Goon.                            │
│    │                        │      │ 1 ORDINANCE ARRAY [3⟲] Distribute 3     │
│    │                        │      │ wind among 3 target Goons.              │
│  5 │ Marine Marauder🥩⚙️ 🚨  │    0 │ 0 PRECISION STRIKE [1⟲] Add 1 wind to   │
│    │                        │      │ target Goon.                            │
│    │                        │      │ 1 ORDINANCE ARRAY [3⟲] Distribute 3     │
│    │                        │      │ wind among 3 target Goons.              │
│  6 │ Nob Lobber⚙️ 🚨         │    0 │ 0 SCATTER LOAD [1⟲] Add 1 wind to 2     │
│    │                        │      │ target Goons.                           │
│    │                        │      │ 1 GOON BUSTER [3⟲] Add 1 wind to target │
│    │                        │      │ Goon.                                   │
│  7 │ Impact Simulant⚙️ 🚨    │    0 │ -                                       │
│  8 │ K-9.0⚙️ 🚨              │    0 │ 0 SCAN FOR VULNERABILITY [2⟲] A goon    │
│    │                        │      │ may use an ability twice on the scanned │
│    │                        │      │ target this turn.                       │
│  9 │ Impact Simulant⚙️ 🚨    │    0 │ -                                       │
│ 10 │ Killjoy🔶✋⚙️ 🚨        │    0 │ 0 SUBMISSION HOLD Target Goon does not  │
│    │                        │      │ unwind on player's next turn.           │
│    │                        │      │ 1 NEUTRALIZE [1⟲] Add 1 wind to target  │
│    │                        │      │ Goon.                                   │
│    │                        │      │ 2 DEFENSIVE POSTURE [1⟲] Buzzkill and   │
│    │                        │      │ Killjoy both pay 1 wind; Player's Goons │
│    │                        │      │ gain Resist until Player's next turn.   │
│ 11 │ K-9.0⚙️ 🚨              │    0 │ 0 SCAN FOR VULNERABILITY [2⟲] A goon    │
│    │                        │      │ may use an ability twice on the scanned │
│    │                        │      │ target this turn.                       │
│ 12 │ Compliance Auditon⚙️ 🚨 │    0 │ 0 LITIGIOUS GRIDLOCK [1⟲] Target goon   │
│    │                        │      │ does not unwind in its next unwind      │
│    │                        │      │ phase.                                  │
│ 13 │ Hover Shield⚙️ 🚨       │    0 │ 0 COVER [1⟲] Target Goon may not be     │
│    │                        │      │ targeted by enemy Goon abilities until  │
│    │                        │      │ the beginning of player's next turn.    │
└────┴────────────────────────┴──────┴─────────────────────────────────────────┘
Dead Pool 🥩:39 ⚙️ :14
         NARC P2 hand (7)         
┏━━━┳━━━━━━━━━━━━━━━━━━━━━┳━━━━━━┓
┃ # ┃ Name                ┃ Cost ┃
┡━━━╇━━━━━━━━━━━━━━━━━━━━━╇━━━━━━┩
│ 0 │ Buzzkill🔶✋⚙️ 🚨    │ 5⟲   │
│ 1 │ Sentry Node⚙️ 🚨     │ 4⟲   │
│ 2 │ Buzzkill🔶✋⚙️ 🚨    │ 5⟲   │
│ 3 │ Nob Lobber⚙️ 🚨      │ 4⟲   │
│ 4 │ Sentry Node⚙️ 🚨     │ 4⟲   │
│ 5 │ Narcstar🚨          │ 12⟲  │
│ 6 │ Dormex Lurker🚫⚙️ 🚨 │ 2⟲   │
└───┴─────────────────────┴──────┘
Previous Turn
Turn 57 ends. P1 leaves 5 goons on the board. P1 now has 5 board / 5 hand 
(retired 25); P2 has 14 board / 6 hand (retired 15). Dead Pool holds 66.
  P1 deployed Nives.
  P1's Local Singularity was retired.
  Local Singularity was sent to the Dead Pool.
  Local Singularity was sent to the Dead Pool.
Turn 58 ends. P2 leaves 15 goons on the board. P1 now has 5 board / 5 hand 
(retired 25); P2 has 15 board / 6 hand (retired 15). Dead Pool holds 66.
  P2 deployed Dormex Lurker.
Turn 59 | Player: P1
                                 NARC Board P2                                  
┏━━━━┳━━━━━━━━━━━━━━━━━━━━━━━━┳━━━━━━┳━━━━━━━━━━━━━━━━━━━━━━━━━━━━━━━━━━━━━━━━━┓
┃  # ┃ Name                   ┃ Wind ┃ Abilities                               ┃
┡━━━━╇━━━━━━━━━━━━━━━━━━━━━━━━╇━━━━━━╇━━━━━━━━━━━━━━━━━━━━━━━━━━━━━━━━━━━━━━━━━┩
│  0 │ Lokar Simmons⭐✋🥩🚨  │    0 │ 0 RESOURCEFUL [2⟲] Draw a card          │
│  1 │ Marine Marauder🥩⚙️ 🚨  │    3 │ 0 PRECISION STRIKE [1⟲] Add 1 wind to   │
│    │                        │      │ target Goon.                            │
│    │                        │      │ 1 ORDINANCE ARRAY [3⟲] Distribute 3     │
│    │                        │      │ wind among 3 target Goons.              │
│  2 │ Compliance Auditon⚙️ 🚨 │    0 │ 0 LITIGIOUS GRIDLOCK [1⟲] Target goon   │
│    │                        │      │ does not unwind in its next unwind      │
│    │                        │      │ phase.                                  │
│  3 │ Compliance Auditon⚙️ 🚨 │    0 │ 0 LITIGIOUS GRIDLOCK [1⟲] Target goon   │
│    │                        │      │ does not unwind in its next unwind      │
│    │                        │      │ phase.                                  │
│  4 │ Marine Marauder🥩⚙️ 🚨  │    1 │ 0 PRECISION STRIKE [1⟲] Add 1 wind to   │
│    │                        │      │ target Goon.                            │
│    │                        │      │ 1 ORDINANCE ARRAY [3⟲] Distribute 3     │
│    │                        │      │ wind among 3 target Goons.              │
│  5 │ Marine Marauder🥩⚙️ 🚨  │    0 │ 0 PRECISION STRIKE [1⟲] Add 1 wind to   │
│    │                        │      │ target Goon.                            │
│    │                        │      │ 1 ORDINANCE ARRAY [3⟲] Distribute 3     │
│    │                        │      │ wind among 3 target Goons.              │
│  6 │ Nob Lobber⚙️ 🚨         │    0 │ 0 SCATTER LOAD [1⟲] Add 1 wind to 2     │
│    │                        │      │ target Goons.                           │
│    │                        │      │ 1 GOON BUSTER [3⟲] Add 1 wind to target │
│    │                        │      │ Goon.                                   │
│  7 │ Impact Simulant⚙️ 🚨    │    0 │ -                                       │
│  8 │ K-9.0⚙️ 🚨              │    0 │ 0 SCAN FOR VULNERABILITY [2⟲] A goon    │
│    │                        │      │ may use an ability twice on the scanned │
│    │                        │      │ target this turn.                       │
│  9 │ Impact Simulant⚙️ 🚨    │    0 │ -                                       │
│ 10 │ Killjoy🔶✋⚙️ 🚨        │    0 │ 0 SUBMISSION HOLD Target Goon does not  │
│    │                        │      │ unwind on player's next turn.           │
│    │                        │      │ 1 NEUTRALIZE [1⟲] Add 1 wind to target  │
│    │                        │      │ Goon.                                   │
│    │                        │      │ 2 DEFENSIVE POSTURE [1⟲] Buzzkill and   │
│    │                        │      │ Killjoy both pay 1 wind; Player's Goons │
│    │                        │      │ gain Resist until Player's next turn.   │
│ 11 │ K-9.0⚙️ 🚨              │    0 │ 0 SCAN FOR VULNERABILITY [2⟲] A goon    │
│    │                        │      │ may use an ability twice on the scanned │
│    │                        │      │ target this turn.                       │
│ 12 │ Compliance Auditon⚙️ 🚨 │    0 │ 0 LITIGIOUS GRIDLOCK [1⟲] Target goon   │
│    │                        │      │ does not unwind in its next unwind      │
│    │                        │      │ phase.                                  │
│ 13 │ Hover Shield⚙️ 🚨       │    0 │ 0 COVER [1⟲] Target Goon may not be     │
│    │                        │      │ targeted by enemy Goon abilities until  │
│    │                        │      │ the beginning of player's next turn.    │
│ 14 │ Dormex Lurker🚫⚙️ 🚨    │    0 │ 0 SELF DESTRUCT Destroy Lurker, add 3   │
│    │                        │      │ wind to target Goon                     │
│    │                        │      │ 1 REACTIVE MUNITIONS Destroy Goon who   │
│    │                        │      │ destroys Lurker.                        │
└────┴────────────────────────┴──────┴─────────────────────────────────────────┘
                                  PCU Board P1                                  
┏━━━┳━━━━━━━━━━━━━━━━━━━━━━━┳━━━━━━┳━━━━━━━━━━━━━━━━━━━━━━━━━━━━━━━━━━━━━━━━━━━┓
┃ # ┃ Name                  ┃ Wind ┃ Abilities                                 ┃
┡━━━╇━━━━━━━━━━━━━━━━━━━━━━━╇━━━━━━╇━━━━━━━━━━━━━━━━━━━━━━━━━━━━━━━━━━━━━━━━━━━┩
│ 0 │ Grim⭐✋🥩🌀          │    0 │ 0 DEFILE NATURE Remove 1 wind from any    │
│   │                       │      │ target Goon.                              │
│ 1 │ Voidling🥩🌀          │    0 │ 0 SHOT SPOTTER [1⟲] If target takes wind  │
│   │                       │      │ as damage this turn, they do not unwind   │
│   │                       │      │ during their next unwind phase.           │
│   │                       │      │ 1 RALLY RINGER [4⟲] Move any card from    │
│   │                       │      │ deck to hand; reshuffle deck.             │
│ 2 │ Vex🔶✋🥩🌀           │    1 │ 0 PLINK Add 1 wind to target Goon         │
│   │                       │      │ 1 SNIPE [2⟲] Add 2 wind to target Goon    │
│   │                       │      │ 2 DOME [3⟲] Destroy target Goon.          │
│ 3 │ Local Singularity🚫🌀 │    0 │ 0 DRAW FIRE Player's Goons cannot be      │
│   │                       │      │ targeted by unfriendly abilities while    │
│   │                       │      │ Singularity is in play. Singularity must  │
│   │                       │      │ be destroyed first.                       │
│ 4 │ Nives⚙️ 🌀             │    0 │ 0 SMILODON SABERS [1⟲] Add 2 wind to      │
│   │                       │      │ target Goon                               │
│   │                       │      │ 1 FAMILIAR ASSIST Nives can contribute    │
│   │                       │      │ wind to pay for Vex's abilities.          │
└───┴───────────────────────┴──────┴───────────────────────────────────────────┘
Dead Pool 🥩:39 ⚙️ :14
         PCU P1 hand (6)          
┏━━━┳━━━━━━━━━━━━━━━━━━━━┳━━━━━━━┓
┃ # ┃ Name               ┃ Cost  ┃
┡━━━╇━━━━━━━━━━━━━━━━━━━━╇━━━━━━━┩
│ 0 │ Dragoon⚙️ 🌀        │ 6⟲    │
│ 1 │ Kriegsgheist✋🚫🌀 │ 3⛭ 3⚈ │
│ 2 │ Dragoon⚙️ 🌀        │ 6⟲    │
│ 3 │ Krax🔶✋🥩🌀       │ 6⟲    │
│ 4 │ Technomancer🥩⚙️ 🌀 │ 4⟲    │
│ 5 │ Dragoon⚙️ 🌀        │ 6⟲    │
└───┴────────────────────┴───────┘
Previous Turn
Turn 58 ends. P2 leaves 15 goons on the board. P1 now has 5 board / 5 hand 
(retired 25); P2 has 15 board / 6 hand (retired 15). Dead Pool holds 66.
  P2 deployed Dormex Lurker.
could not pay wind
Turn 59 ends. P1 leaves 5 goons on the board. P1 now has 5 board / 5 hand 
(retired 26); P2 has 14 board / 6 hand (retired 16). Dead Pool holds 69.
  P1 deployed Technomancer.
  P1's Voidling was retired.
  Opponent (P2)'s Marine Marauder was retired.
  Voidling was sent to the Dead Pool.
  Voidling was sent to the Dead Pool.
  Marine Marauder was sent to the Dead Pool.
Turn 60 | Player: P2
                                  PCU Board P1                                  
┏━━━┳━━━━━━━━━━━━━━━━━━━━━━━┳━━━━━━┳━━━━━━━━━━━━━━━━━━━━━━━━━━━━━━━━━━━━━━━━━━━┓
┃ # ┃ Name                  ┃ Wind ┃ Abilities                                 ┃
┡━━━╇━━━━━━━━━━━━━━━━━━━━━━━╇━━━━━━╇━━━━━━━━━━━━━━━━━━━━━━━━━━━━━━━━━━━━━━━━━━━┩
│ 0 │ Grim⭐✋🥩🌀          │    0 │ 0 DEFILE NATURE Remove 1 wind from any    │
│   │                       │      │ target Goon.                              │
│ 1 │ Vex🔶✋🥩🌀           │    3 │ 0 PLINK Add 1 wind to target Goon         │
│   │                       │      │ 1 SNIPE [2⟲] Add 2 wind to target Goon    │
│   │                       │      │ 2 DOME [3⟲] Destroy target Goon.          │
│ 2 │ Local Singularity🚫🌀 │    0 │ 0 DRAW FIRE Player's Goons cannot be      │
│   │                       │      │ targeted by unfriendly abilities while    │
│   │                       │      │ Singularity is in play. Singularity must  │
│   │                       │      │ be destroyed first.                       │
│ 3 │ Nives⚙️ 🌀             │    0 │ 0 SMILODON SABERS [1⟲] Add 2 wind to      │
│   │                       │      │ target Goon                               │
│   │                       │      │ 1 FAMILIAR ASSIST Nives can contribute    │
│   │                       │      │ wind to pay for Vex's abilities.          │
│ 4 │ Technomancer🥩⚙️ 🌀    │    0 │ 0 RAISE [1⟲ 1⚈] Goon with meat from Dead  │
│   │                       │      │ Pool enters play under player's control.  │
│   │                       │      │ 1 RECYCLE [1⟲ 1⛭] Goon with gear from     │
│   │                       │      │ Dead Pool enters play under player's      │
│   │                       │      │ control.                                  │
└───┴───────────────────────┴──────┴───────────────────────────────────────────┘
                                 NARC Board P2                                  
┏━━━━┳━━━━━━━━━━━━━━━━━━━━━━━━┳━━━━━━┳━━━━━━━━━━━━━━━━━━━━━━━━━━━━━━━━━━━━━━━━━┓
┃  # ┃ Name                   ┃ Wind ┃ Abilities                               ┃
┡━━━━╇━━━━━━━━━━━━━━━━━━━━━━━━╇━━━━━━╇━━━━━━━━━━━━━━━━━━━━━━━━━━━━━━━━━━━━━━━━━┩
│  0 │ Lokar Simmons⭐✋🥩🚨  │    0 │ 0 RESOURCEFUL [2⟲] Draw a card          │
│  1 │ Compliance Auditon⚙️ 🚨 │    0 │ 0 LITIGIOUS GRIDLOCK [1⟲] Target goon   │
│    │                        │      │ does not unwind in its next unwind      │
│    │                        │      │ phase.                                  │
│  2 │ Compliance Auditon⚙️ 🚨 │    0 │ 0 LITIGIOUS GRIDLOCK [1⟲] Target goon   │
│    │                        │      │ does not unwind in its next unwind      │
│    │                        │      │ phase.                                  │
│  3 │ Marine Marauder🥩⚙️ 🚨  │    0 │ 0 PRECISION STRIKE [1⟲] Add 1 wind to   │
│    │                        │      │ target Goon.                            │
│    │                        │      │ 1 ORDINANCE ARRAY [3⟲] Distribute 3     │
│    │                        │      │ wind among 3 target Goons.              │
│  4 │ Marine Marauder🥩⚙️ 🚨  │    0 │ 0 PRECISION STRIKE [1⟲] Add 1 wind to   │
│    │                        │      │ target Goon.                            │
│    │                        │      │ 1 ORDINANCE ARRAY [3⟲] Distribute 3     │
│    │                        │      │ wind among 3 target Goons.              │
│  5 │ Nob Lobber⚙️ 🚨         │    0 │ 0 SCATTER LOAD [1⟲] Add 1 wind to 2     │
│    │                        │      │ target Goons.                           │
│    │                        │      │ 1 GOON BUSTER [3⟲] Add 1 wind to target │
│    │                        │      │ Goon.                                   │
│  6 │ Impact Simulant⚙️ 🚨    │    0 │ -                                       │
│  7 │ K-9.0⚙️ 🚨              │    0 │ 0 SCAN FOR VULNERABILITY [2⟲] A goon    │
│    │                        │      │ may use an ability twice on the scanned │
│    │                        │      │ target this turn.                       │
│  8 │ Impact Simulant⚙️ 🚨    │    0 │ -                                       │
│  9 │ Killjoy🔶✋⚙️ 🚨        │    0 │ 0 SUBMISSION HOLD Target Goon does not  │
│    │                        │      │ unwind on player's next turn.           │
│    │                        │      │ 1 NEUTRALIZE [1⟲] Add 1 wind to target  │
│    │                        │      │ Goon.                                   │
│    │                        │      │ 2 DEFENSIVE POSTURE [1⟲] Buzzkill and   │
│    │                        │      │ Killjoy both pay 1 wind; Player's Goons │
│    │                        │      │ gain Resist until Player's next turn.   │
│ 10 │ K-9.0⚙️ 🚨              │    0 │ 0 SCAN FOR VULNERABILITY [2⟲] A goon    │
│    │                        │      │ may use an ability twice on the scanned │
│    │                        │      │ target this turn.                       │
│ 11 │ Compliance Auditon⚙️ 🚨 │    0 │ 0 LITIGIOUS GRIDLOCK [1⟲] Target goon   │
│    │                        │      │ does not unwind in its next unwind      │
│    │                        │      │ phase.                                  │
│ 12 │ Hover Shield⚙️ 🚨       │    0 │ 0 COVER [1⟲] Target Goon may not be     │
│    │                        │      │ targeted by enemy Goon abilities until  │
│    │                        │      │ the beginning of player's next turn.    │
│ 13 │ Dormex Lurker🚫⚙️ 🚨    │    0 │ 0 SELF DESTRUCT Destroy Lurker, add 3   │
│    │                        │      │ wind to target Goon                     │
│    │                        │      │ 1 REACTIVE MUNITIONS Destroy Goon who   │
│    │                        │      │ destroys Lurker.                        │
└────┴────────────────────────┴──────┴─────────────────────────────────────────┘
Dead Pool 🥩:42 ⚙️ :15
       NARC P2 hand (7)        
┏━━━┳━━━━━━━━━━━━━━━━━━┳━━━━━━┓
┃ # ┃ Name             ┃ Cost ┃
┡━━━╇━━━━━━━━━━━━━━━━━━╇━━━━━━┩
│ 0 │ Buzzkill🔶✋⚙️ 🚨 │ 5⟲   │
│ 1 │ Sentry Node⚙️ 🚨  │ 4⟲   │
│ 2 │ Buzzkill🔶✋⚙️ 🚨 │ 5⟲   │
│ 3 │ Nob Lobber⚙️ 🚨   │ 4⟲   │
│ 4 │ Sentry Node⚙️ 🚨  │ 4⟲   │
│ 5 │ Narcstar🚨       │ 12⟲  │
│ 6 │ Buzzkill🔶✋⚙️ 🚨 │ 5⟲   │
└───┴──────────────────┴──────┘
Previous Turn
Turn 59 ends. P1 leaves 5 goons on the board. P1 now has 5 board / 5 hand 
(retired 26); P2 has 14 board / 6 hand (retired 16). Dead Pool holds 69.
  P1 deployed Technomancer.
  P1's Voidling was retired.
  Opponent (P2)'s Marine Marauder was retired.
  Voidling was sent to the Dead Pool.
  Voidling was sent to the Dead Pool.
  Marine Marauder was sent to the Dead Pool.
Turn 60 ends. P2 leaves 14 goons on the board. P1 now has 4 board / 5 hand 
(retired 27); P2 has 14 board / 6 hand (retired 17). Dead Pool holds 72.
  P2 deployed Sentry Node.
  P2's Compliance Auditon was retired.
  Opponent (P1)'s Vex was retired.
  Vex was sent to the Dead Pool.
  Compliance Auditon was sent to the Dead Pool.
  Compliance Auditon was sent to the Dead Pool.
Turn 61 | Player: P1
                                 NARC Board P2                                  
┏━━━━┳━━━━━━━━━━━━━━━━━━━━━━━━┳━━━━━━┳━━━━━━━━━━━━━━━━━━━━━━━━━━━━━━━━━━━━━━━━━┓
┃  # ┃ Name                   ┃ Wind ┃ Abilities                               ┃
┡━━━━╇━━━━━━━━━━━━━━━━━━━━━━━━╇━━━━━━╇━━━━━━━━━━━━━━━━━━━━━━━━━━━━━━━━━━━━━━━━━┩
│  0 │ Lokar Simmons⭐✋🥩🚨  │    0 │ 0 RESOURCEFUL [2⟲] Draw a card          │
│  1 │ Compliance Auditon⚙️ 🚨 │    0 │ 0 LITIGIOUS GRIDLOCK [1⟲] Target goon   │
│    │                        │      │ does not unwind in its next unwind      │
│    │                        │      │ phase.                                  │
│  2 │ Marine Marauder🥩⚙️ 🚨  │    0 │ 0 PRECISION STRIKE [1⟲] Add 1 wind to   │
│    │                        │      │ target Goon.                            │
│    │                        │      │ 1 ORDINANCE ARRAY [3⟲] Distribute 3     │
│    │                        │      │ wind among 3 target Goons.              │
│  3 │ Marine Marauder🥩⚙️ 🚨  │    0 │ 0 PRECISION STRIKE [1⟲] Add 1 wind to   │
│    │                        │      │ target Goon.                            │
│    │                        │      │ 1 ORDINANCE ARRAY [3⟲] Distribute 3     │
│    │                        │      │ wind among 3 target Goons.              │
│  4 │ Nob Lobber⚙️ 🚨         │    0 │ 0 SCATTER LOAD [1⟲] Add 1 wind to 2     │
│    │                        │      │ target Goons.                           │
│    │                        │      │ 1 GOON BUSTER [3⟲] Add 1 wind to target │
│    │                        │      │ Goon.                                   │
│  5 │ Impact Simulant⚙️ 🚨    │    0 │ -                                       │
│  6 │ K-9.0⚙️ 🚨              │    0 │ 0 SCAN FOR VULNERABILITY [2⟲] A goon    │
│    │                        │      │ may use an ability twice on the scanned │
│    │                        │      │ target this turn.                       │
│  7 │ Impact Simulant⚙️ 🚨    │    0 │ -                                       │
│  8 │ Killjoy🔶✋⚙️ 🚨        │    0 │ 0 SUBMISSION HOLD Target Goon does not  │
│    │                        │      │ unwind on player's next turn.           │
│    │                        │      │ 1 NEUTRALIZE [1⟲] Add 1 wind to target  │
│    │                        │      │ Goon.                                   │
│    │                        │      │ 2 DEFENSIVE POSTURE [1⟲] Buzzkill and   │
│    │                        │      │ Killjoy both pay 1 wind; Player's Goons │
│    │                        │      │ gain Resist until Player's next turn.   │
│  9 │ K-9.0⚙️ 🚨              │    0 │ 0 SCAN FOR VULNERABILITY [2⟲] A goon    │
│    │                        │      │ may use an ability twice on the scanned │
│    │                        │      │ target this turn.                       │
│ 10 │ Compliance Auditon⚙️ 🚨 │    0 │ 0 LITIGIOUS GRIDLOCK [1⟲] Target goon   │
│    │                        │      │ does not unwind in its next unwind      │
│    │                        │      │ phase.                                  │
│ 11 │ Hover Shield⚙️ 🚨       │    0 │ 0 COVER [1⟲] Target Goon may not be     │
│    │                        │      │ targeted by enemy Goon abilities until  │
│    │                        │      │ the beginning of player's next turn.    │
│ 12 │ Dormex Lurker🚫⚙️ 🚨    │    0 │ 0 SELF DESTRUCT Destroy Lurker, add 3   │
│    │                        │      │ wind to target Goon                     │
│    │                        │      │ 1 REACTIVE MUNITIONS Destroy Goon who   │
│    │                        │      │ destroys Lurker.                        │
│ 13 │ Sentry Node⚙️ 🚨        │    0 │ 0 AUTOBURST Add 1 wind to target Goon.  │
│    │                        │      │ 1 LEAD LASER [2⟲] Add 2 wind to target  │
│    │                        │      │ Goon.                                   │
└────┴────────────────────────┴──────┴─────────────────────────────────────────┘
                                  PCU Board P1                                  
┏━━━┳━━━━━━━━━━━━━━━━━━━━━━━┳━━━━━━┳━━━━━━━━━━━━━━━━━━━━━━━━━━━━━━━━━━━━━━━━━━━┓
┃ # ┃ Name                  ┃ Wind ┃ Abilities                                 ┃
┡━━━╇━━━━━━━━━━━━━━━━━━━━━━━╇━━━━━━╇━━━━━━━━━━━━━━━━━━━━━━━━━━━━━━━━━━━━━━━━━━━┩
│ 0 │ Grim⭐✋🥩🌀          │    0 │ 0 DEFILE NATURE Remove 1 wind from any    │
│   │                       │      │ target Goon.                              │
│ 1 │ Local Singularity🚫🌀 │    0 │ 0 DRAW FIRE Player's Goons cannot be      │
│   │                       │      │ targeted by unfriendly abilities while    │
│   │                       │      │ Singularity is in play. Singularity must  │
│   │                       │      │ be destroyed first.                       │
│ 2 │ Nives⚙️ 🌀             │    0 │ 0 SMILODON SABERS [1⟲] Add 2 wind to      │
│   │                       │      │ target Goon                               │
│   │                       │      │ 1 FAMILIAR ASSIST Nives can contribute    │
│   │                       │      │ wind to pay for Vex's abilities.          │
│ 3 │ Technomancer🥩⚙️ 🌀    │    0 │ 0 RAISE [1⟲ 1⚈] Goon with meat from Dead  │
│   │                       │      │ Pool enters play under player's control.  │
│   │                       │      │ 1 RECYCLE [1⟲ 1⛭] Goon with gear from     │
│   │                       │      │ Dead Pool enters play under player's      │
│   │                       │      │ control.                                  │
└───┴───────────────────────┴──────┴───────────────────────────────────────────┘
Dead Pool 🥩:43 ⚙️ :17
         PCU P1 hand (6)          
┏━━━┳━━━━━━━━━━━━━━━━━━━━┳━━━━━━━┓
┃ # ┃ Name               ┃ Cost  ┃
┡━━━╇━━━━━━━━━━━━━━━━━━━━╇━━━━━━━┩
│ 0 │ Dragoon⚙️ 🌀        │ 6⟲    │
│ 1 │ Kriegsgheist✋🚫🌀 │ 3⛭ 3⚈ │
│ 2 │ Dragoon⚙️ 🌀        │ 6⟲    │
│ 3 │ Krax🔶✋🥩🌀       │ 6⟲    │
│ 4 │ Dragoon⚙️ 🌀        │ 6⟲    │
│ 5 │ Dragoon⚙️ 🌀        │ 6⟲    │
└───┴────────────────────┴───────┘
Previous Turn
Turn 60 ends. P2 leaves 14 goons on the board. P1 now has 4 board / 5 hand 
(retired 27); P2 has 14 board / 6 hand (retired 17). Dead Pool holds 72.
  P2 deployed Sentry Node.
  P2's Compliance Auditon was retired.
  Opponent (P1)'s Vex was retired.
  Vex was sent to the Dead Pool.
  Compliance Auditon was sent to the Dead Pool.
  Compliance Auditon was sent to the Dead Pool.
could not pay wind
cannot deploy: requires Krax on your board
cannot deploy: requires Krax on your board
Turn 61 ends. P1 leaves 4 goons on the board. P1 now has 4 board / 5 hand 
(retired 28); P2 has 14 board / 6 hand (retired 17). Dead Pool holds 74.
  P1 deployed Krax.
  P1's Local Singularity was retired.
  Local Singularity was sent to the Dead Pool.
  Local Singularity was sent to the Dead Pool.
Turn 62 | Player: P2
                                  PCU Board P1                                  
┏━━━┳━━━━━━━━━━━━━━━━━━━━┳━━━━━━┳━━━━━━━━━━━━━━━━━━━━━━━━━━━━━━━━━━━━━━━━━━━━━━┓
┃ # ┃ Name               ┃ Wind ┃ Abilities                                    ┃
┡━━━╇━━━━━━━━━━━━━━━━━━━━╇━━━━━━╇━━━━━━━━━━━━━━━━━━━━━━━━━━━━━━━━━━━━━━━━━━━━━━┩
│ 0 │ Grim⭐✋🥩🌀       │    2 │ 0 DEFILE NATURE Remove 1 wind from any       │
│   │                    │      │ target Goon.                                 │
│ 1 │ Nives⚙️ 🌀          │    3 │ 0 SMILODON SABERS [1⟲] Add 2 wind to target  │
│   │                    │      │ Goon                                         │
│   │                    │      │ 1 FAMILIAR ASSIST Nives can contribute wind  │
│   │                    │      │ to pay for Vex's abilities.                  │
│ 2 │ Technomancer🥩⚙️ 🌀 │    0 │ 0 RAISE [1⟲ 1⚈] Goon with meat from Dead     │
│   │                    │      │ Pool enters play under player's control.     │
│   │                    │      │ 1 RECYCLE [1⟲ 1⛭] Goon with gear from Dead   │
│   │                    │      │ Pool enters play under player's control.     │
│ 3 │ Krax🔶✋🥩🌀       │    0 │ 0 BASH IN SKULL [1⟲] Add 2 wind to target    │
│   │                    │      │ Goon                                         │
│   │                    │      │ 1 CHAIN REACTION If BASH IN SKULL destroys a │
│   │                    │      │ Goon, Krax may add 2 wind to another target  │
│   │                    │      │ Goon. This may chain as long as it is able.  │
└───┴────────────────────┴──────┴──────────────────────────────────────────────┘
                                 NARC Board P2                                  
┏━━━━┳━━━━━━━━━━━━━━━━━━━━━━━━┳━━━━━━┳━━━━━━━━━━━━━━━━━━━━━━━━━━━━━━━━━━━━━━━━━┓
┃  # ┃ Name                   ┃ Wind ┃ Abilities                               ┃
┡━━━━╇━━━━━━━━━━━━━━━━━━━━━━━━╇━━━━━━╇━━━━━━━━━━━━━━━━━━━━━━━━━━━━━━━━━━━━━━━━━┩
│  0 │ Lokar Simmons⭐✋🥩🚨  │    1 │ 0 RESOURCEFUL [2⟲] Draw a card          │
│  1 │ Compliance Auditon⚙️ 🚨 │    0 │ 0 LITIGIOUS GRIDLOCK [1⟲] Target goon   │
│    │                        │      │ does not unwind in its next unwind      │
│    │                        │      │ phase.                                  │
│  2 │ Marine Marauder🥩⚙️ 🚨  │    0 │ 0 PRECISION STRIKE [1⟲] Add 1 wind to   │
│    │                        │      │ target Goon.                            │
│    │                        │      │ 1 ORDINANCE ARRAY [3⟲] Distribute 3     │
│    │                        │      │ wind among 3 target Goons.              │
│  3 │ Marine Marauder🥩⚙️ 🚨  │    0 │ 0 PRECISION STRIKE [1⟲] Add 1 wind to   │
│    │                        │      │ target Goon.                            │
│    │                        │      │ 1 ORDINANCE ARRAY [3⟲] Distribute 3     │
│    │                        │      │ wind among 3 target Goons.              │
│  4 │ Nob Lobber⚙️ 🚨         │    0 │ 0 SCATTER LOAD [1⟲] Add 1 wind to 2     │
│    │                        │      │ target Goons.                           │
│    │                        │      │ 1 GOON BUSTER [3⟲] Add 1 wind to target │
│    │                        │      │ Goon.                                   │
│  5 │ Impact Simulant⚙️ 🚨    │    0 │ -                                       │
│  6 │ K-9.0⚙️ 🚨              │    0 │ 0 SCAN FOR VULNERABILITY [2⟲] A goon    │
│    │                        │      │ may use an ability twice on the scanned │
│    │                        │      │ target this turn.                       │
│  7 │ Impact Simulant⚙️ 🚨    │    0 │ -                                       │
│  8 │ Killjoy🔶✋⚙️ 🚨        │    0 │ 0 SUBMISSION HOLD Target Goon does not  │
│    │                        │      │ unwind on player's next turn.           │
│    │                        │      │ 1 NEUTRALIZE [1⟲] Add 1 wind to target  │
│    │                        │      │ Goon.                                   │
│    │                        │      │ 2 DEFENSIVE POSTURE [1⟲] Buzzkill and   │
│    │                        │      │ Killjoy both pay 1 wind; Player's Goons │
│    │                        │      │ gain Resist until Player's next turn.   │
│  9 │ K-9.0⚙️ 🚨              │    0 │ 0 SCAN FOR VULNERABILITY [2⟲] A goon    │
│    │                        │      │ may use an ability twice on the scanned │
│    │                        │      │ target this turn.                       │
│ 10 │ Compliance Auditon⚙️ 🚨 │    0 │ 0 LITIGIOUS GRIDLOCK [1⟲] Target goon   │
│    │                        │      │ does not unwind in its next unwind      │
│    │                        │      │ phase.                                  │
│ 11 │ Hover Shield⚙️ 🚨       │    0 │ 0 COVER [1⟲] Target Goon may not be     │
│    │                        │      │ targeted by enemy Goon abilities until  │
│    │                        │      │ the beginning of player's next turn.    │
│ 12 │ Dormex Lurker🚫⚙️ 🚨    │    0 │ 0 SELF DESTRUCT Destroy Lurker, add 3   │
│    │                        │      │ wind to target Goon                     │
│    │                        │      │ 1 REACTIVE MUNITIONS Destroy Goon who   │
│    │                        │      │ destroys Lurker.                        │
│ 13 │ Sentry Node⚙️ 🚨        │    0 │ 0 AUTOBURST Add 1 wind to target Goon.  │
│    │                        │      │ 1 LEAD LASER [2⟲] Add 2 wind to target  │
│    │                        │      │ Goon.                                   │
└────┴────────────────────────┴──────┴─────────────────────────────────────────┘
Dead Pool 🥩:43 ⚙️ :17
         NARC P2 hand (7)         
┏━━━┳━━━━━━━━━━━━━━━━━━━━━┳━━━━━━┓
┃ # ┃ Name                ┃ Cost ┃
┡━━━╇━━━━━━━━━━━━━━━━━━━━━╇━━━━━━┩
│ 0 │ Buzzkill🔶✋⚙️ 🚨    │ 5⟲   │
│ 1 │ Buzzkill🔶✋⚙️ 🚨    │ 5⟲   │
│ 2 │ Nob Lobber⚙️ 🚨      │ 4⟲   │
│ 3 │ Sentry Node⚙️ 🚨     │ 4⟲   │
│ 4 │ Narcstar🚨          │ 12⟲  │
│ 5 │ Buzzkill🔶✋⚙️ 🚨    │ 5⟲   │
│ 6 │ Sausage Droid🥩⚙️ 🚨 │ 1⟲   │
└───┴─────────────────────┴──────┘
Previous Turn
Turn 61 ends. P1 leaves 4 goons on the board. P1 now has 4 board / 5 hand 
(retired 28); P2 has 14 board / 6 hand (retired 17). Dead Pool holds 74.
  P1 deployed Krax.
  P1's Local Singularity was retired.
  Local Singularity was sent to the Dead Pool.
  Local Singularity was sent to the Dead Pool.
Turn 62 ends. P2 leaves 15 goons on the board. P1 now has 3 board / 5 hand 
(retired 29); P2 has 15 board / 6 hand (retired 17). Dead Pool holds 75.
  P2 deployed Sausage Droid.
  Opponent (P1)'s Nives was retired.
  Nives was sent to the Dead Pool.
Turn 63 | Player: P1
                                 NARC Board P2                                  
┏━━━━┳━━━━━━━━━━━━━━━━━━━━━━━━┳━━━━━━┳━━━━━━━━━━━━━━━━━━━━━━━━━━━━━━━━━━━━━━━━━┓
┃  # ┃ Name                   ┃ Wind ┃ Abilities                               ┃
┡━━━━╇━━━━━━━━━━━━━━━━━━━━━━━━╇━━━━━━╇━━━━━━━━━━━━━━━━━━━━━━━━━━━━━━━━━━━━━━━━━┩
│  0 │ Lokar Simmons⭐✋🥩🚨  │    1 │ 0 RESOURCEFUL [2⟲] Draw a card          │
│  1 │ Compliance Auditon⚙️ 🚨 │    1 │ 0 LITIGIOUS GRIDLOCK [1⟲] Target goon   │
│    │                        │      │ does not unwind in its next unwind      │
│    │                        │      │ phase.                                  │
│  2 │ Marine Marauder🥩⚙️ 🚨  │    0 │ 0 PRECISION STRIKE [1⟲] Add 1 wind to   │
│    │                        │      │ target Goon.                            │
│    │                        │      │ 1 ORDINANCE ARRAY [3⟲] Distribute 3     │
│    │                        │      │ wind among 3 target Goons.              │
│  3 │ Marine Marauder🥩⚙️ 🚨  │    0 │ 0 PRECISION STRIKE [1⟲] Add 1 wind to   │
│    │                        │      │ target Goon.                            │
│    │                        │      │ 1 ORDINANCE ARRAY [3⟲] Distribute 3     │
│    │                        │      │ wind among 3 target Goons.              │
│  4 │ Nob Lobber⚙️ 🚨         │    0 │ 0 SCATTER LOAD [1⟲] Add 1 wind to 2     │
│    │                        │      │ target Goons.                           │
│    │                        │      │ 1 GOON BUSTER [3⟲] Add 1 wind to target │
│    │                        │      │ Goon.                                   │
│  5 │ Impact Simulant⚙️ 🚨    │    0 │ -                                       │
│  6 │ K-9.0⚙️ 🚨              │    0 │ 0 SCAN FOR VULNERABILITY [2⟲] A goon    │
│    │                        │      │ may use an ability twice on the scanned │
│    │                        │      │ target this turn.                       │
│  7 │ Impact Simulant⚙️ 🚨    │    0 │ -                                       │
│  8 │ Killjoy🔶✋⚙️ 🚨        │    0 │ 0 SUBMISSION HOLD Target Goon does not  │
│    │                        │      │ unwind on player's next turn.           │
│    │                        │      │ 1 NEUTRALIZE [1⟲] Add 1 wind to target  │
│    │                        │      │ Goon.                                   │
│    │                        │      │ 2 DEFENSIVE POSTURE [1⟲] Buzzkill and   │
│    │                        │      │ Killjoy both pay 1 wind; Player's Goons │
│    │                        │      │ gain Resist until Player's next turn.   │
│  9 │ K-9.0⚙️ 🚨              │    0 │ 0 SCAN FOR VULNERABILITY [2⟲] A goon    │
│    │                        │      │ may use an ability twice on the scanned │
│    │                        │      │ target this turn.                       │
│ 10 │ Compliance Auditon⚙️ 🚨 │    0 │ 0 LITIGIOUS GRIDLOCK [1⟲] Target goon   │
│    │                        │      │ does not unwind in its next unwind      │
│    │                        │      │ phase.                                  │
│ 11 │ Hover Shield⚙️ 🚨       │    0 │ 0 COVER [1⟲] Target Goon may not be     │
│    │                        │      │ targeted by enemy Goon abilities until  │
│    │                        │      │ the beginning of player's next turn.    │
│ 12 │ Dormex Lurker🚫⚙️ 🚨    │    0 │ 0 SELF DESTRUCT Destroy Lurker, add 3   │
│    │                        │      │ wind to target Goon                     │
│    │                        │      │ 1 REACTIVE MUNITIONS Destroy Goon who   │
│    │                        │      │ destroys Lurker.                        │
│ 13 │ Sentry Node⚙️ 🚨        │    0 │ 0 AUTOBURST Add 1 wind to target Goon.  │
│    │                        │      │ 1 LEAD LASER [2⟲] Add 2 wind to target  │
│    │                        │      │ Goon.                                   │
│ 14 │ Sausage Droid🥩⚙️ 🚨    │    0 │ 0 PROCESS [1⟲ 1⚈] Burn 1 biological     │
│    │                        │      │ from Dead Pool to remove 1 wind from    │
│    │                        │      │ target Goon.                            │
│    │                        │      │ 1 OVERCLOCKED BURST [1⟲] Banish 1       │
│    │                        │      │ mechanical from Dead Pool to add 1 wind │
│    │                        │      │ to target Goon.                         │
└────┴────────────────────────┴──────┴─────────────────────────────────────────┘
                                  PCU Board P1                                  
┏━━━┳━━━━━━━━━━━━━━━━━━━━┳━━━━━━┳━━━━━━━━━━━━━━━━━━━━━━━━━━━━━━━━━━━━━━━━━━━━━━┓
┃ # ┃ Name               ┃ Wind ┃ Abilities                                    ┃
┡━━━╇━━━━━━━━━━━━━━━━━━━━╇━━━━━━╇━━━━━━━━━━━━━━━━━━━━━━━━━━━━━━━━━━━━━━━━━━━━━━┩
│ 0 │ Grim⭐✋🥩🌀       │    1 │ 0 DEFILE NATURE Remove 1 wind from any       │
│   │                    │      │ target Goon.                                 │
│ 1 │ Technomancer🥩⚙️ 🌀 │    0 │ 0 RAISE [1⟲ 1⚈] Goon with meat from Dead     │
│   │                    │      │ Pool enters play under player's control.     │
│   │                    │      │ 1 RECYCLE [1⟲ 1⛭] Goon with gear from Dead   │
│   │                    │      │ Pool enters play under player's control.     │
│ 2 │ Krax🔶✋🥩🌀       │    0 │ 0 BASH IN SKULL [1⟲] Add 2 wind to target    │
│   │                    │      │ Goon                                         │
│   │                    │      │ 1 CHAIN REACTION If BASH IN SKULL destroys a │
│   │                    │      │ Goon, Krax may add 2 wind to another target  │
│   │                    │      │ Goon. This may chain as long as it is able.  │
└───┴────────────────────┴──────┴──────────────────────────────────────────────┘
Dead Pool 🥩:43 ⚙️ :18
         PCU P1 hand (6)          
┏━━━┳━━━━━━━━━━━━━━━━━━━━┳━━━━━━━┓
┃ # ┃ Name               ┃ Cost  ┃
┡━━━╇━━━━━━━━━━━━━━━━━━━━╇━━━━━━━┩
│ 0 │ Dragoon⚙️ 🌀        │ 6⟲    │
│ 1 │ Kriegsgheist✋🚫🌀 │ 3⛭ 3⚈ │
│ 2 │ Dragoon⚙️ 🌀        │ 6⟲    │
│ 3 │ Dragoon⚙️ 🌀        │ 6⟲    │
│ 4 │ Dragoon⚙️ 🌀        │ 6⟲    │
│ 5 │ Voidling🥩🌀       │ 3⟲    │
└───┴────────────────────┴───────┘
Previous Turn
Turn 62 ends. P2 leaves 15 goons on the board. P1 now has 3 board / 5 hand 
(retired 29); P2 has 15 board / 6 hand (retired 17). Dead Pool holds 75.
  P2 deployed Sausage Droid.
  Opponent (P1)'s Nives was retired.
  Nives was sent to the Dead Pool.
could not pay wind
Turn 63 ends. P1 leaves 4 goons on the board. P1 now has 4 board / 5 hand 
(retired 29); P2 has 15 board / 6 hand (retired 17). Dead Pool holds 75.
  P1 deployed Voidling.
Turn 64 | Player: P2
                                  PCU Board P1                                  
┏━━━┳━━━━━━━━━━━━━━━━━━━━┳━━━━━━┳━━━━━━━━━━━━━━━━━━━━━━━━━━━━━━━━━━━━━━━━━━━━━━┓
┃ # ┃ Name               ┃ Wind ┃ Abilities                                    ┃
┡━━━╇━━━━━━━━━━━━━━━━━━━━╇━━━━━━╇━━━━━━━━━━━━━━━━━━━━━━━━━━━━━━━━━━━━━━━━━━━━━━┩
│ 0 │ Grim⭐✋🥩🌀       │    1 │ 0 DEFILE NATURE Remove 1 wind from any       │
│   │                    │      │ target Goon.                                 │
│ 1 │ Technomancer🥩⚙️ 🌀 │    3 │ 0 RAISE [1⟲ 1⚈] Goon with meat from Dead     │
│   │                    │      │ Pool enters play under player's control.     │
│   │                    │      │ 1 RECYCLE [1⟲ 1⛭] Goon with gear from Dead   │
│   │                    │      │ Pool enters play under player's control.     │
│ 2 │ Krax🔶✋🥩🌀       │    1 │ 0 BASH IN SKULL [1⟲] Add 2 wind to target    │
│   │                    │      │ Goon                                         │
│   │                    │      │ 1 CHAIN REACTION If BASH IN SKULL destroys a │
│   │                    │      │ Goon, Krax may add 2 wind to another target  │
│   │                    │      │ Goon. This may chain as long as it is able.  │
│ 3 │ Voidling🥩🌀       │    0 │ 0 SHOT SPOTTER [1⟲] If target takes wind as  │
│   │                    │      │ damage this turn, they do not unwind during  │
│   │                    │      │ their next unwind phase.                     │
│   │                    │      │ 1 RALLY RINGER [4⟲] Move any card from deck  │
│   │                    │      │ to hand; reshuffle deck.                     │
└───┴────────────────────┴──────┴──────────────────────────────────────────────┘
                                 NARC Board P2                                  
┏━━━━┳━━━━━━━━━━━━━━━━━━━━━━━━┳━━━━━━┳━━━━━━━━━━━━━━━━━━━━━━━━━━━━━━━━━━━━━━━━━┓
┃  # ┃ Name                   ┃ Wind ┃ Abilities                               ┃
┡━━━━╇━━━━━━━━━━━━━━━━━━━━━━━━╇━━━━━━╇━━━━━━━━━━━━━━━━━━━━━━━━━━━━━━━━━━━━━━━━━┩
│  0 │ Lokar Simmons⭐✋🥩🚨  │    2 │ 0 RESOURCEFUL [2⟲] Draw a card          │
│  1 │ Compliance Auditon⚙️ 🚨 │    0 │ 0 LITIGIOUS GRIDLOCK [1⟲] Target goon   │
│    │                        │      │ does not unwind in its next unwind      │
│    │                        │      │ phase.                                  │
│  2 │ Marine Marauder🥩⚙️ 🚨  │    0 │ 0 PRECISION STRIKE [1⟲] Add 1 wind to   │
│    │                        │      │ target Goon.                            │
│    │                        │      │ 1 ORDINANCE ARRAY [3⟲] Distribute 3     │
│    │                        │      │ wind among 3 target Goons.              │
│  3 │ Marine Marauder🥩⚙️ 🚨  │    0 │ 0 PRECISION STRIKE [1⟲] Add 1 wind to   │
│    │                        │      │ target Goon.                            │
│    │                        │      │ 1 ORDINANCE ARRAY [3⟲] Distribute 3     │
│    │                        │      │ wind among 3 target Goons.              │
│  4 │ Nob Lobber⚙️ 🚨         │    0 │ 0 SCATTER LOAD [1⟲] Add 1 wind to 2     │
│    │                        │      │ target Goons.                           │
│    │                        │      │ 1 GOON BUSTER [3⟲] Add 1 wind to target │
│    │                        │      │ Goon.                                   │
│  5 │ Impact Simulant⚙️ 🚨    │    0 │ -                                       │
│  6 │ K-9.0⚙️ 🚨              │    0 │ 0 SCAN FOR VULNERABILITY [2⟲] A goon    │
│    │                        │      │ may use an ability twice on the scanned │
│    │                        │      │ target this turn.                       │
│  7 │ Impact Simulant⚙️ 🚨    │    0 │ -                                       │
│  8 │ Killjoy🔶✋⚙️ 🚨        │    0 │ 0 SUBMISSION HOLD Target Goon does not  │
│    │                        │      │ unwind on player's next turn.           │
│    │                        │      │ 1 NEUTRALIZE [1⟲] Add 1 wind to target  │
│    │                        │      │ Goon.                                   │
│    │                        │      │ 2 DEFENSIVE POSTURE [1⟲] Buzzkill and   │
│    │                        │      │ Killjoy both pay 1 wind; Player's Goons │
│    │                        │      │ gain Resist until Player's next turn.   │
│  9 │ K-9.0⚙️ 🚨              │    0 │ 0 SCAN FOR VULNERABILITY [2⟲] A goon    │
│    │                        │      │ may use an ability twice on the scanned │
│    │                        │      │ target this turn.                       │
│ 10 │ Compliance Auditon⚙️ 🚨 │    0 │ 0 LITIGIOUS GRIDLOCK [1⟲] Target goon   │
│    │                        │      │ does not unwind in its next unwind      │
│    │                        │      │ phase.                                  │
│ 11 │ Hover Shield⚙️ 🚨       │    0 │ 0 COVER [1⟲] Target Goon may not be     │
│    │                        │      │ targeted by enemy Goon abilities until  │
│    │                        │      │ the beginning of player's next turn.    │
│ 12 │ Dormex Lurker🚫⚙️ 🚨    │    0 │ 0 SELF DESTRUCT Destroy Lurker, add 3   │
│    │                        │      │ wind to target Goon                     │
│    │                        │      │ 1 REACTIVE MUNITIONS Destroy Goon who   │
│    │                        │      │ destroys Lurker.                        │
│ 13 │ Sentry Node⚙️ 🚨        │    0 │ 0 AUTOBURST Add 1 wind to target Goon.  │
│    │                        │      │ 1 LEAD LASER [2⟲] Add 2 wind to target  │
│    │                        │      │ Goon.                                   │
│ 14 │ Sausage Droid🥩⚙️ 🚨    │    0 │ 0 PROCESS [1⟲ 1⚈] Burn 1 biological     │
│    │                        │      │ from Dead Pool to remove 1 wind from    │
│    │                        │      │ target Goon.                            │
│    │                        │      │ 1 OVERCLOCKED BURST [1⟲] Banish 1       │
│    │                        │      │ mechanical from Dead Pool to add 1 wind │
│    │                        │      │ to target Goon.                         │
└────┴────────────────────────┴──────┴─────────────────────────────────────────┘
Dead Pool 🥩:43 ⚙️ :18
        NARC P2 hand (7)        
┏━━━┳━━━━━━━━━━━━━━━━━━━┳━━━━━━┓
┃ # ┃ Name              ┃ Cost ┃
┡━━━╇━━━━━━━━━━━━━━━━━━━╇━━━━━━┩
│ 0 │ Buzzkill🔶✋⚙️ 🚨  │ 5⟲   │
│ 1 │ Buzzkill🔶✋⚙️ 🚨  │ 5⟲   │
│ 2 │ Nob Lobber⚙️ 🚨    │ 4⟲   │
│ 3 │ Sentry Node⚙️ 🚨   │ 4⟲   │
│ 4 │ Narcstar🚨        │ 12⟲  │
│ 5 │ Buzzkill🔶✋⚙️ 🚨  │ 5⟲   │
│ 6 │ MediFlux-1NDS⚙️ 🚨 │ 2⟲   │
└───┴───────────────────┴──────┘
Previous Turn
Turn 63 ends. P1 leaves 4 goons on the board. P1 now has 4 board / 5 hand 
(retired 29); P2 has 15 board / 6 hand (retired 17). Dead Pool holds 75.
  P1 deployed Voidling.
Turn 64 ends. P2 leaves 16 goons on the board. P1 now has 3 board / 5 hand 
(retired 30); P2 has 16 board / 6 hand (retired 17). Dead Pool holds 76.
  P2 deployed MediFlux-1NDS.
  Opponent (P1)'s Technomancer was retired.
  Technomancer was sent to the Dead Pool.
Turn 65 | Player: P1
                                 NARC Board P2                                  
┏━━━━┳━━━━━━━━━━━━━━━━━━━━━━━━┳━━━━━━┳━━━━━━━━━━━━━━━━━━━━━━━━━━━━━━━━━━━━━━━━━┓
┃  # ┃ Name                   ┃ Wind ┃ Abilities                               ┃
┡━━━━╇━━━━━━━━━━━━━━━━━━━━━━━━╇━━━━━━╇━━━━━━━━━━━━━━━━━━━━━━━━━━━━━━━━━━━━━━━━━┩
│  0 │ Lokar Simmons⭐✋🥩🚨  │    2 │ 0 RESOURCEFUL [2⟲] Draw a card          │
│  1 │ Compliance Auditon⚙️ 🚨 │    2 │ 0 LITIGIOUS GRIDLOCK [1⟲] Target goon   │
│    │                        │      │ does not unwind in its next unwind      │
│    │                        │      │ phase.                                  │
│  2 │ Marine Marauder🥩⚙️ 🚨  │    0 │ 0 PRECISION STRIKE [1⟲] Add 1 wind to   │
│    │                        │      │ target Goon.                            │
│    │                        │      │ 1 ORDINANCE ARRAY [3⟲] Distribute 3     │
│    │                        │      │ wind among 3 target Goons.              │
│  3 │ Marine Marauder🥩⚙️ 🚨  │    0 │ 0 PRECISION STRIKE [1⟲] Add 1 wind to   │
│    │                        │      │ target Goon.                            │
│    │                        │      │ 1 ORDINANCE ARRAY [3⟲] Distribute 3     │
│    │                        │      │ wind among 3 target Goons.              │
│  4 │ Nob Lobber⚙️ 🚨         │    0 │ 0 SCATTER LOAD [1⟲] Add 1 wind to 2     │
│    │                        │      │ target Goons.                           │
│    │                        │      │ 1 GOON BUSTER [3⟲] Add 1 wind to target │
│    │                        │      │ Goon.                                   │
│  5 │ Impact Simulant⚙️ 🚨    │    0 │ -                                       │
│  6 │ K-9.0⚙️ 🚨              │    0 │ 0 SCAN FOR VULNERABILITY [2⟲] A goon    │
│    │                        │      │ may use an ability twice on the scanned │
│    │                        │      │ target this turn.                       │
│  7 │ Impact Simulant⚙️ 🚨    │    0 │ -                                       │
│  8 │ Killjoy🔶✋⚙️ 🚨        │    0 │ 0 SUBMISSION HOLD Target Goon does not  │
│    │                        │      │ unwind on player's next turn.           │
│    │                        │      │ 1 NEUTRALIZE [1⟲] Add 1 wind to target  │
│    │                        │      │ Goon.                                   │
│    │                        │      │ 2 DEFENSIVE POSTURE [1⟲] Buzzkill and   │
│    │                        │      │ Killjoy both pay 1 wind; Player's Goons │
│    │                        │      │ gain Resist until Player's next turn.   │
│  9 │ K-9.0⚙️ 🚨              │    0 │ 0 SCAN FOR VULNERABILITY [2⟲] A goon    │
│    │                        │      │ may use an ability twice on the scanned │
│    │                        │      │ target this turn.                       │
│ 10 │ Compliance Auditon⚙️ 🚨 │    0 │ 0 LITIGIOUS GRIDLOCK [1⟲] Target goon   │
│    │                        │      │ does not unwind in its next unwind      │
│    │                        │      │ phase.                                  │
│ 11 │ Hover Shield⚙️ 🚨       │    0 │ 0 COVER [1⟲] Target Goon may not be     │
│    │                        │      │ targeted by enemy Goon abilities until  │
│    │                        │      │ the beginning of player's next turn.    │
│ 12 │ Dormex Lurker🚫⚙️ 🚨    │    0 │ 0 SELF DESTRUCT Destroy Lurker, add 3   │
│    │                        │      │ wind to target Goon                     │
│    │                        │      │ 1 REACTIVE MUNITIONS Destroy Goon who   │
│    │                        │      │ destroys Lurker.                        │
│ 13 │ Sentry Node⚙️ 🚨        │    0 │ 0 AUTOBURST Add 1 wind to target Goon.  │
│    │                        │      │ 1 LEAD LASER [2⟲] Add 2 wind to target  │
│    │                        │      │ Goon.                                   │
│ 14 │ Sausage Droid🥩⚙️ 🚨    │    0 │ 0 PROCESS [1⟲ 1⚈] Burn 1 biological     │
│    │                        │      │ from Dead Pool to remove 1 wind from    │
│    │                        │      │ target Goon.                            │
│    │                        │      │ 1 OVERCLOCKED BURST [1⟲] Banish 1       │
│    │                        │      │ mechanical from Dead Pool to add 1 wind │
│    │                        │      │ to target Goon.                         │
│ 15 │ MediFlux-1NDS⚙️ 🚨      │    0 │ 0 DORSAL CAVITY RINSE [1⟲] Remove 1     │
│    │                        │      │ wind from target Goon.                  │
└────┴────────────────────────┴──────┴─────────────────────────────────────────┘
                                  PCU Board P1                                  
┏━━━┳━━━━━━━━━━━━━━┳━━━━━━┳━━━━━━━━━━━━━━━━━━━━━━━━━━━━━━━━━━━━━━━━━━━━━━━━━━━━┓
┃ # ┃ Name         ┃ Wind ┃ Abilities                                          ┃
┡━━━╇━━━━━━━━━━━━━━╇━━━━━━╇━━━━━━━━━━━━━━━━━━━━━━━━━━━━━━━━━━━━━━━━━━━━━━━━━━━━┩
│ 0 │ Grim⭐✋🥩🌀 │    0 │ 0 DEFILE NATURE Remove 1 wind from any target      │
│   │              │      │ Goon.                                              │
│ 1 │ Krax🔶✋🥩🌀 │    0 │ 0 BASH IN SKULL [1⟲] Add 2 wind to target Goon     │
│   │              │      │ 1 CHAIN REACTION If BASH IN SKULL destroys a Goon, │
│   │              │      │ Krax may add 2 wind to another target Goon. This   │
│   │              │      │ may chain as long as it is able.                   │
│ 2 │ Voidling🥩🌀 │    0 │ 0 SHOT SPOTTER [1⟲] If target takes wind as damage │
│   │              │      │ this turn, they do not unwind during their next    │
│   │              │      │ unwind phase.                                      │
│   │              │      │ 1 RALLY RINGER [4⟲] Move any card from deck to     │
│   │              │      │ hand; reshuffle deck.                              │
└───┴──────────────┴──────┴────────────────────────────────────────────────────┘
Dead Pool 🥩:44 ⚙️ :19
         PCU P1 hand (6)          
┏━━━┳━━━━━━━━━━━━━━━━━━━━┳━━━━━━━┓
┃ # ┃ Name               ┃ Cost  ┃
┡━━━╇━━━━━━━━━━━━━━━━━━━━╇━━━━━━━┩
│ 0 │ Dragoon⚙️ 🌀        │ 6⟲    │
│ 1 │ Kriegsgheist✋🚫🌀 │ 3⛭ 3⚈ │
│ 2 │ Dragoon⚙️ 🌀        │ 6⟲    │
│ 3 │ Dragoon⚙️ 🌀        │ 6⟲    │
│ 4 │ Dragoon⚙️ 🌀        │ 6⟲    │
│ 5 │ Mutt⚙️ 🌀           │ 4⟲    │
└───┴────────────────────┴───────┘
Previous Turn
Turn 64 ends. P2 leaves 16 goons on the board. P1 now has 3 board / 5 hand 
(retired 30); P2 has 16 board / 6 hand (retired 17). Dead Pool holds 76.
  P2 deployed MediFlux-1NDS.
  Opponent (P1)'s Technomancer was retired.
  Technomancer was sent to the Dead Pool.
could not pay wind
Turn 65 ends. P1 leaves 3 goons on the board. P1 now has 3 board / 5 hand 
(retired 31); P2 has 16 board / 6 hand (retired 17). Dead Pool holds 78.
  P1 deployed Mutt.
  P1's Krax was retired.
  Krax was sent to the Dead Pool.
  Krax was sent to the Dead Pool.
Turn 66 | Player: P2
                                  PCU Board P1                                  
┏━━━┳━━━━━━━━━━━━━━┳━━━━━━┳━━━━━━━━━━━━━━━━━━━━━━━━━━━━━━━━━━━━━━━━━━━━━━━━━━━━┓
┃ # ┃ Name         ┃ Wind ┃ Abilities                                          ┃
┡━━━╇━━━━━━━━━━━━━━╇━━━━━━╇━━━━━━━━━━━━━━━━━━━━━━━━━━━━━━━━━━━━━━━━━━━━━━━━━━━━┩
│ 0 │ Grim⭐✋🥩🌀 │    0 │ 0 DEFILE NATURE Remove 1 wind from any target      │
│   │              │      │ Goon.                                              │
│ 1 │ Voidling🥩🌀 │    0 │ 0 SHOT SPOTTER [1⟲] If target takes wind as damage │
│   │              │      │ this turn, they do not unwind during their next    │
│   │              │      │ unwind phase.                                      │
│   │              │      │ 1 RALLY RINGER [4⟲] Move any card from deck to     │
│   │              │      │ hand; reshuffle deck.                              │
│ 2 │ Mutt⚙️ 🌀     │    0 │ 0 MAUL [1⟲] Add 1 wind to target Goon              │
│   │              │      │ 1 MANS BEST FIEND [4⟲] Some or all wind applied to │
│   │              │      │ Krax as damage from enemy Goon ability may be      │
│   │              │      │ applied to Mutt instead. If Krax is destroyed,     │
│   │              │      │ Mutt is destroyed.                                 │
└───┴──────────────┴──────┴────────────────────────────────────────────────────┘
                                 NARC Board P2                                  
┏━━━━┳━━━━━━━━━━━━━━━━━━━━━━━━┳━━━━━━┳━━━━━━━━━━━━━━━━━━━━━━━━━━━━━━━━━━━━━━━━━┓
┃  # ┃ Name                   ┃ Wind ┃ Abilities                               ┃
┡━━━━╇━━━━━━━━━━━━━━━━━━━━━━━━╇━━━━━━╇━━━━━━━━━━━━━━━━━━━━━━━━━━━━━━━━━━━━━━━━━┩
│  0 │ Lokar Simmons⭐✋🥩🚨  │    1 │ 0 RESOURCEFUL [2⟲] Draw a card          │
│  1 │ Compliance Auditon⚙️ 🚨 │    1 │ 0 LITIGIOUS GRIDLOCK [1⟲] Target goon   │
│    │                        │      │ does not unwind in its next unwind      │
│    │                        │      │ phase.                                  │
│  2 │ Marine Marauder🥩⚙️ 🚨  │    0 │ 0 PRECISION STRIKE [1⟲] Add 1 wind to   │
│    │                        │      │ target Goon.                            │
│    │                        │      │ 1 ORDINANCE ARRAY [3⟲] Distribute 3     │
│    │                        │      │ wind among 3 target Goons.              │
│  3 │ Marine Marauder🥩⚙️ 🚨  │    0 │ 0 PRECISION STRIKE [1⟲] Add 1 wind to   │
│    │                        │      │ target Goon.                            │
│    │                        │      │ 1 ORDINANCE ARRAY [3⟲] Distribute 3     │
│    │                        │      │ wind among 3 target Goons.              │
│  4 │ Nob Lobber⚙️ 🚨         │    0 │ 0 SCATTER LOAD [1⟲] Add 1 wind to 2     │
│    │                        │      │ target Goons.                           │
│    │                        │      │ 1 GOON BUSTER [3⟲] Add 1 wind to target │
│    │                        │      │ Goon.                                   │
│  5 │ Impact Simulant⚙️ 🚨    │    0 │ -                                       │
│  6 │ K-9.0⚙️ 🚨              │    0 │ 0 SCAN FOR VULNERABILITY [2⟲] A goon    │
│    │                        │      │ may use an ability twice on the scanned │
│    │                        │      │ target this turn.                       │
│  7 │ Impact Simulant⚙️ 🚨    │    0 │ -                                       │
│  8 │ Killjoy🔶✋⚙️ 🚨        │    0 │ 0 SUBMISSION HOLD Target Goon does not  │
│    │                        │      │ unwind on player's next turn.           │
│    │                        │      │ 1 NEUTRALIZE [1⟲] Add 1 wind to target  │
│    │                        │      │ Goon.                                   │
│    │                        │      │ 2 DEFENSIVE POSTURE [1⟲] Buzzkill and   │
│    │                        │      │ Killjoy both pay 1 wind; Player's Goons │
│    │                        │      │ gain Resist until Player's next turn.   │
│  9 │ K-9.0⚙️ 🚨              │    0 │ 0 SCAN FOR VULNERABILITY [2⟲] A goon    │
│    │                        │      │ may use an ability twice on the scanned │
│    │                        │      │ target this turn.                       │
│ 10 │ Compliance Auditon⚙️ 🚨 │    0 │ 0 LITIGIOUS GRIDLOCK [1⟲] Target goon   │
│    │                        │      │ does not unwind in its next unwind      │
│    │                        │      │ phase.                                  │
│ 11 │ Hover Shield⚙️ 🚨       │    0 │ 0 COVER [1⟲] Target Goon may not be     │
│    │                        │      │ targeted by enemy Goon abilities until  │
│    │                        │      │ the beginning of player's next turn.    │
│ 12 │ Dormex Lurker🚫⚙️ 🚨    │    0 │ 0 SELF DESTRUCT Destroy Lurker, add 3   │
│    │                        │      │ wind to target Goon                     │
│    │                        │      │ 1 REACTIVE MUNITIONS Destroy Goon who   │
│    │                        │      │ destroys Lurker.                        │
│ 13 │ Sentry Node⚙️ 🚨        │    0 │ 0 AUTOBURST Add 1 wind to target Goon.  │
│    │                        │      │ 1 LEAD LASER [2⟲] Add 2 wind to target  │
│    │                        │      │ Goon.                                   │
│ 14 │ Sausage Droid🥩⚙️ 🚨    │    0 │ 0 PROCESS [1⟲ 1⚈] Burn 1 biological     │
│    │                        │      │ from Dead Pool to remove 1 wind from    │
│    │                        │      │ target Goon.                            │
│    │                        │      │ 1 OVERCLOCKED BURST [1⟲] Banish 1       │
│    │                        │      │ mechanical from Dead Pool to add 1 wind │
│    │                        │      │ to target Goon.                         │
│ 15 │ MediFlux-1NDS⚙️ 🚨      │    0 │ 0 DORSAL CAVITY RINSE [1⟲] Remove 1     │
│    │                        │      │ wind from target Goon.                  │
└────┴────────────────────────┴──────┴─────────────────────────────────────────┘
Dead Pool 🥩:46 ⚙️ :19
       NARC P2 hand (7)        
┏━━━┳━━━━━━━━━━━━━━━━━━┳━━━━━━┓
┃ # ┃ Name             ┃ Cost ┃
┡━━━╇━━━━━━━━━━━━━━━━━━╇━━━━━━┩
│ 0 │ Buzzkill🔶✋⚙️ 🚨 │ 5⟲   │
│ 1 │ Buzzkill🔶✋⚙️ 🚨 │ 5⟲   │
│ 2 │ Nob Lobber⚙️ 🚨   │ 4⟲   │
│ 3 │ Sentry Node⚙️ 🚨  │ 4⟲   │
│ 4 │ Narcstar🚨       │ 12⟲  │
│ 5 │ Buzzkill🔶✋⚙️ 🚨 │ 5⟲   │
│ 6 │ K-9.0⚙️ 🚨        │ 3⟲   │
└───┴──────────────────┴──────┘
Previous Turn
Turn 65 ends. P1 leaves 3 goons on the board. P1 now has 3 board / 5 hand 
(retired 31); P2 has 16 board / 6 hand (retired 17). Dead Pool holds 78.
  P1 deployed Mutt.
  P1's Krax was retired.
  Krax was sent to the Dead Pool.
  Krax was sent to the Dead Pool.
Turn 66 ends. P2 leaves 16 goons on the board. P1 now has 2 board / 5 hand 
(retired 32); P2 has 16 board / 6 hand (retired 18). Dead Pool holds 81.
  P2 deployed K-9.0.
  P2's Compliance Auditon was retired.
  Opponent (P1)'s Grim was retired.
  Compliance Auditon was sent to the Dead Pool.
  Compliance Auditon was sent to the Dead Pool.
  Grim was sent to the Dead Pool.
Game over! Winner: P2
Game over! Winner: P2 after 66 turns. P1 retired 32; P2 retired 18; Dead Pool 
totals 81.
