=== Game seed 11030 ===
Starting: P1 faction PCU vs P2 faction NARC
Turn 1 - P1 acts
  - P1 hand: Psychodelic Toad
  + P1 board: Psychodelic Toad
End of Turn 1: P1 board 2, P2 board 1, Dead Pool 0
Turn 2 - P2 acts
  - P2 hand: Impact Simulant
  + P2 board: Impact Simulant
End of Turn 2: P1 board 2, P2 board 2, Dead Pool 0
Turn 3 - P1 acts
  - P1 hand: Primordial Oozer
  + P1 board: Primordial Oozer
End of Turn 3: P1 board 3, P2 board 2, Dead Pool 0
Turn 4 - P2 acts
  - P2 hand: Compliance Auditon
  + P2 board: Compliance Auditon
End of Turn 4: P1 board 3, P2 board 3, Dead Pool 0
Turn 5 - P1 acts
  - P1 hand: Käsekobold
  + P1 board: Käsekobold
  - P1 board: Psychodelic Toad
  + P1 retired: Psychodelic Toad
  + Dead Pool: Psychodelic Toad, Psychodelic Toad
End of Turn 5: P1 board 3, P2 board 3, Dead Pool 2
Turn 6 - P2 acts
  - P2 hand: MediFlux-1NDS
  + P2 board: MediFlux-1NDS
End of Turn 6: P1 board 3, P2 board 4, Dead Pool 2
Turn 7 - P1 acts
  - P1 hand: Restless Natives
  + P1 board: Restless Natives
  - P1 board: Primordial Oozer
  + P1 retired: Primordial Oozer
  - P2 board: Impact Simulant
  + P2 retired: Impact Simulant
  + Dead Pool: Primordial Oozer, Primordial Oozer, Impact Simulant
End of Turn 7: P1 board 3, P2 board 3, Dead Pool 5
Turn 8 - P2 acts
  - P2 hand: Dormex Lurker
  + P2 board: Dormex Lurker
End of Turn 8: P1 board 3, P2 board 4, Dead Pool 5
Turn 9 - P1 acts
  - P1 hand: Primordial Oozer
  + P1 board: Primordial Oozer
End of Turn 9: P1 board 4, P2 board 4, Dead Pool 5
Turn 10 - P2 acts
  - P2 hand: MediFlux-1NDS
  + P2 board: MediFlux-1NDS
  - P2 board: Compliance Auditon
  + P2 retired: Compliance Auditon
  + Dead Pool: Compliance Auditon, Compliance Auditon
End of Turn 10: P1 board 4, P2 board 4, Dead Pool 7
Turn 11 - P1 acts
  - P1 hand: Local Singularity
  + P1 board: Local Singularity
  - P1 board: Käsekobold
  + P1 retired: Käsekobold
  + Dead Pool: Käsekobold, Käsekobold
End of Turn 11: P1 board 4, P2 board 4, Dead Pool 9
Turn 12 - P2 acts
  - P2 hand: Task Mistres
  + P2 board: Task Mistres
End of Turn 12: P1 board 4, P2 board 5, Dead Pool 9
Turn 13 - P1 acts
  - P1 hand: Blood Howler
  + P1 board: Blood Howler
  - P1 board: Restless Natives
  + P1 retired: Restless Natives
  + Dead Pool: Restless Natives, Restless Natives
End of Turn 13: P1 board 4, P2 board 5, Dead Pool 11
Turn 14 - P2 acts
  - P2 hand: Task Mistres
  + P2 board: Task Mistres
  - P2 board: MediFlux-1NDS
  + P2 retired: MediFlux-1NDS
  + Dead Pool: MediFlux-1NDS, MediFlux-1NDS
End of Turn 14: P1 board 4, P2 board 5, Dead Pool 13
Turn 15 - P1 acts
  - P1 hand: Voidling
  + P1 board: Voidling
  - P1 board: Primordial Oozer
  + P1 retired: Primordial Oozer
  + Dead Pool: Primordial Oozer, Primordial Oozer
End of Turn 15: P1 board 4, P2 board 5, Dead Pool 15
Turn 16 - P2 acts
  - P2 hand: Hover Shield
  + P2 board: Hover Shield
End of Turn 16: P1 board 4, P2 board 6, Dead Pool 15
Turn 17 - P1 acts
  - P1 hand: Vex
  + P1 board: Vex
  - P1 board: Local Singularity
  + P1 retired: Local Singularity
  + Dead Pool: Local Singularity, Local Singularity
End of Turn 17: P1 board 4, P2 board 6, Dead Pool 17
Turn 18 - P2 acts
  - P2 hand: Sausage Droid
  + P2 board: Sausage Droid
End of Turn 18: P1 board 4, P2 board 7, Dead Pool 17
Turn 19 - P1 acts
  - P1 hand: Technomancer
  + P1 board: Technomancer
  - P1 board: Blood Howler
  + P1 retired: Blood Howler
  + Dead Pool: Blood Howler, Blood Howler
End of Turn 19: P1 board 4, P2 board 7, Dead Pool 19
Turn 20 - P2 acts
  - P2 hand: Dormex Lurker
  + P2 retired: Dormex Lurker
  + Dead Pool: Dormex Lurker, Dormex Lurker
End of Turn 20: P1 board 4, P2 board 7, Dead Pool 21
Turn 21 - P1 acts
  - P1 hand: Nives
  + P1 board: Nives
  - P1 board: Voidling, Vex
  + P1 retired: Voidling, Vex
  + Dead Pool: Voidling, Voidling, Vex, Vex
End of Turn 21: P1 board 3, P2 board 7, Dead Pool 25
Turn 22 - P2 acts
  - P2 hand: Task Mistres
  + P2 board: Task Mistres
End of Turn 22: P1 board 3, P2 board 8, Dead Pool 25
Turn 23 - P1 acts
  - P1 hand: Technomancer
  + P1 retired: Technomancer
  - P2 board: MediFlux-1NDS
  + P2 retired: MediFlux-1NDS
  + Dead Pool: MediFlux-1NDS, Technomancer, Technomancer
End of Turn 23: P1 board 3, P2 board 7, Dead Pool 28
Turn 24 - P2 acts
  - P2 hand: K-9.0
  + P2 board: K-9.0
End of Turn 24: P1 board 3, P2 board 8, Dead Pool 28
Turn 25 - P1 acts
  - P1 hand: Voidling
  + P1 board: Voidling
  - P1 board: Nives
  + P1 retired: Nives
  + Dead Pool: Nives, Nives
End of Turn 25: P1 board 3, P2 board 8, Dead Pool 30
Turn 26 - P2 acts
  - P2 hand: Compliance Auditon
  + P2 board: Compliance Auditon
End of Turn 26: P1 board 3, P2 board 9, Dead Pool 30
Turn 27 - P1 acts
  - P1 hand: Nives
  + P1 board: Nives
  - P1 board: Technomancer
  + P1 retired: Technomancer
  + Dead Pool: Technomancer, Technomancer
End of Turn 27: P1 board 3, P2 board 9, Dead Pool 32
Turn 28 - P2 acts
  - P2 hand: Sausage Droid
  + P2 board: Sausage Droid
End of Turn 28: P1 board 3, P2 board 10, Dead Pool 32
Turn 29 - P1 acts
  - P1 hand: Meat Vegetable
  + P1 board: Meat Vegetable
  - P2 board: Task Mistres
  + P2 retired: Task Mistres
  + Dead Pool: Task Mistres
End of Turn 29: P1 board 4, P2 board 9, Dead Pool 33
Turn 30 - P2 acts
  - P2 hand: K-9.0
  + P2 board: K-9.0
End of Turn 30: P1 board 4, P2 board 10, Dead Pool 33
Turn 31 - P1 acts
  - P1 hand: Dragoon
  + P1 board: Dragoon
  - P1 board: Voidling, Nives
  + P1 retired: Voidling, Nives
  - P2 board: Task Mistres
  + P2 retired: Task Mistres
  + Dead Pool: Voidling, Voidling, Nives, Nives, Task Mistres
End of Turn 31: P1 board 3, P2 board 9, Dead Pool 38
Turn 32 - P2 acts
  - P2 hand: Dormex Lurker
  + P2 board: Dormex Lurker
End of Turn 32: P1 board 3, P2 board 10, Dead Pool 38
Turn 33 - P1 acts
  - P1 hand: Annihilist Overseer
  + P1 board: Annihilist Overseer
  - P1 board: Meat Vegetable
  + P1 retired: Meat Vegetable
  + Dead Pool: Meat Vegetable, Meat Vegetable
End of Turn 33: P1 board 3, P2 board 10, Dead Pool 40
Turn 34 - P2 acts
  - P2 hand: Hover Shield
  + P2 retired: Hover Shield
  + Dead Pool: Hover Shield, Hover Shield
End of Turn 34: P1 board 3, P2 board 10, Dead Pool 42
Turn 35 - P1 acts
  - P1 hand: Annihilist Overseer
  - P1 board: Dragoon
  + P1 retired: Dragoon, Annihilist Overseer
  + Dead Pool: Dragoon, Dragoon, Annihilist Overseer, Annihilist Overseer
End of Turn 35: P1 board 2, P2 board 10, Dead Pool 46
Turn 36 - P2 acts
  - P2 hand: Sentry Node
  + P2 board: Sentry Node
  - P2 board: Sausage Droid
  + P2 retired: Sausage Droid
  + Dead Pool: Sausage Droid, Sausage Droid
End of Turn 36: P1 board 2, P2 board 10, Dead Pool 48
Turn 37 - P1 acts
  - P1 hand: Annihilist Overseer
  + P1 retired: Annihilist Overseer
  + Dead Pool: Annihilist Overseer, Annihilist Overseer
End of Turn 37: P1 board 2, P2 board 10, Dead Pool 50
Turn 38 - P2 acts
  - P2 hand: Shield Array Node
  + P2 board: Shield Array Node
End of Turn 38: P1 board 2, P2 board 11, Dead Pool 50
Turn 39 - P1 acts
  - P1 hand: Mutt
  + P1 board: Mutt
  - P1 board: Annihilist Overseer
  + P1 retired: Annihilist Overseer
  + Dead Pool: Annihilist Overseer, Annihilist Overseer
End of Turn 39: P1 board 2, P2 board 11, Dead Pool 52
Turn 40 - P2 acts
  - P2 hand: Detainment Probe
  + P2 board: Detainment Probe
End of Turn 40: P1 board 2, P2 board 12, Dead Pool 52
Turn 41 - P1 acts
  - P1 hand: Käsekobold
  + P1 board: Käsekobold
  - P2 board: Dormex Lurker
  + P2 retired: Dormex Lurker
  + Dead Pool: Dormex Lurker
End of Turn 41: P1 board 3, P2 board 11, Dead Pool 53
Turn 42 - P2 acts
  - P1 board: Mutt
  + P1 retired: Mutt
  - P2 hand: MediFlux-1NDS
  + P2 board: MediFlux-1NDS
  + Dead Pool: Mutt
End of Turn 42: P1 board 2, P2 board 12, Dead Pool 54
Turn 43 - P1 acts
  - P1 hand: Blood Howler
  + P1 board: Blood Howler
End of Turn 43: P1 board 3, P2 board 12, Dead Pool 54
Turn 44 - P2 acts
  - P1 board: Käsekobold
  + P1 retired: Käsekobold
  - P2 hand: Shield Array Node
  + P2 board: Shield Array Node
  - P2 board: Task Mistres
  + P2 retired: Task Mistres
  + Dead Pool: Käsekobold, Task Mistres, Task Mistres
End of Turn 44: P1 board 2, P2 board 12, Dead Pool 57
Turn 45 - P1 acts
  - P1 hand: Restless Natives
  + P1 board: Restless Natives
End of Turn 45: P1 board 3, P2 board 12, Dead Pool 57
Turn 46 - P2 acts
  - P2 hand: Bruut Enforcer
  + P2 board: Bruut Enforcer
  - P2 board: K-9.0
  + P2 retired: K-9.0
  + Dead Pool: K-9.0, K-9.0
End of Turn 46: P1 board 3, P2 board 12, Dead Pool 59
Turn 47 - P1 acts
  - P1 hand: Void Freak
  + P1 board: Void Freak
End of Turn 47: P1 board 4, P2 board 12, Dead Pool 59
Turn 48 - P2 acts
  - P1 board: Blood Howler
  + P1 retired: Blood Howler
  - P2 hand: Sentry Node
  + P2 board: Sentry Node
  - P2 board: Compliance Auditon
  + P2 retired: Compliance Auditon
  + Dead Pool: Compliance Auditon, Compliance Auditon, Blood Howler
End of Turn 48: P1 board 3, P2 board 12, Dead Pool 62
Turn 49 - P1 acts
  - P1 hand: Krax
  + P1 board: Krax
  - P1 board: Restless Natives, Void Freak
  + P1 retired: Restless Natives, Void Freak
  + Dead Pool: Restless Natives, Restless Natives, Void Freak, Void Freak
End of Turn 49: P1 board 2, P2 board 12, Dead Pool 66
Turn 50 - P2 acts
  - P2 hand: Shield Array Node
  + P2 board: Shield Array Node
End of Turn 50: P1 board 2, P2 board 13, Dead Pool 66
Turn 51 - P1 acts
  - P1 hand: Primordial Oozer
  + P1 board: Primordial Oozer
  - P2 board: Lokar Simmons
  + P2 retired: Lokar Simmons
  + Dead Pool: Lokar Simmons
Result: winner P1 | turns 50
Retired: P1 24, P2 14, Dead Pool 67

=== Game seed 11031 ===
Starting: P1 faction PCU vs P2 faction NARC
Turn 1 - P2 acts
  - P2 hand: Sausage Droid
  + P2 board: Sausage Droid
End of Turn 1: P1 board 1, P2 board 2, Dead Pool 0
Turn 2 - P1 acts
  - P1 hand: Meat Vegetable
  + P1 board: Meat Vegetable
End of Turn 2: P1 board 2, P2 board 2, Dead Pool 0
Turn 3 - P2 acts
  - P2 hand: Target Marker Probe
  + P2 board: Target Marker Probe
End of Turn 3: P1 board 2, P2 board 3, Dead Pool 0
Turn 4 - P1 acts
  - P1 hand: Void Freak
  + P1 board: Void Freak
End of Turn 4: P1 board 3, P2 board 3, Dead Pool 0
Turn 5 - P2 acts
  - P2 hand: Target Marker Probe
  + P2 board: Target Marker Probe
End of Turn 5: P1 board 3, P2 board 4, Dead Pool 0
Turn 6 - P1 acts
  - P1 hand: Primordial Oozer
  + P1 board: Primordial Oozer
  - P2 board: Sausage Droid
  + P2 retired: Sausage Droid
  + Dead Pool: Sausage Droid
End of Turn 6: P1 board 4, P2 board 3, Dead Pool 1
Turn 7 - P2 acts
  - P2 hand: Task Mistres
  + P2 board: Task Mistres
End of Turn 7: P1 board 4, P2 board 4, Dead Pool 1
Turn 8 - P1 acts
  - P1 hand: Blood Howler
  + P1 board: Blood Howler
  - P2 board: Target Marker Probe
  + P2 retired: Target Marker Probe
  + Dead Pool: Target Marker Probe
End of Turn 8: P1 board 5, P2 board 3, Dead Pool 2
Turn 9 - P2 acts
  - P2 hand: Task Mistres
  + P2 board: Task Mistres
End of Turn 9: P1 board 5, P2 board 4, Dead Pool 2
Turn 10 - P1 acts
  - P1 hand: Meat Vegetable
  + P1 board: Meat Vegetable
  - P2 board: Target Marker Probe
  + P2 retired: Target Marker Probe
  + Dead Pool: Target Marker Probe
End of Turn 10: P1 board 6, P2 board 3, Dead Pool 3
Turn 11 - P2 acts
  - P2 hand: Sentry Node
  + P2 board: Sentry Node
  - P2 board: Task Mistres
  + P2 retired: Task Mistres
  + Dead Pool: Task Mistres, Task Mistres
End of Turn 11: P1 board 6, P2 board 3, Dead Pool 5
Turn 12 - P1 acts
  - P1 hand: Technomancer
  + P1 board: Technomancer
  - P1 board: Meat Vegetable, Void Freak
  + P1 retired: Meat Vegetable, Void Freak
  + Dead Pool: Meat Vegetable, Meat Vegetable, Void Freak, Void Freak
End of Turn 12: P1 board 5, P2 board 3, Dead Pool 9
Turn 13 - P2 acts
  - P2 hand: Task Mistres
  + P2 board: Task Mistres
End of Turn 13: P1 board 5, P2 board 4, Dead Pool 9
Turn 14 - P1 acts
  - P1 hand: Nives
  + P1 board: Nives
  - P1 board: Primordial Oozer
  + P1 retired: Primordial Oozer
  + Dead Pool: Primordial Oozer, Primordial Oozer
End of Turn 14: P1 board 5, P2 board 4, Dead Pool 11
Turn 15 - P2 acts
  - P1 board: Blood Howler
  + P1 retired: Blood Howler
  - P2 hand: Hover Shield
  + P2 board: Hover Shield
  + Dead Pool: Blood Howler
End of Turn 15: P1 board 4, P2 board 5, Dead Pool 12
Turn 16 - P1 acts
  - P1 hand: Technomancer
  + P1 board: Technomancer
  - P1 board: Meat Vegetable
  + P1 retired: Meat Vegetable
  - P2 board: Sentry Node
  + P2 retired: Sentry Node
  + Dead Pool: Meat Vegetable, Meat Vegetable, Sentry Node
End of Turn 16: P1 board 4, P2 board 4, Dead Pool 15
Turn 17 - P2 acts
  - P2 hand: Marine Marauder
  + P2 board: Marine Marauder
  - P2 board: Task Mistres
  + P2 retired: Task Mistres
  + Dead Pool: Task Mistres, Task Mistres
End of Turn 17: P1 board 4, P2 board 4, Dead Pool 17
Turn 18 - P1 acts
  - P1 hand: Local Singularity
  + P1 board: Local Singularity
End of Turn 18: P1 board 5, P2 board 4, Dead Pool 17
Turn 19 - P2 acts
  - P2 hand: Marine Marauder
  + P2 board: Marine Marauder
  - P2 board: Task Mistres
  + P2 retired: Task Mistres
  + Dead Pool: Task Mistres, Task Mistres
End of Turn 19: P1 board 5, P2 board 4, Dead Pool 19
Turn 20 - P1 acts
  - P1 hand: Voidling
  + P1 board: Voidling
  - P1 board: Technomancer
  + P1 retired: Technomancer
  + Dead Pool: Technomancer, Technomancer
End of Turn 20: P1 board 5, P2 board 4, Dead Pool 21
Turn 21 - P2 acts
  - P2 hand: Sentry Node
  + P2 board: Sentry Node
  - P2 board: Hover Shield
  + P2 retired: Hover Shield
  + Dead Pool: Hover Shield, Hover Shield
End of Turn 21: P1 board 5, P2 board 4, Dead Pool 23
Turn 22 - P1 acts
  - P1 hand: Vex
  + P1 board: Vex
  - P1 board: Nives
  + P1 retired: Nives
  + Dead Pool: Nives, Nives
End of Turn 22: P1 board 5, P2 board 4, Dead Pool 25
Turn 23 - P2 acts
  - P1 board: Technomancer
  + P1 retired: Technomancer
  - P2 hand: Nob Lobber
  + P2 board: Nob Lobber
  - P2 board: Marine Marauder
  + P2 retired: Marine Marauder
  + Dead Pool: Technomancer, Marine Marauder, Marine Marauder
End of Turn 23: P1 board 4, P2 board 4, Dead Pool 28
Turn 24 - P1 acts
  - P1 hand: Void Freak
  + P1 board: Void Freak
End of Turn 24: P1 board 5, P2 board 4, Dead Pool 28
Turn 25 - P2 acts
  - P1 board: Vex
  + P1 retired: Vex
  - P2 hand: Impact Simulant
  + P2 board: Impact Simulant
  + Dead Pool: Vex
End of Turn 25: P1 board 4, P2 board 5, Dead Pool 29
Turn 26 - P1 acts
  - P1 hand: Restless Natives
  + P1 board: Restless Natives
  - P2 board: Sentry Node
  + P2 retired: Sentry Node
  + Dead Pool: Sentry Node
End of Turn 26: P1 board 5, P2 board 4, Dead Pool 30
Turn 27 - P2 acts
  - P1 board: Local Singularity
  + P1 retired: Local Singularity
  - P2 hand: K-9.0
  + P2 board: K-9.0
  - P2 board: Marine Marauder
  + P2 retired: Marine Marauder
  + Dead Pool: Marine Marauder, Marine Marauder, Local Singularity
End of Turn 27: P1 board 4, P2 board 4, Dead Pool 33
Turn 28 - P1 acts
  - P1 hand: Psychodelic Toad
  + P1 board: Psychodelic Toad
End of Turn 28: P1 board 5, P2 board 4, Dead Pool 33
Turn 29 - P2 acts
  - P2 hand: Hover Shield
  + P2 board: Hover Shield
End of Turn 29: P1 board 5, P2 board 5, Dead Pool 33
Turn 30 - P1 acts
  - P1 hand: Käsekobold
  + P1 board: Käsekobold
  - P1 board: Voidling
  + P1 retired: Voidling
  - P2 board: Nob Lobber
  + P2 retired: Nob Lobber
  + Dead Pool: Voidling, Voidling, Nob Lobber
End of Turn 30: P1 board 5, P2 board 4, Dead Pool 36
Turn 31 - P2 acts
  - P2 hand: Compliance Auditon
  + P2 board: Compliance Auditon
End of Turn 31: P1 board 5, P2 board 5, Dead Pool 36
Turn 32 - P1 acts
  - P1 hand: Käsekobold
  + P1 board: Käsekobold
  - P1 board: Void Freak
  + P1 retired: Void Freak
  + Dead Pool: Void Freak, Void Freak
End of Turn 32: P1 board 5, P2 board 5, Dead Pool 38
Turn 33 - P2 acts
  - P2 hand: MediFlux-1NDS
  + P2 board: MediFlux-1NDS
End of Turn 33: P1 board 5, P2 board 6, Dead Pool 38
Turn 34 - P1 acts
  - P1 hand: Blood Howler
  + P1 board: Blood Howler
End of Turn 34: P1 board 6, P2 board 6, Dead Pool 38
Turn 35 - P2 acts
  - P2 hand: Hover Shield
  + P2 board: Hover Shield
End of Turn 35: P1 board 6, P2 board 7, Dead Pool 38
Turn 36 - P1 acts
  - P1 hand: Käsekobold
  + P1 board: Käsekobold
  - P1 board: Restless Natives, Psychodelic Toad
  + P1 retired: Restless Natives, Psychodelic Toad
  - P2 board: Impact Simulant
  + P2 retired: Impact Simulant
  + Dead Pool: Restless Natives, Restless Natives, Psychodelic Toad, Psychodelic Toad, Impact Simulant
End of Turn 36: P1 board 5, P2 board 6, Dead Pool 43
Turn 37 - P2 acts
  - P2 hand: Detainment Probe
  + P2 board: Detainment Probe
End of Turn 37: P1 board 5, P2 board 7, Dead Pool 43
Turn 38 - P1 acts
  - P1 hand: Primordial Oozer
  + P1 board: Primordial Oozer
End of Turn 38: P1 board 6, P2 board 7, Dead Pool 43
Turn 39 - P2 acts
  - P2 hand: Compliance Auditon
  + P2 board: Compliance Auditon
End of Turn 39: P1 board 6, P2 board 8, Dead Pool 43
Turn 40 - P1 acts
  - P1 hand: Mutt
  + P1 board: Mutt
  - P1 board: Käsekobold
  + P1 retired: Käsekobold
  + Dead Pool: Käsekobold, Käsekobold
End of Turn 40: P1 board 6, P2 board 8, Dead Pool 45
Turn 41 - P2 acts
  - P2 hand: Shield Array Node
  + P2 board: Shield Array Node
  - P2 board: K-9.0
  + P2 retired: K-9.0
  + Dead Pool: K-9.0, K-9.0
End of Turn 41: P1 board 6, P2 board 8, Dead Pool 47
Turn 42 - P1 acts
  - P1 hand: Annihilist Overseer
  + P1 board: Annihilist Overseer
  - P1 board: Käsekobold
  + P1 retired: Käsekobold
  + Dead Pool: Käsekobold, Käsekobold
End of Turn 42: P1 board 6, P2 board 8, Dead Pool 49
Turn 43 - P2 acts
  - P2 hand: Nob Lobber
  + P2 board: Nob Lobber
  - P2 board: Hover Shield
  + P2 retired: Hover Shield
  + Dead Pool: Hover Shield, Hover Shield
End of Turn 43: P1 board 6, P2 board 8, Dead Pool 51
Turn 44 - P1 acts
  - P1 hand: Annihilist Overseer
  - P1 board: Blood Howler
  + P1 retired: Blood Howler, Annihilist Overseer
  + Dead Pool: Blood Howler, Blood Howler, Annihilist Overseer, Annihilist Overseer
End of Turn 44: P1 board 5, P2 board 8, Dead Pool 55
Turn 45 - P2 acts
  - P2 hand: MediFlux-1NDS
  + P2 board: MediFlux-1NDS
  - P2 board: Compliance Auditon
  + P2 retired: Compliance Auditon
  + Dead Pool: Compliance Auditon, Compliance Auditon
End of Turn 45: P1 board 5, P2 board 8, Dead Pool 57
Turn 46 - P1 acts
  - P1 hand: Nives
  + P1 board: Nives
  - P1 board: Käsekobold, Annihilist Overseer
  + P1 retired: Käsekobold, Annihilist Overseer
  + Dead Pool: Käsekobold, Käsekobold, Annihilist Overseer, Annihilist Overseer
End of Turn 46: P1 board 4, P2 board 8, Dead Pool 61
Turn 47 - P2 acts
  - P2 hand: Task Mistres
  + P2 board: Task Mistres
End of Turn 47: P1 board 4, P2 board 9, Dead Pool 61
Turn 48 - P1 acts
  - P1 hand: Mutt
  + P1 board: Mutt
  - P1 board: Primordial Oozer
  + P1 retired: Primordial Oozer
  - P2 board: MediFlux-1NDS
  + P2 retired: MediFlux-1NDS
  + Dead Pool: Primordial Oozer, Primordial Oozer, MediFlux-1NDS
End of Turn 48: P1 board 4, P2 board 8, Dead Pool 64
Turn 49 - P2 acts
  - P2 hand: Bruut Enforcer
  + P2 board: Bruut Enforcer
  - P2 board: Hover Shield
  + P2 retired: Hover Shield
  + Dead Pool: Hover Shield, Hover Shield
End of Turn 49: P1 board 4, P2 board 8, Dead Pool 66
Turn 50 - P1 acts
  - P1 hand: Local Singularity
  + P1 board: Local Singularity
End of Turn 50: P1 board 5, P2 board 8, Dead Pool 66
Turn 51 - P2 acts
  - P2 hand: Nob Lobber
  + P2 board: Nob Lobber
  - P2 board: Detainment Probe
  + P2 retired: Detainment Probe
  + Dead Pool: Detainment Probe, Detainment Probe
End of Turn 51: P1 board 5, P2 board 8, Dead Pool 68
Turn 52 - P1 acts
  - P1 hand: Dragoon
  + P1 board: Dragoon
  - P1 board: Mutt, Nives
  + P1 retired: Nives, Mutt
  + Dead Pool: Nives, Nives, Mutt, Mutt
End of Turn 52: P1 board 4, P2 board 8, Dead Pool 72
Turn 53 - P2 acts
  - P2 hand: Marine Marauder
  + P2 board: Marine Marauder
  - P2 board: Compliance Auditon
  + P2 retired: Compliance Auditon
  + Dead Pool: Compliance Auditon, Compliance Auditon
End of Turn 53: P1 board 4, P2 board 8, Dead Pool 74
Turn 54 - P1 acts
  - P1 hand: Dragoon
  + P1 board: Dragoon
  - P1 board: Mutt
  + P1 retired: Mutt
  + Dead Pool: Mutt, Mutt
End of Turn 54: P1 board 4, P2 board 8, Dead Pool 76
Turn 55 - P2 acts
  - P1 board: Local Singularity
  + P1 retired: Local Singularity
  - P2 hand: Dormex Lurker
  + P2 board: Dormex Lurker
  + Dead Pool: Local Singularity
End of Turn 55: P1 board 3, P2 board 9, Dead Pool 77
Turn 56 - P1 acts
  - P1 hand: Restless Natives
  + P1 board: Restless Natives
End of Turn 56: P1 board 4, P2 board 9, Dead Pool 77
Turn 57 - P2 acts
  - P1 board: Dragoon
  + P1 retired: Dragoon
  - P2 hand: Killjoy
  + P2 board: Killjoy
  - P2 board: Shield Array Node
  + P2 retired: Shield Array Node
  + Dead Pool: Shield Array Node, Shield Array Node, Dragoon
End of Turn 57: P1 board 3, P2 board 9, Dead Pool 80
Turn 58 - P1 acts
  - P1 hand: Meat Vegetable
  + P1 board: Meat Vegetable
  - P2 board: Nob Lobber
  + P2 retired: Nob Lobber
  + Dead Pool: Nob Lobber
End of Turn 58: P1 board 4, P2 board 8, Dead Pool 81
Turn 59 - P2 acts
  - P2 hand: Buzzkill
  + P2 board: Buzzkill
  - P2 board: MediFlux-1NDS
  + P2 retired: MediFlux-1NDS
  + Dead Pool: MediFlux-1NDS, MediFlux-1NDS
End of Turn 59: P1 board 4, P2 board 8, Dead Pool 83
Turn 60 - P1 acts
  - P1 hand: Krax
  + P1 board: Krax
  - P1 board: Dragoon, Restless Natives
  + P1 retired: Restless Natives, Dragoon
  + Dead Pool: Restless Natives, Restless Natives, Dragoon, Dragoon
End of Turn 60: P1 board 3, P2 board 8, Dead Pool 87
Turn 61 - P2 acts
  - P2 hand: Impact Simulant
  + P2 board: Impact Simulant
End of Turn 61: P1 board 3, P2 board 9, Dead Pool 87
Turn 62 - P1 acts
  - P1 hand: Annihilist Overseer
  + P1 board: Annihilist Overseer
  - P1 board: Meat Vegetable
  + P1 retired: Meat Vegetable
  + Dead Pool: Meat Vegetable, Meat Vegetable
End of Turn 62: P1 board 3, P2 board 9, Dead Pool 89
Turn 63 - P2 acts
  - P2 hand: Compliance Auditon
  + P2 board: Compliance Auditon
End of Turn 63: P1 board 3, P2 board 10, Dead Pool 89
Turn 64 - P1 acts
  - P1 hand: Blood Howler
  + P1 board: Blood Howler
  - P1 board: Annihilist Overseer
  + P1 retired: Annihilist Overseer
  + Dead Pool: Annihilist Overseer, Annihilist Overseer
End of Turn 64: P1 board 3, P2 board 10, Dead Pool 91
Turn 65 - P2 acts
  - P2 hand: Compliance Auditon
  + P2 board: Compliance Auditon
End of Turn 65: P1 board 3, P2 board 11, Dead Pool 91
Turn 66 - P1 acts
  - P1 hand: Void Freak
  + P1 board: Void Freak
  - P2 board: Task Mistres
  + P2 retired: Task Mistres
  + Dead Pool: Task Mistres
End of Turn 66: P1 board 4, P2 board 10, Dead Pool 92
Turn 67 - P2 acts
  (no visible card state changes)
End of Turn 67: P1 board 4, P2 board 10, Dead Pool 92
Turn 68 - P1 acts
  - P1 hand: Restless Natives
  + P1 board: Restless Natives
  - P1 board: Krax
  + P1 retired: Krax
  + Dead Pool: Krax, Krax
End of Turn 68: P1 board 4, P2 board 10, Dead Pool 94
Turn 69 - P2 acts
  - P2 hand: Detainment Probe
  + P2 board: Detainment Probe
End of Turn 69: P1 board 4, P2 board 11, Dead Pool 94
Turn 70 - P1 acts
  - P1 hand: Dragoon
  + P1 board: Dragoon
  - P1 board: Blood Howler, Void Freak
  + P1 retired: Void Freak, Blood Howler
  + Dead Pool: Void Freak, Void Freak, Blood Howler, Blood Howler
End of Turn 70: P1 board 3, P2 board 11, Dead Pool 98
Turn 71 - P2 acts
  - P2 hand: Impact Simulant
  + P2 board: Impact Simulant
End of Turn 71: P1 board 3, P2 board 12, Dead Pool 98
Turn 72 - P1 acts
  - P1 hand: Mutt
  + P1 board: Mutt
  - P1 board: Restless Natives
  + P1 retired: Restless Natives
  + Dead Pool: Restless Natives, Restless Natives
End of Turn 72: P1 board 3, P2 board 12, Dead Pool 100
Turn 73 - P2 acts
  - P1 board: Dragoon
  + P1 retired: Dragoon
  - P2 hand: K-9.0
  + P2 board: K-9.0
  - P2 board: Bruut Enforcer
  + P2 retired: Bruut Enforcer
  + Dead Pool: Dragoon, Bruut Enforcer, Bruut Enforcer
End of Turn 73: P1 board 2, P2 board 12, Dead Pool 103
Turn 74 - P1 acts
  - P1 hand: Voidling
  + P1 board: Voidling
  - P1 board: Mutt
  + P1 retired: Mutt
  + Dead Pool: Mutt, Mutt
End of Turn 74: P1 board 2, P2 board 12, Dead Pool 105
Turn 75 - P2 acts
  - P2 hand: Impact Simulant
  + P2 board: Impact Simulant
End of Turn 75: P1 board 2, P2 board 13, Dead Pool 105
Turn 76 - P1 acts
  - P1 hand: Technomancer
  + P1 board: Technomancer
  - P1 board: Voidling
  + P1 retired: Voidling
  + Dead Pool: Voidling, Voidling
End of Turn 76: P1 board 2, P2 board 13, Dead Pool 107
Turn 77 - P2 acts
  - P2 hand: Dormex Lurker
  + P2 board: Dormex Lurker
End of Turn 77: P1 board 2, P2 board 14, Dead Pool 107
Turn 78 - P1 acts
  - P1 hand: Vex
  + P1 board: Vex
  - P1 board: Technomancer
  + P1 retired: Technomancer
  + Dead Pool: Technomancer, Technomancer
End of Turn 78: P1 board 2, P2 board 14, Dead Pool 109
Turn 79 - P2 acts
  - P2 hand: Sausage Droid
  + P2 board: Sausage Droid
End of Turn 79: P1 board 2, P2 board 15, Dead Pool 109
Turn 80 - P1 acts
  - P1 hand: Voidling
  + P1 board: Voidling
  - P1 board: Vex
  + P1 retired: Vex
  + Dead Pool: Vex, Vex
End of Turn 80: P1 board 2, P2 board 15, Dead Pool 111
Turn 81 - P2 acts
  - P2 hand: Hover Shield
  + P2 board: Hover Shield
  - P2 board: Nob Lobber
  + P2 retired: Nob Lobber
  + Dead Pool: Nob Lobber, Nob Lobber
End of Turn 81: P1 board 2, P2 board 15, Dead Pool 113
Turn 82 - P1 acts
  - P1 hand: Primordial Oozer
  + P1 board: Primordial Oozer
End of Turn 82: P1 board 3, P2 board 15, Dead Pool 113
Turn 83 - P2 acts
  - P2 hand: MediFlux-1NDS
  + P2 board: MediFlux-1NDS
End of Turn 83: P1 board 3, P2 board 16, Dead Pool 113
Turn 84 - P1 acts
  - P1 hand: Voidling
  + P1 retired: Voidling
  + Dead Pool: Voidling, Voidling
End of Turn 84: P1 board 3, P2 board 16, Dead Pool 115
Turn 85 - P2 acts
  - P2 hand: Target Marker Probe
  + P2 board: Target Marker Probe
End of Turn 85: P1 board 3, P2 board 17, Dead Pool 115
Turn 86 - P1 acts
  - P1 hand: Meat Vegetable
  + P1 board: Meat Vegetable
  - P2 board: Marine Marauder
  + P2 retired: Marine Marauder
  + Dead Pool: Marine Marauder
End of Turn 86: P1 board 4, P2 board 16, Dead Pool 116
Turn 87 - P2 acts
  - P1 board: Primordial Oozer
  + P1 retired: Primordial Oozer
  - P2 hand: Sausage Droid
  + P2 board: Sausage Droid
  + Dead Pool: Primordial Oozer
End of Turn 87: P1 board 3, P2 board 17, Dead Pool 117
Turn 88 - P1 acts
  - P1 hand: Krax
  + P1 board: Krax
  - P1 board: Voidling
  + P1 retired: Voidling
  + Dead Pool: Voidling, Voidling
End of Turn 88: P1 board 3, P2 board 17, Dead Pool 119
Turn 89 - P2 acts
  - P2 hand: K-9.0
  + P2 board: K-9.0
  - P2 board: Dormex Lurker
  + P2 retired: Dormex Lurker
  + Dead Pool: Dormex Lurker, Dormex Lurker
End of Turn 89: P1 board 3, P2 board 17, Dead Pool 121
Turn 90 - P1 acts
  - P1 hand: Dragoon
  + P1 board: Dragoon
  - P1 board: Meat Vegetable, Krax
  + P1 retired: Meat Vegetable, Krax
  + Dead Pool: Meat Vegetable, Meat Vegetable, Krax, Krax
End of Turn 90: P1 board 2, P2 board 17, Dead Pool 125
Turn 91 - P2 acts
  - P2 hand: Detainment Probe
  + P2 board: Detainment Probe
End of Turn 91: P1 board 2, P2 board 18, Dead Pool 125
Turn 92 - P1 acts
  - P1 hand: Mutt
  + P1 board: Mutt
  - P1 board: Dragoon
  + P1 retired: Dragoon
  + Dead Pool: Dragoon, Dragoon
End of Turn 92: P1 board 2, P2 board 18, Dead Pool 127
Turn 93 - P2 acts
  - P2 hand: Bruut Enforcer
  + P2 board: Bruut Enforcer
  - P2 board: Killjoy
  + P2 retired: Killjoy
  + Dead Pool: Killjoy, Killjoy
End of Turn 93: P1 board 2, P2 board 18, Dead Pool 129
Turn 94 - P1 acts
  - P1 hand: Nives
  + P1 board: Nives
  - P1 board: Mutt
  + P1 retired: Mutt
  + Dead Pool: Mutt, Mutt
End of Turn 94: P1 board 2, P2 board 18, Dead Pool 131
Turn 95 - P2 acts
  - P2 hand: K-9.0
  + P2 board: K-9.0
End of Turn 95: P1 board 2, P2 board 19, Dead Pool 131
Turn 96 - P1 acts
  - P1 hand: Psychodelic Toad
  + P1 board: Psychodelic Toad
  - P2 board: Buzzkill
  + P2 retired: Buzzkill
  + Dead Pool: Buzzkill
End of Turn 96: P1 board 3, P2 board 18, Dead Pool 132
Turn 97 - P2 acts
  - P1 board: Nives
  + P1 retired: Nives
  - P2 hand: Shield Array Node
  + P2 board: Shield Array Node
  + Dead Pool: Nives
End of Turn 97: P1 board 2, P2 board 19, Dead Pool 133
Turn 98 - P1 acts
  - P1 hand: Void Freak
  + P1 board: Void Freak
End of Turn 98: P1 board 3, P2 board 19, Dead Pool 133
Turn 99 - P2 acts
  - P1 board: Psychodelic Toad
  + P1 retired: Psychodelic Toad
  - P2 hand: Shield Array Node
  + P2 board: Shield Array Node
  + Dead Pool: Psychodelic Toad
End of Turn 99: P1 board 2, P2 board 20, Dead Pool 134
Turn 100 - P1 acts
  - P1 hand: Restless Natives
  + P1 board: Restless Natives
  - P2 board: Impact Simulant
  + P2 retired: Impact Simulant
  + Dead Pool: Impact Simulant
End of Turn 100: P1 board 3, P2 board 19, Dead Pool 135
Turn 101 - P2 acts
  - P1 board: Void Freak
  + P1 retired: Void Freak
  - P2 hand: Sausage Droid
  + P2 board: Sausage Droid
  + Dead Pool: Void Freak
End of Turn 101: P1 board 2, P2 board 20, Dead Pool 136
Turn 102 - P1 acts
  - P1 hand: Käsekobold
  + P1 board: Käsekobold
End of Turn 102: P1 board 3, P2 board 20, Dead Pool 136
Turn 103 - P2 acts
  - P1 board: Restless Natives
  + P1 retired: Restless Natives
  - P2 hand: Dormex Lurker
  + P2 board: Dormex Lurker
  + Dead Pool: Restless Natives
End of Turn 103: P1 board 2, P2 board 21, Dead Pool 137
Turn 104 - P1 acts
  - P1 hand: Vex
  + P1 board: Vex
  - P1 board: Käsekobold
  + P1 retired: Käsekobold
  + Dead Pool: Käsekobold, Käsekobold
End of Turn 104: P1 board 2, P2 board 21, Dead Pool 139
Turn 105 - P2 acts
  - P2 hand: MediFlux-1NDS
  + P2 board: MediFlux-1NDS
  - P2 board: Compliance Auditon
  + P2 retired: Compliance Auditon
  + Dead Pool: Compliance Auditon, Compliance Auditon
End of Turn 105: P1 board 2, P2 board 21, Dead Pool 141
Turn 106 - P1 acts
  - P1 hand: Krax
  + P1 board: Krax
  - P1 board: Grim, Vex
  + P1 retired: Vex, Grim
  + Dead Pool: Vex, Vex, Grim
Result: winner P2 | turns 105
Retired: P1 53, P2 32, Dead Pool 144

=== Game seed 11032 ===
Starting: P1 faction PCU vs P2 faction NARC
Turn 1 - P2 acts
  - P2 hand: MediFlux-1NDS
  + P2 board: MediFlux-1NDS
End of Turn 1: P1 board 1, P2 board 2, Dead Pool 0
Turn 2 - P1 acts
  - P1 hand: Meat Vegetable
  + P1 board: Meat Vegetable
End of Turn 2: P1 board 2, P2 board 2, Dead Pool 0
Turn 3 - P2 acts
  - P2 hand: Compliance Auditon
  + P2 board: Compliance Auditon
End of Turn 3: P1 board 2, P2 board 3, Dead Pool 0
Turn 4 - P1 acts
  - P1 hand: Blood Howler
  + P1 board: Blood Howler
End of Turn 4: P1 board 3, P2 board 3, Dead Pool 0
Turn 5 - P2 acts
  - P2 hand: Sausage Droid
  + P2 board: Sausage Droid
End of Turn 5: P1 board 3, P2 board 4, Dead Pool 0
Turn 6 - P1 acts
  - P1 hand: Primordial Oozer
  + P1 board: Primordial Oozer
End of Turn 6: P1 board 4, P2 board 4, Dead Pool 0
Turn 7 - P2 acts
  - P2 hand: Sausage Droid
  + P2 board: Sausage Droid
End of Turn 7: P1 board 4, P2 board 5, Dead Pool 0
Turn 8 - P1 acts
  - P1 hand: Meat Vegetable
  + P1 board: Meat Vegetable
End of Turn 8: P1 board 5, P2 board 5, Dead Pool 0
Turn 9 - P2 acts
  - P2 hand: Target Marker Probe
  + P2 board: Target Marker Probe
End of Turn 9: P1 board 5, P2 board 6, Dead Pool 0
Turn 10 - P1 acts
  - P1 hand: Technomancer
  + P1 board: Technomancer
  - P1 board: Meat Vegetable
  + P1 retired: Meat Vegetable
  + Dead Pool: Meat Vegetable, Meat Vegetable
End of Turn 10: P1 board 5, P2 board 6, Dead Pool 2
Turn 11 - P2 acts
  - P2 hand: Impact Simulant
  + P2 board: Impact Simulant
End of Turn 11: P1 board 5, P2 board 7, Dead Pool 2
Turn 12 - P1 acts
  - P1 hand: Nives
  + P1 board: Nives
  - P1 board: Blood Howler, Primordial Oozer
  + P1 retired: Blood Howler, Primordial Oozer
  + Dead Pool: Blood Howler, Blood Howler, Primordial Oozer, Primordial Oozer
End of Turn 12: P1 board 4, P2 board 7, Dead Pool 6
Turn 13 - P2 acts
  - P2 hand: Shield Array Node
  + P2 board: Shield Array Node
  - P2 board: MediFlux-1NDS
  + P2 retired: MediFlux-1NDS
  + Dead Pool: MediFlux-1NDS, MediFlux-1NDS
End of Turn 13: P1 board 4, P2 board 7, Dead Pool 8
Turn 14 - P1 acts
  - P1 hand: Annihilist Overseer
  + P1 board: Annihilist Overseer
  - P1 board: Meat Vegetable
  + P1 retired: Meat Vegetable
  + Dead Pool: Meat Vegetable, Meat Vegetable
End of Turn 14: P1 board 4, P2 board 7, Dead Pool 10
Turn 15 - P2 acts
  - P2 hand: K-9.0
  + P2 board: K-9.0
End of Turn 15: P1 board 4, P2 board 8, Dead Pool 10
Turn 16 - P1 acts
  - P1 hand: Käsekobold
  + P1 board: Käsekobold
  - P1 board: Annihilist Overseer
  + P1 retired: Annihilist Overseer
  + Dead Pool: Annihilist Overseer, Annihilist Overseer
End of Turn 16: P1 board 4, P2 board 8, Dead Pool 12
Turn 17 - P2 acts
  - P2 hand: K-9.0
  + P2 board: K-9.0
  - P2 board: Compliance Auditon, Sausage Droid
  + P2 retired: Compliance Auditon, Sausage Droid
  + Dead Pool: Compliance Auditon, Compliance Auditon, Sausage Droid, Sausage Droid
End of Turn 17: P1 board 4, P2 board 7, Dead Pool 16
Turn 18 - P1 acts
  - P1 hand: Annihilist Overseer
  + P1 board: Annihilist Overseer
  - P1 board: Technomancer
  + P1 retired: Technomancer
  + Dead Pool: Technomancer, Technomancer
End of Turn 18: P1 board 4, P2 board 7, Dead Pool 18
Turn 19 - P2 acts
  - P2 hand: Bruut Enforcer
  + P2 board: Bruut Enforcer
  - P2 board: Sausage Droid
  + P2 retired: Sausage Droid
  + Dead Pool: Sausage Droid, Sausage Droid
End of Turn 19: P1 board 4, P2 board 7, Dead Pool 20
Turn 20 - P1 acts
  - P1 hand: Restless Natives
  + P1 board: Restless Natives
  - P1 board: Nives, Annihilist Overseer
  + P1 retired: Annihilist Overseer, Nives
  + Dead Pool: Annihilist Overseer, Annihilist Overseer, Nives, Nives
End of Turn 20: P1 board 3, P2 board 7, Dead Pool 24
Turn 21 - P2 acts
  - P2 hand: Task Mistres
  + P2 board: Task Mistres
End of Turn 21: P1 board 3, P2 board 8, Dead Pool 24
Turn 22 - P1 acts
  - P1 hand: Local Singularity
  + P1 board: Local Singularity
End of Turn 22: P1 board 4, P2 board 8, Dead Pool 24
Turn 23 - P2 acts
  - P1 board: Käsekobold
  + P1 retired: Käsekobold
  - P2 hand: Impact Simulant
  + P2 board: Impact Simulant
  + Dead Pool: Käsekobold
End of Turn 23: P1 board 3, P2 board 9, Dead Pool 25
Turn 24 - P1 acts
  - P1 hand: Nives
  + P1 board: Nives
  - P1 board: Restless Natives
  + P1 retired: Restless Natives
  + Dead Pool: Restless Natives, Restless Natives
End of Turn 24: P1 board 3, P2 board 9, Dead Pool 27
Turn 25 - P2 acts
  - P2 hand: Marine Marauder
  + P2 board: Marine Marauder
  - P2 board: Target Marker Probe
  + P2 retired: Target Marker Probe
  + Dead Pool: Target Marker Probe, Target Marker Probe
End of Turn 25: P1 board 3, P2 board 9, Dead Pool 29
Turn 26 - P1 acts
  - P1 hand: Meat Vegetable
  + P1 board: Meat Vegetable
  - P2 board: Bruut Enforcer
  + P2 retired: Bruut Enforcer
  + Dead Pool: Bruut Enforcer
End of Turn 26: P1 board 4, P2 board 8, Dead Pool 30
Turn 27 - P2 acts
  - P2 hand: Dormex Lurker
  + P2 board: Dormex Lurker
End of Turn 27: P1 board 4, P2 board 9, Dead Pool 30
Turn 28 - P1 acts
  - P1 hand: Void Freak
  + P1 board: Void Freak
  - P2 board: Impact Simulant
  + P2 retired: Impact Simulant
  + Dead Pool: Impact Simulant
End of Turn 28: P1 board 5, P2 board 8, Dead Pool 31
Turn 29 - P2 acts
  - P2 hand: Hover Shield
  + P2 board: Hover Shield
End of Turn 29: P1 board 5, P2 board 9, Dead Pool 31
Turn 30 - P1 acts
  - P1 hand: Primordial Oozer
  + P1 board: Primordial Oozer
  - P2 board: Shield Array Node
  + P2 retired: Shield Array Node
  + Dead Pool: Shield Array Node
End of Turn 30: P1 board 6, P2 board 8, Dead Pool 32
Turn 31 - P2 acts
  - P2 hand: Detainment Probe
  + P2 board: Detainment Probe
End of Turn 31: P1 board 6, P2 board 9, Dead Pool 32
Turn 32 - P1 acts
  - P1 hand: Voidling
  + P1 board: Voidling
  - P1 board: Local Singularity
  + P1 retired: Local Singularity
  - P2 board: K-9.0
  + P2 retired: K-9.0
  + Dead Pool: Local Singularity, Local Singularity, K-9.0
End of Turn 32: P1 board 6, P2 board 8, Dead Pool 35
Turn 33 - P2 acts
  - P1 board: Nives
  + P1 retired: Nives
  - P2 hand: Marine Marauder
  + P2 board: Marine Marauder
  + Dead Pool: Nives
End of Turn 33: P1 board 5, P2 board 9, Dead Pool 36
Turn 34 - P1 acts
  - P1 hand: Technomancer
  + P1 board: Technomancer
  - P1 board: Meat Vegetable
  + P1 retired: Meat Vegetable
  - P2 board: K-9.0
  + P2 retired: K-9.0
  + Dead Pool: Meat Vegetable, Meat Vegetable, K-9.0
End of Turn 34: P1 board 5, P2 board 8, Dead Pool 39
Turn 35 - P2 acts
  - P1 board: Void Freak
  + P1 retired: Void Freak
  - P2 hand: Sentry Node
  + P2 board: Sentry Node
  - P2 board: Task Mistres
  + P2 retired: Task Mistres
  + Dead Pool: Task Mistres, Task Mistres, Void Freak
End of Turn 35: P1 board 4, P2 board 8, Dead Pool 42
Turn 36 - P1 acts
  - P1 hand: Annihilist Overseer
  + P1 board: Annihilist Overseer
  - P1 board: Primordial Oozer
  + P1 retired: Primordial Oozer
  + Dead Pool: Primordial Oozer, Primordial Oozer
End of Turn 36: P1 board 4, P2 board 8, Dead Pool 44
Turn 37 - P2 acts
  - P2 hand: Shield Array Node
  + P2 board: Shield Array Node
End of Turn 37: P1 board 4, P2 board 9, Dead Pool 44
Turn 38 - P1 acts
  - P1 hand: Käsekobold
  + P1 board: Käsekobold
  - P1 board: Annihilist Overseer
  + P1 retired: Annihilist Overseer
  + Dead Pool: Annihilist Overseer, Annihilist Overseer
End of Turn 38: P1 board 4, P2 board 9, Dead Pool 46
Turn 39 - P2 acts
  - P2 hand: Compliance Auditon
  + P2 board: Compliance Auditon
End of Turn 39: P1 board 4, P2 board 10, Dead Pool 46
Turn 40 - P1 acts
  - P1 hand: Restless Natives
  + P1 board: Restless Natives
  - P1 board: Voidling
  + P1 retired: Voidling
  + Dead Pool: Voidling, Voidling
End of Turn 40: P1 board 4, P2 board 10, Dead Pool 48
Turn 41 - P2 acts
  - P2 hand: Dormex Lurker
  + P2 board: Dormex Lurker
  - P2 board: Impact Simulant
  + P2 retired: Impact Simulant
  + Dead Pool: Impact Simulant, Impact Simulant
End of Turn 41: P1 board 4, P2 board 10, Dead Pool 50
Turn 42 - P1 acts
  - P1 hand: Nives
  + P1 board: Nives
  - P1 board: Technomancer
  + P1 retired: Technomancer
  + Dead Pool: Technomancer, Technomancer
End of Turn 42: P1 board 4, P2 board 10, Dead Pool 52
Turn 43 - P2 acts
  - P2 hand: Impact Simulant
  + P2 board: Impact Simulant
End of Turn 43: P1 board 4, P2 board 11, Dead Pool 52
Turn 44 - P1 acts
  - P1 hand: Käsekobold
  + P1 retired: Käsekobold
  + Dead Pool: Käsekobold, Käsekobold
End of Turn 44: P1 board 4, P2 board 11, Dead Pool 54
Turn 45 - P2 acts
  - P2 hand: Task Mistres
  + P2 board: Task Mistres
End of Turn 45: P1 board 4, P2 board 12, Dead Pool 54
Turn 46 - P1 acts
  - P1 hand: Void Freak
  + P1 board: Void Freak
  - P2 board: Marine Marauder
  + P2 retired: Marine Marauder
  + Dead Pool: Marine Marauder
End of Turn 46: P1 board 5, P2 board 11, Dead Pool 55
Turn 47 - P2 acts
  - P2 hand: Marine Marauder
  + P2 board: Marine Marauder
End of Turn 47: P1 board 5, P2 board 12, Dead Pool 55
Turn 48 - P1 acts
  - P1 hand: Technomancer
  + P1 board: Technomancer
  - P1 board: Restless Natives
  + P1 retired: Restless Natives
  - P2 board: Dormex Lurker
  + P2 retired: Dormex Lurker
  + Dead Pool: Restless Natives, Restless Natives, Dormex Lurker
End of Turn 48: P1 board 5, P2 board 11, Dead Pool 58
Turn 49 - P2 acts
  - P1 board: Nives
  + P1 retired: Nives
  - P2 hand: Bruut Enforcer
  + P2 board: Bruut Enforcer
  - P2 board: Hover Shield
  + P2 retired: Hover Shield
  + Dead Pool: Nives, Hover Shield, Hover Shield
End of Turn 49: P1 board 4, P2 board 11, Dead Pool 61
Turn 50 - P1 acts
  - P1 hand: Krax
  + P1 board: Krax
  - P1 board: Käsekobold, Void Freak
  + P1 retired: Käsekobold, Void Freak
  + Dead Pool: Käsekobold, Käsekobold, Void Freak, Void Freak
End of Turn 50: P1 board 3, P2 board 11, Dead Pool 65
Turn 51 - P2 acts
  - P2 hand: MediFlux-1NDS
  + P2 board: MediFlux-1NDS
End of Turn 51: P1 board 3, P2 board 12, Dead Pool 65
Turn 52 - P1 acts
  - P1 hand: Voidling
  + P1 board: Voidling
  - P2 board: Lokar Simmons
  + P2 retired: Lokar Simmons
  + Dead Pool: Lokar Simmons
Result: winner P1 | turns 51
Retired: P1 23, P2 16, Dead Pool 66

=== Game seed 11033 ===
Starting: P1 faction PCU vs P2 faction NARC
Turn 1 - P2 acts
  - P2 hand: Impact Simulant
  + P2 board: Impact Simulant
End of Turn 1: P1 board 1, P2 board 2, Dead Pool 0
Turn 2 - P1 acts
  - P1 hand: Primordial Oozer
  + P1 board: Primordial Oozer
End of Turn 2: P1 board 2, P2 board 2, Dead Pool 0
Turn 3 - P2 acts
  - P2 hand: Sausage Droid
  + P2 board: Sausage Droid
End of Turn 3: P1 board 2, P2 board 3, Dead Pool 0
Turn 4 - P1 acts
  - P1 hand: Local Singularity
  + P1 board: Local Singularity
End of Turn 4: P1 board 3, P2 board 3, Dead Pool 0
Turn 5 - P2 acts
  - P1 board: Primordial Oozer
  + P1 retired: Primordial Oozer
  - P2 hand: Compliance Auditon
  + P2 board: Compliance Auditon
  + Dead Pool: Primordial Oozer
End of Turn 5: P1 board 2, P2 board 4, Dead Pool 1
Turn 6 - P1 acts
  - P1 hand: Psychodelic Toad
  + P1 board: Psychodelic Toad
End of Turn 6: P1 board 3, P2 board 4, Dead Pool 1
Turn 7 - P2 acts
  - P2 hand: Hover Shield
  + P2 board: Hover Shield
End of Turn 7: P1 board 3, P2 board 5, Dead Pool 1
Turn 8 - P1 acts
  - P1 hand: Käsekobold
  + P1 board: Käsekobold
  - P1 board: Local Singularity
  + P1 retired: Local Singularity
  + Dead Pool: Local Singularity, Local Singularity
End of Turn 8: P1 board 3, P2 board 5, Dead Pool 3
Turn 9 - P2 acts
  - P1 board: Psychodelic Toad
  + P1 retired: Psychodelic Toad
  - P2 hand: Shield Array Node
  + P2 board: Shield Array Node
  - P2 board: Impact Simulant
  + P2 retired: Impact Simulant
  + Dead Pool: Impact Simulant, Impact Simulant, Psychodelic Toad
End of Turn 9: P1 board 2, P2 board 5, Dead Pool 6
Turn 10 - P1 acts
  - P1 hand: Voidling
  + P1 board: Voidling
  - P1 board: Käsekobold
  + P1 retired: Käsekobold
  + Dead Pool: Käsekobold, Käsekobold
End of Turn 10: P1 board 2, P2 board 5, Dead Pool 8
Turn 11 - P2 acts
  - P2 hand: MediFlux-1NDS
  + P2 board: MediFlux-1NDS
  - P2 board: Sausage Droid
  + P2 retired: Sausage Droid
  + Dead Pool: Sausage Droid, Sausage Droid
End of Turn 11: P1 board 2, P2 board 5, Dead Pool 10
Turn 12 - P1 acts
  - P1 hand: Restless Natives
  + P1 board: Restless Natives
End of Turn 12: P1 board 3, P2 board 5, Dead Pool 10
Turn 13 - P2 acts
  - P2 hand: K-9.0
  + P2 board: K-9.0
End of Turn 13: P1 board 3, P2 board 6, Dead Pool 10
Turn 14 - P1 acts
  - P1 hand: Restless Natives
  + P1 board: Restless Natives
  - P2 board: Compliance Auditon
  + P2 retired: Compliance Auditon
  + Dead Pool: Compliance Auditon
End of Turn 14: P1 board 4, P2 board 5, Dead Pool 11
Turn 15 - P2 acts
  - P2 hand: Compliance Auditon
  + P2 board: Compliance Auditon
End of Turn 15: P1 board 4, P2 board 6, Dead Pool 11
Turn 16 - P1 acts
  - P1 hand: Psychodelic Toad
  + P1 board: Psychodelic Toad
  - P1 board: Voidling
  + P1 retired: Voidling
  + Dead Pool: Voidling, Voidling
End of Turn 16: P1 board 4, P2 board 6, Dead Pool 13
Turn 17 - P2 acts
  - P2 hand: Detainment Probe
  + P2 board: Detainment Probe
End of Turn 17: P1 board 4, P2 board 7, Dead Pool 13
Turn 18 - P1 acts
  - P1 hand: Blood Howler
  + P1 board: Blood Howler
  - P1 board: Restless Natives
  + P1 retired: Restless Natives
  + Dead Pool: Restless Natives, Restless Natives
End of Turn 18: P1 board 4, P2 board 7, Dead Pool 15
Turn 19 - P2 acts
  - P2 hand: Hover Shield
  + P2 board: Hover Shield
End of Turn 19: P1 board 4, P2 board 8, Dead Pool 15
Turn 20 - P1 acts
  - P1 hand: Mutt
  + P1 board: Mutt
  - P1 board: Restless Natives
  + P1 retired: Restless Natives
  + Dead Pool: Restless Natives, Restless Natives
End of Turn 20: P1 board 4, P2 board 8, Dead Pool 17
Turn 21 - P2 acts
  - P2 hand: Killjoy
  + P2 board: Killjoy
  - P2 board: Hover Shield
  + P2 retired: Hover Shield
  + Dead Pool: Hover Shield, Hover Shield
End of Turn 21: P1 board 4, P2 board 8, Dead Pool 19
Turn 22 - P1 acts
  - P1 hand: Nives
  + P1 board: Nives
  - P1 board: Psychodelic Toad
  + P1 retired: Psychodelic Toad
  - P2 board: Shield Array Node
  + P2 retired: Shield Array Node
  + Dead Pool: Psychodelic Toad, Psychodelic Toad, Shield Array Node
End of Turn 22: P1 board 4, P2 board 7, Dead Pool 22
Turn 23 - P2 acts
  - P2 hand: Sentry Node
  + P2 board: Sentry Node
  - P2 board: MediFlux-1NDS
  + P2 retired: MediFlux-1NDS
  + Dead Pool: MediFlux-1NDS, MediFlux-1NDS
End of Turn 23: P1 board 4, P2 board 7, Dead Pool 24
Turn 24 - P1 acts
  - P1 hand: Nives
  + P1 board: Nives
  - P1 board: Blood Howler
  + P1 retired: Blood Howler
  + Dead Pool: Blood Howler, Blood Howler
End of Turn 24: P1 board 4, P2 board 7, Dead Pool 26
Turn 25 - P2 acts
  - P2 hand: Impact Simulant
  + P2 board: Impact Simulant
End of Turn 25: P1 board 4, P2 board 8, Dead Pool 26
Turn 26 - P1 acts
  - P1 hand: Primordial Oozer
  + P1 board: Primordial Oozer
  - P2 board: Sentry Node
  + P2 retired: Sentry Node
  + Dead Pool: Sentry Node
End of Turn 26: P1 board 5, P2 board 7, Dead Pool 27
Turn 27 - P2 acts
  - P2 hand: Hover Shield
  + P2 board: Hover Shield
End of Turn 27: P1 board 5, P2 board 8, Dead Pool 27
Turn 28 - P1 acts
  - P1 hand: Void Freak
  + P1 board: Void Freak
  - P2 board: K-9.0
  + P2 retired: K-9.0
  + Dead Pool: K-9.0
End of Turn 28: P1 board 6, P2 board 7, Dead Pool 28
Turn 29 - P2 acts
  - P2 hand: Detainment Probe
  + P2 board: Detainment Probe
End of Turn 29: P1 board 6, P2 board 8, Dead Pool 28
Turn 30 - P1 acts
  - P1 hand: Annihilist Overseer
  + P1 board: Annihilist Overseer
  - P1 board: Mutt
  + P1 retired: Mutt
  - P2 board: Detainment Probe
  + P2 retired: Detainment Probe
  + Dead Pool: Mutt, Mutt, Detainment Probe
End of Turn 30: P1 board 6, P2 board 7, Dead Pool 31
Turn 31 - P2 acts
  - P2 hand: Target Marker Probe
  + P2 board: Target Marker Probe
End of Turn 31: P1 board 6, P2 board 8, Dead Pool 31
Turn 32 - P1 acts
  - P1 hand: Mutt
  + P1 board: Mutt
  - P1 board: Nives, Annihilist Overseer
  + P1 retired: Nives, Annihilist Overseer
  + Dead Pool: Nives, Nives, Annihilist Overseer, Annihilist Overseer
End of Turn 32: P1 board 5, P2 board 8, Dead Pool 35
Turn 33 - P2 acts
  - P2 hand: Shield Array Node
  + P2 board: Shield Array Node
  - P2 board: Compliance Auditon
  + P2 retired: Compliance Auditon
  + Dead Pool: Compliance Auditon, Compliance Auditon
End of Turn 33: P1 board 5, P2 board 8, Dead Pool 37
Turn 34 - P1 acts
  - P1 hand: Käsekobold
  + P1 board: Käsekobold
  - P2 board: Detainment Probe
  + P2 retired: Detainment Probe
  + Dead Pool: Detainment Probe
End of Turn 34: P1 board 6, P2 board 7, Dead Pool 38
Turn 35 - P2 acts
  - P2 hand: Task Mistres
  + P2 board: Task Mistres
End of Turn 35: P1 board 6, P2 board 8, Dead Pool 38
Turn 36 - P1 acts
  - P1 hand: Local Singularity
  + P1 board: Local Singularity
  - P1 board: Nives
  + P1 retired: Nives
  - P2 board: Hover Shield
  + P2 retired: Hover Shield
  + Dead Pool: Hover Shield, Nives, Nives
End of Turn 36: P1 board 6, P2 board 7, Dead Pool 41
Turn 37 - P2 acts
  - P1 board: Void Freak
  + P1 retired: Void Freak
  - P2 hand: MediFlux-1NDS
  + P2 board: MediFlux-1NDS
  + Dead Pool: Void Freak
End of Turn 37: P1 board 5, P2 board 8, Dead Pool 42
Turn 38 - P1 acts
  - P1 hand: Käsekobold
  + P1 board: Käsekobold
End of Turn 38: P1 board 6, P2 board 8, Dead Pool 42
Turn 39 - P2 acts
  - P2 hand: Bruut Enforcer
  + P2 board: Bruut Enforcer
  - P2 board: Killjoy
  + P2 retired: Killjoy
  + Dead Pool: Killjoy, Killjoy
End of Turn 39: P1 board 6, P2 board 8, Dead Pool 44
Turn 40 - P1 acts
  - P1 hand: Restless Natives
  + P1 board: Restless Natives
  - P1 board: Primordial Oozer
  + P1 retired: Primordial Oozer
  + Dead Pool: Primordial Oozer, Primordial Oozer
End of Turn 40: P1 board 6, P2 board 8, Dead Pool 46
Turn 41 - P2 acts
  - P2 hand: Dormex Lurker
  + P2 board: Dormex Lurker
  - P2 board: Impact Simulant
  + P2 retired: Impact Simulant
  + Dead Pool: Impact Simulant, Impact Simulant
End of Turn 41: P1 board 6, P2 board 8, Dead Pool 48
Turn 42 - P1 acts
  - P1 hand: Annihilist Overseer
  + P1 board: Annihilist Overseer
  - P1 board: Mutt
  + P1 retired: Mutt
  + Dead Pool: Mutt, Mutt
End of Turn 42: P1 board 6, P2 board 8, Dead Pool 50
Turn 43 - P2 acts
  - P1 board: Käsekobold
  + P1 retired: Käsekobold
  - P2 hand: Compliance Auditon
  + P2 board: Compliance Auditon
  + Dead Pool: Käsekobold
End of Turn 43: P1 board 5, P2 board 9, Dead Pool 51
Turn 44 - P1 acts
  - P1 hand: Blood Howler
  + P1 board: Blood Howler
  - P1 board: Annihilist Overseer
  + P1 retired: Annihilist Overseer
  + Dead Pool: Annihilist Overseer, Annihilist Overseer
End of Turn 44: P1 board 5, P2 board 9, Dead Pool 53
Turn 45 - P2 acts
  - P2 hand: Marine Marauder
  + P2 board: Marine Marauder
End of Turn 45: P1 board 5, P2 board 10, Dead Pool 53
Turn 46 - P1 acts
  - P1 hand: Primordial Oozer
  + P1 board: Primordial Oozer
  - P1 board: Local Singularity
  + P1 retired: Local Singularity
  - P2 board: Hover Shield
  + P2 retired: Hover Shield
  + Dead Pool: Local Singularity, Local Singularity, Hover Shield
End of Turn 46: P1 board 5, P2 board 9, Dead Pool 56
Turn 47 - P2 acts
  - P2 hand: Marine Marauder
  + P2 board: Marine Marauder
End of Turn 47: P1 board 5, P2 board 10, Dead Pool 56
Turn 48 - P1 acts
  - P1 hand: Void Freak
  + P1 board: Void Freak
  - P2 board: Target Marker Probe
  + P2 retired: Target Marker Probe
  + Dead Pool: Target Marker Probe
End of Turn 48: P1 board 6, P2 board 9, Dead Pool 57
Turn 49 - P2 acts
  - P1 board: Käsekobold
  + P1 retired: Käsekobold
  - P2 hand: Shield Array Node
  + P2 board: Shield Array Node
  + Dead Pool: Käsekobold
End of Turn 49: P1 board 5, P2 board 10, Dead Pool 58
Turn 50 - P1 acts
  - P1 hand: Void Freak
  + P1 board: Void Freak
  - P2 board: Shield Array Node
  + P2 retired: Shield Array Node
  + Dead Pool: Shield Array Node
End of Turn 50: P1 board 6, P2 board 9, Dead Pool 59
Turn 51 - P2 acts
  - P2 hand: Nob Lobber
  + P2 board: Nob Lobber
  - P2 board: Task Mistres
  + P2 retired: Task Mistres
  + Dead Pool: Task Mistres, Task Mistres
End of Turn 51: P1 board 6, P2 board 9, Dead Pool 61
Turn 52 - P1 acts
  - P1 hand: Vex
  + P1 board: Vex
  - P1 board: Restless Natives
  + P1 retired: Restless Natives
  - P2 board: Bruut Enforcer
  + P2 retired: Bruut Enforcer
  + Dead Pool: Restless Natives, Restless Natives, Bruut Enforcer
End of Turn 52: P1 board 6, P2 board 8, Dead Pool 64
Turn 53 - P2 acts
  - P2 hand: Impact Simulant
  + P2 board: Impact Simulant
End of Turn 53: P1 board 6, P2 board 9, Dead Pool 64
Turn 54 - P1 acts
  - P1 hand: Krax
  + P1 board: Krax
  - P1 board: Blood Howler, Primordial Oozer
  + P1 retired: Primordial Oozer, Blood Howler
  + Dead Pool: Primordial Oozer, Primordial Oozer, Blood Howler, Blood Howler
End of Turn 54: P1 board 5, P2 board 9, Dead Pool 68
Turn 55 - P2 acts
  - P1 board: Void Freak
  + P1 retired: Void Freak
  - P2 hand: MediFlux-1NDS
  + P2 board: MediFlux-1NDS
  + Dead Pool: Void Freak
End of Turn 55: P1 board 4, P2 board 10, Dead Pool 69
Turn 56 - P1 acts
  - P1 hand: Voidling
  + P1 board: Voidling
  - P1 board: Void Freak
  + P1 retired: Void Freak
  - P2 board: Lokar Simmons
  + P2 retired: Lokar Simmons
  + Dead Pool: Void Freak, Void Freak, Lokar Simmons
Result: winner P1 | turns 55
Retired: P1 25, P2 20, Dead Pool 72

=== Game seed 11034 ===
Starting: P1 faction PCU vs P2 faction NARC
Turn 1 - P2 acts
  - P2 hand: Dormex Lurker
  + P2 board: Dormex Lurker
End of Turn 1: P1 board 1, P2 board 2, Dead Pool 0
Turn 2 - P1 acts
  - P1 hand: Void Freak
  + P1 board: Void Freak
End of Turn 2: P1 board 2, P2 board 2, Dead Pool 0
Turn 3 - P2 acts
  - P2 hand: Detainment Probe
  + P2 board: Detainment Probe
End of Turn 3: P1 board 2, P2 board 3, Dead Pool 0
Turn 4 - P1 acts
  - P1 hand: Psychodelic Toad
  + P1 board: Psychodelic Toad
  - P2 board: Lokar Simmons
  + P2 retired: Lokar Simmons
  + Dead Pool: Lokar Simmons
Result: winner P1 | turns 3
Retired: P1 0, P2 1, Dead Pool 1

=== Game seed 11035 ===
Starting: P1 faction PCU vs P2 faction NARC
Turn 1 - P2 acts
  - P2 hand: Impact Simulant
  + P2 board: Impact Simulant
End of Turn 1: P1 board 1, P2 board 2, Dead Pool 0
Turn 2 - P1 acts
  - P1 hand: Meat Vegetable
  + P1 board: Meat Vegetable
End of Turn 2: P1 board 2, P2 board 2, Dead Pool 0
Turn 3 - P2 acts
  - P2 hand: Sausage Droid
  + P2 board: Sausage Droid
End of Turn 3: P1 board 2, P2 board 3, Dead Pool 0
Turn 4 - P1 acts
  - P1 hand: Void Freak
  + P1 board: Void Freak
End of Turn 4: P1 board 3, P2 board 3, Dead Pool 0
Turn 5 - P2 acts
  - P2 hand: Sausage Droid
  + P2 board: Sausage Droid
End of Turn 5: P1 board 3, P2 board 4, Dead Pool 0
Turn 6 - P1 acts
  - P1 hand: Käsekobold
  + P1 board: Käsekobold
  - P2 board: Sausage Droid
  + P2 retired: Sausage Droid
  + Dead Pool: Sausage Droid
End of Turn 6: P1 board 4, P2 board 3, Dead Pool 1
Turn 7 - P2 acts
  - P1 board: Meat Vegetable
  + P1 retired: Meat Vegetable
  - P2 hand: Compliance Auditon
  + P2 board: Compliance Auditon
  + Dead Pool: Meat Vegetable
End of Turn 7: P1 board 3, P2 board 4, Dead Pool 2
Turn 8 - P1 acts
  - P1 hand: Restless Natives
  + P1 board: Restless Natives
  - P1 board: Void Freak
  + P1 retired: Void Freak
  - P2 board: Sausage Droid
  + P2 retired: Sausage Droid
  + Dead Pool: Sausage Droid, Void Freak, Void Freak
End of Turn 8: P1 board 3, P2 board 3, Dead Pool 5
Turn 9 - P2 acts
  - P2 hand: Shield Array Node
  + P2 board: Shield Array Node
End of Turn 9: P1 board 3, P2 board 4, Dead Pool 5
Turn 10 - P1 acts
  - P1 hand: Käsekobold
  + P1 board: Käsekobold
End of Turn 10: P1 board 4, P2 board 4, Dead Pool 5
Turn 11 - P2 acts
  - P2 hand: Task Mistres
  + P2 board: Task Mistres
  - P2 board: Impact Simulant
  + P2 retired: Impact Simulant
  + Dead Pool: Impact Simulant, Impact Simulant
End of Turn 11: P1 board 4, P2 board 4, Dead Pool 7
Turn 12 - P1 acts
  - P1 hand: Käsekobold
  + P1 retired: Käsekobold
  + Dead Pool: Käsekobold, Käsekobold
End of Turn 12: P1 board 4, P2 board 4, Dead Pool 9
Turn 13 - P2 acts
  - P2 hand: Target Marker Probe
  + P2 board: Target Marker Probe
End of Turn 13: P1 board 4, P2 board 5, Dead Pool 9
Turn 14 - P1 acts
  - P1 hand: Technomancer
  + P1 board: Technomancer
  - P1 board: Restless Natives
  + P1 retired: Restless Natives
  + Dead Pool: Restless Natives, Restless Natives
End of Turn 14: P1 board 4, P2 board 5, Dead Pool 11
Turn 15 - P2 acts
  - P2 hand: Task Mistres
  + P2 board: Task Mistres
End of Turn 15: P1 board 4, P2 board 6, Dead Pool 11
Turn 16 - P1 acts
  - P1 hand: Technomancer
  + P1 board: Technomancer
  - P1 board: Käsekobold
  + P1 retired: Käsekobold
  - P2 board: Compliance Auditon
  + P2 retired: Compliance Auditon
  + Dead Pool: Käsekobold, Käsekobold, Compliance Auditon
End of Turn 16: P1 board 4, P2 board 5, Dead Pool 14
Turn 17 - P2 acts
  - P2 hand: Hover Shield
  + P2 board: Hover Shield
End of Turn 17: P1 board 4, P2 board 6, Dead Pool 14
Turn 18 - P1 acts
  - P1 hand: Voidling
  + P1 board: Voidling
  - P1 board: Käsekobold
  + P1 retired: Käsekobold
  + Dead Pool: Käsekobold, Käsekobold
End of Turn 18: P1 board 4, P2 board 6, Dead Pool 16
Turn 19 - P2 acts
  - P2 hand: Sausage Droid
  + P2 board: Sausage Droid
End of Turn 19: P1 board 4, P2 board 7, Dead Pool 16
Turn 20 - P1 acts
  - P1 hand: Mutt
  + P1 board: Mutt
  - P1 board: Technomancer
  + P1 retired: Technomancer
  + Dead Pool: Technomancer, Technomancer
End of Turn 20: P1 board 4, P2 board 7, Dead Pool 18
Turn 21 - P2 acts
  - P2 hand: Target Marker Probe
  + P2 board: Target Marker Probe
End of Turn 21: P1 board 4, P2 board 8, Dead Pool 18
Turn 22 - P1 acts
  - P1 hand: Void Freak
  + P1 board: Void Freak
End of Turn 22: P1 board 5, P2 board 8, Dead Pool 18
Turn 23 - P2 acts
  - P2 hand: Detainment Probe
  + P2 board: Detainment Probe
End of Turn 23: P1 board 5, P2 board 9, Dead Pool 18
Turn 24 - P1 acts
  - P1 hand: Voidling
  + P1 board: Voidling
  - P1 board: Technomancer
  + P1 retired: Technomancer
  - P2 board: Shield Array Node
  + P2 retired: Shield Array Node
  + Dead Pool: Technomancer, Technomancer, Shield Array Node
End of Turn 24: P1 board 5, P2 board 8, Dead Pool 21
Turn 25 - P2 acts
  - P2 hand: MediFlux-1NDS
  + P2 board: MediFlux-1NDS
End of Turn 25: P1 board 5, P2 board 9, Dead Pool 21
Turn 26 - P1 acts
  - P1 hand: Meat Vegetable
  + P1 board: Meat Vegetable
  - P2 board: Task Mistres
  + P2 retired: Task Mistres
  + Dead Pool: Task Mistres
End of Turn 26: P1 board 6, P2 board 8, Dead Pool 22
Turn 27 - P2 acts
  - P2 hand: K-9.0
  + P2 board: K-9.0
End of Turn 27: P1 board 6, P2 board 9, Dead Pool 22
Turn 28 - P1 acts
  - P1 hand: Meat Vegetable
  + P1 board: Meat Vegetable
  - P2 board: Target Marker Probe
  + P2 retired: Target Marker Probe
  + Dead Pool: Target Marker Probe
End of Turn 28: P1 board 7, P2 board 8, Dead Pool 23
Turn 29 - P2 acts
  - P2 hand: MediFlux-1NDS
  + P2 board: MediFlux-1NDS
End of Turn 29: P1 board 7, P2 board 9, Dead Pool 23
Turn 30 - P1 acts
  - P1 hand: Voidling
  + P1 board: Voidling
  - P1 board: Void Freak
  + P1 retired: Void Freak
  - P2 board: Task Mistres
  + P2 retired: Task Mistres
  + Dead Pool: Void Freak, Void Freak, Task Mistres
End of Turn 30: P1 board 7, P2 board 8, Dead Pool 26
Turn 31 - P2 acts
  - P2 hand: Nob Lobber
  + P2 board: Nob Lobber
  - P2 board: Hover Shield
  + P2 retired: Hover Shield
  + Dead Pool: Hover Shield, Hover Shield
End of Turn 31: P1 board 7, P2 board 8, Dead Pool 28
Turn 32 - P1 acts
  - P1 hand: Primordial Oozer
  + P1 board: Primordial Oozer
End of Turn 32: P1 board 8, P2 board 8, Dead Pool 28
Turn 33 - P2 acts
  - P2 hand: Hover Shield
  + P2 board: Hover Shield
End of Turn 33: P1 board 8, P2 board 9, Dead Pool 28
Turn 34 - P1 acts
  - P1 hand: Meat Vegetable
  + P1 board: Meat Vegetable
End of Turn 34: P1 board 9, P2 board 9, Dead Pool 28
Turn 35 - P2 acts
  - P2 hand: Nob Lobber
  + P2 board: Nob Lobber
  - P2 board: Sausage Droid
  + P2 retired: Sausage Droid
  + Dead Pool: Sausage Droid, Sausage Droid
End of Turn 35: P1 board 9, P2 board 9, Dead Pool 30
Turn 36 - P1 acts
  - P1 hand: Vex
  + P1 board: Vex
  - P1 board: Voidling
  + P1 retired: Voidling
  - P2 board: Target Marker Probe
  + P2 retired: Target Marker Probe
  + Dead Pool: Target Marker Probe, Voidling, Voidling
End of Turn 36: P1 board 9, P2 board 8, Dead Pool 33
Turn 37 - P2 acts
  - P2 hand: MediFlux-1NDS
  + P2 board: MediFlux-1NDS
  - P2 board: Detainment Probe
  + P2 retired: Detainment Probe
  + Dead Pool: Detainment Probe, Detainment Probe
End of Turn 37: P1 board 9, P2 board 8, Dead Pool 35
Turn 38 - P1 acts
  - P1 hand: Käsekobold
  + P1 board: Käsekobold
End of Turn 38: P1 board 10, P2 board 8, Dead Pool 35
Turn 39 - P2 acts
  - P2 hand: Task Mistres
  + P2 board: Task Mistres
End of Turn 39: P1 board 10, P2 board 9, Dead Pool 35
Turn 40 - P1 acts
  - P1 hand: Primordial Oozer
  + P1 board: Primordial Oozer
  - P1 board: Mutt, Vex
  + P1 retired: Vex, Mutt
  + Dead Pool: Vex, Vex, Mutt, Mutt
End of Turn 40: P1 board 9, P2 board 9, Dead Pool 39
Turn 41 - P2 acts
  - P2 hand: Task Mistres
  + P2 board: Task Mistres
  - P2 board: MediFlux-1NDS
  + P2 retired: MediFlux-1NDS
  + Dead Pool: MediFlux-1NDS, MediFlux-1NDS
End of Turn 41: P1 board 9, P2 board 9, Dead Pool 41
Turn 42 - P1 acts
  - P1 hand: Psychodelic Toad
  + P1 board: Psychodelic Toad
End of Turn 42: P1 board 10, P2 board 9, Dead Pool 41
Turn 43 - P2 acts
  - P2 hand: Bruut Enforcer
  + P2 board: Bruut Enforcer
  - P2 board: K-9.0
  + P2 retired: K-9.0
  + Dead Pool: K-9.0, K-9.0
End of Turn 43: P1 board 10, P2 board 9, Dead Pool 43
Turn 44 - P1 acts
  - P1 hand: Psychodelic Toad
  + P1 board: Psychodelic Toad
  - P1 board: Voidling
  + P1 retired: Voidling
  + Dead Pool: Voidling, Voidling
End of Turn 44: P1 board 10, P2 board 9, Dead Pool 45
Turn 45 - P2 acts
  - P2 hand: Compliance Auditon
  + P2 board: Compliance Auditon
End of Turn 45: P1 board 10, P2 board 10, Dead Pool 45
Turn 46 - P1 acts
  - P1 hand: Mutt
  + P1 board: Mutt
  - P1 board: Meat Vegetable, Psychodelic Toad
  + P1 retired: Meat Vegetable, Psychodelic Toad
  + Dead Pool: Meat Vegetable, Meat Vegetable, Psychodelic Toad, Psychodelic Toad
End of Turn 46: P1 board 9, P2 board 10, Dead Pool 49
Turn 47 - P2 acts
  - P2 hand: Sentry Node
  + P2 board: Sentry Node
  - P2 board: MediFlux-1NDS
  + P2 retired: MediFlux-1NDS
  + Dead Pool: MediFlux-1NDS, MediFlux-1NDS
End of Turn 47: P1 board 9, P2 board 10, Dead Pool 51
Turn 48 - P1 acts
  - P1 hand: Technomancer
  + P1 board: Technomancer
  - P1 board: Meat Vegetable
  + P1 retired: Meat Vegetable
  + Dead Pool: Meat Vegetable, Meat Vegetable
End of Turn 48: P1 board 9, P2 board 10, Dead Pool 53
Turn 49 - P2 acts
  - P1 board: Psychodelic Toad
  + P1 retired: Psychodelic Toad
  - P2 hand: Sentry Node
  + P2 board: Sentry Node
  - P2 board: Nob Lobber
  + P2 retired: Nob Lobber
  + Dead Pool: Psychodelic Toad, Nob Lobber, Nob Lobber
End of Turn 49: P1 board 8, P2 board 10, Dead Pool 56
Turn 50 - P1 acts
  - P1 hand: Restless Natives
  + P1 board: Restless Natives
End of Turn 50: P1 board 9, P2 board 10, Dead Pool 56
Turn 51 - P2 acts
  - P1 board: Voidling
  + P1 retired: Voidling
  - P2 hand: K-9.0
  + P2 board: K-9.0
  - P2 board: Sentry Node
  + P2 retired: Sentry Node
  + Dead Pool: Voidling, Sentry Node, Sentry Node
End of Turn 51: P1 board 8, P2 board 10, Dead Pool 59
Turn 52 - P1 acts
  - P1 hand: Annihilist Overseer
  + P1 board: Annihilist Overseer
  - P1 board: Primordial Oozer
  + P1 retired: Primordial Oozer
  - P2 board: Hover Shield
  + P2 retired: Hover Shield
  + Dead Pool: Hover Shield, Primordial Oozer, Primordial Oozer
End of Turn 52: P1 board 8, P2 board 9, Dead Pool 62
Turn 53 - P2 acts
  - P2 hand: Target Marker Probe
  + P2 board: Target Marker Probe
End of Turn 53: P1 board 8, P2 board 10, Dead Pool 62
Turn 54 - P1 acts
  - P1 hand: Nives
  + P1 board: Nives
  - P1 board: Meat Vegetable, Annihilist Overseer
  + P1 retired: Meat Vegetable, Annihilist Overseer
  + Dead Pool: Meat Vegetable, Meat Vegetable, Annihilist Overseer, Annihilist Overseer
End of Turn 54: P1 board 7, P2 board 10, Dead Pool 66
Turn 55 - P2 acts
  - P1 board: Käsekobold
  + P1 retired: Käsekobold
  - P2 hand: Killjoy
  + P2 board: Killjoy
  - P2 board: Nob Lobber
  + P2 retired: Nob Lobber
  + Dead Pool: Käsekobold, Nob Lobber, Nob Lobber
End of Turn 55: P1 board 6, P2 board 10, Dead Pool 69
Turn 56 - P1 acts
  - P1 hand: Local Singularity
  + P1 board: Local Singularity
  - P2 board: Sentry Node
  + P2 retired: Sentry Node
  + Dead Pool: Sentry Node
End of Turn 56: P1 board 7, P2 board 9, Dead Pool 70
Turn 57 - P2 acts
  - P2 hand: Dormex Lurker
  + P2 board: Dormex Lurker
End of Turn 57: P1 board 7, P2 board 10, Dead Pool 70
Turn 58 - P1 acts
  - P1 hand: Vex
  + P1 board: Vex
  - P1 board: Primordial Oozer
  + P1 retired: Primordial Oozer
  - P2 board: MediFlux-1NDS
  + P2 retired: MediFlux-1NDS
  + Dead Pool: MediFlux-1NDS, Primordial Oozer, Primordial Oozer
End of Turn 58: P1 board 7, P2 board 9, Dead Pool 73
Turn 59 - P2 acts
  - P1 board: Mutt
  + P1 retired: Mutt
  - P2 hand: Compliance Auditon
  + P2 board: Compliance Auditon
  + Dead Pool: Mutt
End of Turn 59: P1 board 6, P2 board 10, Dead Pool 74
Turn 60 - P1 acts
  - P1 hand: Blood Howler
  + P1 board: Blood Howler
End of Turn 60: P1 board 7, P2 board 10, Dead Pool 74
Turn 61 - P2 acts
  - P2 hand: K-9.0
  + P2 board: K-9.0
End of Turn 61: P1 board 7, P2 board 11, Dead Pool 74
Turn 62 - P1 acts
  - P1 hand: Blood Howler
  + P1 board: Blood Howler
  - P1 board: Technomancer
  + P1 retired: Technomancer
  - P2 board: Bruut Enforcer
  + P2 retired: Bruut Enforcer
  + Dead Pool: Technomancer, Technomancer, Bruut Enforcer
End of Turn 62: P1 board 7, P2 board 10, Dead Pool 77
Turn 63 - P2 acts
  - P2 hand: K-9.0
  + P2 board: K-9.0
  - P2 board: Task Mistres
  + P2 retired: Task Mistres
  + Dead Pool: Task Mistres, Task Mistres
End of Turn 63: P1 board 7, P2 board 10, Dead Pool 79
Turn 64 - P1 acts
  - P1 hand: Primordial Oozer
  + P1 board: Primordial Oozer
End of Turn 64: P1 board 8, P2 board 10, Dead Pool 79
Turn 65 - P2 acts
  - P2 hand: Hover Shield
  + P2 board: Hover Shield
  - P2 board: Task Mistres
  + P2 retired: Task Mistres
  + Dead Pool: Task Mistres, Task Mistres
End of Turn 65: P1 board 8, P2 board 10, Dead Pool 81
Turn 66 - P1 acts
  - P1 hand: Void Freak
  + P1 board: Void Freak
End of Turn 66: P1 board 9, P2 board 10, Dead Pool 81
Turn 67 - P2 acts
  - P1 board: Nives
  + P1 retired: Nives
  - P2 hand: Dormex Lurker
  + P2 board: Dormex Lurker
  + Dead Pool: Nives
End of Turn 67: P1 board 8, P2 board 11, Dead Pool 82
Turn 68 - P1 acts
  - P1 hand: Nives
  + P1 board: Nives
  - P1 board: Restless Natives
  + P1 retired: Restless Natives
  - P2 board: Lokar Simmons
  + P2 retired: Lokar Simmons
  + Dead Pool: Restless Natives, Restless Natives, Lokar Simmons
Result: winner P1 | turns 67
Retired: P1 27, P2 25, Dead Pool 85

=== Game seed 11036 ===
Starting: P1 faction PCU vs P2 faction NARC
Turn 1 - P1 acts
  - P1 hand: Meat Vegetable
  + P1 board: Meat Vegetable
End of Turn 1: P1 board 2, P2 board 1, Dead Pool 0
Turn 2 - P2 acts
  - P2 hand: Target Marker Probe
  + P2 board: Target Marker Probe
End of Turn 2: P1 board 2, P2 board 2, Dead Pool 0
Turn 3 - P1 acts
  - P1 hand: Meat Vegetable
  + P1 board: Meat Vegetable
End of Turn 3: P1 board 3, P2 board 2, Dead Pool 0
Turn 4 - P2 acts
  - P2 hand: Sausage Droid
  + P2 board: Sausage Droid
End of Turn 4: P1 board 3, P2 board 3, Dead Pool 0
Turn 5 - P1 acts
  - P1 hand: Technomancer
  + P1 board: Technomancer
  - P1 board: Meat Vegetable
  + P1 retired: Meat Vegetable
  + Dead Pool: Meat Vegetable, Meat Vegetable
End of Turn 5: P1 board 3, P2 board 3, Dead Pool 2
Turn 6 - P2 acts
  - P2 hand: Shield Array Node
  + P2 board: Shield Array Node
End of Turn 6: P1 board 3, P2 board 4, Dead Pool 2
Turn 7 - P1 acts
  - P1 hand: Blood Howler
  + P1 board: Blood Howler
End of Turn 7: P1 board 4, P2 board 4, Dead Pool 2
Turn 8 - P2 acts
  - P2 hand: Task Mistres
  + P2 board: Task Mistres
End of Turn 8: P1 board 4, P2 board 5, Dead Pool 2
Turn 9 - P1 acts
  - P1 hand: Annihilist Overseer
  + P1 board: Annihilist Overseer
  - P1 board: Meat Vegetable
  + P1 retired: Meat Vegetable
  + Dead Pool: Meat Vegetable, Meat Vegetable
End of Turn 9: P1 board 4, P2 board 5, Dead Pool 4
Turn 10 - P2 acts
  - P2 hand: Task Mistres
  + P2 board: Task Mistres
  - P2 board: Target Marker Probe
  + P2 retired: Target Marker Probe
  + Dead Pool: Target Marker Probe, Target Marker Probe
End of Turn 10: P1 board 4, P2 board 5, Dead Pool 6
Turn 11 - P1 acts
  - P1 hand: Psychodelic Toad
  + P1 board: Psychodelic Toad
  - P1 board: Technomancer, Annihilist Overseer
  + P1 retired: Technomancer, Annihilist Overseer
  + Dead Pool: Technomancer, Technomancer, Annihilist Overseer, Annihilist Overseer
End of Turn 11: P1 board 3, P2 board 5, Dead Pool 10
Turn 12 - P2 acts
  - P2 hand: Marine Marauder
  + P2 board: Marine Marauder
  - P2 board: Sausage Droid
  + P2 retired: Sausage Droid
  + Dead Pool: Sausage Droid, Sausage Droid
End of Turn 12: P1 board 3, P2 board 5, Dead Pool 12
Turn 13 - P1 acts
  - P1 hand: Mutt
  + P1 board: Mutt
  - P1 board: Blood Howler
  + P1 retired: Blood Howler
  + Dead Pool: Blood Howler, Blood Howler
End of Turn 13: P1 board 3, P2 board 5, Dead Pool 14
Turn 14 - P2 acts
  - P2 hand: Marine Marauder
  + P2 board: Marine Marauder
End of Turn 14: P1 board 3, P2 board 6, Dead Pool 14
Turn 15 - P1 acts
  - P1 hand: Restless Natives
  + P1 board: Restless Natives
  - P1 board: Psychodelic Toad
  + P1 retired: Psychodelic Toad
  - P2 board: Shield Array Node
  + P2 retired: Shield Array Node
  + Dead Pool: Psychodelic Toad, Psychodelic Toad, Shield Array Node
End of Turn 15: P1 board 3, P2 board 5, Dead Pool 17
Turn 16 - P2 acts
  - P2 hand: K-9.0
  + P2 board: K-9.0
End of Turn 16: P1 board 3, P2 board 6, Dead Pool 17
Turn 17 - P1 acts
  - P1 hand: Käsekobold
  + P1 board: Käsekobold
  - P1 board: Mutt
  + P1 retired: Mutt
  - P2 board: Task Mistres
  + P2 retired: Task Mistres
  + Dead Pool: Mutt, Mutt, Task Mistres
End of Turn 17: P1 board 3, P2 board 5, Dead Pool 20
Turn 18 - P2 acts
  - P2 hand: Target Marker Probe
  + P2 board: Target Marker Probe
End of Turn 18: P1 board 3, P2 board 6, Dead Pool 20
Turn 19 - P1 acts
  - P1 hand: Käsekobold
  + P1 board: Käsekobold
End of Turn 19: P1 board 4, P2 board 6, Dead Pool 20
Turn 20 - P2 acts
  - P1 board: Restless Natives
  + P1 retired: Restless Natives
  - P2 hand: Hover Shield
  + P2 board: Hover Shield
  + Dead Pool: Restless Natives
End of Turn 20: P1 board 3, P2 board 7, Dead Pool 21
Turn 21 - P1 acts
  - P1 hand: Void Freak
  + P1 board: Void Freak
End of Turn 21: P1 board 4, P2 board 7, Dead Pool 21
Turn 22 - P2 acts
  - P2 hand: K-9.0
  + P2 board: K-9.0
  - P2 board: Task Mistres
  + P2 retired: Task Mistres
  + Dead Pool: Task Mistres, Task Mistres
End of Turn 22: P1 board 4, P2 board 7, Dead Pool 23
Turn 23 - P1 acts
  - P1 hand: Meat Vegetable
  + P1 board: Meat Vegetable
  - P2 board: Marine Marauder
  + P2 retired: Marine Marauder
  + Dead Pool: Marine Marauder
End of Turn 23: P1 board 5, P2 board 6, Dead Pool 24
Turn 24 - P2 acts
  - P2 hand: Bruut Enforcer
  + P2 board: Bruut Enforcer
  - P2 board: Marine Marauder
  + P2 retired: Marine Marauder
  + Dead Pool: Marine Marauder, Marine Marauder
End of Turn 24: P1 board 5, P2 board 6, Dead Pool 26
Turn 25 - P1 acts
  - P1 hand: Blood Howler
  + P1 board: Blood Howler
End of Turn 25: P1 board 6, P2 board 6, Dead Pool 26
Turn 26 - P2 acts
  - P1 board: Käsekobold
  + P1 retired: Käsekobold
  - P2 hand: Impact Simulant
  + P2 board: Impact Simulant
  + Dead Pool: Käsekobold
End of Turn 26: P1 board 5, P2 board 7, Dead Pool 27
Turn 27 - P1 acts
  - P1 hand: Local Singularity
  + P1 board: Local Singularity
  - P2 board: Lokar Simmons
  + P2 retired: Lokar Simmons
  + Dead Pool: Lokar Simmons
Result: winner P1 | turns 26
Retired: P1 9, P2 8, Dead Pool 28

=== Game seed 11037 ===
Starting: P1 faction PCU vs P2 faction NARC
Turn 1 - P1 acts
  - P1 hand: Meat Vegetable
  + P1 board: Meat Vegetable
End of Turn 1: P1 board 2, P2 board 1, Dead Pool 0
Turn 2 - P2 acts
  - P2 hand: Impact Simulant
  + P2 board: Impact Simulant
End of Turn 2: P1 board 2, P2 board 2, Dead Pool 0
Turn 3 - P1 acts
  - P1 hand: Meat Vegetable
  + P1 board: Meat Vegetable
End of Turn 3: P1 board 3, P2 board 2, Dead Pool 0
Turn 4 - P2 acts
  - P2 hand: Impact Simulant
  + P2 board: Impact Simulant
End of Turn 4: P1 board 3, P2 board 3, Dead Pool 0
Turn 5 - P1 acts
  - P1 hand: Primordial Oozer
  + P1 board: Primordial Oozer
End of Turn 5: P1 board 4, P2 board 3, Dead Pool 0
Turn 6 - P2 acts
  - P2 hand: Detainment Probe
  + P2 board: Detainment Probe
End of Turn 6: P1 board 4, P2 board 4, Dead Pool 0
Turn 7 - P1 acts
  - P1 hand: Void Freak
  + P1 board: Void Freak
End of Turn 7: P1 board 5, P2 board 4, Dead Pool 0
Turn 8 - P2 acts
  - P2 hand: Detainment Probe
  + P2 board: Detainment Probe
End of Turn 8: P1 board 5, P2 board 5, Dead Pool 0
Turn 9 - P1 acts
  - P1 hand: Local Singularity
  + P1 board: Local Singularity
  - P2 board: Impact Simulant
  + P2 retired: Impact Simulant
  + Dead Pool: Impact Simulant
End of Turn 9: P1 board 6, P2 board 4, Dead Pool 1
Turn 10 - P2 acts
  - P2 hand: Sausage Droid
  + P2 board: Sausage Droid
End of Turn 10: P1 board 6, P2 board 5, Dead Pool 1
Turn 11 - P1 acts
  - P1 hand: Blood Howler
  + P1 board: Blood Howler
  - P2 board: Detainment Probe
  + P2 retired: Detainment Probe
  + Dead Pool: Detainment Probe
End of Turn 11: P1 board 7, P2 board 4, Dead Pool 2
Turn 12 - P2 acts
  - P2 hand: Task Mistres
  + P2 board: Task Mistres
End of Turn 12: P1 board 7, P2 board 5, Dead Pool 2
Turn 13 - P1 acts
  - P1 hand: Psychodelic Toad
  + P1 board: Psychodelic Toad
  - P1 board: Meat Vegetable
  + P1 retired: Meat Vegetable
  - P2 board: Impact Simulant
  + P2 retired: Impact Simulant
  + Dead Pool: Impact Simulant, Meat Vegetable, Meat Vegetable
End of Turn 13: P1 board 7, P2 board 4, Dead Pool 5
Turn 14 - P2 acts
  - P2 hand: Dormex Lurker
  + P2 board: Dormex Lurker
End of Turn 14: P1 board 7, P2 board 5, Dead Pool 5
Turn 15 - P1 acts
  - P1 hand: Technomancer
  + P1 board: Technomancer
  - P1 board: Meat Vegetable, Void Freak
  + P1 retired: Meat Vegetable, Void Freak
  - P2 board: Detainment Probe
  + P2 retired: Detainment Probe
  + Dead Pool: Detainment Probe, Meat Vegetable, Meat Vegetable, Void Freak, Void Freak
End of Turn 15: P1 board 6, P2 board 4, Dead Pool 10
Turn 16 - P2 acts
  - P2 hand: Sausage Droid
  + P2 board: Sausage Droid
End of Turn 16: P1 board 6, P2 board 5, Dead Pool 10
Turn 17 - P1 acts
  - P1 hand: Void Freak
  + P1 board: Void Freak
End of Turn 17: P1 board 7, P2 board 5, Dead Pool 10
Turn 18 - P2 acts
  - P2 hand: Task Mistres
  + P2 board: Task Mistres
End of Turn 18: P1 board 7, P2 board 6, Dead Pool 10
Turn 19 - P1 acts
  - P1 hand: Restless Natives
  + P1 board: Restless Natives
  - P2 board: Sausage Droid
  + P2 retired: Sausage Droid
  + Dead Pool: Sausage Droid
End of Turn 19: P1 board 8, P2 board 5, Dead Pool 11
Turn 20 - P2 acts
  - P2 hand: Sausage Droid
  + P2 board: Sausage Droid
End of Turn 20: P1 board 8, P2 board 6, Dead Pool 11
Turn 21 - P1 acts
  - P1 hand: Nives
  + P1 board: Nives
  - P1 board: Primordial Oozer
  + P1 retired: Primordial Oozer
  - P2 board: Task Mistres
  + P2 retired: Task Mistres
  + Dead Pool: Primordial Oozer, Primordial Oozer, Task Mistres
End of Turn 21: P1 board 8, P2 board 5, Dead Pool 14
Turn 22 - P2 acts
  - P2 hand: Marine Marauder
  + P2 board: Marine Marauder
End of Turn 22: P1 board 8, P2 board 6, Dead Pool 14
Turn 23 - P1 acts
  - P1 hand: Void Freak
  + P1 board: Void Freak
  - P2 board: Dormex Lurker
  + P2 retired: Dormex Lurker
  + Dead Pool: Dormex Lurker
End of Turn 23: P1 board 9, P2 board 5, Dead Pool 15
Turn 24 - P2 acts
  - P1 board: Void Freak
  + P1 retired: Void Freak
  - P2 hand: Dormex Lurker
  + P2 board: Dormex Lurker
  + Dead Pool: Void Freak
End of Turn 24: P1 board 8, P2 board 6, Dead Pool 16
Turn 25 - P1 acts
  - P1 hand: Voidling
  + P1 board: Voidling
  - P1 board: Local Singularity
  + P1 retired: Local Singularity
  - P2 board: Sausage Droid
  + P2 retired: Sausage Droid
  + Dead Pool: Sausage Droid, Local Singularity, Local Singularity
End of Turn 25: P1 board 8, P2 board 5, Dead Pool 19
Turn 26 - P2 acts
  - P2 hand: Hover Shield
  + P2 board: Hover Shield
End of Turn 26: P1 board 8, P2 board 6, Dead Pool 19
Turn 27 - P1 acts
  - P1 hand: Primordial Oozer
  + P1 board: Primordial Oozer
  - P2 board: Task Mistres
  + P2 retired: Task Mistres
  + Dead Pool: Task Mistres
End of Turn 27: P1 board 9, P2 board 5, Dead Pool 20
Turn 28 - P2 acts
  - P2 hand: K-9.0
  + P2 board: K-9.0
End of Turn 28: P1 board 9, P2 board 6, Dead Pool 20
Turn 29 - P1 acts
  - P1 hand: Annihilist Overseer
  + P1 board: Annihilist Overseer
  - P1 board: Blood Howler
  + P1 retired: Blood Howler
  - P2 board: Sausage Droid
  + P2 retired: Sausage Droid
  + Dead Pool: Sausage Droid, Blood Howler, Blood Howler
End of Turn 29: P1 board 9, P2 board 5, Dead Pool 23
Turn 30 - P2 acts
  - P1 board: Void Freak
  + P1 retired: Void Freak
  - P2 hand: Marine Marauder
  + P2 board: Marine Marauder
  + Dead Pool: Void Freak
End of Turn 30: P1 board 8, P2 board 6, Dead Pool 24
Turn 31 - P1 acts
  - P1 hand: Blood Howler
  + P1 board: Blood Howler
  - P1 board: Annihilist Overseer
  + P1 retired: Annihilist Overseer
  + Dead Pool: Annihilist Overseer, Annihilist Overseer
End of Turn 31: P1 board 8, P2 board 6, Dead Pool 26
Turn 32 - P2 acts
  - P1 board: Psychodelic Toad
  + P1 retired: Psychodelic Toad
  - P2 hand: Nob Lobber
  + P2 board: Nob Lobber
  - P2 board: Marine Marauder
  + P2 retired: Marine Marauder
  + Dead Pool: Marine Marauder, Marine Marauder, Psychodelic Toad
End of Turn 32: P1 board 7, P2 board 6, Dead Pool 29
Turn 33 - P1 acts
  - P1 hand: Blood Howler
  + P1 board: Blood Howler
  - P2 board: Dormex Lurker
  + P2 retired: Dormex Lurker
  + Dead Pool: Dormex Lurker
End of Turn 33: P1 board 8, P2 board 5, Dead Pool 30
Turn 34 - P2 acts
  - P2 hand: Compliance Auditon
  + P2 board: Compliance Auditon
End of Turn 34: P1 board 8, P2 board 6, Dead Pool 30
Turn 35 - P1 acts
  - P1 hand: Mutt
  + P1 board: Mutt
  - P1 board: Technomancer
  + P1 retired: Technomancer
  + Dead Pool: Technomancer, Technomancer
End of Turn 35: P1 board 8, P2 board 6, Dead Pool 32
Turn 36 - P2 acts
  - P2 hand: Compliance Auditon
  + P2 board: Compliance Auditon
End of Turn 36: P1 board 8, P2 board 7, Dead Pool 32
Turn 37 - P1 acts
  - P1 hand: Käsekobold
  + P1 board: Käsekobold
  - P1 board: Restless Natives
  + P1 retired: Restless Natives
  - P2 board: Marine Marauder
  + P2 retired: Marine Marauder
  + Dead Pool: Marine Marauder, Restless Natives, Restless Natives
End of Turn 37: P1 board 8, P2 board 6, Dead Pool 35
Turn 38 - P2 acts
  - P2 hand: Shield Array Node
  + P2 board: Shield Array Node
End of Turn 38: P1 board 8, P2 board 7, Dead Pool 35
Turn 39 - P1 acts
  - P1 hand: Meat Vegetable
  + P1 board: Meat Vegetable
  - P2 board: Hover Shield
  + P2 retired: Hover Shield
  + Dead Pool: Hover Shield
End of Turn 39: P1 board 9, P2 board 6, Dead Pool 36
Turn 40 - P2 acts
  - P1 board: Nives
  + P1 retired: Nives
  - P2 hand: MediFlux-1NDS
  + P2 board: MediFlux-1NDS
  + Dead Pool: Nives
End of Turn 40: P1 board 8, P2 board 7, Dead Pool 37
Turn 41 - P1 acts
  - P1 hand: Mutt
  + P1 board: Mutt
  - P1 board: Voidling
  + P1 retired: Voidling
  + Dead Pool: Voidling, Voidling
End of Turn 41: P1 board 8, P2 board 7, Dead Pool 39
Turn 42 - P2 acts
  - P2 hand: Compliance Auditon
  + P2 board: Compliance Auditon
End of Turn 42: P1 board 8, P2 board 8, Dead Pool 39
Turn 43 - P1 acts
  - P1 hand: Psychodelic Toad
  + P1 board: Psychodelic Toad
  - P1 board: Primordial Oozer
  + P1 retired: Primordial Oozer
  - P2 board: K-9.0
  + P2 retired: K-9.0
  + Dead Pool: Primordial Oozer, Primordial Oozer, K-9.0
End of Turn 43: P1 board 8, P2 board 7, Dead Pool 42
Turn 44 - P2 acts
  - P2 hand: MediFlux-1NDS
  + P2 board: MediFlux-1NDS
End of Turn 44: P1 board 8, P2 board 8, Dead Pool 42
Turn 45 - P1 acts
  - P1 hand: Dragoon
  + P1 board: Dragoon
  - P1 board: Blood Howler
  + P1 retired: Blood Howler
  + Dead Pool: Blood Howler, Blood Howler
End of Turn 45: P1 board 8, P2 board 8, Dead Pool 44
Turn 46 - P2 acts
  - P2 hand: Impact Simulant
  + P2 board: Impact Simulant
End of Turn 46: P1 board 8, P2 board 9, Dead Pool 44
Turn 47 - P1 acts
  - P1 hand: Dragoon
  + P1 board: Dragoon
  - P1 board: Blood Howler, Mutt
  + P1 retired: Blood Howler, Mutt
  + Dead Pool: Blood Howler, Blood Howler, Mutt, Mutt
End of Turn 47: P1 board 7, P2 board 9, Dead Pool 48
Turn 48 - P2 acts
  - P2 hand: Marine Marauder
  + P2 board: Marine Marauder
  - P2 board: Nob Lobber
  + P2 retired: Nob Lobber
  + Dead Pool: Nob Lobber, Nob Lobber
End of Turn 48: P1 board 7, P2 board 9, Dead Pool 50
Turn 49 - P1 acts
  - P1 hand: Krax
  + P1 board: Krax
  - P1 board: Käsekobold, Psychodelic Toad
  + P1 retired: Psychodelic Toad, Käsekobold
  + Dead Pool: Psychodelic Toad, Psychodelic Toad, Käsekobold, Käsekobold
End of Turn 49: P1 board 6, P2 board 9, Dead Pool 54
Turn 50 - P2 acts
  - P2 hand: Detainment Probe
  + P2 board: Detainment Probe
End of Turn 50: P1 board 6, P2 board 10, Dead Pool 54
Turn 51 - P1 acts
  - P1 hand: Dragoon
  + P1 board: Dragoon
  - P1 board: Meat Vegetable
  + P1 retired: Meat Vegetable
  + Dead Pool: Meat Vegetable, Meat Vegetable
End of Turn 51: P1 board 6, P2 board 10, Dead Pool 56
Turn 52 - P2 acts
  - P2 hand: Hover Shield
  + P2 board: Hover Shield
End of Turn 52: P1 board 6, P2 board 11, Dead Pool 56
Turn 53 - P1 acts
  - P1 hand: Käsekobold
  + P1 board: Käsekobold
  - P1 board: Mutt
  + P1 retired: Mutt
  - P2 board: Marine Marauder
  + P2 retired: Marine Marauder
  + Dead Pool: Marine Marauder, Mutt, Mutt
End of Turn 53: P1 board 6, P2 board 10, Dead Pool 59
Turn 54 - P2 acts
  - P2 hand: Bruut Enforcer
  + P2 board: Bruut Enforcer
  - P2 board: Compliance Auditon
  + P2 retired: Compliance Auditon
  + Dead Pool: Compliance Auditon, Compliance Auditon
End of Turn 54: P1 board 6, P2 board 10, Dead Pool 61
Turn 55 - P1 acts
  - P1 hand: Annihilist Overseer
  + P1 board: Annihilist Overseer
  - P1 board: Dragoon
  + P1 retired: Dragoon
  - P2 board: Compliance Auditon
  + P2 retired: Compliance Auditon
  + Dead Pool: Compliance Auditon, Dragoon, Dragoon
End of Turn 55: P1 board 6, P2 board 9, Dead Pool 64
Turn 56 - P2 acts
  - P2 hand: Compliance Auditon
  + P2 board: Compliance Auditon
End of Turn 56: P1 board 6, P2 board 10, Dead Pool 64
Turn 57 - P1 acts
  - P1 hand: Technomancer
  + P1 board: Technomancer
  - P1 board: Dragoon, Annihilist Overseer
  + P1 retired: Annihilist Overseer, Dragoon
  + Dead Pool: Annihilist Overseer, Annihilist Overseer, Dragoon, Dragoon
End of Turn 57: P1 board 5, P2 board 10, Dead Pool 68
Turn 58 - P2 acts
  - P2 hand: K-9.0
  + P2 board: K-9.0
  - P2 board: Shield Array Node
  + P2 retired: Shield Array Node
  + Dead Pool: Shield Array Node, Shield Array Node
End of Turn 58: P1 board 5, P2 board 10, Dead Pool 70
Turn 59 - P1 acts
  - P1 hand: Mutt
  + P1 board: Mutt
  - P1 board: Krax
  + P1 retired: Krax
  + Dead Pool: Krax, Krax
End of Turn 59: P1 board 5, P2 board 10, Dead Pool 72
Turn 60 - P2 acts
  - P2 hand: Sentry Node
  + P2 board: Sentry Node
  - P2 board: MediFlux-1NDS
  + P2 retired: MediFlux-1NDS
  + Dead Pool: MediFlux-1NDS, MediFlux-1NDS
End of Turn 60: P1 board 5, P2 board 10, Dead Pool 74
Turn 61 - P1 acts
  - P1 hand: Nives
  + P1 board: Nives
  - P1 board: Dragoon
  + P1 retired: Dragoon
  + Dead Pool: Dragoon, Dragoon
End of Turn 61: P1 board 5, P2 board 10, Dead Pool 76
Turn 62 - P2 acts
  - P2 hand: Task Mistres
  + P2 board: Task Mistres
End of Turn 62: P1 board 5, P2 board 11, Dead Pool 76
Turn 63 - P1 acts
  - P1 hand: Krax
  + P1 board: Krax
  - P1 board: Käsekobold, Technomancer
  + P1 retired: Technomancer, Käsekobold
  - P2 board: Detainment Probe
  + P2 retired: Detainment Probe
  + Dead Pool: Detainment Probe, Technomancer, Technomancer, Käsekobold, Käsekobold
End of Turn 63: P1 board 4, P2 board 10, Dead Pool 81
Turn 64 - P2 acts
  - P1 board: Grim
  + P1 retired: Grim
  - P2 hand: Shield Array Node
  + P2 board: Shield Array Node
  + Dead Pool: Grim
Result: winner P2 | turns 63
Retired: P1 30, P2 22, Dead Pool 82

=== Game seed 11038 ===
Starting: P1 faction PCU vs P2 faction NARC
Turn 1 - P1 acts
  - P1 hand: Void Freak
  + P1 board: Void Freak
End of Turn 1: P1 board 2, P2 board 1, Dead Pool 0
Turn 2 - P2 acts
  - P2 hand: Impact Simulant
  + P2 board: Impact Simulant
End of Turn 2: P1 board 2, P2 board 2, Dead Pool 0
Turn 3 - P1 acts
  - P1 hand: Void Freak
  + P1 board: Void Freak
End of Turn 3: P1 board 3, P2 board 2, Dead Pool 0
Turn 4 - P2 acts
  - P2 hand: Target Marker Probe
  + P2 board: Target Marker Probe
End of Turn 4: P1 board 3, P2 board 3, Dead Pool 0
Turn 5 - P1 acts
  - P1 hand: Primordial Oozer
  + P1 board: Primordial Oozer
  - P1 board: Void Freak
  + P1 retired: Void Freak
  - P2 board: Lokar Simmons
  + P2 retired: Lokar Simmons
  + Dead Pool: Void Freak, Void Freak, Lokar Simmons
Result: winner P1 | turns 4
Retired: P1 1, P2 1, Dead Pool 3

=== Game seed 11039 ===
Starting: P1 faction PCU vs P2 faction NARC
Turn 1 - P1 acts
  - P1 hand: Restless Natives
  + P1 board: Restless Natives
End of Turn 1: P1 board 2, P2 board 1, Dead Pool 0
Turn 2 - P2 acts
  - P2 hand: Sausage Droid
  + P2 board: Sausage Droid
End of Turn 2: P1 board 2, P2 board 2, Dead Pool 0
Turn 3 - P1 acts
  - P1 hand: Blood Howler
  + P1 board: Blood Howler
End of Turn 3: P1 board 3, P2 board 2, Dead Pool 0
Turn 4 - P2 acts
  - P1 board: Restless Natives
  + P1 retired: Restless Natives
  - P2 hand: Sausage Droid
  + P2 board: Sausage Droid
  + Dead Pool: Restless Natives
End of Turn 4: P1 board 2, P2 board 3, Dead Pool 1
Turn 5 - P1 acts
  - P1 hand: Restless Natives
  + P1 board: Restless Natives
End of Turn 5: P1 board 3, P2 board 3, Dead Pool 1
Turn 6 - P2 acts
  - P2 hand: Compliance Auditon
  + P2 board: Compliance Auditon
End of Turn 6: P1 board 3, P2 board 4, Dead Pool 1
Turn 7 - P1 acts
  - P1 hand: Void Freak
  + P1 board: Void Freak
  - P2 board: Sausage Droid
  + P2 retired: Sausage Droid
  + Dead Pool: Sausage Droid
End of Turn 7: P1 board 4, P2 board 3, Dead Pool 2
Turn 8 - P2 acts
  - P1 board: Blood Howler
  + P1 retired: Blood Howler
  - P2 hand: Impact Simulant
  + P2 board: Impact Simulant
  + Dead Pool: Blood Howler
End of Turn 8: P1 board 3, P2 board 4, Dead Pool 3
Turn 9 - P1 acts
  - P1 hand: Local Singularity
  + P1 board: Local Singularity
  - P2 board: Sausage Droid
  + P2 retired: Sausage Droid
  + Dead Pool: Sausage Droid
End of Turn 9: P1 board 4, P2 board 3, Dead Pool 4
Turn 10 - P2 acts
  - P2 hand: Sausage Droid
  + P2 board: Sausage Droid
End of Turn 10: P1 board 4, P2 board 4, Dead Pool 4
Turn 11 - P1 acts
  - P1 hand: Voidling
  + P1 board: Voidling
  - P1 board: Restless Natives, Void Freak
  + P1 retired: Restless Natives, Void Freak
  - P2 board: Compliance Auditon
  + P2 retired: Compliance Auditon
  + Dead Pool: Restless Natives, Restless Natives, Void Freak, Void Freak, Compliance Auditon
End of Turn 11: P1 board 3, P2 board 3, Dead Pool 9
Turn 12 - P2 acts
  - P2 hand: Task Mistres
  + P2 board: Task Mistres
End of Turn 12: P1 board 3, P2 board 4, Dead Pool 9
Turn 13 - P1 acts
  - P1 hand: Meat Vegetable
  + P1 board: Meat Vegetable
End of Turn 13: P1 board 4, P2 board 4, Dead Pool 9
Turn 14 - P2 acts
  - P2 hand: Task Mistres
  + P2 board: Task Mistres
End of Turn 14: P1 board 4, P2 board 5, Dead Pool 9
Turn 15 - P1 acts
  - P1 hand: Mutt
  + P1 board: Mutt
  - P1 board: Local Singularity
  + P1 retired: Local Singularity
  + Dead Pool: Local Singularity, Local Singularity
End of Turn 15: P1 board 4, P2 board 5, Dead Pool 11
Turn 16 - P2 acts
  - P2 hand: MediFlux-1NDS
  + P2 board: MediFlux-1NDS
  - P2 board: Impact Simulant
  + P2 retired: Impact Simulant
  + Dead Pool: Impact Simulant, Impact Simulant
End of Turn 16: P1 board 4, P2 board 5, Dead Pool 13
Turn 17 - P1 acts
  - P1 hand: Void Freak
  + P1 board: Void Freak
End of Turn 17: P1 board 5, P2 board 5, Dead Pool 13
Turn 18 - P2 acts
  - P2 hand: Hover Shield
  + P2 board: Hover Shield
  - P2 board: Sausage Droid
  + P2 retired: Sausage Droid
  + Dead Pool: Sausage Droid, Sausage Droid
End of Turn 18: P1 board 5, P2 board 5, Dead Pool 15
Turn 19 - P1 acts
  - P1 hand: Nives
  + P1 board: Nives
  - P1 board: Voidling
  + P1 retired: Voidling
  + Dead Pool: Voidling, Voidling
End of Turn 19: P1 board 5, P2 board 5, Dead Pool 17
Turn 20 - P2 acts
  - P2 hand: Shield Array Node
  + P2 board: Shield Array Node
End of Turn 20: P1 board 5, P2 board 6, Dead Pool 17
Turn 21 - P1 acts
  - P1 hand: Technomancer
  + P1 board: Technomancer
  - P1 board: Meat Vegetable
  + P1 retired: Meat Vegetable
  - P2 board: Lokar Simmons
  + P2 retired: Lokar Simmons
  + Dead Pool: Meat Vegetable, Meat Vegetable, Lokar Simmons
Result: winner P1 | turns 20
Retired: P1 7, P2 6, Dead Pool 20

=== Game seed 11040 ===
Starting: P1 faction PCU vs P2 faction NARC
Turn 1 - P2 acts
  - P2 hand: Impact Simulant
  + P2 board: Impact Simulant
End of Turn 1: P1 board 1, P2 board 2, Dead Pool 0
Turn 2 - P1 acts
  - P1 hand: Primordial Oozer
  + P1 board: Primordial Oozer
End of Turn 2: P1 board 2, P2 board 2, Dead Pool 0
Turn 3 - P2 acts
  - P2 hand: Sausage Droid
  + P2 board: Sausage Droid
End of Turn 3: P1 board 2, P2 board 3, Dead Pool 0
Turn 4 - P1 acts
  - P1 hand: Restless Natives
  + P1 board: Restless Natives
End of Turn 4: P1 board 3, P2 board 3, Dead Pool 0
Turn 5 - P2 acts
  - P1 board: Primordial Oozer
  + P1 retired: Primordial Oozer
  - P2 hand: Target Marker Probe
  + P2 board: Target Marker Probe
  + Dead Pool: Primordial Oozer
End of Turn 5: P1 board 2, P2 board 4, Dead Pool 1
Turn 6 - P1 acts
  - P1 hand: Käsekobold
  + P1 board: Käsekobold
End of Turn 6: P1 board 3, P2 board 4, Dead Pool 1
Turn 7 - P2 acts
  - P1 board: Restless Natives
  + P1 retired: Restless Natives
  - P2 hand: MediFlux-1NDS
  + P2 board: MediFlux-1NDS
  - P2 board: Impact Simulant
  + P2 retired: Impact Simulant
  + Dead Pool: Impact Simulant, Impact Simulant, Restless Natives
End of Turn 7: P1 board 2, P2 board 4, Dead Pool 4
Turn 8 - P1 acts
  - P1 hand: Blood Howler
  + P1 board: Blood Howler
End of Turn 8: P1 board 3, P2 board 4, Dead Pool 4
Turn 9 - P2 acts
  - P1 board: Käsekobold
  + P1 retired: Käsekobold
  - P2 hand: Dormex Lurker
  + P2 board: Dormex Lurker
  - P2 board: Sausage Droid
  + P2 retired: Sausage Droid
  + Dead Pool: Sausage Droid, Sausage Droid, Käsekobold
End of Turn 9: P1 board 2, P2 board 4, Dead Pool 7
Turn 10 - P1 acts
  - P1 hand: Restless Natives
  + P1 board: Restless Natives
End of Turn 10: P1 board 3, P2 board 4, Dead Pool 7
Turn 11 - P2 acts
  - P2 hand: Marine Marauder
  + P2 board: Marine Marauder
End of Turn 11: P1 board 3, P2 board 5, Dead Pool 7
Turn 12 - P1 acts
  - P1 hand: Psychodelic Toad
  + P1 board: Psychodelic Toad
  - P1 board: Blood Howler
  + P1 retired: Blood Howler
  - P2 board: Target Marker Probe
  + P2 retired: Target Marker Probe
  + Dead Pool: Blood Howler, Blood Howler, Target Marker Probe
End of Turn 12: P1 board 3, P2 board 4, Dead Pool 10
Turn 13 - P2 acts
  - P2 hand: Task Mistres
  + P2 board: Task Mistres
End of Turn 13: P1 board 3, P2 board 5, Dead Pool 10
Turn 14 - P1 acts
  - P1 hand: Meat Vegetable
  + P1 board: Meat Vegetable
End of Turn 14: P1 board 4, P2 board 5, Dead Pool 10
Turn 15 - P2 acts
  - P2 hand: Hover Shield
  + P2 board: Hover Shield
End of Turn 15: P1 board 4, P2 board 6, Dead Pool 10
Turn 16 - P1 acts
  - P1 hand: Restless Natives
  - P1 board: Psychodelic Toad
  + P1 retired: Restless Natives, Psychodelic Toad
  + Dead Pool: Restless Natives, Restless Natives, Psychodelic Toad, Psychodelic Toad
End of Turn 16: P1 board 3, P2 board 6, Dead Pool 14
Turn 17 - P2 acts
  - P2 hand: Nob Lobber
  + P2 board: Nob Lobber
  - P2 board: MediFlux-1NDS
  + P2 retired: MediFlux-1NDS
  + Dead Pool: MediFlux-1NDS, MediFlux-1NDS
End of Turn 17: P1 board 3, P2 board 6, Dead Pool 16
Turn 18 - P1 acts
  - P1 hand: Restless Natives
  + P1 board: Restless Natives
End of Turn 18: P1 board 4, P2 board 6, Dead Pool 16
Turn 19 - P2 acts
  - P2 hand: Task Mistres
  + P2 board: Task Mistres
  - P2 board: Dormex Lurker
  + P2 retired: Dormex Lurker
  + Dead Pool: Dormex Lurker, Dormex Lurker
End of Turn 19: P1 board 4, P2 board 6, Dead Pool 18
Turn 20 - P1 acts
  - P1 hand: Technomancer
  + P1 board: Technomancer
  - P1 board: Meat Vegetable, Restless Natives
  + P1 retired: Restless Natives, Meat Vegetable
  + Dead Pool: Restless Natives, Restless Natives, Meat Vegetable, Meat Vegetable
End of Turn 20: P1 board 3, P2 board 6, Dead Pool 22
Turn 21 - P2 acts
  - P2 hand: Killjoy
  + P2 board: Killjoy
  - P2 board: Marine Marauder
  + P2 retired: Marine Marauder
  + Dead Pool: Marine Marauder, Marine Marauder
End of Turn 21: P1 board 3, P2 board 6, Dead Pool 24
Turn 22 - P1 acts
  - P1 hand: Vex
  + P1 board: Vex
  - P1 board: Restless Natives
  + P1 retired: Restless Natives
  + Dead Pool: Restless Natives, Restless Natives
End of Turn 22: P1 board 3, P2 board 6, Dead Pool 26
Turn 23 - P2 acts
  - P2 hand: Target Marker Probe
  + P2 board: Target Marker Probe
End of Turn 23: P1 board 3, P2 board 7, Dead Pool 26
Turn 24 - P1 acts
  - P1 hand: Nives
  + P1 board: Nives
  - P1 board: Technomancer
  + P1 retired: Technomancer
  + Dead Pool: Technomancer, Technomancer
End of Turn 24: P1 board 3, P2 board 7, Dead Pool 28
Turn 25 - P2 acts
  - P2 hand: Task Mistres
  + P2 board: Task Mistres
End of Turn 25: P1 board 3, P2 board 8, Dead Pool 28
Turn 26 - P1 acts
  - P1 hand: Käsekobold
  + P1 board: Käsekobold
  - P1 board: Vex
  + P1 retired: Vex
  - P2 board: Task Mistres
  + P2 retired: Task Mistres
  + Dead Pool: Vex, Vex, Task Mistres
End of Turn 26: P1 board 3, P2 board 7, Dead Pool 31
Turn 27 - P2 acts
  - P2 hand: Nob Lobber
  + P2 board: Nob Lobber
  - P2 board: Hover Shield
  + P2 retired: Hover Shield
  + Dead Pool: Hover Shield, Hover Shield
End of Turn 27: P1 board 3, P2 board 7, Dead Pool 33
Turn 28 - P1 acts
  - P1 hand: Käsekobold
  + P1 board: Käsekobold
  - P1 board: Nives
  + P1 retired: Nives
  + Dead Pool: Nives, Nives
End of Turn 28: P1 board 3, P2 board 7, Dead Pool 35
Turn 29 - P2 acts
  - P2 hand: Bruut Enforcer
  + P2 board: Bruut Enforcer
  - P2 board: Nob Lobber
  + P2 retired: Nob Lobber
  + Dead Pool: Nob Lobber, Nob Lobber
End of Turn 29: P1 board 3, P2 board 7, Dead Pool 37
Turn 30 - P1 acts
  - P1 hand: Voidling
  + P1 board: Voidling
  - P1 board: Käsekobold
  + P1 retired: Käsekobold
  + Dead Pool: Käsekobold, Käsekobold
End of Turn 30: P1 board 3, P2 board 7, Dead Pool 39
Turn 31 - P2 acts
  - P2 hand: MediFlux-1NDS
  + P2 board: MediFlux-1NDS
  - P2 board: Task Mistres
  + P2 retired: Task Mistres
  + Dead Pool: Task Mistres, Task Mistres
End of Turn 31: P1 board 3, P2 board 7, Dead Pool 41
Turn 32 - P1 acts
  - P1 hand: Void Freak
  + P1 board: Void Freak
End of Turn 32: P1 board 4, P2 board 7, Dead Pool 41
Turn 33 - P2 acts
  - P1 board: Käsekobold
  + P1 retired: Käsekobold
  - P2 hand: Sausage Droid
  + P2 board: Sausage Droid
  + Dead Pool: Käsekobold
End of Turn 33: P1 board 3, P2 board 8, Dead Pool 42
Turn 34 - P1 acts
  - P1 hand: Technomancer
  + P1 board: Technomancer
  - P1 board: Voidling
  + P1 retired: Voidling
  - P2 board: Killjoy
  + P2 retired: Killjoy
  + Dead Pool: Voidling, Voidling, Killjoy
End of Turn 34: P1 board 3, P2 board 7, Dead Pool 45
Turn 35 - P2 acts
  - P2 hand: Impact Simulant
  + P2 board: Impact Simulant
End of Turn 35: P1 board 3, P2 board 8, Dead Pool 45
Turn 36 - P1 acts
  - P1 hand: Vex
  + P1 board: Vex
  - P1 board: Void Freak
  + P1 retired: Void Freak
  + Dead Pool: Void Freak, Void Freak
End of Turn 36: P1 board 3, P2 board 8, Dead Pool 47
Turn 37 - P2 acts
  - P2 hand: Shield Array Node
  + P2 board: Shield Array Node
End of Turn 37: P1 board 3, P2 board 9, Dead Pool 47
Turn 38 - P1 acts
  - P1 hand: Local Singularity
  + P1 board: Local Singularity
  - P1 board: Technomancer
  + P1 retired: Technomancer
  + Dead Pool: Technomancer, Technomancer
End of Turn 38: P1 board 3, P2 board 9, Dead Pool 49
Turn 39 - P2 acts
  - P2 hand: Sentry Node
  + P2 board: Sentry Node
  - P2 board: Target Marker Probe
  + P2 retired: Target Marker Probe
  + Dead Pool: Target Marker Probe, Target Marker Probe
End of Turn 39: P1 board 3, P2 board 9, Dead Pool 51
Turn 40 - P1 acts
  - P1 hand: Dragoon
  + P1 board: Dragoon
  - P1 board: Vex, Local Singularity
  + P1 retired: Vex, Local Singularity
  + Dead Pool: Vex, Vex, Local Singularity, Local Singularity
End of Turn 40: P1 board 2, P2 board 9, Dead Pool 55
Turn 41 - P2 acts
  - P2 hand: Killjoy
  + P2 board: Killjoy
  - P2 board: Task Mistres
  + P2 retired: Task Mistres
  + Dead Pool: Task Mistres, Task Mistres
End of Turn 41: P1 board 2, P2 board 9, Dead Pool 57
Turn 42 - P1 acts
  - P1 hand: Local Singularity
  + P1 board: Local Singularity
End of Turn 42: P1 board 3, P2 board 9, Dead Pool 57
Turn 43 - P2 acts
  - P1 board: Dragoon
  + P1 retired: Dragoon
  - P2 hand: Shield Array Node
  + P2 board: Shield Array Node
  - P2 board: Sentry Node
  + P2 retired: Sentry Node
  + Dead Pool: Sentry Node, Sentry Node, Dragoon
End of Turn 43: P1 board 2, P2 board 9, Dead Pool 60
Turn 44 - P1 acts
  - P1 hand: Primordial Oozer
  + P1 board: Primordial Oozer
End of Turn 44: P1 board 3, P2 board 9, Dead Pool 60
Turn 45 - P2 acts
  - P2 hand: K-9.0
  + P2 board: K-9.0
  - P2 board: Nob Lobber
  + P2 retired: Nob Lobber
  + Dead Pool: Nob Lobber, Nob Lobber
End of Turn 45: P1 board 3, P2 board 9, Dead Pool 62
Turn 46 - P1 acts
  - P1 hand: Void Freak
  + P1 board: Void Freak
End of Turn 46: P1 board 4, P2 board 9, Dead Pool 62
Turn 47 - P2 acts
  - P1 board: Local Singularity
  + P1 retired: Local Singularity
  - P2 hand: Sentry Node
  + P2 board: Sentry Node
  - P2 board: Bruut Enforcer
  + P2 retired: Bruut Enforcer
  + Dead Pool: Local Singularity, Bruut Enforcer, Bruut Enforcer
End of Turn 47: P1 board 3, P2 board 9, Dead Pool 65
Turn 48 - P1 acts
  - P1 hand: Nives
  + P1 board: Nives
  - P1 board: Primordial Oozer
  + P1 retired: Primordial Oozer
  - P2 board: MediFlux-1NDS
  + P2 retired: MediFlux-1NDS
  + Dead Pool: Primordial Oozer, Primordial Oozer, MediFlux-1NDS
End of Turn 48: P1 board 3, P2 board 8, Dead Pool 68
Turn 49 - P2 acts
  - P1 board: Void Freak
  + P1 retired: Void Freak
  - P2 hand: MediFlux-1NDS
  + P2 board: MediFlux-1NDS
  + Dead Pool: Void Freak
End of Turn 49: P1 board 2, P2 board 9, Dead Pool 69
Turn 50 - P1 acts
  - P1 hand: Annihilist Overseer
  + P1 board: Annihilist Overseer
  - P1 board: Nives
  + P1 retired: Nives
  + Dead Pool: Nives, Nives
End of Turn 50: P1 board 2, P2 board 9, Dead Pool 71
Turn 51 - P2 acts
  - P2 hand: Target Marker Probe
  + P2 board: Target Marker Probe
End of Turn 51: P1 board 2, P2 board 10, Dead Pool 71
Turn 52 - P1 acts
  - P1 hand: Krax
  + P1 board: Krax
  - P1 board: Grim, Annihilist Overseer
  + P1 retired: Annihilist Overseer, Grim
  + Dead Pool: Annihilist Overseer, Annihilist Overseer, Grim
Result: winner P2 | turns 51
Retired: P1 26, P2 17, Dead Pool 74

=== Game seed 11041 ===
Starting: P1 faction PCU vs P2 faction NARC
Turn 1 - P1 acts
  - P1 hand: Void Freak
  + P1 board: Void Freak
End of Turn 1: P1 board 2, P2 board 1, Dead Pool 0
Turn 2 - P2 acts
  - P2 hand: Detainment Probe
  + P2 board: Detainment Probe
End of Turn 2: P1 board 2, P2 board 2, Dead Pool 0
Turn 3 - P1 acts
  - P1 hand: Void Freak
  + P1 board: Void Freak
  - P2 board: Lokar Simmons
  + P2 retired: Lokar Simmons
  + Dead Pool: Lokar Simmons
Result: winner P1 | turns 2
Retired: P1 0, P2 1, Dead Pool 1

=== Game seed 11042 ===
Starting: P1 faction PCU vs P2 faction NARC
Turn 1 - P2 acts
  - P2 hand: Impact Simulant
  + P2 board: Impact Simulant
End of Turn 1: P1 board 1, P2 board 2, Dead Pool 0
Turn 2 - P1 acts
  - P1 hand: Meat Vegetable
  + P1 board: Meat Vegetable
End of Turn 2: P1 board 2, P2 board 2, Dead Pool 0
Turn 3 - P2 acts
  - P2 hand: Impact Simulant
  + P2 board: Impact Simulant
End of Turn 3: P1 board 2, P2 board 3, Dead Pool 0
Turn 4 - P1 acts
  - P1 hand: Void Freak
  + P1 board: Void Freak
End of Turn 4: P1 board 3, P2 board 3, Dead Pool 0
Turn 5 - P2 acts
  - P2 hand: Target Marker Probe
  + P2 board: Target Marker Probe
End of Turn 5: P1 board 3, P2 board 4, Dead Pool 0
Turn 6 - P1 acts
  - P1 hand: Primordial Oozer
  + P1 board: Primordial Oozer
  - P2 board: Impact Simulant
  + P2 retired: Impact Simulant
  + Dead Pool: Impact Simulant
End of Turn 6: P1 board 4, P2 board 3, Dead Pool 1
Turn 7 - P2 acts
  - P2 hand: Dormex Lurker
  + P2 board: Dormex Lurker
End of Turn 7: P1 board 4, P2 board 4, Dead Pool 1
Turn 8 - P1 acts
  - P1 hand: Psychodelic Toad
  + P1 board: Psychodelic Toad
  - P2 board: Impact Simulant
  + P2 retired: Impact Simulant
  + Dead Pool: Impact Simulant
End of Turn 8: P1 board 5, P2 board 3, Dead Pool 2
Turn 9 - P2 acts
  - P2 hand: Task Mistres
  + P2 board: Task Mistres
End of Turn 9: P1 board 5, P2 board 4, Dead Pool 2
Turn 10 - P1 acts
  - P1 hand: Blood Howler
  + P1 board: Blood Howler
  - P1 board: Void Freak
  + P1 retired: Void Freak
  - P2 board: Target Marker Probe
  + P2 retired: Target Marker Probe
  + Dead Pool: Void Freak, Void Freak, Target Marker Probe
End of Turn 10: P1 board 5, P2 board 3, Dead Pool 5
Turn 11 - P2 acts
  - P1 board: Meat Vegetable
  + P1 retired: Meat Vegetable
  - P2 hand: MediFlux-1NDS
  + P2 board: MediFlux-1NDS
  + Dead Pool: Meat Vegetable
End of Turn 11: P1 board 4, P2 board 4, Dead Pool 6
Turn 12 - P1 acts
  - P1 hand: Void Freak
  + P1 board: Void Freak
End of Turn 12: P1 board 5, P2 board 4, Dead Pool 6
Turn 13 - P2 acts
  - P2 hand: Hover Shield
  + P2 board: Hover Shield
  - P2 board: Dormex Lurker
  + P2 retired: Dormex Lurker
  + Dead Pool: Dormex Lurker, Dormex Lurker
End of Turn 13: P1 board 5, P2 board 4, Dead Pool 8
Turn 14 - P1 acts
  - P1 hand: Voidling
  + P1 board: Voidling
  - P1 board: Primordial Oozer
  + P1 retired: Primordial Oozer
  + Dead Pool: Primordial Oozer, Primordial Oozer
End of Turn 14: P1 board 5, P2 board 4, Dead Pool 10
Turn 15 - P2 acts
  - P2 hand: K-9.0
  + P2 board: K-9.0
End of Turn 15: P1 board 5, P2 board 5, Dead Pool 10
Turn 16 - P1 acts
  - P1 hand: Meat Vegetable
  + P1 board: Meat Vegetable
  - P2 board: Task Mistres
  + P2 retired: Task Mistres
  + Dead Pool: Task Mistres
End of Turn 16: P1 board 6, P2 board 4, Dead Pool 11
Turn 17 - P2 acts
  - P2 hand: Hover Shield
  + P2 board: Hover Shield
End of Turn 17: P1 board 6, P2 board 5, Dead Pool 11
Turn 18 - P1 acts
  - P1 hand: Vex
  + P1 board: Vex
  - P1 board: Psychodelic Toad
  + P1 retired: Psychodelic Toad
  - P2 board: MediFlux-1NDS
  + P2 retired: MediFlux-1NDS
  + Dead Pool: Psychodelic Toad, Psychodelic Toad, MediFlux-1NDS
End of Turn 18: P1 board 6, P2 board 4, Dead Pool 14
Turn 19 - P2 acts
  - P2 hand: Dormex Lurker
  + P2 board: Dormex Lurker
End of Turn 19: P1 board 6, P2 board 5, Dead Pool 14
Turn 20 - P1 acts
  - P1 hand: Mutt
  + P1 board: Mutt
  - P1 board: Blood Howler, Void Freak
  + P1 retired: Void Freak, Blood Howler
  - P2 board: Hover Shield
  + P2 retired: Hover Shield
  + Dead Pool: Void Freak, Void Freak, Blood Howler, Blood Howler, Hover Shield
End of Turn 20: P1 board 5, P2 board 4, Dead Pool 19
Turn 21 - P2 acts
  - P2 hand: Sausage Droid
  + P2 board: Sausage Droid
End of Turn 21: P1 board 5, P2 board 5, Dead Pool 19
Turn 22 - P1 acts
  - P1 hand: Restless Natives
  + P1 board: Restless Natives
End of Turn 22: P1 board 6, P2 board 5, Dead Pool 19
Turn 23 - P2 acts
  - P2 hand: Detainment Probe
  + P2 board: Detainment Probe
End of Turn 23: P1 board 6, P2 board 6, Dead Pool 19
Turn 24 - P1 acts
  - P1 hand: Meat Vegetable
  + P1 board: Meat Vegetable
  - P1 board: Vex
  + P1 retired: Vex
  + Dead Pool: Vex, Vex
End of Turn 24: P1 board 6, P2 board 6, Dead Pool 21
Turn 25 - P2 acts
  - P2 hand: Shield Array Node
  + P2 board: Shield Array Node
End of Turn 25: P1 board 6, P2 board 7, Dead Pool 21
Turn 26 - P1 acts
  - P1 hand: Technomancer
  + P1 board: Technomancer
  - P1 board: Voidling
  + P1 retired: Voidling
  - P2 board: K-9.0
  + P2 retired: K-9.0
  + Dead Pool: Voidling, Voidling, K-9.0
End of Turn 26: P1 board 6, P2 board 6, Dead Pool 24
Turn 27 - P2 acts
  - P2 hand: K-9.0
  + P2 board: K-9.0
End of Turn 27: P1 board 6, P2 board 7, Dead Pool 24
Turn 28 - P1 acts
  - P1 hand: Mutt
  + P1 board: Mutt
  - P1 board: Meat Vegetable
  + P1 retired: Meat Vegetable
  - P2 board: Hover Shield
  + P2 retired: Hover Shield
  + Dead Pool: Meat Vegetable, Meat Vegetable, Hover Shield
End of Turn 28: P1 board 6, P2 board 6, Dead Pool 27
Turn 29 - P2 acts
  - P2 hand: Marine Marauder
  + P2 board: Marine Marauder
End of Turn 29: P1 board 6, P2 board 7, Dead Pool 27
Turn 30 - P1 acts
  - P1 hand: Local Singularity
  + P1 board: Local Singularity
  - P1 board: Mutt
  + P1 retired: Mutt
  - P2 board: Dormex Lurker
  + P2 retired: Dormex Lurker
  + Dead Pool: Dormex Lurker, Mutt, Mutt
End of Turn 30: P1 board 6, P2 board 6, Dead Pool 30
Turn 31 - P2 acts
  - P2 hand: Marine Marauder
  + P2 board: Marine Marauder
End of Turn 31: P1 board 6, P2 board 7, Dead Pool 30
Turn 32 - P1 acts
  - P1 hand: Blood Howler
  + P1 board: Blood Howler
  - P1 board: Restless Natives
  + P1 retired: Restless Natives
  - P2 board: Sausage Droid
  + P2 retired: Sausage Droid
  + Dead Pool: Restless Natives, Restless Natives, Sausage Droid
End of Turn 32: P1 board 6, P2 board 6, Dead Pool 33
Turn 33 - P2 acts
  - P2 hand: Hover Shield
  + P2 board: Hover Shield
End of Turn 33: P1 board 6, P2 board 7, Dead Pool 33
Turn 34 - P1 acts
  - P1 hand: Vex
  + P1 board: Vex
  - P1 board: Meat Vegetable
  + P1 retired: Meat Vegetable
  - P2 board: Detainment Probe
  + P2 retired: Detainment Probe
  + Dead Pool: Meat Vegetable, Meat Vegetable, Detainment Probe
End of Turn 34: P1 board 6, P2 board 6, Dead Pool 36
Turn 35 - P2 acts
  - P2 hand: Sentry Node
  + P2 board: Sentry Node
  - P2 board: Shield Array Node
  + P2 retired: Shield Array Node
  + Dead Pool: Shield Array Node, Shield Array Node
End of Turn 35: P1 board 6, P2 board 6, Dead Pool 38
Turn 36 - P1 acts
  - P1 hand: Käsekobold
  + P1 board: Käsekobold
End of Turn 36: P1 board 7, P2 board 6, Dead Pool 38
Turn 37 - P2 acts
  - P1 board: Vex
  + P1 retired: Vex
  - P2 hand: Task Mistres
  + P2 board: Task Mistres
  + Dead Pool: Vex
End of Turn 37: P1 board 6, P2 board 7, Dead Pool 39
Turn 38 - P1 acts
  - P1 hand: Meat Vegetable
  + P1 board: Meat Vegetable
End of Turn 38: P1 board 7, P2 board 7, Dead Pool 39
Turn 39 - P2 acts
  - P2 hand: Compliance Auditon
  + P2 board: Compliance Auditon
  - P2 board: Sentry Node
  + P2 retired: Sentry Node
  + Dead Pool: Sentry Node, Sentry Node
End of Turn 39: P1 board 7, P2 board 7, Dead Pool 41
Turn 40 - P1 acts
  - P1 hand: Käsekobold
  + P1 board: Käsekobold
  - P1 board: Technomancer
  + P1 retired: Technomancer
  + Dead Pool: Technomancer, Technomancer
End of Turn 40: P1 board 7, P2 board 7, Dead Pool 43
Turn 41 - P2 acts
  - P2 hand: Shield Array Node
  + P2 board: Shield Array Node
  - P2 board: K-9.0
  + P2 retired: K-9.0
  + Dead Pool: K-9.0, K-9.0
End of Turn 41: P1 board 7, P2 board 7, Dead Pool 45
Turn 42 - P1 acts
  - P1 hand: Voidling
  + P1 board: Voidling
  - P1 board: Mutt
  + P1 retired: Mutt
  + Dead Pool: Mutt, Mutt
End of Turn 42: P1 board 7, P2 board 7, Dead Pool 47
Turn 43 - P2 acts
  - P2 hand: Compliance Auditon
  + P2 board: Compliance Auditon
End of Turn 43: P1 board 7, P2 board 8, Dead Pool 47
Turn 44 - P1 acts
  - P1 hand: Annihilist Overseer
  + P1 board: Annihilist Overseer
  - P1 board: Local Singularity
  + P1 retired: Local Singularity
  - P2 board: Marine Marauder
  + P2 retired: Marine Marauder
  + Dead Pool: Local Singularity, Local Singularity, Marine Marauder
End of Turn 44: P1 board 7, P2 board 7, Dead Pool 50
Turn 45 - P2 acts
  - P2 hand: MediFlux-1NDS
  + P2 board: MediFlux-1NDS
End of Turn 45: P1 board 7, P2 board 8, Dead Pool 50
Turn 46 - P1 acts
  - P1 hand: Blood Howler
  + P1 board: Blood Howler
  - P1 board: Annihilist Overseer
  + P1 retired: Annihilist Overseer
  + Dead Pool: Annihilist Overseer, Annihilist Overseer
End of Turn 46: P1 board 7, P2 board 8, Dead Pool 52
Turn 47 - P2 acts
  - P2 hand: Nob Lobber
  + P2 board: Nob Lobber
  - P2 board: Marine Marauder
  + P2 retired: Marine Marauder
  + Dead Pool: Marine Marauder, Marine Marauder
End of Turn 47: P1 board 7, P2 board 8, Dead Pool 54
Turn 48 - P1 acts
  - P1 hand: Mutt
  + P1 board: Mutt
  - P1 board: Blood Howler
  + P1 retired: Blood Howler
  + Dead Pool: Blood Howler, Blood Howler
End of Turn 48: P1 board 7, P2 board 8, Dead Pool 56
Turn 49 - P2 acts
  - P1 board: Käsekobold
  + P1 retired: Käsekobold
  - P2 hand: Nob Lobber
  + P2 board: Nob Lobber
  - P2 board: Hover Shield
  + P2 retired: Hover Shield
  + Dead Pool: Hover Shield, Hover Shield, Käsekobold
End of Turn 49: P1 board 6, P2 board 8, Dead Pool 59
Turn 50 - P1 acts
  - P1 hand: Technomancer
  + P1 board: Technomancer
  - P1 board: Meat Vegetable
  + P1 retired: Meat Vegetable
  + Dead Pool: Meat Vegetable, Meat Vegetable
End of Turn 50: P1 board 6, P2 board 8, Dead Pool 61
Turn 51 - P2 acts
  - P2 hand: Sentry Node
  + P2 board: Sentry Node
  - P2 board: Task Mistres
  + P2 retired: Task Mistres
  + Dead Pool: Task Mistres, Task Mistres
End of Turn 51: P1 board 6, P2 board 8, Dead Pool 63
Turn 52 - P1 acts
  - P1 hand: Restless Natives
  + P1 board: Restless Natives
  - P1 board: Käsekobold
  + P1 retired: Käsekobold
  + Dead Pool: Käsekobold, Käsekobold
End of Turn 52: P1 board 6, P2 board 8, Dead Pool 65
Turn 53 - P2 acts
  - P2 hand: MediFlux-1NDS
  + P2 board: MediFlux-1NDS
  - P2 board: Compliance Auditon
  + P2 retired: Compliance Auditon
  + Dead Pool: Compliance Auditon, Compliance Auditon
End of Turn 53: P1 board 6, P2 board 8, Dead Pool 67
Turn 54 - P1 acts
  - P1 hand: Krax
  + P1 board: Krax
  - P1 board: Voidling
  + P1 retired: Voidling
  + Dead Pool: Voidling, Voidling
End of Turn 54: P1 board 6, P2 board 8, Dead Pool 69
Turn 55 - P2 acts
  - P1 board: Grim
  + P1 retired: Grim
  - P2 hand: Impact Simulant
  + P2 board: Impact Simulant
  - P2 board: Sentry Node
  + P2 retired: Sentry Node
  + Dead Pool: Sentry Node, Sentry Node, Grim
Result: winner P2 | turns 54
Retired: P1 23, P2 21, Dead Pool 72

=== Game seed 11043 ===
Starting: P1 faction PCU vs P2 faction NARC
Turn 1 - P2 acts
  - P2 hand: Target Marker Probe
  + P2 board: Target Marker Probe
End of Turn 1: P1 board 1, P2 board 2, Dead Pool 0
Turn 2 - P1 acts
  - P1 hand: Void Freak
  + P1 board: Void Freak
End of Turn 2: P1 board 2, P2 board 2, Dead Pool 0
Turn 3 - P2 acts
  - P2 hand: Dormex Lurker
  + P2 board: Dormex Lurker
End of Turn 3: P1 board 2, P2 board 3, Dead Pool 0
Turn 4 - P1 acts
  - P1 hand: Käsekobold
  + P1 board: Käsekobold
  - P2 board: Target Marker Probe
  + P2 retired: Target Marker Probe
  + Dead Pool: Target Marker Probe
End of Turn 4: P1 board 3, P2 board 2, Dead Pool 1
Turn 5 - P2 acts
  - P1 board: Void Freak
  + P1 retired: Void Freak
  - P2 hand: Shield Array Node
  + P2 board: Shield Array Node
  + Dead Pool: Void Freak
End of Turn 5: P1 board 2, P2 board 3, Dead Pool 2
Turn 6 - P1 acts
  - P1 hand: Restless Natives
  + P1 board: Restless Natives
End of Turn 6: P1 board 3, P2 board 3, Dead Pool 2
Turn 7 - P2 acts
  - P2 hand: Hover Shield
  + P2 board: Hover Shield
  - P2 board: Dormex Lurker
  + P2 retired: Dormex Lurker
  + Dead Pool: Dormex Lurker, Dormex Lurker
End of Turn 7: P1 board 3, P2 board 3, Dead Pool 4
Turn 8 - P1 acts
  - P1 hand: Meat Vegetable
  + P1 board: Meat Vegetable
End of Turn 8: P1 board 4, P2 board 3, Dead Pool 4
Turn 9 - P2 acts
  - P2 hand: MediFlux-1NDS
  + P2 board: MediFlux-1NDS
End of Turn 9: P1 board 4, P2 board 4, Dead Pool 4
Turn 10 - P1 acts
  - P1 hand: Blood Howler
  + P1 board: Blood Howler
  - P1 board: Käsekobold
  + P1 retired: Käsekobold
  - P2 board: Shield Array Node
  + P2 retired: Shield Array Node
  + Dead Pool: Käsekobold, Käsekobold, Shield Array Node
End of Turn 10: P1 board 4, P2 board 3, Dead Pool 7
Turn 11 - P2 acts
  - P2 hand: Sausage Droid
  + P2 board: Sausage Droid
End of Turn 11: P1 board 4, P2 board 4, Dead Pool 7
Turn 12 - P1 acts
  - P1 hand: Voidling
  + P1 board: Voidling
  - P1 board: Restless Natives
  + P1 retired: Restless Natives
  + Dead Pool: Restless Natives, Restless Natives
End of Turn 12: P1 board 4, P2 board 4, Dead Pool 9
Turn 13 - P2 acts
  - P2 hand: Task Mistres
  + P2 board: Task Mistres
End of Turn 13: P1 board 4, P2 board 5, Dead Pool 9
Turn 14 - P1 acts
  - P1 hand: Nives
  + P1 board: Nives
  - P1 board: Meat Vegetable
  + P1 retired: Meat Vegetable
  + Dead Pool: Meat Vegetable, Meat Vegetable
End of Turn 14: P1 board 4, P2 board 5, Dead Pool 11
Turn 15 - P2 acts
  - P2 hand: Target Marker Probe
  + P2 board: Target Marker Probe
End of Turn 15: P1 board 4, P2 board 6, Dead Pool 11
Turn 16 - P1 acts
  - P1 hand: Blood Howler
  + P1 board: Blood Howler
  - P2 board: Hover Shield
  + P2 retired: Hover Shield
  + Dead Pool: Hover Shield
End of Turn 16: P1 board 5, P2 board 5, Dead Pool 12
Turn 17 - P2 acts
  - P2 hand: Task Mistres
  + P2 board: Task Mistres
End of Turn 17: P1 board 5, P2 board 6, Dead Pool 12
Turn 18 - P1 acts
  - P1 hand: Mutt
  + P1 board: Mutt
  - P1 board: Blood Howler
  + P1 retired: Blood Howler
  - P2 board: MediFlux-1NDS
  + P2 retired: MediFlux-1NDS
  + Dead Pool: Blood Howler, Blood Howler, MediFlux-1NDS
End of Turn 18: P1 board 5, P2 board 5, Dead Pool 15
Turn 19 - P2 acts
  - P2 hand: Dormex Lurker
  + P2 board: Dormex Lurker
End of Turn 19: P1 board 5, P2 board 6, Dead Pool 15
Turn 20 - P1 acts
  - P1 hand: Voidling
  + P1 retired: Voidling
  - P2 board: Sausage Droid
  + P2 retired: Sausage Droid
  + Dead Pool: Voidling, Voidling, Sausage Droid
End of Turn 20: P1 board 5, P2 board 5, Dead Pool 18
Turn 21 - P2 acts
  - P2 hand: MediFlux-1NDS
  + P2 board: MediFlux-1NDS
End of Turn 21: P1 board 5, P2 board 6, Dead Pool 18
Turn 22 - P1 acts
  - P1 hand: Primordial Oozer
  + P1 board: Primordial Oozer
  - P1 board: Nives
  + P1 retired: Nives
  - P2 board: Task Mistres
  + P2 retired: Task Mistres
  + Dead Pool: Nives, Nives, Task Mistres
End of Turn 22: P1 board 5, P2 board 5, Dead Pool 21
Turn 23 - P2 acts
  - P2 hand: Dormex Lurker
  + P2 board: Dormex Lurker
End of Turn 23: P1 board 5, P2 board 6, Dead Pool 21
Turn 24 - P1 acts
  - P1 hand: Void Freak
  + P1 board: Void Freak
End of Turn 24: P1 board 6, P2 board 6, Dead Pool 21
Turn 25 - P2 acts
  - P2 hand: Hover Shield
  + P2 board: Hover Shield
  - P2 board: Target Marker Probe
  + P2 retired: Target Marker Probe
  + Dead Pool: Target Marker Probe, Target Marker Probe
End of Turn 25: P1 board 6, P2 board 6, Dead Pool 23
Turn 26 - P1 acts
  - P1 hand: Meat Vegetable
  + P1 board: Meat Vegetable
End of Turn 26: P1 board 7, P2 board 6, Dead Pool 23
Turn 27 - P2 acts
  - P2 hand: Impact Simulant
  + P2 board: Impact Simulant
End of Turn 27: P1 board 7, P2 board 7, Dead Pool 23
Turn 28 - P1 acts
  - P1 hand: Annihilist Overseer
  + P1 board: Annihilist Overseer
  - P1 board: Blood Howler
  + P1 retired: Blood Howler
  - P2 board: Lokar Simmons
  + P2 retired: Lokar Simmons
  + Dead Pool: Blood Howler, Blood Howler, Lokar Simmons
Result: winner P1 | turns 27
Retired: P1 8, P2 9, Dead Pool 26

=== Game seed 11044 ===
Starting: P1 faction PCU vs P2 faction NARC
Turn 1 - P1 acts
  - P1 hand: Void Freak
  + P1 board: Void Freak
End of Turn 1: P1 board 2, P2 board 1, Dead Pool 0
Turn 2 - P2 acts
  - P2 hand: Target Marker Probe
  + P2 board: Target Marker Probe
End of Turn 2: P1 board 2, P2 board 2, Dead Pool 0
Turn 3 - P1 acts
  - P1 hand: Restless Natives
  + P1 board: Restless Natives
  - P2 board: Lokar Simmons
  + P2 retired: Lokar Simmons
  + Dead Pool: Lokar Simmons
Result: winner P1 | turns 2
Retired: P1 0, P2 1, Dead Pool 1

=== Game seed 11045 ===
Starting: P1 faction PCU vs P2 faction NARC
Turn 1 - P1 acts
  - P1 hand: Meat Vegetable
  + P1 board: Meat Vegetable
End of Turn 1: P1 board 2, P2 board 1, Dead Pool 0
Turn 2 - P2 acts
  - P2 hand: Impact Simulant
  + P2 board: Impact Simulant
End of Turn 2: P1 board 2, P2 board 2, Dead Pool 0
Turn 3 - P1 acts
  - P1 hand: Käsekobold
  + P1 board: Käsekobold
End of Turn 3: P1 board 3, P2 board 2, Dead Pool 0
Turn 4 - P2 acts
  - P2 hand: Sausage Droid
  + P2 board: Sausage Droid
End of Turn 4: P1 board 3, P2 board 3, Dead Pool 0
Turn 5 - P1 acts
  - P1 hand: Restless Natives
  + P1 board: Restless Natives
End of Turn 5: P1 board 4, P2 board 3, Dead Pool 0
Turn 6 - P2 acts
  - P1 board: Meat Vegetable
  + P1 retired: Meat Vegetable
  - P2 hand: Impact Simulant
  + P2 board: Impact Simulant
  + Dead Pool: Meat Vegetable
End of Turn 6: P1 board 3, P2 board 4, Dead Pool 1
Turn 7 - P1 acts
  - P1 hand: Käsekobold
  + P1 board: Käsekobold
End of Turn 7: P1 board 4, P2 board 4, Dead Pool 1
Turn 8 - P2 acts
  - P1 board: Käsekobold
  + P1 retired: Käsekobold
  - P2 hand: Target Marker Probe
  + P2 board: Target Marker Probe
  + Dead Pool: Käsekobold
End of Turn 8: P1 board 3, P2 board 5, Dead Pool 2
Turn 9 - P1 acts
  - P1 hand: Psychodelic Toad
  + P1 board: Psychodelic Toad
End of Turn 9: P1 board 4, P2 board 5, Dead Pool 2
Turn 10 - P2 acts
  - P1 board: Restless Natives
  + P1 retired: Restless Natives
  - P2 hand: Target Marker Probe
  + P2 board: Target Marker Probe
  + Dead Pool: Restless Natives
End of Turn 10: P1 board 3, P2 board 6, Dead Pool 3
Turn 11 - P1 acts
  - P1 hand: Restless Natives
  + P1 board: Restless Natives
End of Turn 11: P1 board 4, P2 board 6, Dead Pool 3
Turn 12 - P2 acts
  - P2 hand: Compliance Auditon
  + P2 board: Compliance Auditon
End of Turn 12: P1 board 4, P2 board 7, Dead Pool 3
Turn 13 - P1 acts
  - P1 hand: Voidling
  + P1 board: Voidling
  - P1 board: Käsekobold, Psychodelic Toad
  + P1 retired: Käsekobold, Psychodelic Toad
  + Dead Pool: Käsekobold, Käsekobold, Psychodelic Toad, Psychodelic Toad
End of Turn 13: P1 board 3, P2 board 7, Dead Pool 7
Turn 14 - P2 acts
  - P2 hand: Compliance Auditon
  + P2 board: Compliance Auditon
End of Turn 14: P1 board 3, P2 board 8, Dead Pool 7
Turn 15 - P1 acts
  - P1 hand: Mutt
  + P1 board: Mutt
  - P1 board: Restless Natives
  + P1 retired: Restless Natives
  + Dead Pool: Restless Natives, Restless Natives
End of Turn 15: P1 board 3, P2 board 8, Dead Pool 9
Turn 16 - P2 acts
  - P2 hand: Dormex Lurker
  + P2 board: Dormex Lurker
End of Turn 16: P1 board 3, P2 board 9, Dead Pool 9
Turn 17 - P1 acts
  - P1 hand: Psychodelic Toad
  + P1 board: Psychodelic Toad
  - P2 board: Sausage Droid
  + P2 retired: Sausage Droid
  + Dead Pool: Sausage Droid
End of Turn 17: P1 board 4, P2 board 8, Dead Pool 10
Turn 18 - P2 acts
  - P2 hand: Shield Array Node
  + P2 board: Shield Array Node
End of Turn 18: P1 board 4, P2 board 9, Dead Pool 10
Turn 19 - P1 acts
  - P1 hand: Vex
  + P1 board: Vex
  - P1 board: Voidling
  + P1 retired: Voidling
  + Dead Pool: Voidling, Voidling
End of Turn 19: P1 board 4, P2 board 9, Dead Pool 12
Turn 20 - P2 acts
  - P2 hand: Detainment Probe
  + P2 board: Detainment Probe
End of Turn 20: P1 board 4, P2 board 10, Dead Pool 12
Turn 21 - P1 acts
  - P1 hand: Primordial Oozer
  + P1 board: Primordial Oozer
End of Turn 21: P1 board 5, P2 board 10, Dead Pool 12
Turn 22 - P2 acts
  - P1 board: Mutt
  + P1 retired: Mutt
  - P2 hand: MediFlux-1NDS
  + P2 board: MediFlux-1NDS
  - P2 board: Impact Simulant
  + P2 retired: Impact Simulant
  + Dead Pool: Impact Simulant, Impact Simulant, Mutt
End of Turn 22: P1 board 4, P2 board 10, Dead Pool 15
Turn 23 - P1 acts
  - P1 hand: Käsekobold
  + P1 board: Käsekobold
  - P1 board: Psychodelic Toad
  + P1 retired: Psychodelic Toad
  + Dead Pool: Psychodelic Toad, Psychodelic Toad
End of Turn 23: P1 board 4, P2 board 10, Dead Pool 17
Turn 24 - P2 acts
  - P2 hand: Sausage Droid
  + P2 board: Sausage Droid
End of Turn 24: P1 board 4, P2 board 11, Dead Pool 17
Turn 25 - P1 acts
  - P1 hand: Meat Vegetable
  + P1 board: Meat Vegetable
  - P1 board: Vex
  + P1 retired: Vex
  + Dead Pool: Vex, Vex
End of Turn 25: P1 board 4, P2 board 11, Dead Pool 19
Turn 26 - P2 acts
  - P2 hand: Shield Array Node
  + P2 board: Shield Array Node
End of Turn 26: P1 board 4, P2 board 12, Dead Pool 19
Turn 27 - P1 acts
  - P1 hand: Annihilist Overseer
  + P1 board: Annihilist Overseer
  - P1 board: Primordial Oozer
  + P1 retired: Primordial Oozer
  - P2 board: Impact Simulant
  + P2 retired: Impact Simulant
  + Dead Pool: Impact Simulant, Primordial Oozer, Primordial Oozer
End of Turn 27: P1 board 4, P2 board 11, Dead Pool 22
Turn 28 - P2 acts
  - P2 hand: Hover Shield
  + P2 board: Hover Shield
End of Turn 28: P1 board 4, P2 board 12, Dead Pool 22
Turn 29 - P1 acts
  - P1 hand: Meat Vegetable
  + P1 board: Meat Vegetable
  - P1 board: Annihilist Overseer
  + P1 retired: Annihilist Overseer
  + Dead Pool: Annihilist Overseer, Annihilist Overseer
End of Turn 29: P1 board 4, P2 board 12, Dead Pool 24
Turn 30 - P2 acts
  - P2 hand: Compliance Auditon
  + P2 board: Compliance Auditon
End of Turn 30: P1 board 4, P2 board 13, Dead Pool 24
Turn 31 - P1 acts
  - P1 hand: Blood Howler
  + P1 board: Blood Howler
  - P1 board: Käsekobold
  + P1 retired: Käsekobold
  + Dead Pool: Käsekobold, Käsekobold
End of Turn 31: P1 board 4, P2 board 13, Dead Pool 26
Turn 32 - P2 acts
  - P2 hand: Detainment Probe
  + P2 board: Detainment Probe
End of Turn 32: P1 board 4, P2 board 14, Dead Pool 26
Turn 33 - P1 acts
  - P1 hand: Meat Vegetable
  + P1 board: Meat Vegetable
End of Turn 33: P1 board 5, P2 board 14, Dead Pool 26
Turn 34 - P2 acts
  - P2 hand: Killjoy
  + P2 board: Killjoy
  - P2 board: Target Marker Probe
  + P2 retired: Target Marker Probe
  + Dead Pool: Target Marker Probe, Target Marker Probe
End of Turn 34: P1 board 5, P2 board 14, Dead Pool 28
Turn 35 - P1 acts
  - P1 hand: Mutt
  + P1 board: Mutt
  - P1 board: Meat Vegetable
  + P1 retired: Meat Vegetable
  + Dead Pool: Meat Vegetable, Meat Vegetable
End of Turn 35: P1 board 5, P2 board 14, Dead Pool 30
Turn 36 - P2 acts
  - P2 hand: Hover Shield
  + P2 board: Hover Shield
End of Turn 36: P1 board 5, P2 board 15, Dead Pool 30
Turn 37 - P1 acts
  - P1 hand: Vex
  + P1 board: Vex
  - P1 board: Meat Vegetable
  + P1 retired: Meat Vegetable
  - P2 board: Target Marker Probe
  + P2 retired: Target Marker Probe
  + Dead Pool: Meat Vegetable, Meat Vegetable, Target Marker Probe
End of Turn 37: P1 board 5, P2 board 14, Dead Pool 33
Turn 38 - P2 acts
  - P2 hand: Marine Marauder
  + P2 board: Marine Marauder
End of Turn 38: P1 board 5, P2 board 15, Dead Pool 33
Turn 39 - P1 acts
  - P1 hand: Technomancer
  + P1 board: Technomancer
  - P1 board: Blood Howler
  + P1 retired: Blood Howler
  + Dead Pool: Blood Howler, Blood Howler
End of Turn 39: P1 board 5, P2 board 15, Dead Pool 35
Turn 40 - P2 acts
  - P2 hand: Nob Lobber
  + P2 board: Nob Lobber
  - P2 board: Compliance Auditon
  + P2 retired: Compliance Auditon
  + Dead Pool: Compliance Auditon, Compliance Auditon
End of Turn 40: P1 board 5, P2 board 15, Dead Pool 37
Turn 41 - P1 acts
  - P1 hand: Voidling
  + P1 board: Voidling
  - P1 board: Vex
  + P1 retired: Vex
  + Dead Pool: Vex, Vex
End of Turn 41: P1 board 5, P2 board 15, Dead Pool 39
Turn 42 - P2 acts
  - P1 board: Meat Vegetable
  + P1 retired: Meat Vegetable
  - P2 hand: Hover Shield
  + P2 board: Hover Shield
  - P2 board: Compliance Auditon
  + P2 retired: Compliance Auditon
  + Dead Pool: Meat Vegetable, Compliance Auditon, Compliance Auditon
End of Turn 42: P1 board 4, P2 board 15, Dead Pool 42
Turn 43 - P1 acts
  - P1 hand: Void Freak
  + P1 board: Void Freak
End of Turn 43: P1 board 5, P2 board 15, Dead Pool 42
Turn 44 - P2 acts
  - P2 hand: K-9.0
  + P2 board: K-9.0
End of Turn 44: P1 board 5, P2 board 16, Dead Pool 42
Turn 45 - P1 acts
  - P1 hand: Primordial Oozer
  + P1 board: Primordial Oozer
  - P2 board: Dormex Lurker
  + P2 retired: Dormex Lurker
  + Dead Pool: Dormex Lurker
End of Turn 45: P1 board 6, P2 board 15, Dead Pool 43
Turn 46 - P2 acts
  - P2 hand: Sausage Droid
  + P2 board: Sausage Droid
End of Turn 46: P1 board 6, P2 board 16, Dead Pool 43
Turn 47 - P1 acts
  - P1 hand: Technomancer
  + P1 board: Technomancer
  - P1 board: Mutt
  + P1 retired: Mutt
  - P2 board: Shield Array Node
  + P2 retired: Shield Array Node
  + Dead Pool: Mutt, Mutt, Shield Array Node
End of Turn 47: P1 board 6, P2 board 15, Dead Pool 46
Turn 48 - P2 acts
  - P2 hand: K-9.0
  + P2 board: K-9.0
  - P2 board: Detainment Probe
  + P2 retired: Detainment Probe
  + Dead Pool: Detainment Probe, Detainment Probe
End of Turn 48: P1 board 6, P2 board 15, Dead Pool 48
Turn 49 - P1 acts
  - P1 hand: Blood Howler
  + P1 board: Blood Howler
End of Turn 49: P1 board 7, P2 board 15, Dead Pool 48
Turn 50 - P2 acts
  - P2 hand: Hover Shield
  + P2 board: Hover Shield
End of Turn 50: P1 board 7, P2 board 16, Dead Pool 48
Turn 51 - P1 acts
  - P1 hand: Blood Howler
  + P1 board: Blood Howler
  - P1 board: Technomancer, Void Freak
  + P1 retired: Technomancer, Void Freak
  - P2 board: Lokar Simmons
  + P2 retired: Lokar Simmons
  + Dead Pool: Technomancer, Technomancer, Void Freak, Void Freak, Lokar Simmons
Result: winner P1 | turns 50
Retired: P1 21, P2 11, Dead Pool 53

=== Game seed 11046 ===
Starting: P1 faction PCU vs P2 faction NARC
Turn 1 - P1 acts
  - P1 hand: Blood Howler
  + P1 board: Blood Howler
End of Turn 1: P1 board 2, P2 board 1, Dead Pool 0
Turn 2 - P2 acts
  - P2 hand: Impact Simulant
  + P2 board: Impact Simulant
End of Turn 2: P1 board 2, P2 board 2, Dead Pool 0
Turn 3 - P1 acts
  - P1 hand: Blood Howler
  + P1 board: Blood Howler
End of Turn 3: P1 board 3, P2 board 2, Dead Pool 0
Turn 4 - P2 acts
  - P2 hand: Compliance Auditon
  + P2 board: Compliance Auditon
End of Turn 4: P1 board 3, P2 board 3, Dead Pool 0
Turn 5 - P1 acts
  - P1 hand: Voidling
  + P1 board: Voidling
  - P1 board: Blood Howler
  + P1 retired: Blood Howler
  + Dead Pool: Blood Howler, Blood Howler
End of Turn 5: P1 board 3, P2 board 3, Dead Pool 2
Turn 6 - P2 acts
  - P2 hand: Compliance Auditon
  + P2 board: Compliance Auditon
End of Turn 6: P1 board 3, P2 board 4, Dead Pool 2
Turn 7 - P1 acts
  - P1 hand: Voidling
  + P1 board: Voidling
End of Turn 7: P1 board 4, P2 board 4, Dead Pool 2
Turn 8 - P2 acts
  - P2 hand: Compliance Auditon
  + P2 board: Compliance Auditon
End of Turn 8: P1 board 4, P2 board 5, Dead Pool 2
Turn 9 - P1 acts
  - P1 hand: Mutt
  + P1 board: Mutt
  - P1 board: Blood Howler
  + P1 retired: Blood Howler
  + Dead Pool: Blood Howler, Blood Howler
End of Turn 9: P1 board 4, P2 board 5, Dead Pool 4
Turn 10 - P2 acts
  - P2 hand: MediFlux-1NDS
  + P2 board: MediFlux-1NDS
End of Turn 10: P1 board 4, P2 board 6, Dead Pool 4
Turn 11 - P1 acts
  - P1 hand: Technomancer
  + P1 board: Technomancer
  - P1 board: Voidling
  + P1 retired: Voidling
  + Dead Pool: Voidling, Voidling
End of Turn 11: P1 board 4, P2 board 6, Dead Pool 6
Turn 12 - P2 acts
  - P2 hand: K-9.0
  + P2 board: K-9.0
  - P2 board: Impact Simulant
  + P2 retired: Impact Simulant
  + Dead Pool: Impact Simulant, Impact Simulant
End of Turn 12: P1 board 4, P2 board 6, Dead Pool 8
Turn 13 - P1 acts
  - P1 hand: Nives
  + P1 board: Nives
  - P1 board: Voidling
  + P1 retired: Voidling
  + Dead Pool: Voidling, Voidling
End of Turn 13: P1 board 4, P2 board 6, Dead Pool 10
Turn 14 - P2 acts
  - P2 hand: MediFlux-1NDS
  + P2 board: MediFlux-1NDS
End of Turn 14: P1 board 4, P2 board 7, Dead Pool 10
Turn 15 - P1 acts
  - P1 hand: Technomancer
  + P1 board: Technomancer
  - P1 board: Mutt
  + P1 retired: Mutt
  - P2 board: Compliance Auditon
  + P2 retired: Compliance Auditon
  + Dead Pool: Mutt, Mutt, Compliance Auditon
End of Turn 15: P1 board 4, P2 board 6, Dead Pool 13
Turn 16 - P2 acts
  - P2 hand: Dormex Lurker
  + P2 board: Dormex Lurker
End of Turn 16: P1 board 4, P2 board 7, Dead Pool 13
Turn 17 - P1 acts
  - P1 hand: Primordial Oozer
  + P1 board: Primordial Oozer
  - P2 board: Compliance Auditon
  + P2 retired: Compliance Auditon
  + Dead Pool: Compliance Auditon
End of Turn 17: P1 board 5, P2 board 6, Dead Pool 14
Turn 18 - P2 acts
  - P2 hand: Marine Marauder
  + P2 board: Marine Marauder
End of Turn 18: P1 board 5, P2 board 7, Dead Pool 14
Turn 19 - P1 acts
  - P1 hand: Restless Natives
  + P1 board: Restless Natives
  - P2 board: Compliance Auditon
  + P2 retired: Compliance Auditon
  + Dead Pool: Compliance Auditon
End of Turn 19: P1 board 6, P2 board 6, Dead Pool 15
Turn 20 - P2 acts
  - P1 board: Technomancer
  + P1 retired: Technomancer
  - P2 hand: Detainment Probe
  + P2 board: Detainment Probe
  + Dead Pool: Technomancer
End of Turn 20: P1 board 5, P2 board 7, Dead Pool 16
Turn 21 - P1 acts
  - P1 hand: Restless Natives
  + P1 board: Restless Natives
End of Turn 21: P1 board 6, P2 board 7, Dead Pool 16
Turn 22 - P2 acts
  - P1 board: Nives
  + P1 retired: Nives
  - P2 hand: Sausage Droid
  + P2 board: Sausage Droid
  + Dead Pool: Nives
End of Turn 22: P1 board 5, P2 board 8, Dead Pool 17
Turn 23 - P1 acts
  - P1 hand: Local Singularity
  + P1 board: Local Singularity
  - P2 board: MediFlux-1NDS
  + P2 retired: MediFlux-1NDS
  + Dead Pool: MediFlux-1NDS
End of Turn 23: P1 board 6, P2 board 7, Dead Pool 18
Turn 24 - P2 acts
  - P2 hand: K-9.0
  + P2 board: K-9.0
End of Turn 24: P1 board 6, P2 board 8, Dead Pool 18
Turn 25 - P1 acts
  - P1 hand: Käsekobold
  + P1 board: Käsekobold
  - P1 board: Technomancer
  + P1 retired: Technomancer
  - P2 board: K-9.0
  + P2 retired: K-9.0
  + Dead Pool: Technomancer, Technomancer, K-9.0
End of Turn 25: P1 board 6, P2 board 7, Dead Pool 21
Turn 26 - P2 acts
  - P2 hand: Detainment Probe
  + P2 board: Detainment Probe
End of Turn 26: P1 board 6, P2 board 8, Dead Pool 21
Turn 27 - P1 acts
  - P1 hand: Psychodelic Toad
  + P1 board: Psychodelic Toad
  - P1 board: Primordial Oozer
  + P1 retired: Primordial Oozer
  + Dead Pool: Primordial Oozer, Primordial Oozer
End of Turn 27: P1 board 6, P2 board 8, Dead Pool 23
Turn 28 - P2 acts
  - P2 hand: Dormex Lurker
  + P2 board: Dormex Lurker
End of Turn 28: P1 board 6, P2 board 9, Dead Pool 23
Turn 29 - P1 acts
  - P1 hand: Meat Vegetable
  + P1 board: Meat Vegetable
End of Turn 29: P1 board 7, P2 board 9, Dead Pool 23
Turn 30 - P2 acts
  - P2 hand: Marine Marauder
  + P2 board: Marine Marauder
  - P2 board: MediFlux-1NDS
  + P2 retired: MediFlux-1NDS
  + Dead Pool: MediFlux-1NDS, MediFlux-1NDS
End of Turn 30: P1 board 7, P2 board 9, Dead Pool 25
Turn 31 - P1 acts
  - P1 hand: Nives
  + P1 board: Nives
  - P1 board: Restless Natives
  + P1 retired: Restless Natives
  + Dead Pool: Restless Natives, Restless Natives
End of Turn 31: P1 board 7, P2 board 9, Dead Pool 27
Turn 32 - P2 acts
  - P1 board: Restless Natives
  + P1 retired: Restless Natives
  - P2 hand: Hover Shield
  + P2 board: Hover Shield
  + Dead Pool: Restless Natives
End of Turn 32: P1 board 6, P2 board 10, Dead Pool 28
Turn 33 - P1 acts
  - P1 hand: Meat Vegetable
  + P1 board: Meat Vegetable
  - P2 board: Dormex Lurker
  + P2 retired: Dormex Lurker
  + Dead Pool: Dormex Lurker
End of Turn 33: P1 board 7, P2 board 9, Dead Pool 29
Turn 34 - P2 acts
  - P2 hand: Nob Lobber
  + P2 board: Nob Lobber
  - P2 board: Marine Marauder
  + P2 retired: Marine Marauder
  + Dead Pool: Marine Marauder, Marine Marauder
End of Turn 34: P1 board 7, P2 board 9, Dead Pool 31
Turn 35 - P1 acts
  - P1 hand: Annihilist Overseer
  + P1 board: Annihilist Overseer
  - P1 board: Local Singularity
  + P1 retired: Local Singularity
  + Dead Pool: Local Singularity, Local Singularity
End of Turn 35: P1 board 7, P2 board 9, Dead Pool 33
Turn 36 - P2 acts
  - P2 hand: Bruut Enforcer
  + P2 board: Bruut Enforcer
  - P2 board: Detainment Probe
  + P2 retired: Detainment Probe
  + Dead Pool: Detainment Probe, Detainment Probe
End of Turn 36: P1 board 7, P2 board 9, Dead Pool 35
Turn 37 - P1 acts
  - P1 hand: Dragoon
  + P1 board: Dragoon
  - P1 board: Käsekobold, Psychodelic Toad, Annihilist Overseer
  + P1 retired: Käsekobold, Psychodelic Toad, Annihilist Overseer
  + Dead Pool: Käsekobold, Käsekobold, Psychodelic Toad, Psychodelic Toad, Annihilist Overseer, Annihilist Overseer
End of Turn 37: P1 board 5, P2 board 9, Dead Pool 41
Turn 38 - P2 acts
  - P2 hand: Shield Array Node
  + P2 board: Shield Array Node
End of Turn 38: P1 board 5, P2 board 10, Dead Pool 41
Turn 39 - P1 acts
  - P1 hand: Meat Vegetable
  + P1 board: Meat Vegetable
  - P2 board: Sausage Droid
  + P2 retired: Sausage Droid
  + Dead Pool: Sausage Droid
End of Turn 39: P1 board 6, P2 board 9, Dead Pool 42
Turn 40 - P2 acts
  - P2 hand: Hover Shield
  + P2 board: Hover Shield
End of Turn 40: P1 board 6, P2 board 10, Dead Pool 42
Turn 41 - P1 acts
  - P1 hand: Meat Vegetable
  + P1 board: Meat Vegetable
  - P2 board: K-9.0
  + P2 retired: K-9.0
  + Dead Pool: K-9.0
End of Turn 41: P1 board 7, P2 board 9, Dead Pool 43
Turn 42 - P2 acts
  - P2 hand: K-9.0
  + P2 board: K-9.0
End of Turn 42: P1 board 7, P2 board 10, Dead Pool 43
Turn 43 - P1 acts
  - P1 hand: Void Freak
  + P1 board: Void Freak
  - P2 board: Detainment Probe
  + P2 retired: Detainment Probe
  + Dead Pool: Detainment Probe
End of Turn 43: P1 board 8, P2 board 9, Dead Pool 44
Turn 44 - P2 acts
  - P1 board: Nives
  + P1 retired: Nives
  - P2 hand: Detainment Probe
  + P2 board: Detainment Probe
  + Dead Pool: Nives
End of Turn 44: P1 board 7, P2 board 10, Dead Pool 45
Turn 45 - P1 acts
  - P1 hand: Krax
  + P1 board: Krax
  - P1 board: Meat Vegetable
  + P1 retired: Meat Vegetable
  - P2 board: Dormex Lurker
  + P2 retired: Dormex Lurker
  + Dead Pool: Dormex Lurker, Meat Vegetable, Meat Vegetable
End of Turn 45: P1 board 7, P2 board 9, Dead Pool 48
Turn 46 - P2 acts
  - P2 hand: Sentry Node
  + P2 board: Sentry Node
  - P2 board: Marine Marauder
  + P2 retired: Marine Marauder
  + Dead Pool: Marine Marauder, Marine Marauder
End of Turn 46: P1 board 7, P2 board 9, Dead Pool 50
Turn 47 - P1 acts
  - P1 hand: Psychodelic Toad
  + P1 board: Psychodelic Toad
  - P2 board: Detainment Probe
  + P2 retired: Detainment Probe
  + Dead Pool: Detainment Probe
End of Turn 47: P1 board 8, P2 board 8, Dead Pool 51
Turn 48 - P2 acts
  - P1 board: Meat Vegetable
  + P1 retired: Meat Vegetable
  - P2 hand: Dormex Lurker
  + P2 board: Dormex Lurker
  + Dead Pool: Meat Vegetable
End of Turn 48: P1 board 7, P2 board 9, Dead Pool 52
Turn 49 - P1 acts
  - P1 hand: Restless Natives
  + P1 board: Restless Natives
  - P2 board: Sentry Node
  + P2 retired: Sentry Node
  + Dead Pool: Sentry Node
End of Turn 49: P1 board 8, P2 board 8, Dead Pool 53
Turn 50 - P2 acts
  - P1 board: Void Freak
  + P1 retired: Void Freak
  - P2 hand: Hover Shield
  + P2 board: Hover Shield
  + Dead Pool: Void Freak
End of Turn 50: P1 board 7, P2 board 9, Dead Pool 54
Turn 51 - P1 acts
  - P1 hand: Restless Natives
  + P1 board: Restless Natives
  - P2 board: Hover Shield
  + P2 retired: Hover Shield
  + Dead Pool: Hover Shield
End of Turn 51: P1 board 8, P2 board 8, Dead Pool 55
Turn 52 - P2 acts
  - P1 board: Dragoon
  + P1 retired: Dragoon
  - P2 hand: Task Mistres
  + P2 board: Task Mistres
  + Dead Pool: Dragoon
End of Turn 52: P1 board 7, P2 board 9, Dead Pool 56
Turn 53 - P1 acts
  - P1 hand: Dragoon
  + P1 board: Dragoon
  - P1 board: Meat Vegetable
  + P1 retired: Meat Vegetable
  - P2 board: Nob Lobber
  + P2 retired: Nob Lobber
  + Dead Pool: Meat Vegetable, Meat Vegetable, Nob Lobber
End of Turn 53: P1 board 7, P2 board 8, Dead Pool 59
Turn 54 - P2 acts
  - P2 hand: Sausage Droid
  + P2 board: Sausage Droid
End of Turn 54: P1 board 7, P2 board 9, Dead Pool 59
Turn 55 - P1 acts
  - P1 hand: Annihilist Overseer
  + P1 board: Annihilist Overseer
  - P1 board: Meat Vegetable
  + P1 retired: Meat Vegetable
  + Dead Pool: Meat Vegetable, Meat Vegetable
End of Turn 55: P1 board 7, P2 board 9, Dead Pool 61
Turn 56 - P2 acts
  - P2 hand: Sentry Node
  + P2 board: Sentry Node
  - P2 board: Bruut Enforcer
  + P2 retired: Bruut Enforcer
  + Dead Pool: Bruut Enforcer, Bruut Enforcer
End of Turn 56: P1 board 7, P2 board 9, Dead Pool 63
Turn 57 - P1 acts
  - P1 hand: Mutt
  + P1 board: Mutt
  - P1 board: Krax, Annihilist Overseer
  + P1 retired: Annihilist Overseer, Krax
  + Dead Pool: Annihilist Overseer, Annihilist Overseer, Krax, Krax
End of Turn 57: P1 board 6, P2 board 9, Dead Pool 67
Turn 58 - P2 acts
  - P2 hand: Task Mistres
  + P2 board: Task Mistres
  - P2 board: Shield Array Node
  + P2 retired: Shield Array Node
  + Dead Pool: Shield Array Node, Shield Array Node
End of Turn 58: P1 board 6, P2 board 9, Dead Pool 69
Turn 59 - P1 acts
  - P1 hand: Vex
  + P1 board: Vex
  - P1 board: Psychodelic Toad
  + P1 retired: Psychodelic Toad
  + Dead Pool: Psychodelic Toad, Psychodelic Toad
End of Turn 59: P1 board 6, P2 board 9, Dead Pool 71
Turn 60 - P2 acts
  - P1 board: Restless Natives
  + P1 retired: Restless Natives
  - P2 hand: MediFlux-1NDS
  + P2 board: MediFlux-1NDS
  + Dead Pool: Restless Natives
End of Turn 60: P1 board 5, P2 board 10, Dead Pool 72
Turn 61 - P1 acts
  - P1 hand: Voidling
  + P1 board: Voidling
End of Turn 61: P1 board 6, P2 board 10, Dead Pool 72
Turn 62 - P2 acts
  - P2 hand: Impact Simulant
  + P2 board: Impact Simulant
End of Turn 62: P1 board 6, P2 board 11, Dead Pool 72
Turn 63 - P1 acts
  - P1 hand: Dragoon
  - P1 board: Restless Natives, Vex
  + P1 retired: Restless Natives, Dragoon, Vex
  + Dead Pool: Restless Natives, Restless Natives, Dragoon, Dragoon, Vex, Vex
End of Turn 63: P1 board 4, P2 board 11, Dead Pool 78
Turn 64 - P2 acts
  - P2 hand: Target Marker Probe
  + P2 board: Target Marker Probe
End of Turn 64: P1 board 4, P2 board 12, Dead Pool 78
Turn 65 - P1 acts
  - P1 hand: Vex
  + P1 board: Vex
  - P1 board: Mutt
  + P1 retired: Mutt
  + Dead Pool: Mutt, Mutt
End of Turn 65: P1 board 4, P2 board 12, Dead Pool 80
Turn 66 - P2 acts
  - P2 hand: Bruut Enforcer
  + P2 board: Bruut Enforcer
  - P2 board: Hover Shield
  + P2 retired: Hover Shield
  + Dead Pool: Hover Shield, Hover Shield
End of Turn 66: P1 board 4, P2 board 12, Dead Pool 82
Turn 67 - P1 acts
  - P1 hand: Void Freak
  + P1 board: Void Freak
End of Turn 67: P1 board 5, P2 board 12, Dead Pool 82
Turn 68 - P2 acts
  - P2 hand: Hover Shield
  + P2 board: Hover Shield
End of Turn 68: P1 board 5, P2 board 13, Dead Pool 82
Turn 69 - P1 acts
  - P1 hand: Blood Howler
  + P1 board: Blood Howler
  - P1 board: Voidling
  + P1 retired: Voidling
  - P2 board: K-9.0
  + P2 retired: K-9.0
  + Dead Pool: Voidling, Voidling, K-9.0
End of Turn 69: P1 board 5, P2 board 12, Dead Pool 85
Turn 70 - P2 acts
  - P2 hand: Impact Simulant
  + P2 board: Impact Simulant
End of Turn 70: P1 board 5, P2 board 13, Dead Pool 85
Turn 71 - P1 acts
  - P1 hand: Käsekobold
  + P1 board: Käsekobold
End of Turn 71: P1 board 6, P2 board 13, Dead Pool 85
Turn 72 - P2 acts
  - P2 hand: Shield Array Node
  + P2 board: Shield Array Node
End of Turn 72: P1 board 6, P2 board 14, Dead Pool 85
Turn 73 - P1 acts
  - P1 hand: Mutt
  + P1 board: Mutt
  - P1 board: Dragoon
  + P1 retired: Dragoon
  - P2 board: Lokar Simmons
  + P2 retired: Lokar Simmons
  + Dead Pool: Dragoon, Dragoon, Lokar Simmons
Result: winner P1 | turns 72
Retired: P1 32, P2 24, Dead Pool 88

=== Game seed 11047 ===
Starting: P1 faction PCU vs P2 faction NARC
Turn 1 - P2 acts
  - P2 hand: Impact Simulant
  + P2 board: Impact Simulant
End of Turn 1: P1 board 1, P2 board 2, Dead Pool 0
Turn 2 - P1 acts
  - P1 hand: Meat Vegetable
  + P1 board: Meat Vegetable
End of Turn 2: P1 board 2, P2 board 2, Dead Pool 0
Turn 3 - P2 acts
  - P2 hand: Detainment Probe
  + P2 board: Detainment Probe
End of Turn 3: P1 board 2, P2 board 3, Dead Pool 0
Turn 4 - P1 acts
  - P1 hand: Psychodelic Toad
  + P1 board: Psychodelic Toad
End of Turn 4: P1 board 3, P2 board 3, Dead Pool 0
Turn 5 - P2 acts
  - P2 hand: Task Mistres
  + P2 board: Task Mistres
End of Turn 5: P1 board 3, P2 board 4, Dead Pool 0
Turn 6 - P1 acts
  - P1 hand: Blood Howler
  + P1 board: Blood Howler
End of Turn 6: P1 board 4, P2 board 4, Dead Pool 0
Turn 7 - P2 acts
  - P2 hand: Task Mistres
  + P2 board: Task Mistres
  - P2 board: Impact Simulant
  + P2 retired: Impact Simulant
  + Dead Pool: Impact Simulant, Impact Simulant
End of Turn 7: P1 board 4, P2 board 4, Dead Pool 2
Turn 8 - P1 acts
  - P1 hand: Restless Natives
  + P1 board: Restless Natives
  - P1 board: Meat Vegetable
  + P1 retired: Meat Vegetable
  + Dead Pool: Meat Vegetable, Meat Vegetable
End of Turn 8: P1 board 4, P2 board 4, Dead Pool 4
Turn 9 - P2 acts
  - P2 hand: Task Mistres
  + P2 board: Task Mistres
End of Turn 9: P1 board 4, P2 board 5, Dead Pool 4
Turn 10 - P1 acts
  - P1 hand: Restless Natives
  + P1 board: Restless Natives
  - P1 board: Psychodelic Toad
  + P1 retired: Psychodelic Toad
  - P2 board: Detainment Probe
  + P2 retired: Detainment Probe
  + Dead Pool: Psychodelic Toad, Psychodelic Toad, Detainment Probe
End of Turn 10: P1 board 4, P2 board 4, Dead Pool 7
Turn 11 - P2 acts
  - P2 hand: Compliance Auditon
  + P2 board: Compliance Auditon
End of Turn 11: P1 board 4, P2 board 5, Dead Pool 7
Turn 12 - P1 acts
  - P1 hand: Restless Natives
  + P1 board: Restless Natives
End of Turn 12: P1 board 5, P2 board 5, Dead Pool 7
Turn 13 - P2 acts
  - P2 hand: Sausage Droid
  + P2 board: Sausage Droid
End of Turn 13: P1 board 5, P2 board 6, Dead Pool 7
Turn 14 - P1 acts
  - P1 hand: Local Singularity
  + P1 board: Local Singularity
End of Turn 14: P1 board 6, P2 board 6, Dead Pool 7
Turn 15 - P2 acts
  - P1 board: Blood Howler
  + P1 retired: Blood Howler
  - P2 hand: Compliance Auditon
  + P2 board: Compliance Auditon
  + Dead Pool: Blood Howler
End of Turn 15: P1 board 5, P2 board 7, Dead Pool 8
Turn 16 - P1 acts
  - P1 hand: Käsekobold
  + P1 board: Käsekobold
  - P1 board: Restless Natives
  + P1 retired: Restless Natives
  - P2 board: Task Mistres
  + P2 retired: Task Mistres
  + Dead Pool: Restless Natives, Restless Natives, Task Mistres
End of Turn 16: P1 board 5, P2 board 6, Dead Pool 11
Turn 17 - P2 acts
  - P2 hand: Sausage Droid
  + P2 board: Sausage Droid
End of Turn 17: P1 board 5, P2 board 7, Dead Pool 11
Turn 18 - P1 acts
  - P1 hand: Void Freak
  + P1 board: Void Freak
  - P1 board: Restless Natives
  + P1 retired: Restless Natives
  + Dead Pool: Restless Natives, Restless Natives
End of Turn 18: P1 board 5, P2 board 7, Dead Pool 13
Turn 19 - P2 acts
  - P2 hand: Dormex Lurker
  + P2 board: Dormex Lurker
End of Turn 19: P1 board 5, P2 board 8, Dead Pool 13
Turn 20 - P1 acts
  - P1 hand: Voidling
  + P1 board: Voidling
  - P1 board: Restless Natives
  + P1 retired: Restless Natives
  - P2 board: Task Mistres
  + P2 retired: Task Mistres
  + Dead Pool: Restless Natives, Restless Natives, Task Mistres
End of Turn 20: P1 board 5, P2 board 7, Dead Pool 16
Turn 21 - P2 acts
  - P2 hand: Impact Simulant
  + P2 board: Impact Simulant
End of Turn 21: P1 board 5, P2 board 8, Dead Pool 16
Turn 22 - P1 acts
  - P1 hand: Technomancer
  + P1 board: Technomancer
  - P1 board: Local Singularity
  + P1 retired: Local Singularity
  + Dead Pool: Local Singularity, Local Singularity
End of Turn 22: P1 board 5, P2 board 8, Dead Pool 18
Turn 23 - P2 acts
  - P2 hand: Detainment Probe
  + P2 board: Detainment Probe
End of Turn 23: P1 board 5, P2 board 9, Dead Pool 18
Turn 24 - P1 acts
  - P1 hand: Psychodelic Toad
  + P1 board: Psychodelic Toad
  - P1 board: Käsekobold
  + P1 retired: Käsekobold
  - P2 board: Lokar Simmons
  + P2 retired: Lokar Simmons
  + Dead Pool: Käsekobold, Käsekobold, Lokar Simmons
Result: winner P1 | turns 23
Retired: P1 8, P2 5, Dead Pool 21

=== Game seed 11048 ===
Starting: P1 faction PCU vs P2 faction NARC
Turn 1 - P2 acts
  - P2 hand: Compliance Auditon
  + P2 board: Compliance Auditon
End of Turn 1: P1 board 1, P2 board 2, Dead Pool 0
Turn 2 - P1 acts
  - P1 hand: Meat Vegetable
  + P1 board: Meat Vegetable
End of Turn 2: P1 board 2, P2 board 2, Dead Pool 0
Turn 3 - P2 acts
  - P2 hand: Compliance Auditon
  + P2 board: Compliance Auditon
End of Turn 3: P1 board 2, P2 board 3, Dead Pool 0
Turn 4 - P1 acts
  - P1 hand: Void Freak
  + P1 board: Void Freak
End of Turn 4: P1 board 3, P2 board 3, Dead Pool 0
Turn 5 - P2 acts
  - P2 hand: Detainment Probe
  + P2 board: Detainment Probe
End of Turn 5: P1 board 3, P2 board 4, Dead Pool 0
Turn 6 - P1 acts
  - P1 hand: Primordial Oozer
  + P1 board: Primordial Oozer
  - P2 board: Compliance Auditon
  + P2 retired: Compliance Auditon
  + Dead Pool: Compliance Auditon
End of Turn 6: P1 board 4, P2 board 3, Dead Pool 1
Turn 7 - P2 acts
  - P2 hand: Compliance Auditon
  + P2 board: Compliance Auditon
End of Turn 7: P1 board 4, P2 board 4, Dead Pool 1
Turn 8 - P1 acts
  - P1 hand: Psychodelic Toad
  + P1 board: Psychodelic Toad
  - P2 board: Compliance Auditon
  + P2 retired: Compliance Auditon
  + Dead Pool: Compliance Auditon
End of Turn 8: P1 board 5, P2 board 3, Dead Pool 2
Turn 9 - P2 acts
  - P2 hand: MediFlux-1NDS
  + P2 board: MediFlux-1NDS
End of Turn 9: P1 board 5, P2 board 4, Dead Pool 2
Turn 10 - P1 acts
  - P1 hand: Meat Vegetable
  + P1 board: Meat Vegetable
  - P2 board: Detainment Probe
  + P2 retired: Detainment Probe
  + Dead Pool: Detainment Probe
End of Turn 10: P1 board 6, P2 board 3, Dead Pool 3
Turn 11 - P2 acts
  - P2 hand: Shield Array Node
  + P2 board: Shield Array Node
End of Turn 11: P1 board 6, P2 board 4, Dead Pool 3
Turn 12 - P1 acts
  - P1 hand: Voidling
  + P1 board: Voidling
  - P1 board: Void Freak
  + P1 retired: Void Freak
  - P2 board: Compliance Auditon
  + P2 retired: Compliance Auditon
  + Dead Pool: Compliance Auditon, Void Freak, Void Freak
End of Turn 12: P1 board 6, P2 board 3, Dead Pool 6
Turn 13 - P2 acts
  - P2 hand: Hover Shield
  + P2 board: Hover Shield
End of Turn 13: P1 board 6, P2 board 4, Dead Pool 6
Turn 14 - P1 acts
  - P1 hand: Technomancer
  + P1 board: Technomancer
  - P1 board: Meat Vegetable
  + P1 retired: Meat Vegetable
  + Dead Pool: Meat Vegetable, Meat Vegetable
End of Turn 14: P1 board 6, P2 board 4, Dead Pool 8
Turn 15 - P2 acts
  - P2 hand: Marine Marauder
  + P2 board: Marine Marauder
  - P2 board: MediFlux-1NDS
  + P2 retired: MediFlux-1NDS
  + Dead Pool: MediFlux-1NDS, MediFlux-1NDS
End of Turn 15: P1 board 6, P2 board 4, Dead Pool 10
Turn 16 - P1 acts
  - P1 hand: Annihilist Overseer
  + P1 board: Annihilist Overseer
  - P1 board: Primordial Oozer, Psychodelic Toad
  + P1 retired: Primordial Oozer, Psychodelic Toad
  + Dead Pool: Primordial Oozer, Primordial Oozer, Psychodelic Toad, Psychodelic Toad
End of Turn 16: P1 board 5, P2 board 4, Dead Pool 14
Turn 17 - P2 acts
  - P2 hand: Target Marker Probe
  + P2 board: Target Marker Probe
End of Turn 17: P1 board 5, P2 board 5, Dead Pool 14
Turn 18 - P1 acts
  - P1 hand: Blood Howler
  + P1 board: Blood Howler
  - P1 board: Annihilist Overseer
  + P1 retired: Annihilist Overseer
  + Dead Pool: Annihilist Overseer, Annihilist Overseer
End of Turn 18: P1 board 5, P2 board 5, Dead Pool 16
Turn 19 - P2 acts
  - P2 hand: Shield Array Node
  + P2 board: Shield Array Node
End of Turn 19: P1 board 5, P2 board 6, Dead Pool 16
Turn 20 - P1 acts
  - P1 hand: Nives
  + P1 board: Nives
  - P1 board: Meat Vegetable
  + P1 retired: Meat Vegetable
  + Dead Pool: Meat Vegetable, Meat Vegetable
End of Turn 20: P1 board 5, P2 board 6, Dead Pool 18
Turn 21 - P2 acts
  - P2 hand: Sausage Droid
  + P2 board: Sausage Droid
End of Turn 21: P1 board 5, P2 board 7, Dead Pool 18
Turn 22 - P1 acts
  - P1 hand: Mutt
  + P1 board: Mutt
  - P1 board: Voidling
  + P1 retired: Voidling
  - P2 board: Shield Array Node
  + P2 retired: Shield Array Node
  + Dead Pool: Voidling, Voidling, Shield Array Node
End of Turn 22: P1 board 5, P2 board 6, Dead Pool 21
Turn 23 - P2 acts
  - P2 hand: Task Mistres
  + P2 board: Task Mistres
End of Turn 23: P1 board 5, P2 board 7, Dead Pool 21
Turn 24 - P1 acts
  - P1 hand: Mutt
  + P1 board: Mutt
  - P1 board: Technomancer
  + P1 retired: Technomancer
  - P2 board: Hover Shield
  + P2 retired: Hover Shield
  + Dead Pool: Technomancer, Technomancer, Hover Shield
End of Turn 24: P1 board 5, P2 board 6, Dead Pool 24
Turn 25 - P2 acts
  - P2 hand: Detainment Probe
  + P2 board: Detainment Probe
End of Turn 25: P1 board 5, P2 board 7, Dead Pool 24
Turn 26 - P1 acts
  - P1 hand: Krax
  + P1 board: Krax
  - P1 board: Blood Howler, Nives
  + P1 retired: Blood Howler, Nives
  + Dead Pool: Blood Howler, Blood Howler, Nives, Nives
End of Turn 26: P1 board 4, P2 board 7, Dead Pool 28
Turn 27 - P2 acts
  - P2 hand: Detainment Probe
  + P2 board: Detainment Probe
End of Turn 27: P1 board 4, P2 board 8, Dead Pool 28
Turn 28 - P1 acts
  - P1 hand: Vex
  + P1 board: Vex
  - P1 board: Mutt
  + P1 retired: Mutt
  - P2 board: Marine Marauder
  + P2 retired: Marine Marauder
  + Dead Pool: Mutt, Mutt, Marine Marauder
End of Turn 28: P1 board 4, P2 board 7, Dead Pool 31
Turn 29 - P2 acts
  - P2 hand: Task Mistres
  + P2 board: Task Mistres
End of Turn 29: P1 board 4, P2 board 8, Dead Pool 31
Turn 30 - P1 acts
  - P1 hand: Voidling
  + P1 board: Voidling
  - P2 board: Target Marker Probe
  + P2 retired: Target Marker Probe
  + Dead Pool: Target Marker Probe
End of Turn 30: P1 board 5, P2 board 7, Dead Pool 32
Turn 31 - P2 acts
  - P2 hand: K-9.0
  + P2 board: K-9.0
End of Turn 31: P1 board 5, P2 board 8, Dead Pool 32
Turn 32 - P1 acts
  - P1 hand: Blood Howler
  + P1 board: Blood Howler
  - P1 board: Mutt
  + P1 retired: Mutt
  - P2 board: Shield Array Node
  + P2 retired: Shield Array Node
  + Dead Pool: Shield Array Node, Mutt, Mutt
End of Turn 32: P1 board 5, P2 board 7, Dead Pool 35
Turn 33 - P2 acts
  - P2 hand: Impact Simulant
  + P2 board: Impact Simulant
End of Turn 33: P1 board 5, P2 board 8, Dead Pool 35
Turn 34 - P1 acts
  - P1 hand: Mutt
  + P1 board: Mutt
  - P1 board: Krax
  + P1 retired: Krax
  + Dead Pool: Krax, Krax
End of Turn 34: P1 board 5, P2 board 8, Dead Pool 37
Turn 35 - P2 acts
  - P2 hand: Shield Array Node
  + P2 board: Shield Array Node
End of Turn 35: P1 board 5, P2 board 9, Dead Pool 37
Turn 36 - P1 acts
  - P1 hand: Dragoon
  + P1 board: Dragoon
  - P1 board: Vex, Voidling
  + P1 retired: Voidling, Vex
  + Dead Pool: Voidling, Voidling, Vex, Vex
End of Turn 36: P1 board 4, P2 board 9, Dead Pool 41
Turn 37 - P2 acts
  - P2 hand: Sausage Droid
  + P2 retired: Sausage Droid
  + Dead Pool: Sausage Droid, Sausage Droid
End of Turn 37: P1 board 4, P2 board 9, Dead Pool 43
Turn 38 - P1 acts
  - P1 hand: Local Singularity
  + P1 board: Local Singularity
End of Turn 38: P1 board 5, P2 board 9, Dead Pool 43
Turn 39 - P2 acts
  - P2 hand: K-9.0
  + P2 board: K-9.0
End of Turn 39: P1 board 5, P2 board 10, Dead Pool 43
Turn 40 - P1 acts
  - P1 hand: Technomancer
  + P1 board: Technomancer
  - P1 board: Blood Howler
  + P1 retired: Blood Howler
  - P2 board: Task Mistres
  + P2 retired: Task Mistres
  + Dead Pool: Blood Howler, Blood Howler, Task Mistres
End of Turn 40: P1 board 5, P2 board 9, Dead Pool 46
Turn 41 - P2 acts
  - P2 hand: Bruut Enforcer
  + P2 board: Bruut Enforcer
  - P2 board: Detainment Probe
  + P2 retired: Detainment Probe
  + Dead Pool: Detainment Probe, Detainment Probe
End of Turn 41: P1 board 5, P2 board 9, Dead Pool 48
Turn 42 - P1 acts
  - P1 hand: Annihilist Overseer
  + P1 board: Annihilist Overseer
  - P1 board: Mutt
  + P1 retired: Mutt
  + Dead Pool: Mutt, Mutt
End of Turn 42: P1 board 5, P2 board 9, Dead Pool 50
Turn 43 - P2 acts
  - P2 hand: Sentry Node
  + P2 board: Sentry Node
  - P2 board: Detainment Probe
  + P2 retired: Detainment Probe
  + Dead Pool: Detainment Probe, Detainment Probe
End of Turn 43: P1 board 5, P2 board 9, Dead Pool 52
Turn 44 - P1 acts
  - P1 hand: Void Freak
  + P1 board: Void Freak
  - P1 board: Annihilist Overseer
  + P1 retired: Annihilist Overseer
  + Dead Pool: Annihilist Overseer, Annihilist Overseer
End of Turn 44: P1 board 5, P2 board 9, Dead Pool 54
Turn 45 - P2 acts
  - P1 board: Dragoon
  + P1 retired: Dragoon
  - P2 hand: Killjoy
  + P2 board: Killjoy
  - P2 board: Task Mistres
  + P2 retired: Task Mistres
  + Dead Pool: Task Mistres, Task Mistres, Dragoon
End of Turn 45: P1 board 4, P2 board 9, Dead Pool 57
Turn 46 - P1 acts
  - P1 hand: Nives
  + P1 board: Nives
  - P1 board: Local Singularity
  + P1 retired: Local Singularity
  - P2 board: Sentry Node
  + P2 retired: Sentry Node
  + Dead Pool: Local Singularity, Local Singularity, Sentry Node
End of Turn 46: P1 board 4, P2 board 8, Dead Pool 60
Turn 47 - P2 acts
  - P2 hand: Task Mistres
  + P2 board: Task Mistres
End of Turn 47: P1 board 4, P2 board 9, Dead Pool 60
Turn 48 - P1 acts
  - P1 hand: Käsekobold
  + P1 board: Käsekobold
  - P2 board: K-9.0
  + P2 retired: K-9.0
  + Dead Pool: K-9.0
End of Turn 48: P1 board 5, P2 board 8, Dead Pool 61
Turn 49 - P2 acts
  - P1 board: Void Freak
  + P1 retired: Void Freak
  - P2 hand: Hover Shield
  + P2 board: Hover Shield
  + Dead Pool: Void Freak
End of Turn 49: P1 board 4, P2 board 9, Dead Pool 62
Turn 50 - P1 acts
  - P1 hand: Käsekobold
  + P1 board: Käsekobold
  - P2 board: Impact Simulant
  + P2 retired: Impact Simulant
  + Dead Pool: Impact Simulant
End of Turn 50: P1 board 5, P2 board 8, Dead Pool 63
Turn 51 - P2 acts
  - P1 board: Technomancer
  + P1 retired: Technomancer
  - P2 hand: Dormex Lurker
  + P2 board: Dormex Lurker
  + Dead Pool: Technomancer
End of Turn 51: P1 board 4, P2 board 9, Dead Pool 64
Turn 52 - P1 acts
  - P1 hand: Restless Natives
  + P1 board: Restless Natives
  - P2 board: Shield Array Node
  + P2 retired: Shield Array Node
  + Dead Pool: Shield Array Node
End of Turn 52: P1 board 5, P2 board 8, Dead Pool 65
Turn 53 - P2 acts
  - P1 board: Nives
  + P1 retired: Nives
  - P2 hand: Impact Simulant
  + P2 board: Impact Simulant
  + Dead Pool: Nives
End of Turn 53: P1 board 4, P2 board 9, Dead Pool 66
Turn 54 - P1 acts
  - P1 hand: Technomancer
  + P1 board: Technomancer
  - P1 board: Käsekobold
  + P1 retired: Käsekobold
  + Dead Pool: Käsekobold, Käsekobold
End of Turn 54: P1 board 4, P2 board 9, Dead Pool 68
Turn 55 - P2 acts
  - P2 hand: MediFlux-1NDS
  + P2 board: MediFlux-1NDS
End of Turn 55: P1 board 4, P2 board 10, Dead Pool 68
Turn 56 - P1 acts
  - P1 hand: Restless Natives
  + P1 board: Restless Natives
  - P1 board: Käsekobold
  + P1 retired: Käsekobold
  + Dead Pool: Käsekobold, Käsekobold
End of Turn 56: P1 board 4, P2 board 10, Dead Pool 70
Turn 57 - P2 acts
  - P2 hand: Target Marker Probe
  + P2 board: Target Marker Probe
End of Turn 57: P1 board 4, P2 board 11, Dead Pool 70
Turn 58 - P1 acts
  - P1 hand: Dragoon
  + P1 board: Dragoon
  - P1 board: Restless Natives
  + P1 retired: Restless Natives
  - P2 board: Sausage Droid
  + P2 retired: Sausage Droid
  + Dead Pool: Sausage Droid, Restless Natives, Restless Natives
End of Turn 58: P1 board 4, P2 board 10, Dead Pool 73
Turn 59 - P2 acts
  - P2 hand: Hover Shield
  + P2 board: Hover Shield
End of Turn 59: P1 board 4, P2 board 11, Dead Pool 73
Turn 60 - P1 acts
  - P1 hand: Primordial Oozer
  + P1 board: Primordial Oozer
End of Turn 60: P1 board 5, P2 board 11, Dead Pool 73
Turn 61 - P2 acts
  - P1 board: Technomancer
  + P1 retired: Technomancer
  - P2 hand: Impact Simulant
  + P2 board: Impact Simulant
  + Dead Pool: Technomancer
End of Turn 61: P1 board 4, P2 board 12, Dead Pool 74
Turn 62 - P1 acts
  - P1 hand: Void Freak
  + P1 board: Void Freak
  - P1 board: Restless Natives
  + P1 retired: Restless Natives
  + Dead Pool: Restless Natives, Restless Natives
End of Turn 62: P1 board 4, P2 board 12, Dead Pool 76
Turn 63 - P2 acts
  - P2 hand: Impact Simulant
  + P2 board: Impact Simulant
End of Turn 63: P1 board 4, P2 board 13, Dead Pool 76
Turn 64 - P1 acts
  - P1 hand: Vex
  + P1 board: Vex
  - P1 board: Dragoon
  + P1 retired: Dragoon
  - P2 board: K-9.0
  + P2 retired: K-9.0
  + Dead Pool: Dragoon, Dragoon, K-9.0
End of Turn 64: P1 board 4, P2 board 12, Dead Pool 79
Turn 65 - P2 acts
  - P2 hand: Dormex Lurker
  + P2 board: Dormex Lurker
End of Turn 65: P1 board 4, P2 board 13, Dead Pool 79
Turn 66 - P1 acts
  - P1 hand: Restless Natives
  + P1 board: Restless Natives
  - P2 board: Bruut Enforcer
  + P2 retired: Bruut Enforcer
  + Dead Pool: Bruut Enforcer
End of Turn 66: P1 board 5, P2 board 12, Dead Pool 80
Turn 67 - P2 acts
  - P1 board: Void Freak
  + P1 retired: Void Freak
  - P2 hand: Marine Marauder
  + P2 board: Marine Marauder
  + Dead Pool: Void Freak
End of Turn 67: P1 board 4, P2 board 13, Dead Pool 81
Turn 68 - P1 acts
  - P1 hand: Psychodelic Toad
  + P1 board: Psychodelic Toad
  - P1 board: Primordial Oozer
  + P1 retired: Primordial Oozer
  + Dead Pool: Primordial Oozer, Primordial Oozer
End of Turn 68: P1 board 4, P2 board 13, Dead Pool 83
Turn 69 - P2 acts
  - P2 hand: Nob Lobber
  + P2 board: Nob Lobber
  - P2 board: Killjoy
  + P2 retired: Killjoy
  + Dead Pool: Killjoy, Killjoy
End of Turn 69: P1 board 4, P2 board 13, Dead Pool 85
Turn 70 - P1 acts
  - P1 hand: Krax
  + P1 board: Krax
  - P1 board: Vex, Restless Natives
  + P1 retired: Vex, Restless Natives
  + Dead Pool: Vex, Vex, Restless Natives, Restless Natives
End of Turn 70: P1 board 3, P2 board 13, Dead Pool 89
Turn 71 - P2 acts
  - P2 hand: Task Mistres
  + P2 board: Task Mistres
End of Turn 71: P1 board 3, P2 board 14, Dead Pool 89
Turn 72 - P1 acts
  - P1 hand: Dragoon
  + P1 board: Dragoon
  - P1 board: Psychodelic Toad, Krax
  + P1 retired: Psychodelic Toad, Krax
  - P2 board: Task Mistres
  + P2 retired: Task Mistres
  + Dead Pool: Psychodelic Toad, Psychodelic Toad, Krax, Krax, Task Mistres
End of Turn 72: P1 board 2, P2 board 13, Dead Pool 94
Turn 73 - P2 acts
  - P2 hand: Target Marker Probe
  + P2 board: Target Marker Probe
End of Turn 73: P1 board 2, P2 board 14, Dead Pool 94
Turn 74 - P1 acts
  - P1 hand: Annihilist Overseer
  + P1 board: Annihilist Overseer
  - P1 board: Dragoon
  + P1 retired: Dragoon
  + Dead Pool: Dragoon, Dragoon
End of Turn 74: P1 board 2, P2 board 14, Dead Pool 96
Turn 75 - P2 acts
  - P2 hand: Sausage Droid
  + P2 board: Sausage Droid
End of Turn 75: P1 board 2, P2 board 15, Dead Pool 96
Turn 76 - P1 acts
  - P1 hand: Käsekobold
  + P1 board: Käsekobold
  - P1 board: Annihilist Overseer
  + P1 retired: Annihilist Overseer
  + Dead Pool: Annihilist Overseer, Annihilist Overseer
End of Turn 76: P1 board 2, P2 board 15, Dead Pool 98
Turn 77 - P2 acts
  - P2 hand: Bruut Enforcer
  + P2 board: Bruut Enforcer
  - P2 board: Hover Shield
  + P2 retired: Hover Shield
  + Dead Pool: Hover Shield, Hover Shield
End of Turn 77: P1 board 2, P2 board 15, Dead Pool 100
Turn 78 - P1 acts
  - P1 hand: Vex
  + P1 board: Vex
  - P1 board: Käsekobold
  + P1 retired: Käsekobold
  + Dead Pool: Käsekobold, Käsekobold
End of Turn 78: P1 board 2, P2 board 15, Dead Pool 102
Turn 79 - P2 acts
  - P2 hand: Marine Marauder
  + P2 board: Marine Marauder
End of Turn 79: P1 board 2, P2 board 16, Dead Pool 102
Turn 80 - P1 acts
  - P1 hand: Käsekobold
  + P1 board: Käsekobold
  - P1 board: Vex
  + P1 retired: Vex
  - P2 board: Dormex Lurker
  + P2 retired: Dormex Lurker
  + Dead Pool: Vex, Vex, Dormex Lurker
End of Turn 80: P1 board 2, P2 board 15, Dead Pool 105
Turn 81 - P2 acts
  - P2 hand: Compliance Auditon
  + P2 board: Compliance Auditon
End of Turn 81: P1 board 2, P2 board 16, Dead Pool 105
Turn 82 - P1 acts
  - P1 hand: Meat Vegetable
  + P1 board: Meat Vegetable
End of Turn 82: P1 board 3, P2 board 16, Dead Pool 105
Turn 83 - P2 acts
  - P2 hand: Nob Lobber
  + P2 board: Nob Lobber
  - P2 board: Impact Simulant
  + P2 retired: Impact Simulant
  + Dead Pool: Impact Simulant, Impact Simulant
End of Turn 83: P1 board 3, P2 board 16, Dead Pool 107
Turn 84 - P1 acts
  - P1 hand: Meat Vegetable
  + P1 board: Meat Vegetable
End of Turn 84: P1 board 4, P2 board 16, Dead Pool 107
Turn 85 - P2 acts
  - P1 board: Käsekobold
  + P1 retired: Käsekobold
  - P2 hand: K-9.0
  + P2 board: K-9.0
  - P2 board: MediFlux-1NDS
  + P2 retired: MediFlux-1NDS
  + Dead Pool: MediFlux-1NDS, MediFlux-1NDS, Käsekobold
End of Turn 85: P1 board 3, P2 board 16, Dead Pool 110
Turn 86 - P1 acts
  - P1 hand: Primordial Oozer
  + P1 board: Primordial Oozer
End of Turn 86: P1 board 4, P2 board 16, Dead Pool 110
Turn 87 - P2 acts
  - P2 hand: Sentry Node
  + P2 board: Sentry Node
  - P2 board: Target Marker Probe
  + P2 retired: Target Marker Probe
  + Dead Pool: Target Marker Probe, Target Marker Probe
End of Turn 87: P1 board 4, P2 board 16, Dead Pool 112
Turn 88 - P1 acts
  - P1 hand: Blood Howler
  + P1 board: Blood Howler
End of Turn 88: P1 board 5, P2 board 16, Dead Pool 112
Turn 89 - P2 acts
  - P1 board: Meat Vegetable
  + P1 retired: Meat Vegetable
  - P2 hand: Killjoy
  + P2 board: Killjoy
  - P2 board: Hover Shield
  + P2 retired: Hover Shield
  + Dead Pool: Meat Vegetable, Hover Shield, Hover Shield
End of Turn 89: P1 board 4, P2 board 16, Dead Pool 115
Turn 90 - P1 acts
  - P1 hand: Mutt
  + P1 board: Mutt
  - P1 board: Meat Vegetable
  + P1 retired: Meat Vegetable
  + Dead Pool: Meat Vegetable, Meat Vegetable
End of Turn 90: P1 board 4, P2 board 16, Dead Pool 117
Turn 91 - P2 acts
  - P2 hand: K-9.0
  + P2 board: K-9.0
End of Turn 91: P1 board 4, P2 board 17, Dead Pool 117
Turn 92 - P1 acts
  - P1 hand: Local Singularity
  + P1 board: Local Singularity
  - P1 board: Primordial Oozer
  + P1 retired: Primordial Oozer
  - P2 board: Impact Simulant
  + P2 retired: Impact Simulant
  + Dead Pool: Primordial Oozer, Primordial Oozer, Impact Simulant
End of Turn 92: P1 board 4, P2 board 16, Dead Pool 120
Turn 93 - P2 acts
  - P2 hand: MediFlux-1NDS
  + P2 board: MediFlux-1NDS
End of Turn 93: P1 board 4, P2 board 17, Dead Pool 120
Turn 94 - P1 acts
  - P1 hand: Voidling
  + P1 board: Voidling
End of Turn 94: P1 board 5, P2 board 17, Dead Pool 120
Turn 95 - P2 acts
  - P1 board: Blood Howler
  + P1 retired: Blood Howler
  - P2 hand: Nob Lobber
  + P2 board: Nob Lobber
  - P2 board: Impact Simulant
  + P2 retired: Impact Simulant
  + Dead Pool: Blood Howler, Impact Simulant, Impact Simulant
End of Turn 95: P1 board 4, P2 board 17, Dead Pool 123
Turn 96 - P1 acts
  - P1 hand: Restless Natives
  + P1 board: Restless Natives
  - P1 board: Mutt
  + P1 retired: Mutt
  + Dead Pool: Mutt, Mutt
End of Turn 96: P1 board 4, P2 board 17, Dead Pool 125
Turn 97 - P2 acts
  - P2 hand: Buzzkill
  + P2 board: Buzzkill
  - P2 board: Dormex Lurker, Marine Marauder
  + P2 retired: Marine Marauder, Dormex Lurker
  + Dead Pool: Marine Marauder, Marine Marauder, Dormex Lurker, Dormex Lurker
End of Turn 97: P1 board 4, P2 board 16, Dead Pool 129
Turn 98 - P1 acts
  - P1 hand: Voidling
  + P1 board: Voidling
End of Turn 98: P1 board 5, P2 board 16, Dead Pool 129
Turn 99 - P2 acts
  - P1 board: Local Singularity
  + P1 retired: Local Singularity
  - P2 hand: Sausage Droid
  + P2 board: Sausage Droid
  + Dead Pool: Local Singularity
End of Turn 99: P1 board 4, P2 board 17, Dead Pool 130
Turn 100 - P1 acts
  - P1 hand: Void Freak
  + P1 board: Void Freak
End of Turn 100: P1 board 5, P2 board 17, Dead Pool 130
Turn 101 - P2 acts
  - P1 board: Restless Natives
  + P1 retired: Restless Natives
  - P2 hand: Sentry Node
  + P2 board: Sentry Node
  - P2 board: Nob Lobber
  + P2 retired: Nob Lobber
  + Dead Pool: Restless Natives, Nob Lobber, Nob Lobber
End of Turn 101: P1 board 4, P2 board 17, Dead Pool 133
Turn 102 - P1 acts
  - P1 hand: Krax
  + P1 board: Krax
  - P1 board: Voidling
  + P1 retired: Voidling
  - P2 board: Sentry Node
  + P2 retired: Sentry Node
  + Dead Pool: Voidling, Voidling, Sentry Node
End of Turn 102: P1 board 4, P2 board 16, Dead Pool 136
Turn 103 - P2 acts
  - P1 board: Grim
  + P1 retired: Grim
  - P2 hand: MediFlux-1NDS
  + P2 board: MediFlux-1NDS
  + Dead Pool: Grim
Result: winner P2 | turns 102
Retired: P1 49, P2 36, Dead Pool 137

=== Game seed 11049 ===
Starting: P1 faction PCU vs P2 faction NARC
Turn 1 - P1 acts
  - P1 hand: Void Freak
  + P1 board: Void Freak
End of Turn 1: P1 board 2, P2 board 1, Dead Pool 0
Turn 2 - P2 acts
  - P2 hand: Compliance Auditon
  + P2 board: Compliance Auditon
End of Turn 2: P1 board 2, P2 board 2, Dead Pool 0
Turn 3 - P1 acts
  - P1 hand: Käsekobold
  + P1 board: Käsekobold
  - P2 board: Lokar Simmons
  + P2 retired: Lokar Simmons
  + Dead Pool: Lokar Simmons
Result: winner P1 | turns 2
Retired: P1 0, P2 1, Dead Pool 1

=== Game seed 11050 ===
Starting: P1 faction PCU vs P2 faction NARC
Turn 1 - P1 acts
  - P1 hand: Meat Vegetable
  + P1 board: Meat Vegetable
End of Turn 1: P1 board 2, P2 board 1, Dead Pool 0
Turn 2 - P2 acts
  - P2 hand: Compliance Auditon
  + P2 board: Compliance Auditon
End of Turn 2: P1 board 2, P2 board 2, Dead Pool 0
Turn 3 - P1 acts
  - P1 hand: Void Freak
  + P1 board: Void Freak
End of Turn 3: P1 board 3, P2 board 2, Dead Pool 0
Turn 4 - P2 acts
  - P2 hand: Task Mistres
  + P2 board: Task Mistres
End of Turn 4: P1 board 3, P2 board 3, Dead Pool 0
Turn 5 - P1 acts
  - P1 hand: Void Freak
  + P1 board: Void Freak
  - P2 board: Compliance Auditon
  + P2 retired: Compliance Auditon
  + Dead Pool: Compliance Auditon
End of Turn 5: P1 board 4, P2 board 2, Dead Pool 1
Turn 6 - P2 acts
  - P2 hand: Hover Shield
  + P2 board: Hover Shield
End of Turn 6: P1 board 4, P2 board 3, Dead Pool 1
Turn 7 - P1 acts
  - P1 hand: Primordial Oozer
  + P1 board: Primordial Oozer
  - P2 board: Task Mistres
  + P2 retired: Task Mistres
  + Dead Pool: Task Mistres
End of Turn 7: P1 board 5, P2 board 2, Dead Pool 2
Turn 8 - P2 acts
  - P2 hand: Hover Shield
  + P2 board: Hover Shield
End of Turn 8: P1 board 5, P2 board 3, Dead Pool 2
Turn 9 - P1 acts
  - P1 hand: Psychodelic Toad
  + P1 board: Psychodelic Toad
  - P2 board: Hover Shield
  + P2 retired: Hover Shield
  + Dead Pool: Hover Shield
End of Turn 9: P1 board 6, P2 board 2, Dead Pool 3
Turn 10 - P2 acts
  - P2 hand: Detainment Probe
  + P2 board: Detainment Probe
End of Turn 10: P1 board 6, P2 board 3, Dead Pool 3
Turn 11 - P1 acts
  - P1 hand: Mutt
  + P1 board: Mutt
  - P1 board: Meat Vegetable, Void Freak
  + P1 retired: Meat Vegetable, Void Freak
  - P2 board: Hover Shield
  + P2 retired: Hover Shield
  + Dead Pool: Hover Shield, Meat Vegetable, Meat Vegetable, Void Freak, Void Freak
End of Turn 11: P1 board 5, P2 board 2, Dead Pool 8
Turn 12 - P2 acts
  - P2 hand: Target Marker Probe
  + P2 board: Target Marker Probe
End of Turn 12: P1 board 5, P2 board 3, Dead Pool 8
Turn 13 - P1 acts
  - P1 hand: Voidling
  + P1 board: Voidling
  - P1 board: Void Freak
  + P1 retired: Void Freak
  + Dead Pool: Void Freak, Void Freak
End of Turn 13: P1 board 5, P2 board 3, Dead Pool 10
Turn 14 - P2 acts
  - P2 hand: Compliance Auditon
  + P2 board: Compliance Auditon
  - P2 board: Detainment Probe
  + P2 retired: Detainment Probe
  + Dead Pool: Detainment Probe, Detainment Probe
End of Turn 14: P1 board 5, P2 board 3, Dead Pool 12
Turn 15 - P1 acts
  - P1 hand: Vex
  + P1 board: Vex
  - P1 board: Primordial Oozer
  + P1 retired: Primordial Oozer
  + Dead Pool: Primordial Oozer, Primordial Oozer
End of Turn 15: P1 board 5, P2 board 3, Dead Pool 14
Turn 16 - P2 acts
  - P2 hand: Shield Array Node
  + P2 board: Shield Array Node
End of Turn 16: P1 board 5, P2 board 4, Dead Pool 14
Turn 17 - P1 acts
  - P1 hand: Nives
  + P1 board: Nives
  - P1 board: Psychodelic Toad
  + P1 retired: Psychodelic Toad
  + Dead Pool: Psychodelic Toad, Psychodelic Toad
End of Turn 17: P1 board 5, P2 board 4, Dead Pool 16
Turn 18 - P2 acts
  - P2 hand: Impact Simulant
  + P2 board: Impact Simulant
End of Turn 18: P1 board 5, P2 board 5, Dead Pool 16
Turn 19 - P1 acts
  - P1 hand: Mutt
  + P1 retired: Mutt
  + Dead Pool: Mutt, Mutt
End of Turn 19: P1 board 5, P2 board 5, Dead Pool 18
Turn 20 - P2 acts
  - P2 hand: Dormex Lurker
  + P2 board: Dormex Lurker
  - P2 board: Target Marker Probe
  + P2 retired: Target Marker Probe
  + Dead Pool: Target Marker Probe, Target Marker Probe
End of Turn 20: P1 board 5, P2 board 5, Dead Pool 20
Turn 21 - P1 acts
  - P1 hand: Annihilist Overseer
  + P1 board: Annihilist Overseer
  - P1 board: Voidling
  + P1 retired: Voidling
  + Dead Pool: Voidling, Voidling
End of Turn 21: P1 board 5, P2 board 5, Dead Pool 22
Turn 22 - P2 acts
  - P2 hand: Task Mistres
  + P2 board: Task Mistres
End of Turn 22: P1 board 5, P2 board 6, Dead Pool 22
Turn 23 - P1 acts
  - P1 hand: Mutt
  + P1 board: Mutt
  - P1 board: Vex, Annihilist Overseer
  + P1 retired: Vex, Annihilist Overseer
  + Dead Pool: Vex, Vex, Annihilist Overseer, Annihilist Overseer
End of Turn 23: P1 board 4, P2 board 6, Dead Pool 26
Turn 24 - P2 acts
  - P2 hand: MediFlux-1NDS
  + P2 board: MediFlux-1NDS
End of Turn 24: P1 board 4, P2 board 7, Dead Pool 26
Turn 25 - P1 acts
  - P1 hand: Vex
  + P1 board: Vex
  - P1 board: Nives
  + P1 retired: Nives
  - P2 board: Compliance Auditon
  + P2 retired: Compliance Auditon
  + Dead Pool: Compliance Auditon, Nives, Nives
End of Turn 25: P1 board 4, P2 board 6, Dead Pool 29
Turn 26 - P2 acts
  - P2 hand: Sausage Droid
  + P2 board: Sausage Droid
End of Turn 26: P1 board 4, P2 board 7, Dead Pool 29
Turn 27 - P1 acts
  - P1 hand: Annihilist Overseer
  + P1 board: Annihilist Overseer
  - P1 board: Mutt
  + P1 retired: Mutt
  + Dead Pool: Mutt, Mutt
End of Turn 27: P1 board 4, P2 board 7, Dead Pool 31
Turn 28 - P2 acts
  - P2 hand: Dormex Lurker
  + P2 board: Dormex Lurker
End of Turn 28: P1 board 4, P2 board 8, Dead Pool 31
Turn 29 - P1 acts
  - P1 hand: Krax
  + P1 board: Krax
  - P1 board: Mutt, Vex, Annihilist Overseer
  + P1 retired: Mutt, Vex, Annihilist Overseer
  + Dead Pool: Mutt, Mutt, Vex, Vex, Annihilist Overseer, Annihilist Overseer
End of Turn 29: P1 board 2, P2 board 8, Dead Pool 37
Turn 30 - P2 acts
  - P2 hand: MediFlux-1NDS
  + P2 board: MediFlux-1NDS
End of Turn 30: P1 board 2, P2 board 9, Dead Pool 37
Turn 31 - P1 acts
  - P1 hand: Käsekobold
  + P1 board: Käsekobold
  - P2 board: Shield Array Node
  + P2 retired: Shield Array Node
  + Dead Pool: Shield Array Node
End of Turn 31: P1 board 3, P2 board 8, Dead Pool 38
Turn 32 - P2 acts
  - P2 hand: K-9.0
  + P2 board: K-9.0
End of Turn 32: P1 board 3, P2 board 9, Dead Pool 38
Turn 33 - P1 acts
  - P1 hand: Primordial Oozer
  + P1 board: Primordial Oozer
  - P1 board: Krax
  + P1 retired: Krax
  - P2 board: Impact Simulant
  + P2 retired: Impact Simulant
  + Dead Pool: Krax, Krax, Impact Simulant
End of Turn 33: P1 board 3, P2 board 8, Dead Pool 41
Turn 34 - P2 acts
  - P2 hand: K-9.0
  + P2 board: K-9.0
End of Turn 34: P1 board 3, P2 board 9, Dead Pool 41
Turn 35 - P1 acts
  - P1 hand: Dragoon
  + P1 board: Dragoon
  - P1 board: Käsekobold
  + P1 retired: Käsekobold
  - P2 board: Dormex Lurker
  + P2 retired: Dormex Lurker
  + Dead Pool: Käsekobold, Käsekobold, Dormex Lurker
End of Turn 35: P1 board 3, P2 board 8, Dead Pool 44
Turn 36 - P2 acts
  - P1 board: Primordial Oozer
  + P1 retired: Primordial Oozer
  - P2 hand: Nob Lobber
  + P2 board: Nob Lobber
  - P2 board: Task Mistres
  + P2 retired: Task Mistres
  + Dead Pool: Task Mistres, Task Mistres, Primordial Oozer
End of Turn 36: P1 board 2, P2 board 8, Dead Pool 47
Turn 37 - P1 acts
  - P1 hand: Meat Vegetable
  + P1 board: Meat Vegetable
End of Turn 37: P1 board 3, P2 board 8, Dead Pool 47
Turn 38 - P2 acts
  - P2 hand: Sausage Droid
  + P2 board: Sausage Droid
End of Turn 38: P1 board 3, P2 board 9, Dead Pool 47
Turn 39 - P1 acts
  - P1 hand: Krax
  + P1 board: Krax
  - P1 board: Dragoon
  + P1 retired: Dragoon
  + Dead Pool: Dragoon, Dragoon
End of Turn 39: P1 board 3, P2 board 9, Dead Pool 49
Turn 40 - P2 acts
  - P1 board: Meat Vegetable
  + P1 retired: Meat Vegetable
  - P2 hand: Hover Shield
  + P2 board: Hover Shield
  + Dead Pool: Meat Vegetable
End of Turn 40: P1 board 2, P2 board 10, Dead Pool 50
Turn 41 - P1 acts
  - P1 hand: Local Singularity
  + P1 board: Local Singularity
  - P2 board: MediFlux-1NDS
  + P2 retired: MediFlux-1NDS
  + Dead Pool: MediFlux-1NDS
End of Turn 41: P1 board 3, P2 board 9, Dead Pool 51
Turn 42 - P2 acts
  - P2 hand: Shield Array Node
  + P2 board: Shield Array Node
End of Turn 42: P1 board 3, P2 board 10, Dead Pool 51
Turn 43 - P1 acts
  - P1 hand: Nives
  + P1 board: Nives
  - P1 board: Krax
  + P1 retired: Krax
  + Dead Pool: Krax, Krax
End of Turn 43: P1 board 3, P2 board 10, Dead Pool 53
Turn 44 - P2 acts
  - P2 hand: Detainment Probe
  + P2 board: Detainment Probe
End of Turn 44: P1 board 3, P2 board 11, Dead Pool 53
Turn 45 - P1 acts
  - P1 hand: Blood Howler
  + P1 board: Blood Howler
  - P1 board: Local Singularity
  + P1 retired: Local Singularity
  - P2 board: Sausage Droid
  + P2 retired: Sausage Droid
  + Dead Pool: Local Singularity, Local Singularity, Sausage Droid
End of Turn 45: P1 board 3, P2 board 10, Dead Pool 56
Turn 46 - P2 acts
  - P2 hand: Killjoy
  + P2 board: Killjoy
  - P2 board: Dormex Lurker
  + P2 retired: Dormex Lurker
  + Dead Pool: Dormex Lurker, Dormex Lurker
End of Turn 46: P1 board 3, P2 board 10, Dead Pool 58
Turn 47 - P1 acts
  - P1 hand: Käsekobold
  + P1 board: Käsekobold
  - P1 board: Nives
  + P1 retired: Nives
  + Dead Pool: Nives, Nives
End of Turn 47: P1 board 3, P2 board 10, Dead Pool 60
Turn 48 - P2 acts
  - P2 hand: Target Marker Probe
  + P2 board: Target Marker Probe
End of Turn 48: P1 board 3, P2 board 11, Dead Pool 60
Turn 49 - P1 acts
  - P1 hand: Käsekobold
  + P1 board: Käsekobold
  - P2 board: Detainment Probe
  + P2 retired: Detainment Probe
  + Dead Pool: Detainment Probe
End of Turn 49: P1 board 4, P2 board 10, Dead Pool 61
Turn 50 - P2 acts
  - P2 hand: Marine Marauder
  + P2 board: Marine Marauder
End of Turn 50: P1 board 4, P2 board 11, Dead Pool 61
Turn 51 - P1 acts
  - P1 hand: Dragoon
  + P1 board: Dragoon
  - P1 board: Blood Howler, Käsekobold
  + P1 retired: Käsekobold, Blood Howler
  - P2 board: MediFlux-1NDS
  + P2 retired: MediFlux-1NDS
  + Dead Pool: Käsekobold, Käsekobold, MediFlux-1NDS, Blood Howler, Blood Howler
End of Turn 51: P1 board 3, P2 board 10, Dead Pool 66
Turn 52 - P2 acts
  - P2 hand: Target Marker Probe
  + P2 board: Target Marker Probe
End of Turn 52: P1 board 3, P2 board 11, Dead Pool 66
Turn 53 - P1 acts
  - P1 hand: Blood Howler
  + P1 board: Blood Howler
  - P1 board: Käsekobold
  + P1 retired: Käsekobold
  + Dead Pool: Käsekobold, Käsekobold
End of Turn 53: P1 board 3, P2 board 11, Dead Pool 68
Turn 54 - P2 acts
  - P2 hand: Bruut Enforcer
  + P2 board: Bruut Enforcer
  - P2 board: K-9.0
  + P2 retired: K-9.0
  + Dead Pool: K-9.0, K-9.0
End of Turn 54: P1 board 3, P2 board 11, Dead Pool 70
Turn 55 - P1 acts
  - P1 hand: Restless Natives
  + P1 board: Restless Natives
End of Turn 55: P1 board 4, P2 board 11, Dead Pool 70
Turn 56 - P2 acts
  - P1 board: Dragoon
  + P1 retired: Dragoon
  - P2 hand: MediFlux-1NDS
  + P2 board: MediFlux-1NDS
  + Dead Pool: Dragoon
End of Turn 56: P1 board 3, P2 board 12, Dead Pool 71
Turn 57 - P1 acts
  - P1 hand: Void Freak
  + P1 board: Void Freak
  - P2 board: Nob Lobber
  + P2 retired: Nob Lobber
  + Dead Pool: Nob Lobber
End of Turn 57: P1 board 4, P2 board 11, Dead Pool 72
Turn 58 - P2 acts
  - P2 hand: Impact Simulant
  + P2 board: Impact Simulant
End of Turn 58: P1 board 4, P2 board 12, Dead Pool 72
Turn 59 - P1 acts
  - P1 hand: Krax
  + P1 board: Krax
  - P1 board: Blood Howler, Restless Natives
  + P1 retired: Blood Howler, Restless Natives
  - P2 board: K-9.0
  + P2 retired: K-9.0
  + Dead Pool: Blood Howler, Blood Howler, K-9.0, Restless Natives, Restless Natives
End of Turn 59: P1 board 3, P2 board 11, Dead Pool 77
Turn 60 - P2 acts
  - P2 hand: Hover Shield
  + P2 board: Hover Shield
End of Turn 60: P1 board 3, P2 board 12, Dead Pool 77
Turn 61 - P1 acts
  - P1 hand: Annihilist Overseer
  + P1 board: Annihilist Overseer
  - P1 board: Void Freak
  + P1 retired: Void Freak
  - P2 board: Sausage Droid
  + P2 retired: Sausage Droid
  + Dead Pool: Void Freak, Void Freak, Sausage Droid
End of Turn 61: P1 board 3, P2 board 11, Dead Pool 80
Turn 62 - P2 acts
  - P2 hand: Marine Marauder
  + P2 board: Marine Marauder
End of Turn 62: P1 board 3, P2 board 12, Dead Pool 80
Turn 63 - P1 acts
  - P1 hand: Psychodelic Toad
  + P1 board: Psychodelic Toad
  - P1 board: Annihilist Overseer
  + P1 retired: Annihilist Overseer
  + Dead Pool: Annihilist Overseer, Annihilist Overseer
End of Turn 63: P1 board 3, P2 board 12, Dead Pool 82
Turn 64 - P2 acts
  - P2 hand: Marine Marauder
  + P2 board: Marine Marauder
  - P2 board: Hover Shield
  + P2 retired: Hover Shield
  + Dead Pool: Hover Shield, Hover Shield
End of Turn 64: P1 board 3, P2 board 12, Dead Pool 84
Turn 65 - P1 acts
  - P1 hand: Local Singularity
  + P1 board: Local Singularity
  - P1 board: Krax
  + P1 retired: Krax
  + Dead Pool: Krax, Krax
End of Turn 65: P1 board 3, P2 board 12, Dead Pool 86
Turn 66 - P2 acts
  - P2 hand: Sentry Node
  + P2 board: Sentry Node
  - P2 board: Shield Array Node
  + P2 retired: Shield Array Node
  + Dead Pool: Shield Array Node, Shield Array Node
End of Turn 66: P1 board 3, P2 board 12, Dead Pool 88
Turn 67 - P1 acts
  - P1 hand: Voidling
  + P1 board: Voidling
  - P1 board: Psychodelic Toad
  + P1 retired: Psychodelic Toad
  + Dead Pool: Psychodelic Toad, Psychodelic Toad
End of Turn 67: P1 board 3, P2 board 12, Dead Pool 90
Turn 68 - P2 acts
  - P2 hand: Detainment Probe
  + P2 board: Detainment Probe
End of Turn 68: P1 board 3, P2 board 13, Dead Pool 90
Turn 69 - P1 acts
  - P1 hand: Technomancer
  + P1 board: Technomancer
  - P1 board: Local Singularity
  + P1 retired: Local Singularity
  + Dead Pool: Local Singularity, Local Singularity
End of Turn 69: P1 board 3, P2 board 13, Dead Pool 92
Turn 70 - P2 acts
  - P1 board: Voidling
  + P1 retired: Voidling
  - P2 hand: Impact Simulant
  + P2 board: Impact Simulant
  + Dead Pool: Voidling
End of Turn 70: P1 board 2, P2 board 14, Dead Pool 93
Turn 71 - P1 acts
  - P1 hand: Vex
  + P1 board: Vex
  - P1 board: Technomancer
  + P1 retired: Technomancer
  + Dead Pool: Technomancer, Technomancer
End of Turn 71: P1 board 2, P2 board 14, Dead Pool 95
Turn 72 - P2 acts
  - P2 hand: Compliance Auditon
  + P2 board: Compliance Auditon
  - P2 board: Sentry Node
  + P2 retired: Sentry Node
  + Dead Pool: Sentry Node, Sentry Node
End of Turn 72: P1 board 2, P2 board 14, Dead Pool 97
Turn 73 - P1 acts
  - P1 hand: Restless Natives
  + P1 board: Restless Natives
  - P1 board: Vex
  + P1 retired: Vex
  + Dead Pool: Vex, Vex
End of Turn 73: P1 board 2, P2 board 14, Dead Pool 99
Turn 74 - P2 acts
  - P2 hand: Sentry Node
  + P2 board: Sentry Node
  - P2 board: Killjoy
  + P2 retired: Killjoy
  + Dead Pool: Killjoy, Killjoy
End of Turn 74: P1 board 2, P2 board 14, Dead Pool 101
Turn 75 - P1 acts
  - P1 hand: Krax
  + P1 board: Krax
  - P1 board: Grim, Restless Natives
  + P1 retired: Restless Natives, Grim
  + Dead Pool: Restless Natives, Restless Natives, Grim
Result: winner P2 | turns 74
Retired: P1 38, P2 24, Dead Pool 104

=== Game seed 11051 ===
Starting: P1 faction PCU vs P2 faction NARC
Turn 1 - P2 acts
  - P2 hand: Task Mistres
  + P2 board: Task Mistres
End of Turn 1: P1 board 1, P2 board 2, Dead Pool 0
Turn 2 - P1 acts
  - P1 hand: Meat Vegetable
  + P1 board: Meat Vegetable
End of Turn 2: P1 board 2, P2 board 2, Dead Pool 0
Turn 3 - P2 acts
  - P2 hand: Compliance Auditon
  + P2 board: Compliance Auditon
End of Turn 3: P1 board 2, P2 board 3, Dead Pool 0
Turn 4 - P1 acts
  - P1 hand: Psychodelic Toad
  + P1 board: Psychodelic Toad
End of Turn 4: P1 board 3, P2 board 3, Dead Pool 0
Turn 5 - P2 acts
  - P2 hand: Hover Shield
  + P2 board: Hover Shield
End of Turn 5: P1 board 3, P2 board 4, Dead Pool 0
Turn 6 - P1 acts
  - P1 hand: Void Freak
  + P1 board: Void Freak
End of Turn 6: P1 board 4, P2 board 4, Dead Pool 0
Turn 7 - P2 acts
  - P2 hand: MediFlux-1NDS
  + P2 board: MediFlux-1NDS
End of Turn 7: P1 board 4, P2 board 5, Dead Pool 0
Turn 8 - P1 acts
  - P1 hand: Blood Howler
  + P1 board: Blood Howler
  - P2 board: Task Mistres
  + P2 retired: Task Mistres
  + Dead Pool: Task Mistres
End of Turn 8: P1 board 5, P2 board 4, Dead Pool 1
Turn 9 - P2 acts
  - P2 hand: Hover Shield
  + P2 board: Hover Shield
End of Turn 9: P1 board 5, P2 board 5, Dead Pool 1
Turn 10 - P1 acts
  - P1 hand: Local Singularity
  + P1 board: Local Singularity
  - P1 board: Meat Vegetable
  + P1 retired: Meat Vegetable
  - P2 board: Compliance Auditon
  + P2 retired: Compliance Auditon
  + Dead Pool: Meat Vegetable, Meat Vegetable, Compliance Auditon
End of Turn 10: P1 board 5, P2 board 4, Dead Pool 4
Turn 11 - P2 acts
  - P2 hand: Shield Array Node
  + P2 board: Shield Array Node
End of Turn 11: P1 board 5, P2 board 5, Dead Pool 4
Turn 12 - P1 acts
  - P1 hand: Local Singularity
  + P1 board: Local Singularity
  - P2 board: Hover Shield
  + P2 retired: Hover Shield
  + Dead Pool: Hover Shield
End of Turn 12: P1 board 6, P2 board 4, Dead Pool 5
Turn 13 - P2 acts
  - P2 hand: K-9.0
  + P2 board: K-9.0
End of Turn 13: P1 board 6, P2 board 5, Dead Pool 5
Turn 14 - P1 acts
  - P1 hand: Voidling
  + P1 board: Voidling
  - P1 board: Psychodelic Toad, Void Freak
  + P1 retired: Psychodelic Toad, Void Freak
  - P2 board: MediFlux-1NDS
  + P2 retired: MediFlux-1NDS
  + Dead Pool: Psychodelic Toad, Psychodelic Toad, Void Freak, Void Freak, MediFlux-1NDS
End of Turn 14: P1 board 5, P2 board 4, Dead Pool 10
Turn 15 - P2 acts
  - P2 hand: Killjoy
  + P2 board: Killjoy
  - P2 board: Hover Shield
  + P2 retired: Hover Shield
  + Dead Pool: Hover Shield, Hover Shield
End of Turn 15: P1 board 5, P2 board 4, Dead Pool 12
Turn 16 - P1 acts
  - P1 hand: Restless Natives
  + P1 board: Restless Natives
End of Turn 16: P1 board 6, P2 board 4, Dead Pool 12
Turn 17 - P2 acts
  - P2 hand: Sausage Droid
  + P2 board: Sausage Droid
End of Turn 17: P1 board 6, P2 board 5, Dead Pool 12
Turn 18 - P1 acts
  - P1 hand: Void Freak
  + P1 board: Void Freak
End of Turn 18: P1 board 7, P2 board 5, Dead Pool 12
Turn 19 - P2 acts
  - P1 board: Blood Howler
  + P1 retired: Blood Howler
  - P2 hand: Compliance Auditon
  + P2 board: Compliance Auditon
  + Dead Pool: Blood Howler
End of Turn 19: P1 board 6, P2 board 6, Dead Pool 13
Turn 20 - P1 acts
  - P1 hand: Psychodelic Toad
  + P1 board: Psychodelic Toad
  - P2 board: Killjoy
  + P2 retired: Killjoy
  + Dead Pool: Killjoy
End of Turn 20: P1 board 7, P2 board 5, Dead Pool 14
Turn 21 - P2 acts
  - P2 hand: Task Mistres
  + P2 board: Task Mistres
End of Turn 21: P1 board 7, P2 board 6, Dead Pool 14
Turn 22 - P1 acts
  - P1 hand: Void Freak
  + P1 board: Void Freak
  - P1 board: Local Singularity
  + P1 retired: Local Singularity
  - P2 board: Shield Array Node
  + P2 retired: Shield Array Node
  + Dead Pool: Local Singularity, Local Singularity, Shield Array Node
End of Turn 22: P1 board 7, P2 board 5, Dead Pool 17
Turn 23 - P2 acts
  - P2 hand: Task Mistres
  + P2 board: Task Mistres
End of Turn 23: P1 board 7, P2 board 6, Dead Pool 17
Turn 24 - P1 acts
  - P1 hand: Vex
  + P1 board: Vex
  - P1 board: Local Singularity, Void Freak
  + P1 retired: Void Freak, Local Singularity
  - P2 board: K-9.0
  + P2 retired: K-9.0
  + Dead Pool: Void Freak, Void Freak, Local Singularity, Local Singularity, K-9.0
End of Turn 24: P1 board 6, P2 board 5, Dead Pool 22
Turn 25 - P2 acts
  - P2 hand: MediFlux-1NDS
  + P2 board: MediFlux-1NDS
End of Turn 25: P1 board 6, P2 board 6, Dead Pool 22
Turn 26 - P1 acts
  - P1 hand: Mutt
  + P1 board: Mutt
  - P1 board: Voidling
  + P1 retired: Voidling
  - P2 board: Sausage Droid
  + P2 retired: Sausage Droid
  + Dead Pool: Voidling, Voidling, Sausage Droid
End of Turn 26: P1 board 6, P2 board 5, Dead Pool 25
Turn 27 - P2 acts
  - P2 hand: Target Marker Probe
  + P2 board: Target Marker Probe
End of Turn 27: P1 board 6, P2 board 6, Dead Pool 25
Turn 28 - P1 acts
  - P1 hand: Meat Vegetable
  + P1 board: Meat Vegetable
  - P2 board: Compliance Auditon
  + P2 retired: Compliance Auditon
  + Dead Pool: Compliance Auditon
End of Turn 28: P1 board 7, P2 board 5, Dead Pool 26
Turn 29 - P2 acts
  - P2 hand: Target Marker Probe
  + P2 board: Target Marker Probe
End of Turn 29: P1 board 7, P2 board 6, Dead Pool 26
Turn 30 - P1 acts
  - P1 hand: Annihilist Overseer
  + P1 board: Annihilist Overseer
  - P1 board: Restless Natives
  + P1 retired: Restless Natives
  - P2 board: Task Mistres
  + P2 retired: Task Mistres
  + Dead Pool: Task Mistres, Restless Natives, Restless Natives
End of Turn 30: P1 board 7, P2 board 5, Dead Pool 29
Turn 31 - P2 acts
  - P2 hand: K-9.0
  + P2 board: K-9.0
End of Turn 31: P1 board 7, P2 board 6, Dead Pool 29
Turn 32 - P1 acts
  - P1 hand: Meat Vegetable
  + P1 board: Meat Vegetable
  - P1 board: Annihilist Overseer
  + P1 retired: Annihilist Overseer
  + Dead Pool: Annihilist Overseer, Annihilist Overseer
End of Turn 32: P1 board 7, P2 board 6, Dead Pool 31
Turn 33 - P2 acts
  - P2 hand: Task Mistres
  + P2 retired: Task Mistres
  + Dead Pool: Task Mistres, Task Mistres
End of Turn 33: P1 board 7, P2 board 6, Dead Pool 33
Turn 34 - P1 acts
  - P1 hand: Primordial Oozer
  + P1 board: Primordial Oozer
  - P1 board: Void Freak
  + P1 retired: Void Freak
  + Dead Pool: Void Freak, Void Freak
End of Turn 34: P1 board 7, P2 board 6, Dead Pool 35
Turn 35 - P2 acts
  - P2 hand: Nob Lobber
  + P2 board: Nob Lobber
  - P2 board: MediFlux-1NDS
  + P2 retired: MediFlux-1NDS
  + Dead Pool: MediFlux-1NDS, MediFlux-1NDS
End of Turn 35: P1 board 7, P2 board 6, Dead Pool 37
Turn 36 - P1 acts
  - P1 hand: Technomancer
  + P1 board: Technomancer
  - P1 board: Psychodelic Toad
  + P1 retired: Psychodelic Toad
  + Dead Pool: Psychodelic Toad, Psychodelic Toad
End of Turn 36: P1 board 7, P2 board 6, Dead Pool 39
Turn 37 - P2 acts
  - P2 hand: Hover Shield
  + P2 board: Hover Shield
End of Turn 37: P1 board 7, P2 board 7, Dead Pool 39
Turn 38 - P1 acts
  - P1 hand: Mutt
  + P1 board: Mutt
  - P1 board: Vex
  + P1 retired: Vex
  + Dead Pool: Vex, Vex
End of Turn 38: P1 board 7, P2 board 7, Dead Pool 41
Turn 39 - P2 acts
  - P1 board: Mutt
  + P1 retired: Mutt
  - P2 hand: Compliance Auditon
  + P2 board: Compliance Auditon
  + Dead Pool: Mutt
End of Turn 39: P1 board 6, P2 board 8, Dead Pool 42
Turn 40 - P1 acts
  - P1 hand: Vex
  + P1 board: Vex
  - P1 board: Meat Vegetable
  + P1 retired: Meat Vegetable
  - P2 board: Target Marker Probe
  + P2 retired: Target Marker Probe
  + Dead Pool: Meat Vegetable, Meat Vegetable, Target Marker Probe
End of Turn 40: P1 board 6, P2 board 7, Dead Pool 45
Turn 41 - P2 acts
  - P2 hand: Marine Marauder
  + P2 board: Marine Marauder
End of Turn 41: P1 board 6, P2 board 8, Dead Pool 45
Turn 42 - P1 acts
  - P1 hand: Technomancer
  + P1 board: Technomancer
  - P1 board: Meat Vegetable
  + P1 retired: Meat Vegetable
  + Dead Pool: Meat Vegetable, Meat Vegetable
End of Turn 42: P1 board 6, P2 board 8, Dead Pool 47
Turn 43 - P2 acts
  - P2 hand: Sausage Droid
  + P2 board: Sausage Droid
End of Turn 43: P1 board 6, P2 board 9, Dead Pool 47
Turn 44 - P1 acts
  - P1 hand: Nives
  + P1 board: Nives
  - P1 board: Primordial Oozer, Vex
  + P1 retired: Vex, Primordial Oozer
  - P2 board: Target Marker Probe
  + P2 retired: Target Marker Probe
  + Dead Pool: Vex, Vex, Target Marker Probe, Primordial Oozer, Primordial Oozer
End of Turn 44: P1 board 5, P2 board 8, Dead Pool 52
Turn 45 - P2 acts
  - P2 hand: K-9.0
  + P2 board: K-9.0
End of Turn 45: P1 board 5, P2 board 9, Dead Pool 52
Turn 46 - P1 acts
  - P1 hand: Käsekobold
  + P1 board: Käsekobold
  - P2 board: K-9.0
  + P2 retired: K-9.0
  + Dead Pool: K-9.0
End of Turn 46: P1 board 6, P2 board 8, Dead Pool 53
Turn 47 - P2 acts
  - P1 board: Technomancer
  + P1 retired: Technomancer
  - P2 hand: MediFlux-1NDS
  + P2 board: MediFlux-1NDS
  + Dead Pool: Technomancer
End of Turn 47: P1 board 5, P2 board 9, Dead Pool 54
Turn 48 - P1 acts
  - P1 hand: Käsekobold
  + P1 board: Käsekobold
  - P2 board: Task Mistres
  + P2 retired: Task Mistres
  + Dead Pool: Task Mistres
End of Turn 48: P1 board 6, P2 board 8, Dead Pool 55
Turn 49 - P2 acts
  - P2 hand: Dormex Lurker
  + P2 board: Dormex Lurker
End of Turn 49: P1 board 6, P2 board 9, Dead Pool 55
Turn 50 - P1 acts
  - P1 hand: Restless Natives
  + P1 board: Restless Natives
  - P1 board: Mutt
  + P1 retired: Mutt
  - P2 board: Nob Lobber
  + P2 retired: Nob Lobber
  + Dead Pool: Mutt, Mutt, Nob Lobber
End of Turn 50: P1 board 6, P2 board 8, Dead Pool 58
Turn 51 - P2 acts
  - P2 hand: Bruut Enforcer
  + P2 board: Bruut Enforcer
  - P2 board: Hover Shield
  + P2 retired: Hover Shield
  + Dead Pool: Hover Shield, Hover Shield
End of Turn 51: P1 board 6, P2 board 8, Dead Pool 60
Turn 52 - P1 acts
  - P1 hand: Void Freak
  + P1 board: Void Freak
End of Turn 52: P1 board 7, P2 board 8, Dead Pool 60
Turn 53 - P2 acts
  - P2 hand: Shield Array Node
  + P2 board: Shield Array Node
End of Turn 53: P1 board 7, P2 board 9, Dead Pool 60
Turn 54 - P1 acts
  - P1 hand: Krax
  + P1 board: Krax
  - P1 board: Technomancer, Nives
  + P1 retired: Technomancer, Nives
  - P2 board: Compliance Auditon
  + P2 retired: Compliance Auditon
  + Dead Pool: Compliance Auditon, Technomancer, Technomancer, Nives, Nives
End of Turn 54: P1 board 6, P2 board 8, Dead Pool 65
Turn 55 - P2 acts
  - P2 hand: Sentry Node
  + P2 board: Sentry Node
  - P2 board: Marine Marauder
  + P2 retired: Marine Marauder
  + Dead Pool: Marine Marauder, Marine Marauder
End of Turn 55: P1 board 6, P2 board 8, Dead Pool 67
Turn 56 - P1 acts
  - P1 hand: Voidling
  + P1 board: Voidling
End of Turn 56: P1 board 7, P2 board 8, Dead Pool 67
Turn 57 - P2 acts
  - P1 board: Käsekobold
  + P1 retired: Käsekobold
  - P2 hand: Marine Marauder
  + P2 board: Marine Marauder
  + Dead Pool: Käsekobold
End of Turn 57: P1 board 6, P2 board 9, Dead Pool 68
Turn 58 - P1 acts
  - P1 hand: Voidling
  + P1 board: Voidling
  - P2 board: Sausage Droid
  + P2 retired: Sausage Droid
  + Dead Pool: Sausage Droid
End of Turn 58: P1 board 7, P2 board 8, Dead Pool 69
Turn 59 - P2 acts
  - P1 board: Käsekobold
  + P1 retired: Käsekobold
  - P2 hand: K-9.0
  + P2 board: K-9.0
  + Dead Pool: Käsekobold
End of Turn 59: P1 board 6, P2 board 9, Dead Pool 70
Turn 60 - P1 acts
  - P1 hand: Mutt
  + P1 board: Mutt
  - P1 board: Restless Natives, Void Freak
  + P1 retired: Void Freak, Restless Natives
  - P2 board: K-9.0
  + P2 retired: K-9.0
  + Dead Pool: Void Freak, Void Freak, K-9.0, Restless Natives, Restless Natives
End of Turn 60: P1 board 5, P2 board 8, Dead Pool 75
Turn 61 - P2 acts
  - P2 hand: Nob Lobber
  + P2 board: Nob Lobber
  - P2 board: MediFlux-1NDS
  + P2 retired: MediFlux-1NDS
  + Dead Pool: MediFlux-1NDS, MediFlux-1NDS
End of Turn 61: P1 board 5, P2 board 8, Dead Pool 77
Turn 62 - P1 acts
  - P1 hand: Helvis
  + P1 board: Helvis
  - P1 board: Krax, Voidling, Voidling
  + P1 retired: Voidling, Voidling, Krax
  + Dead Pool: Voidling, Voidling, Voidling, Voidling, Krax, Krax
End of Turn 62: P1 board 3, P2 board 8, Dead Pool 83
Turn 63 - P2 acts
  - P2 hand: Killjoy
  + P2 board: Killjoy
  - P2 board: Dormex Lurker
  + P2 retired: Dormex Lurker
  + Dead Pool: Dormex Lurker, Dormex Lurker
End of Turn 63: P1 board 3, P2 board 8, Dead Pool 85
Turn 64 - P1 acts
  - P1 hand: Käsekobold
  + P1 board: Käsekobold
  - P1 board: Mutt
  + P1 retired: Mutt
  - P2 board: Sentry Node
  + P2 retired: Sentry Node
  + Dead Pool: Mutt, Mutt, Sentry Node
End of Turn 64: P1 board 3, P2 board 7, Dead Pool 88
Turn 65 - P2 acts
  - P2 hand: Buzzkill
  + P2 board: Buzzkill
  - P2 board: Bruut Enforcer, Shield Array Node
  + P2 retired: Shield Array Node, Bruut Enforcer
  + Dead Pool: Shield Array Node, Shield Array Node, Bruut Enforcer, Bruut Enforcer
End of Turn 65: P1 board 3, P2 board 6, Dead Pool 92
Turn 66 - P1 acts
  - P1 hand: Blood Howler
  + P1 board: Blood Howler
  - P1 board: Helvis
  + P1 retired: Helvis
  - P2 board: Marine Marauder
  + P2 retired: Marine Marauder
  + Dead Pool: Marine Marauder, Helvis, Helvis
End of Turn 66: P1 board 3, P2 board 5, Dead Pool 95
Turn 67 - P2 acts
  - P1 board: Grim
  + P1 retired: Grim
  - P2 hand: Sausage Droid
  + P2 board: Sausage Droid
  + Dead Pool: Grim
Result: winner P2 | turns 66
Retired: P1 32, P2 29, Dead Pool 96

=== Game seed 11052 ===
Starting: P1 faction PCU vs P2 faction NARC
Turn 1 - P2 acts
  - P2 hand: Target Marker Probe
  + P2 board: Target Marker Probe
End of Turn 1: P1 board 1, P2 board 2, Dead Pool 0
Turn 2 - P1 acts
  - P1 hand: Primordial Oozer
  + P1 board: Primordial Oozer
End of Turn 2: P1 board 2, P2 board 2, Dead Pool 0
Turn 3 - P2 acts
  - P2 hand: Shield Array Node
  + P2 board: Shield Array Node
End of Turn 3: P1 board 2, P2 board 3, Dead Pool 0
Turn 4 - P1 acts
  - P1 hand: Psychodelic Toad
  + P1 board: Psychodelic Toad
End of Turn 4: P1 board 3, P2 board 3, Dead Pool 0
Turn 5 - P2 acts
  - P2 hand: MediFlux-1NDS
  + P2 board: MediFlux-1NDS
  - P2 board: Target Marker Probe
  + P2 retired: Target Marker Probe
  + Dead Pool: Target Marker Probe, Target Marker Probe
End of Turn 5: P1 board 3, P2 board 3, Dead Pool 2
Turn 6 - P1 acts
  - P1 hand: Local Singularity
  + P1 board: Local Singularity
  - P1 board: Primordial Oozer
  + P1 retired: Primordial Oozer
  + Dead Pool: Primordial Oozer, Primordial Oozer
End of Turn 6: P1 board 3, P2 board 3, Dead Pool 4
Turn 7 - P2 acts
  - P2 hand: Dormex Lurker
  + P2 board: Dormex Lurker
End of Turn 7: P1 board 3, P2 board 4, Dead Pool 4
Turn 8 - P1 acts
  - P1 hand: Voidling
  + P1 board: Voidling
  - P1 board: Psychodelic Toad
  + P1 retired: Psychodelic Toad
  + Dead Pool: Psychodelic Toad, Psychodelic Toad
End of Turn 8: P1 board 3, P2 board 4, Dead Pool 6
Turn 9 - P2 acts
  - P2 hand: Dormex Lurker
  + P2 board: Dormex Lurker
End of Turn 9: P1 board 3, P2 board 5, Dead Pool 6
Turn 10 - P1 acts
  - P1 hand: Käsekobold
  + P1 board: Käsekobold
  - P1 board: Local Singularity
  + P1 retired: Local Singularity
  + Dead Pool: Local Singularity, Local Singularity
End of Turn 10: P1 board 3, P2 board 5, Dead Pool 8
Turn 11 - P2 acts
  - P2 hand: Hover Shield
  + P2 board: Hover Shield
  - P2 board: Shield Array Node
  + P2 retired: Shield Array Node
  + Dead Pool: Shield Array Node, Shield Array Node
End of Turn 11: P1 board 3, P2 board 5, Dead Pool 10
Turn 12 - P1 acts
  - P1 hand: Voidling
  + P1 board: Voidling
End of Turn 12: P1 board 4, P2 board 5, Dead Pool 10
Turn 13 - P2 acts
  - P1 board: Voidling
  + P1 retired: Voidling
  - P2 hand: Dormex Lurker
  + P2 board: Dormex Lurker
  + Dead Pool: Voidling
End of Turn 13: P1 board 3, P2 board 6, Dead Pool 11
Turn 14 - P1 acts
  - P1 hand: Restless Natives
  + P1 board: Restless Natives
  - P1 board: Käsekobold
  + P1 retired: Käsekobold
  + Dead Pool: Käsekobold, Käsekobold
End of Turn 14: P1 board 3, P2 board 6, Dead Pool 13
Turn 15 - P2 acts
  - P2 hand: Target Marker Probe
  + P2 board: Target Marker Probe
End of Turn 15: P1 board 3, P2 board 7, Dead Pool 13
Turn 16 - P1 acts
  - P1 hand: Nives
  + P1 board: Nives
  - P1 board: Voidling
  + P1 retired: Voidling
  - P2 board: MediFlux-1NDS
  + P2 retired: MediFlux-1NDS
  + Dead Pool: Voidling, Voidling, MediFlux-1NDS
End of Turn 16: P1 board 3, P2 board 6, Dead Pool 16
Turn 17 - P2 acts
  - P2 hand: K-9.0
  + P2 board: K-9.0
End of Turn 17: P1 board 3, P2 board 7, Dead Pool 16
Turn 18 - P1 acts
  - P1 hand: Meat Vegetable
  + P1 board: Meat Vegetable
  - P2 board: Dormex Lurker
  + P2 retired: Dormex Lurker
  + Dead Pool: Dormex Lurker
End of Turn 18: P1 board 4, P2 board 6, Dead Pool 17
Turn 19 - P2 acts
  - P2 hand: K-9.0
  + P2 board: K-9.0
End of Turn 19: P1 board 4, P2 board 7, Dead Pool 17
Turn 20 - P1 acts
  - P1 hand: Annihilist Overseer
  + P1 board: Annihilist Overseer
  - P1 board: Restless Natives, Nives
  + P1 retired: Restless Natives, Nives
  - P2 board: Dormex Lurker
  + P2 retired: Dormex Lurker
  + Dead Pool: Dormex Lurker, Restless Natives, Restless Natives, Nives, Nives, Nives
End of Turn 20: P1 board 3, P2 board 6, Dead Pool 23
Turn 21 - P2 acts
  - P2 hand: K-9.0
  + P2 board: K-9.0
End of Turn 21: P1 board 3, P2 board 7, Dead Pool 23
Turn 22 - P1 acts
  - P1 hand: Nives
  + P1 board: Nives
  - P1 board: Meat Vegetable, Annihilist Overseer
  + P1 retired: Meat Vegetable, Annihilist Overseer
  + Dead Pool: Meat Vegetable, Meat Vegetable, Annihilist Overseer, Annihilist Overseer
End of Turn 22: P1 board 2, P2 board 7, Dead Pool 27
Turn 23 - P2 acts
  - P2 hand: Killjoy
  + P2 board: Killjoy
  - P2 board: Hover Shield
  + P2 retired: Hover Shield
  + Dead Pool: Hover Shield, Hover Shield
End of Turn 23: P1 board 2, P2 board 7, Dead Pool 29
Turn 24 - P1 acts
  - P1 hand: Technomancer
  + P1 board: Technomancer
  - P1 board: Nives
  + P1 retired: Nives
  + Dead Pool: Nives, Nives
End of Turn 24: P1 board 2, P2 board 7, Dead Pool 31
Turn 25 - P2 acts
  - P2 hand: Compliance Auditon
  + P2 board: Compliance Auditon
End of Turn 25: P1 board 2, P2 board 8, Dead Pool 31
Turn 26 - P1 acts
  - P1 hand: Annihilist Overseer
  + P1 board: Annihilist Overseer
  - P1 board: Technomancer
  + P1 retired: Technomancer
  + Dead Pool: Technomancer, Technomancer
End of Turn 26: P1 board 2, P2 board 8, Dead Pool 33
Turn 27 - P2 acts
  - P2 hand: Shield Array Node
  + P2 board: Shield Array Node
  - P2 board: Dormex Lurker
  + P2 retired: Dormex Lurker
  + Dead Pool: Dormex Lurker, Dormex Lurker
End of Turn 27: P1 board 2, P2 board 8, Dead Pool 35
Turn 28 - P1 acts
  - P1 hand: Psychodelic Toad
  + P1 board: Psychodelic Toad
  - P1 board: Annihilist Overseer
  + P1 retired: Annihilist Overseer
  + Dead Pool: Annihilist Overseer, Annihilist Overseer
End of Turn 28: P1 board 2, P2 board 8, Dead Pool 37
Turn 29 - P2 acts
  - P2 hand: Task Mistres
  + P2 board: Task Mistres
End of Turn 29: P1 board 2, P2 board 9, Dead Pool 37
Turn 30 - P1 acts
  - P1 hand: Vex
  + P1 board: Vex
  - P1 board: Psychodelic Toad
  + P1 retired: Psychodelic Toad
  + Dead Pool: Psychodelic Toad, Psychodelic Toad
End of Turn 30: P1 board 2, P2 board 9, Dead Pool 39
Turn 31 - P2 acts
  - P2 hand: Nob Lobber
  + P2 board: Nob Lobber
  - P2 board: Target Marker Probe
  + P2 retired: Target Marker Probe
  + Dead Pool: Target Marker Probe, Target Marker Probe
End of Turn 31: P1 board 2, P2 board 9, Dead Pool 41
Turn 32 - P1 acts
  - P1 hand: Void Freak
  + P1 board: Void Freak
  - P1 board: Vex
  + P1 retired: Vex
  + Dead Pool: Vex, Vex
End of Turn 32: P1 board 2, P2 board 9, Dead Pool 43
Turn 33 - P2 acts
  - P2 hand: MediFlux-1NDS
  + P2 board: MediFlux-1NDS
End of Turn 33: P1 board 2, P2 board 10, Dead Pool 43
Turn 34 - P1 acts
  - P1 hand: Mutt
  + P1 board: Mutt
  - P1 board: Void Freak
  + P1 retired: Void Freak
  + Dead Pool: Void Freak, Void Freak
End of Turn 34: P1 board 2, P2 board 10, Dead Pool 45
Turn 35 - P2 acts
  - P2 hand: Detainment Probe
  + P2 board: Detainment Probe
End of Turn 35: P1 board 2, P2 board 11, Dead Pool 45
Turn 36 - P1 acts
  - P1 hand: Primordial Oozer
  + P1 board: Primordial Oozer
End of Turn 36: P1 board 3, P2 board 11, Dead Pool 45
Turn 37 - P2 acts
  - P2 hand: Impact Simulant
  + P2 board: Impact Simulant
End of Turn 37: P1 board 3, P2 board 12, Dead Pool 45
Turn 38 - P1 acts
  - P1 hand: Vex
  + P1 board: Vex
  - P1 board: Mutt
  + P1 retired: Mutt
  + Dead Pool: Mutt, Mutt
End of Turn 38: P1 board 3, P2 board 12, Dead Pool 47
Turn 39 - P2 acts
  - P2 hand: Nob Lobber
  + P2 board: Nob Lobber
  - P2 board: K-9.0
  + P2 retired: K-9.0
  + Dead Pool: K-9.0, K-9.0
End of Turn 39: P1 board 3, P2 board 12, Dead Pool 49
Turn 40 - P1 acts
  - P1 hand: Technomancer
  + P1 board: Technomancer
  - P1 board: Primordial Oozer, Vex
  + P1 retired: Primordial Oozer, Vex
  - P2 board: K-9.0
  + P2 retired: K-9.0
  + Dead Pool: Primordial Oozer, Primordial Oozer, Vex, Vex, K-9.0
End of Turn 40: P1 board 2, P2 board 11, Dead Pool 54
Turn 41 - P2 acts
  - P2 hand: Task Mistres
  + P2 board: Task Mistres
End of Turn 41: P1 board 2, P2 board 12, Dead Pool 54
Turn 42 - P1 acts
  - P1 hand: Blood Howler
  + P1 board: Blood Howler
End of Turn 42: P1 board 3, P2 board 12, Dead Pool 54
Turn 43 - P2 acts
  - P2 hand: Impact Simulant
  + P2 board: Impact Simulant
End of Turn 43: P1 board 3, P2 board 13, Dead Pool 54
Turn 44 - P1 acts
  - P1 hand: Technomancer
  + P1 retired: Technomancer
  + Dead Pool: Technomancer, Technomancer
End of Turn 44: P1 board 3, P2 board 13, Dead Pool 56
Turn 45 - P2 acts
  - P2 hand: Impact Simulant
  + P2 board: Impact Simulant
End of Turn 45: P1 board 3, P2 board 14, Dead Pool 56
Turn 46 - P1 acts
  - P1 hand: Mutt
  + P1 board: Mutt
  - P1 board: Blood Howler
  + P1 retired: Blood Howler
  + Dead Pool: Blood Howler, Blood Howler
End of Turn 46: P1 board 3, P2 board 14, Dead Pool 58
Turn 47 - P2 acts
  - P2 hand: Marine Marauder
  + P2 board: Marine Marauder
  - P2 board: K-9.0
  + P2 retired: K-9.0
  + Dead Pool: K-9.0, K-9.0
End of Turn 47: P1 board 3, P2 board 14, Dead Pool 60
Turn 48 - P1 acts
  - P1 hand: Nives
  + P1 board: Nives
  - P1 board: Technomancer
  + P1 retired: Technomancer
  + Dead Pool: Technomancer, Technomancer
End of Turn 48: P1 board 3, P2 board 14, Dead Pool 62
Turn 49 - P2 acts
  - P2 hand: Marine Marauder
  + P2 board: Marine Marauder
  - P2 board: Killjoy
  + P2 retired: Killjoy
  + Dead Pool: Killjoy, Killjoy
End of Turn 49: P1 board 3, P2 board 14, Dead Pool 64
Turn 50 - P1 acts
  - P1 hand: Käsekobold
  + P1 board: Käsekobold
End of Turn 50: P1 board 4, P2 board 14, Dead Pool 64
Turn 51 - P2 acts
  - P2 hand: Killjoy
  + P2 board: Killjoy
  - P2 board: Compliance Auditon
  + P2 retired: Compliance Auditon
  + Dead Pool: Compliance Auditon, Compliance Auditon
End of Turn 51: P1 board 4, P2 board 14, Dead Pool 66
Turn 52 - P1 acts
  - P1 hand: Restless Natives
  + P1 board: Restless Natives
  - P2 board: Detainment Probe
  + P2 retired: Detainment Probe
  + Dead Pool: Detainment Probe
End of Turn 52: P1 board 5, P2 board 13, Dead Pool 67
Turn 53 - P2 acts
  - P1 board: Mutt
  + P1 retired: Mutt
  - P2 hand: Detainment Probe
  + P2 board: Detainment Probe
  + Dead Pool: Mutt
End of Turn 53: P1 board 4, P2 board 14, Dead Pool 68
Turn 54 - P1 acts
  - P1 hand: Krax
  + P1 board: Krax
  - P1 board: Nives
  + P1 retired: Nives
  + Dead Pool: Nives, Nives
End of Turn 54: P1 board 4, P2 board 14, Dead Pool 70
Turn 55 - P2 acts
  - P2 hand: Bruut Enforcer
  + P2 board: Bruut Enforcer
  - P2 board: Shield Array Node
  + P2 retired: Shield Array Node
  + Dead Pool: Shield Array Node, Shield Array Node
End of Turn 55: P1 board 4, P2 board 14, Dead Pool 72
Turn 56 - P1 acts
  - P1 hand: Dragoon
  + P1 board: Dragoon
  - P1 board: Käsekobold, Restless Natives
  + P1 retired: Käsekobold, Restless Natives
  + Dead Pool: Käsekobold, Käsekobold, Restless Natives, Restless Natives
End of Turn 56: P1 board 3, P2 board 14, Dead Pool 76
Turn 57 - P2 acts
  - P2 hand: Sausage Droid
  + P2 board: Sausage Droid
End of Turn 57: P1 board 3, P2 board 15, Dead Pool 76
Turn 58 - P1 acts
  - P1 hand: Vex
  + P1 board: Vex
  - P1 board: Krax
  + P1 retired: Krax
  - P2 board: Nob Lobber
  + P2 retired: Nob Lobber
  + Dead Pool: Krax, Krax, Nob Lobber
End of Turn 58: P1 board 3, P2 board 14, Dead Pool 79
Turn 59 - P2 acts
  - P2 hand: Compliance Auditon
  + P2 board: Compliance Auditon
End of Turn 59: P1 board 3, P2 board 15, Dead Pool 79
Turn 60 - P1 acts
  - P1 hand: Käsekobold
  + P1 board: Käsekobold
End of Turn 60: P1 board 4, P2 board 15, Dead Pool 79
Turn 61 - P2 acts
  - P2 hand: Hover Shield
  + P2 board: Hover Shield
End of Turn 61: P1 board 4, P2 board 16, Dead Pool 79
Turn 62 - P1 acts
  - P1 hand: Restless Natives
  + P1 board: Restless Natives
  - P1 board: Dragoon, Vex
  + P1 retired: Vex, Dragoon
  - P2 board: Task Mistres
  + P2 retired: Task Mistres
  + Dead Pool: Vex, Vex, Dragoon, Dragoon, Task Mistres
End of Turn 62: P1 board 3, P2 board 15, Dead Pool 84
Turn 63 - P2 acts
  - P2 hand: Sausage Droid
  + P2 board: Sausage Droid
End of Turn 63: P1 board 3, P2 board 16, Dead Pool 84
Turn 64 - P1 acts
  - P1 hand: Meat Vegetable
  + P1 board: Meat Vegetable
End of Turn 64: P1 board 4, P2 board 16, Dead Pool 84
Turn 65 - P2 acts
  - P2 hand: K-9.0
  + P2 board: K-9.0
  - P2 board: MediFlux-1NDS
  + P2 retired: MediFlux-1NDS
  + Dead Pool: MediFlux-1NDS, MediFlux-1NDS
End of Turn 65: P1 board 4, P2 board 16, Dead Pool 86
Turn 66 - P1 acts
  - P1 hand: Meat Vegetable
  + P1 board: Meat Vegetable
End of Turn 66: P1 board 5, P2 board 16, Dead Pool 86
Turn 67 - P2 acts
  - P2 hand: Shield Array Node
  + P2 board: Shield Array Node
End of Turn 67: P1 board 5, P2 board 17, Dead Pool 86
Turn 68 - P1 acts
  - P1 hand: Primordial Oozer
  + P1 board: Primordial Oozer
  - P2 board: Impact Simulant
  + P2 retired: Impact Simulant
  + Dead Pool: Impact Simulant
End of Turn 68: P1 board 6, P2 board 16, Dead Pool 87
Turn 69 - P2 acts
  - P2 hand: Nob Lobber
  + P2 retired: Nob Lobber
  + Dead Pool: Nob Lobber, Nob Lobber
End of Turn 69: P1 board 6, P2 board 16, Dead Pool 89
Turn 70 - P1 acts
  - P1 hand: Krax
  + P1 board: Krax
  - P1 board: Käsekobold, Restless Natives
  + P1 retired: Käsekobold, Restless Natives
  + Dead Pool: Käsekobold, Käsekobold, Restless Natives, Restless Natives
End of Turn 70: P1 board 5, P2 board 16, Dead Pool 93
Turn 71 - P2 acts
  - P2 hand: Detainment Probe
  + P2 retired: Detainment Probe
  + Dead Pool: Detainment Probe, Detainment Probe
End of Turn 71: P1 board 5, P2 board 16, Dead Pool 95
Turn 72 - P1 acts
  - P1 hand: Local Singularity
  + P1 board: Local Singularity
End of Turn 72: P1 board 6, P2 board 16, Dead Pool 95
Turn 73 - P2 acts
  - P2 hand: Hover Shield
  + P2 board: Hover Shield
  - P2 board: Task Mistres
  + P2 retired: Task Mistres
  + Dead Pool: Task Mistres, Task Mistres
End of Turn 73: P1 board 6, P2 board 16, Dead Pool 97
Turn 74 - P1 acts
  - P1 hand: Dragoon
  + P1 board: Dragoon
  - P1 board: Meat Vegetable
  + P1 retired: Meat Vegetable
  + Dead Pool: Meat Vegetable, Meat Vegetable
End of Turn 74: P1 board 6, P2 board 16, Dead Pool 99
Turn 75 - P2 acts
  - P2 hand: Marine Marauder
  + P2 board: Marine Marauder
End of Turn 75: P1 board 6, P2 board 17, Dead Pool 99
Turn 76 - P1 acts
  - P1 hand: Void Freak
  + P1 board: Void Freak
  - P2 board: Detainment Probe
  + P2 retired: Detainment Probe
  + Dead Pool: Detainment Probe
End of Turn 76: P1 board 7, P2 board 16, Dead Pool 100
Turn 77 - P2 acts
  - P1 board: Meat Vegetable
  + P1 retired: Meat Vegetable
  - P2 hand: Impact Simulant
  + P2 board: Impact Simulant
  + Dead Pool: Meat Vegetable
End of Turn 77: P1 board 6, P2 board 17, Dead Pool 101
Turn 78 - P1 acts
  - P1 hand: Blood Howler
  + P1 board: Blood Howler
  - P2 board: Impact Simulant
  + P2 retired: Impact Simulant
  + Dead Pool: Impact Simulant
End of Turn 78: P1 board 7, P2 board 16, Dead Pool 102
Turn 79 - P2 acts
  - P2 hand: Task Mistres
  + P2 board: Task Mistres
End of Turn 79: P1 board 7, P2 board 17, Dead Pool 102
Turn 80 - P1 acts
  - P1 hand: Käsekobold
  + P1 board: Käsekobold
  - P1 board: Primordial Oozer
  + P1 retired: Primordial Oozer
  - P2 board: Impact Simulant
  + P2 retired: Impact Simulant
  + Dead Pool: Primordial Oozer, Primordial Oozer, Impact Simulant
End of Turn 80: P1 board 7, P2 board 16, Dead Pool 105
Turn 81 - P2 acts
  - P2 hand: Sentry Node
  + P2 board: Sentry Node
  - P2 board: Marine Marauder
  + P2 retired: Marine Marauder
  + Dead Pool: Marine Marauder, Marine Marauder
End of Turn 81: P1 board 7, P2 board 16, Dead Pool 107
Turn 82 - P1 acts
  - P1 hand: Voidling
  + P1 board: Voidling
  - P1 board: Void Freak
  + P1 retired: Void Freak
  - P2 board: Marine Marauder
  + P2 retired: Marine Marauder
  + Dead Pool: Void Freak, Void Freak, Marine Marauder
End of Turn 82: P1 board 7, P2 board 15, Dead Pool 110
Turn 83 - P2 acts
  - P1 board: Krax
  + P1 retired: Krax
  - P2 hand: Sausage Droid
  + P2 board: Sausage Droid
  + Dead Pool: Krax
End of Turn 83: P1 board 6, P2 board 16, Dead Pool 111
Turn 84 - P1 acts
  - P1 hand: Annihilist Overseer
  + P1 board: Annihilist Overseer
  - P1 board: Local Singularity
  + P1 retired: Local Singularity
  + Dead Pool: Local Singularity, Local Singularity
End of Turn 84: P1 board 6, P2 board 16, Dead Pool 113
Turn 85 - P2 acts
  - P2 hand: Compliance Auditon
  + P2 board: Compliance Auditon
  - P2 board: Sentry Node
  + P2 retired: Sentry Node
  + Dead Pool: Sentry Node, Sentry Node
End of Turn 85: P1 board 6, P2 board 16, Dead Pool 115
Turn 86 - P1 acts
  - P1 hand: Restless Natives
  + P1 board: Restless Natives
  - P1 board: Dragoon, Annihilist Overseer
  + P1 retired: Annihilist Overseer, Dragoon
  + Dead Pool: Annihilist Overseer, Annihilist Overseer, Dragoon, Dragoon
End of Turn 86: P1 board 5, P2 board 16, Dead Pool 119
Turn 87 - P2 acts
  - P2 hand: Target Marker Probe
  + P2 board: Target Marker Probe
End of Turn 87: P1 board 5, P2 board 17, Dead Pool 119
Turn 88 - P1 acts
  - P1 hand: Krax
  + P1 board: Krax
  - P1 board: Blood Howler
  + P1 retired: Blood Howler
  + Dead Pool: Blood Howler, Blood Howler
End of Turn 88: P1 board 5, P2 board 17, Dead Pool 121
Turn 89 - P2 acts
  - P1 board: Käsekobold
  + P1 retired: Käsekobold
  - P2 hand: Sausage Droid
  + P2 board: Sausage Droid
  + Dead Pool: Käsekobold
End of Turn 89: P1 board 4, P2 board 18, Dead Pool 122
Turn 90 - P1 acts
  - P1 hand: Void Freak
  + P1 board: Void Freak
  - P2 board: Killjoy
  + P2 retired: Killjoy
  + Dead Pool: Killjoy
End of Turn 90: P1 board 5, P2 board 17, Dead Pool 123
Turn 91 - P2 acts
  - P2 hand: Killjoy
  + P2 board: Killjoy
  - P2 board: Bruut Enforcer
  + P2 retired: Bruut Enforcer
  + Dead Pool: Bruut Enforcer, Bruut Enforcer
End of Turn 91: P1 board 5, P2 board 17, Dead Pool 125
Turn 92 - P1 acts
  - P1 hand: Dragoon
  + P1 board: Dragoon
  - P1 board: Voidling
  + P1 retired: Voidling
  - P2 board: Sausage Droid
  + P2 retired: Sausage Droid
  + Dead Pool: Voidling, Voidling, Sausage Droid
End of Turn 92: P1 board 5, P2 board 16, Dead Pool 128
Turn 93 - P2 acts
  - P2 hand: Task Mistres
  + P2 board: Task Mistres
End of Turn 93: P1 board 5, P2 board 17, Dead Pool 128
Turn 94 - P1 acts
  - P1 hand: Mutt
  + P1 board: Mutt
  - P1 board: Restless Natives
  + P1 retired: Restless Natives
  - P2 board: Compliance Auditon
  + P2 retired: Compliance Auditon
  + Dead Pool: Restless Natives, Restless Natives, Compliance Auditon
End of Turn 94: P1 board 5, P2 board 16, Dead Pool 131
Turn 95 - P2 acts
  - P2 hand: Sentry Node
  + P2 board: Sentry Node
  - P2 board: Hover Shield
  + P2 retired: Hover Shield
  + Dead Pool: Hover Shield, Hover Shield
End of Turn 95: P1 board 5, P2 board 16, Dead Pool 133
Turn 96 - P1 acts
  - P1 hand: Meat Vegetable
  + P1 board: Meat Vegetable
  - P2 board: Sausage Droid
  + P2 retired: Sausage Droid
  + Dead Pool: Sausage Droid
End of Turn 96: P1 board 6, P2 board 15, Dead Pool 134
Turn 97 - P2 acts
  - P1 board: Void Freak
  + P1 retired: Void Freak
  - P2 hand: Sentry Node
  + P2 board: Sentry Node
  - P2 board: K-9.0
  + P2 retired: K-9.0
  + Dead Pool: Void Freak, K-9.0, K-9.0
End of Turn 97: P1 board 5, P2 board 15, Dead Pool 137
Turn 98 - P1 acts
  - P1 hand: Blood Howler
  + P1 board: Blood Howler
  - P1 board: Krax
  + P1 retired: Krax
  - P2 board: Sentry Node
  + P2 retired: Sentry Node
  + Dead Pool: Krax, Krax, Sentry Node
End of Turn 98: P1 board 5, P2 board 14, Dead Pool 140
Turn 99 - P2 acts
  - P2 hand: MediFlux-1NDS
  + P2 board: MediFlux-1NDS
End of Turn 99: P1 board 5, P2 board 15, Dead Pool 140
Turn 100 - P1 acts
  - P1 hand: Voidling
  + P1 board: Voidling
  - P1 board: Dragoon
  + P1 retired: Dragoon
  + Dead Pool: Dragoon, Dragoon
End of Turn 100: P1 board 5, P2 board 15, Dead Pool 142
Turn 101 - P2 acts
  - P2 hand: Hover Shield
  + P2 board: Hover Shield
  - P2 board: Sentry Node
  + P2 retired: Sentry Node
  + Dead Pool: Sentry Node, Sentry Node
End of Turn 101: P1 board 5, P2 board 15, Dead Pool 144
Turn 102 - P1 acts
  - P1 hand: Krax
  + P1 board: Krax
  - P1 board: Grim, Mutt
  + P1 retired: Mutt, Grim
  + Dead Pool: Mutt, Mutt, Grim
Result: winner P2 | turns 101
Retired: P1 48, P2 37, Dead Pool 147

=== Game seed 11053 ===
Starting: P1 faction PCU vs P2 faction NARC
Turn 1 - P2 acts
  - P2 hand: Impact Simulant
  + P2 board: Impact Simulant
End of Turn 1: P1 board 1, P2 board 2, Dead Pool 0
Turn 2 - P1 acts
  - P1 hand: Meat Vegetable
  + P1 board: Meat Vegetable
End of Turn 2: P1 board 2, P2 board 2, Dead Pool 0
Turn 3 - P2 acts
  - P2 hand: Compliance Auditon
  + P2 board: Compliance Auditon
End of Turn 3: P1 board 2, P2 board 3, Dead Pool 0
Turn 4 - P1 acts
  - P1 hand: Primordial Oozer
  + P1 board: Primordial Oozer
End of Turn 4: P1 board 3, P2 board 3, Dead Pool 0
Turn 5 - P2 acts
  - P2 hand: Target Marker Probe
  + P2 board: Target Marker Probe
End of Turn 5: P1 board 3, P2 board 4, Dead Pool 0
Turn 6 - P1 acts
  - P1 hand: Psychodelic Toad
  + P1 board: Psychodelic Toad
End of Turn 6: P1 board 4, P2 board 4, Dead Pool 0
Turn 7 - P2 acts
  - P2 hand: Detainment Probe
  + P2 board: Detainment Probe
End of Turn 7: P1 board 4, P2 board 5, Dead Pool 0
Turn 8 - P1 acts
  - P1 hand: Blood Howler
  + P1 board: Blood Howler
End of Turn 8: P1 board 5, P2 board 5, Dead Pool 0
Turn 9 - P2 acts
  - P2 hand: Sausage Droid
  + P2 board: Sausage Droid
End of Turn 9: P1 board 5, P2 board 6, Dead Pool 0
Turn 10 - P1 acts
  - P1 hand: Restless Natives
  + P1 board: Restless Natives
  - P1 board: Meat Vegetable
  + P1 retired: Meat Vegetable
  + Dead Pool: Meat Vegetable, Meat Vegetable
End of Turn 10: P1 board 5, P2 board 6, Dead Pool 2
Turn 11 - P2 acts
  - P2 hand: Hover Shield
  + P2 board: Hover Shield
  - P2 board: Impact Simulant
  + P2 retired: Impact Simulant
  + Dead Pool: Impact Simulant, Impact Simulant
End of Turn 11: P1 board 5, P2 board 6, Dead Pool 4
Turn 12 - P1 acts
  - P1 hand: Voidling
  + P1 board: Voidling
  - P1 board: Psychodelic Toad
  + P1 retired: Psychodelic Toad
  + Dead Pool: Psychodelic Toad, Psychodelic Toad
End of Turn 12: P1 board 5, P2 board 6, Dead Pool 6
Turn 13 - P2 acts
  - P2 hand: Dormex Lurker
  + P2 board: Dormex Lurker
End of Turn 13: P1 board 5, P2 board 7, Dead Pool 6
Turn 14 - P1 acts
  - P1 hand: Voidling
  + P1 board: Voidling
  - P1 board: Primordial Oozer
  + P1 retired: Primordial Oozer
  + Dead Pool: Primordial Oozer, Primordial Oozer
End of Turn 14: P1 board 5, P2 board 7, Dead Pool 8
Turn 15 - P2 acts
  - P2 hand: Hover Shield
  + P2 board: Hover Shield
  - P2 board: Compliance Auditon
  + P2 retired: Compliance Auditon
  + Dead Pool: Compliance Auditon, Compliance Auditon
End of Turn 15: P1 board 5, P2 board 7, Dead Pool 10
Turn 16 - P1 acts
  - P1 hand: Voidling
  + P1 board: Voidling
  - P1 board: Blood Howler
  + P1 retired: Blood Howler
  + Dead Pool: Blood Howler, Blood Howler
End of Turn 16: P1 board 5, P2 board 7, Dead Pool 12
Turn 17 - P2 acts
  - P2 hand: Task Mistres
  + P2 board: Task Mistres
End of Turn 17: P1 board 5, P2 board 8, Dead Pool 12
Turn 18 - P1 acts
  - P1 hand: Primordial Oozer
  + P1 board: Primordial Oozer
  - P1 board: Restless Natives
  + P1 retired: Restless Natives
  + Dead Pool: Restless Natives, Restless Natives
End of Turn 18: P1 board 5, P2 board 8, Dead Pool 14
Turn 19 - P2 acts
  - P2 hand: Shield Array Node
  + P2 board: Shield Array Node
  - P2 board: Target Marker Probe
  + P2 retired: Target Marker Probe
  + Dead Pool: Target Marker Probe, Target Marker Probe
End of Turn 19: P1 board 5, P2 board 8, Dead Pool 16
Turn 20 - P1 acts
  - P1 hand: Nives
  + P1 board: Nives
  - P1 board: Voidling
  + P1 retired: Voidling
  + Dead Pool: Voidling, Voidling
End of Turn 20: P1 board 5, P2 board 8, Dead Pool 18
Turn 21 - P2 acts
  - P2 hand: Hover Shield
  + P2 board: Hover Shield
End of Turn 21: P1 board 5, P2 board 9, Dead Pool 18
Turn 22 - P1 acts
  - P1 hand: Meat Vegetable
  + P1 board: Meat Vegetable
  - P2 board: Detainment Probe
  + P2 retired: Detainment Probe
  + Dead Pool: Detainment Probe
End of Turn 22: P1 board 6, P2 board 8, Dead Pool 19
Turn 23 - P2 acts
  - P2 hand: Task Mistres
  + P2 board: Task Mistres
End of Turn 23: P1 board 6, P2 board 9, Dead Pool 19
Turn 24 - P1 acts
  - P1 hand: Vex
  + P1 board: Vex
  - P1 board: Voidling
  + P1 retired: Voidling
  - P2 board: Sausage Droid
  + P2 retired: Sausage Droid
  + Dead Pool: Voidling, Voidling, Sausage Droid
End of Turn 24: P1 board 6, P2 board 8, Dead Pool 22
Turn 25 - P2 acts
  - P2 hand: Sausage Droid
  + P2 board: Sausage Droid
End of Turn 25: P1 board 6, P2 board 9, Dead Pool 22
Turn 26 - P1 acts
  - P1 hand: Void Freak
  + P1 board: Void Freak
End of Turn 26: P1 board 7, P2 board 9, Dead Pool 22
Turn 27 - P2 acts
  - P2 hand: Shield Array Node
  + P2 board: Shield Array Node
  - P2 board: Hover Shield
  + P2 retired: Hover Shield
  + Dead Pool: Hover Shield, Hover Shield
End of Turn 27: P1 board 7, P2 board 9, Dead Pool 24
Turn 28 - P1 acts
  - P1 hand: Void Freak
  + P1 board: Void Freak
End of Turn 28: P1 board 8, P2 board 9, Dead Pool 24
Turn 29 - P2 acts
  - P2 hand: Compliance Auditon
  + P2 board: Compliance Auditon
End of Turn 29: P1 board 8, P2 board 10, Dead Pool 24
Turn 30 - P1 acts
  - P1 hand: Blood Howler
  + P1 board: Blood Howler
  - P2 board: Lokar Simmons
  + P2 retired: Lokar Simmons
  + Dead Pool: Lokar Simmons
Result: winner P1 | turns 29
Retired: P1 7, P2 7, Dead Pool 25

=== Game seed 11054 ===
Starting: P1 faction PCU vs P2 faction NARC
Turn 1 - P2 acts
  - P2 hand: Detainment Probe
  + P2 board: Detainment Probe
End of Turn 1: P1 board 1, P2 board 2, Dead Pool 0
Turn 2 - P1 acts
  - P1 hand: Primordial Oozer
  + P1 board: Primordial Oozer
End of Turn 2: P1 board 2, P2 board 2, Dead Pool 0
Turn 3 - P2 acts
  - P2 hand: Sausage Droid
  + P2 board: Sausage Droid
End of Turn 3: P1 board 2, P2 board 3, Dead Pool 0
Turn 4 - P1 acts
  - P1 hand: Käsekobold
  + P1 board: Käsekobold
End of Turn 4: P1 board 3, P2 board 3, Dead Pool 0
Turn 5 - P2 acts
  - P1 board: Primordial Oozer
  + P1 retired: Primordial Oozer
  - P2 hand: Task Mistres
  + P2 board: Task Mistres
  - P2 board: Detainment Probe
  + P2 retired: Detainment Probe
  + Dead Pool: Detainment Probe, Detainment Probe, Primordial Oozer
End of Turn 5: P1 board 2, P2 board 3, Dead Pool 3
Turn 6 - P1 acts
  - P1 hand: Käsekobold
  + P1 board: Käsekobold
End of Turn 6: P1 board 3, P2 board 3, Dead Pool 3
Turn 7 - P2 acts
  - P1 board: Käsekobold
  + P1 retired: Käsekobold
  - P2 hand: Impact Simulant
  + P2 board: Impact Simulant
  + Dead Pool: Käsekobold
End of Turn 7: P1 board 2, P2 board 4, Dead Pool 4
Turn 8 - P1 acts
  - P1 hand: Void Freak
  + P1 board: Void Freak
  - P2 board: Sausage Droid
  + P2 retired: Sausage Droid
  + Dead Pool: Sausage Droid
End of Turn 8: P1 board 3, P2 board 3, Dead Pool 5
Turn 9 - P2 acts
  - P2 hand: Compliance Auditon
  + P2 board: Compliance Auditon
End of Turn 9: P1 board 3, P2 board 4, Dead Pool 5
Turn 10 - P1 acts
  - P1 hand: Voidling
  + P1 board: Voidling
  - P1 board: Käsekobold
  + P1 retired: Käsekobold
  - P2 board: Task Mistres
  + P2 retired: Task Mistres
  + Dead Pool: Käsekobold, Käsekobold, Task Mistres
End of Turn 10: P1 board 3, P2 board 3, Dead Pool 8
Turn 11 - P2 acts
  - P2 hand: Dormex Lurker
  + P2 board: Dormex Lurker
End of Turn 11: P1 board 3, P2 board 4, Dead Pool 8
Turn 12 - P1 acts
  - P1 hand: Voidling
  + P1 board: Voidling
  - P1 board: Void Freak
  + P1 retired: Void Freak
  + Dead Pool: Void Freak, Void Freak
End of Turn 12: P1 board 3, P2 board 4, Dead Pool 10
Turn 13 - P2 acts
  - P2 hand: Task Mistres
  + P2 board: Task Mistres
End of Turn 13: P1 board 3, P2 board 5, Dead Pool 10
Turn 14 - P1 acts
  - P1 hand: Blood Howler
  + P1 board: Blood Howler
End of Turn 14: P1 board 4, P2 board 5, Dead Pool 10
Turn 15 - P2 acts
  - P2 hand: Dormex Lurker
  + P2 board: Dormex Lurker
  - P2 board: Impact Simulant
  + P2 retired: Impact Simulant
  + Dead Pool: Impact Simulant, Impact Simulant
End of Turn 15: P1 board 4, P2 board 5, Dead Pool 12
Turn 16 - P1 acts
  - P1 hand: Vex
  + P1 board: Vex
  - P1 board: Voidling
  + P1 retired: Voidling
  + Dead Pool: Voidling, Voidling
End of Turn 16: P1 board 4, P2 board 5, Dead Pool 14
Turn 17 - P2 acts
  - P2 hand: MediFlux-1NDS
  + P2 board: MediFlux-1NDS
End of Turn 17: P1 board 4, P2 board 6, Dead Pool 14
Turn 18 - P1 acts
  - P1 hand: Technomancer
  + P1 board: Technomancer
  - P1 board: Voidling
  + P1 retired: Voidling
  + Dead Pool: Voidling, Voidling
End of Turn 18: P1 board 4, P2 board 6, Dead Pool 16
Turn 19 - P2 acts
  - P2 hand: Sausage Droid
  + P2 board: Sausage Droid
End of Turn 19: P1 board 4, P2 board 7, Dead Pool 16
Turn 20 - P1 acts
  - P1 hand: Restless Natives
  + P1 board: Restless Natives
  - P1 board: Vex
  + P1 retired: Vex
  + Dead Pool: Vex, Vex
End of Turn 20: P1 board 4, P2 board 7, Dead Pool 18
Turn 21 - P2 acts
  - P1 board: Blood Howler
  + P1 retired: Blood Howler
  - P2 hand: K-9.0
  + P2 board: K-9.0
  - P2 board: Compliance Auditon
  + P2 retired: Compliance Auditon
  + Dead Pool: Compliance Auditon, Compliance Auditon, Blood Howler
End of Turn 21: P1 board 3, P2 board 7, Dead Pool 21
Turn 22 - P1 acts
  - P1 hand: Annihilist Overseer
  + P1 board: Annihilist Overseer
  - P1 board: Technomancer
  + P1 retired: Technomancer
  + Dead Pool: Technomancer, Technomancer
End of Turn 22: P1 board 3, P2 board 7, Dead Pool 23
Turn 23 - P2 acts
  - P2 hand: Marine Marauder
  + P2 board: Marine Marauder
  - P2 board: Dormex Lurker
  + P2 retired: Dormex Lurker
  + Dead Pool: Dormex Lurker, Dormex Lurker
End of Turn 23: P1 board 3, P2 board 7, Dead Pool 25
Turn 24 - P1 acts
  - P1 hand: Primordial Oozer
  + P1 board: Primordial Oozer
  - P1 board: Annihilist Overseer
  + P1 retired: Annihilist Overseer
  + Dead Pool: Annihilist Overseer, Annihilist Overseer
End of Turn 24: P1 board 3, P2 board 7, Dead Pool 27
Turn 25 - P2 acts
  - P1 board: Restless Natives
  + P1 retired: Restless Natives
  - P2 hand: Target Marker Probe
  + P2 board: Target Marker Probe
  + Dead Pool: Restless Natives
End of Turn 25: P1 board 2, P2 board 8, Dead Pool 28
Turn 26 - P1 acts
  - P1 hand: Nives
  + P1 board: Nives
  - P1 board: Primordial Oozer
  + P1 retired: Primordial Oozer
  + Dead Pool: Primordial Oozer, Primordial Oozer
End of Turn 26: P1 board 2, P2 board 8, Dead Pool 30
Turn 27 - P2 acts
  - P2 hand: Detainment Probe
  + P2 board: Detainment Probe
End of Turn 27: P1 board 2, P2 board 9, Dead Pool 30
Turn 28 - P1 acts
  - P1 hand: Local Singularity
  + P1 board: Local Singularity
End of Turn 28: P1 board 3, P2 board 9, Dead Pool 30
Turn 29 - P2 acts
  - P1 board: Nives
  + P1 retired: Nives
  - P2 hand: MediFlux-1NDS
  + P2 board: MediFlux-1NDS
  - P2 board: Task Mistres
  + P2 retired: Task Mistres
  + Dead Pool: Task Mistres, Task Mistres, Nives
End of Turn 29: P1 board 2, P2 board 9, Dead Pool 33
Turn 30 - P1 acts
  - P1 hand: Vex
  + P1 board: Vex
  - P1 board: Local Singularity
  + P1 retired: Local Singularity
  + Dead Pool: Local Singularity, Local Singularity
End of Turn 30: P1 board 2, P2 board 9, Dead Pool 35
Turn 31 - P2 acts
  - P2 hand: Compliance Auditon
  + P2 board: Compliance Auditon
End of Turn 31: P1 board 2, P2 board 10, Dead Pool 35
Turn 32 - P1 acts
  - P1 hand: Krax
  + P1 board: Krax
  - P1 board: Grim, Vex
  + P1 retired: Vex, Grim
  + Dead Pool: Vex, Vex, Grim
Result: winner P2 | turns 31
Retired: P1 16, P2 7, Dead Pool 38

=== Game seed 11055 ===
Starting: P1 faction PCU vs P2 faction NARC
Turn 1 - P1 acts
  - P1 hand: Void Freak
  + P1 board: Void Freak
End of Turn 1: P1 board 2, P2 board 1, Dead Pool 0
Turn 2 - P2 acts
  - P2 hand: Sausage Droid
  + P2 board: Sausage Droid
End of Turn 2: P1 board 2, P2 board 2, Dead Pool 0
Turn 3 - P1 acts
  - P1 hand: Meat Vegetable
  + P1 board: Meat Vegetable
  - P2 board: Lokar Simmons
  + P2 retired: Lokar Simmons
  + Dead Pool: Lokar Simmons
Result: winner P1 | turns 2
Retired: P1 0, P2 1, Dead Pool 1

=== Game seed 11056 ===
Starting: P1 faction PCU vs P2 faction NARC
Turn 1 - P2 acts
  - P2 hand: Impact Simulant
  + P2 board: Impact Simulant
End of Turn 1: P1 board 1, P2 board 2, Dead Pool 0
Turn 2 - P1 acts
  - P1 hand: Void Freak
  + P1 board: Void Freak
End of Turn 2: P1 board 2, P2 board 2, Dead Pool 0
Turn 3 - P2 acts
  - P2 hand: Target Marker Probe
  + P2 board: Target Marker Probe
End of Turn 3: P1 board 2, P2 board 3, Dead Pool 0
Turn 4 - P1 acts
  - P1 hand: Meat Vegetable
  + P1 board: Meat Vegetable
  - P2 board: Impact Simulant
  + P2 retired: Impact Simulant
  + Dead Pool: Impact Simulant
End of Turn 4: P1 board 3, P2 board 2, Dead Pool 1
Turn 5 - P2 acts
  - P2 hand: Task Mistres
  + P2 board: Task Mistres
End of Turn 5: P1 board 3, P2 board 3, Dead Pool 1
Turn 6 - P1 acts
  - P1 hand: Restless Natives
  + P1 board: Restless Natives
  - P1 board: Void Freak
  + P1 retired: Void Freak
  - P2 board: Target Marker Probe
  + P2 retired: Target Marker Probe
  + Dead Pool: Void Freak, Void Freak, Target Marker Probe
End of Turn 6: P1 board 3, P2 board 2, Dead Pool 4
Turn 7 - P2 acts
  - P2 hand: MediFlux-1NDS
  + P2 board: MediFlux-1NDS
End of Turn 7: P1 board 3, P2 board 3, Dead Pool 4
Turn 8 - P1 acts
  - P1 hand: Void Freak
  + P1 board: Void Freak
End of Turn 8: P1 board 4, P2 board 3, Dead Pool 4
Turn 9 - P2 acts
  - P2 hand: Impact Simulant
  + P2 board: Impact Simulant
End of Turn 9: P1 board 4, P2 board 4, Dead Pool 4
Turn 10 - P1 acts
  - P1 hand: Blood Howler
  + P1 board: Blood Howler
  - P2 board: Task Mistres
  + P2 retired: Task Mistres
  + Dead Pool: Task Mistres
End of Turn 10: P1 board 5, P2 board 3, Dead Pool 5
Turn 11 - P2 acts
  - P2 hand: Hover Shield
  + P2 board: Hover Shield
End of Turn 11: P1 board 5, P2 board 4, Dead Pool 5
Turn 12 - P1 acts
  - P1 hand: Meat Vegetable
  + P1 board: Meat Vegetable
  - P2 board: MediFlux-1NDS
  + P2 retired: MediFlux-1NDS
  + Dead Pool: MediFlux-1NDS
End of Turn 12: P1 board 6, P2 board 3, Dead Pool 6
Turn 13 - P2 acts
  - P2 hand: Shield Array Node
  + P2 board: Shield Array Node
End of Turn 13: P1 board 6, P2 board 4, Dead Pool 6
Turn 14 - P1 acts
  - P1 hand: Blood Howler
  + P1 board: Blood Howler
  - P2 board: Impact Simulant
  + P2 retired: Impact Simulant
  + Dead Pool: Impact Simulant
End of Turn 14: P1 board 7, P2 board 3, Dead Pool 7
Turn 15 - P2 acts
  - P2 hand: Dormex Lurker
  + P2 board: Dormex Lurker
End of Turn 15: P1 board 7, P2 board 4, Dead Pool 7
Turn 16 - P1 acts
  - P1 hand: Nives
  + P1 board: Nives
  - P1 board: Meat Vegetable, Void Freak
  + P1 retired: Void Freak, Meat Vegetable
  - P2 board: Hover Shield
  + P2 retired: Hover Shield
  + Dead Pool: Void Freak, Void Freak, Meat Vegetable, Meat Vegetable, Hover Shield
End of Turn 16: P1 board 6, P2 board 3, Dead Pool 12
Turn 17 - P2 acts
  - P2 hand: K-9.0
  + P2 board: K-9.0
End of Turn 17: P1 board 6, P2 board 4, Dead Pool 12
Turn 18 - P1 acts
  - P1 hand: Primordial Oozer
  + P1 board: Primordial Oozer
  - P1 board: Restless Natives
  + P1 retired: Restless Natives
  - P2 board: Shield Array Node
  + P2 retired: Shield Array Node
  + Dead Pool: Restless Natives, Restless Natives, Shield Array Node
End of Turn 18: P1 board 6, P2 board 3, Dead Pool 15
Turn 19 - P2 acts
  - P2 hand: Target Marker Probe
  + P2 board: Target Marker Probe
End of Turn 19: P1 board 6, P2 board 4, Dead Pool 15
Turn 20 - P1 acts
  - P1 hand: Local Singularity
  + P1 board: Local Singularity
End of Turn 20: P1 board 7, P2 board 4, Dead Pool 15
Turn 21 - P2 acts
  - P2 hand: Detainment Probe
  + P2 board: Detainment Probe
  - P2 board: Dormex Lurker
  + P2 retired: Dormex Lurker
  + Dead Pool: Dormex Lurker, Dormex Lurker
End of Turn 21: P1 board 7, P2 board 4, Dead Pool 17
Turn 22 - P1 acts
  - P1 hand: Voidling
  + P1 board: Voidling
  - P1 board: Blood Howler
  + P1 retired: Blood Howler
  + Dead Pool: Blood Howler, Blood Howler
End of Turn 22: P1 board 7, P2 board 4, Dead Pool 19
Turn 23 - P2 acts
  - P2 hand: K-9.0
  + P2 board: K-9.0
End of Turn 23: P1 board 7, P2 board 5, Dead Pool 19
Turn 24 - P1 acts
  - P1 hand: Technomancer
  + P1 board: Technomancer
  - P1 board: Meat Vegetable
  + P1 retired: Meat Vegetable
  - P2 board: K-9.0
  + P2 retired: K-9.0
  + Dead Pool: Meat Vegetable, Meat Vegetable, K-9.0
End of Turn 24: P1 board 7, P2 board 4, Dead Pool 22
Turn 25 - P2 acts
  - P2 hand: Dormex Lurker
  + P2 board: Dormex Lurker
End of Turn 25: P1 board 7, P2 board 5, Dead Pool 22
Turn 26 - P1 acts
  - P1 hand: Technomancer
  + P1 board: Technomancer
  - P1 board: Blood Howler
  + P1 retired: Blood Howler
  - P2 board: Target Marker Probe
  + P2 retired: Target Marker Probe
  + Dead Pool: Target Marker Probe, Blood Howler, Blood Howler
End of Turn 26: P1 board 7, P2 board 4, Dead Pool 25
Turn 27 - P2 acts
  - P2 hand: K-9.0
  + P2 board: K-9.0
End of Turn 27: P1 board 7, P2 board 5, Dead Pool 25
Turn 28 - P1 acts
  - P1 hand: Technomancer
  + P1 board: Technomancer
  - P1 board: Nives
  + P1 retired: Nives
  - P2 board: Detainment Probe
  + P2 retired: Detainment Probe
  + Dead Pool: Nives, Nives, Detainment Probe
End of Turn 28: P1 board 7, P2 board 4, Dead Pool 28
Turn 29 - P2 acts
  - P1 board: Primordial Oozer
  + P1 retired: Primordial Oozer
  - P2 hand: Shield Array Node
  + P2 board: Shield Array Node
  + Dead Pool: Primordial Oozer
End of Turn 29: P1 board 6, P2 board 5, Dead Pool 29
Turn 30 - P1 acts
  - P1 hand: Blood Howler
  + P1 board: Blood Howler
End of Turn 30: P1 board 7, P2 board 5, Dead Pool 29
Turn 31 - P2 acts
  - P2 hand: Target Marker Probe
  + P2 board: Target Marker Probe
End of Turn 31: P1 board 7, P2 board 6, Dead Pool 29
Turn 32 - P1 acts
  - P1 hand: Nives
  + P1 board: Nives
  - P1 board: Local Singularity
  + P1 retired: Local Singularity
  + Dead Pool: Local Singularity, Local Singularity
End of Turn 32: P1 board 7, P2 board 6, Dead Pool 31
Turn 33 - P2 acts
  - P1 board: Voidling
  + P1 retired: Voidling
  - P2 hand: Sausage Droid
  + P2 board: Sausage Droid
  + Dead Pool: Voidling
End of Turn 33: P1 board 6, P2 board 7, Dead Pool 32
Turn 34 - P1 acts
  - P1 hand: Vex
  + P1 board: Vex
  - P1 board: Technomancer
  + P1 retired: Technomancer
  - P2 board: K-9.0
  + P2 retired: K-9.0
  + Dead Pool: K-9.0, Technomancer, Technomancer
End of Turn 34: P1 board 6, P2 board 6, Dead Pool 35
Turn 35 - P2 acts
  - P2 hand: Marine Marauder
  + P2 board: Marine Marauder
End of Turn 35: P1 board 6, P2 board 7, Dead Pool 35
Turn 36 - P1 acts
  - P1 hand: Dragoon
  + P1 board: Dragoon
  - P1 board: Technomancer
  + P1 retired: Technomancer
  - P2 board: Dormex Lurker
  + P2 retired: Dormex Lurker
  + Dead Pool: Dormex Lurker, Technomancer, Technomancer
End of Turn 36: P1 board 6, P2 board 6, Dead Pool 38
Turn 37 - P2 acts
  - P2 hand: Bruut Enforcer
  + P2 board: Bruut Enforcer
  - P2 board: K-9.0
  + P2 retired: K-9.0
  + Dead Pool: K-9.0, K-9.0
End of Turn 37: P1 board 6, P2 board 6, Dead Pool 40
Turn 38 - P1 acts
  - P1 hand: Käsekobold
  + P1 board: Käsekobold
  - P1 board: Technomancer
  + P1 retired: Technomancer
  + Dead Pool: Technomancer, Technomancer
End of Turn 38: P1 board 6, P2 board 6, Dead Pool 42
Turn 39 - P2 acts
  - P2 hand: Task Mistres
  + P2 board: Task Mistres
End of Turn 39: P1 board 6, P2 board 7, Dead Pool 42
Turn 40 - P1 acts
  - P1 hand: Käsekobold
  + P1 board: Käsekobold
  - P2 board: Sausage Droid
  + P2 retired: Sausage Droid
  + Dead Pool: Sausage Droid
End of Turn 40: P1 board 7, P2 board 6, Dead Pool 43
Turn 41 - P2 acts
  - P1 board: Nives
  + P1 retired: Nives
  - P2 hand: Impact Simulant
  + P2 board: Impact Simulant
  + Dead Pool: Nives
End of Turn 41: P1 board 6, P2 board 7, Dead Pool 44
Turn 42 - P1 acts
  - P1 hand: Mutt
  + P1 board: Mutt
  - P1 board: Blood Howler, Vex
  + P1 retired: Blood Howler, Vex
  + Dead Pool: Blood Howler, Blood Howler, Vex, Vex
End of Turn 42: P1 board 5, P2 board 7, Dead Pool 48
Turn 43 - P2 acts
  - P2 hand: Marine Marauder
  + P2 board: Marine Marauder
End of Turn 43: P1 board 5, P2 board 8, Dead Pool 48
Turn 44 - P1 acts
  - P1 hand: Void Freak
  + P1 board: Void Freak
  - P2 board: Shield Array Node
  + P2 retired: Shield Array Node
  + Dead Pool: Shield Array Node
End of Turn 44: P1 board 6, P2 board 7, Dead Pool 49
Turn 45 - P2 acts
  - P2 hand: Dormex Lurker
  + P2 board: Dormex Lurker
End of Turn 45: P1 board 6, P2 board 8, Dead Pool 49
Turn 46 - P1 acts
  - P1 hand: Vex
  + P1 board: Vex
  - P1 board: Dragoon
  + P1 retired: Dragoon
  - P2 board: Target Marker Probe
  + P2 retired: Target Marker Probe
  + Dead Pool: Target Marker Probe, Dragoon, Dragoon
End of Turn 46: P1 board 6, P2 board 7, Dead Pool 52
Turn 47 - P2 acts
  - P2 hand: Nob Lobber
  + P2 board: Nob Lobber
  - P2 board: Marine Marauder
  + P2 retired: Marine Marauder
  + Dead Pool: Marine Marauder, Marine Marauder
End of Turn 47: P1 board 6, P2 board 7, Dead Pool 54
Turn 48 - P1 acts
  - P1 hand: Psychodelic Toad
  + P1 board: Psychodelic Toad
  - P1 board: Käsekobold
  + P1 retired: Käsekobold
  + Dead Pool: Käsekobold, Käsekobold
End of Turn 48: P1 board 6, P2 board 7, Dead Pool 56
Turn 49 - P2 acts
  - P2 hand: Nob Lobber
  + P2 board: Nob Lobber
  - P2 board: Bruut Enforcer
  + P2 retired: Bruut Enforcer
  + Dead Pool: Bruut Enforcer, Bruut Enforcer
End of Turn 49: P1 board 6, P2 board 7, Dead Pool 58
Turn 50 - P1 acts
  - P1 hand: Voidling
  + P1 board: Voidling
  - P1 board: Void Freak
  + P1 retired: Void Freak
  - P2 board: Lokar Simmons
  + P2 retired: Lokar Simmons
  + Dead Pool: Void Freak, Void Freak, Lokar Simmons
Result: winner P1 | turns 49
Retired: P1 20, P2 20, Dead Pool 61

=== Game seed 11057 ===
Starting: P1 faction PCU vs P2 faction NARC
Turn 1 - P1 acts
  - P1 hand: Meat Vegetable
  + P1 board: Meat Vegetable
End of Turn 1: P1 board 2, P2 board 1, Dead Pool 0
Turn 2 - P2 acts
  - P2 hand: Detainment Probe
  + P2 board: Detainment Probe
End of Turn 2: P1 board 2, P2 board 2, Dead Pool 0
Turn 3 - P1 acts
  - P1 hand: Meat Vegetable
  + P1 board: Meat Vegetable
End of Turn 3: P1 board 3, P2 board 2, Dead Pool 0
Turn 4 - P2 acts
  - P2 hand: Sausage Droid
  + P2 board: Sausage Droid
End of Turn 4: P1 board 3, P2 board 3, Dead Pool 0
Turn 5 - P1 acts
  - P1 hand: Primordial Oozer
  + P1 board: Primordial Oozer
End of Turn 5: P1 board 4, P2 board 3, Dead Pool 0
Turn 6 - P2 acts
  - P2 hand: Target Marker Probe
  + P2 board: Target Marker Probe
  - P2 board: Detainment Probe
  + P2 retired: Detainment Probe
  + Dead Pool: Detainment Probe, Detainment Probe
End of Turn 6: P1 board 4, P2 board 3, Dead Pool 2
Turn 7 - P1 acts
  - P1 hand: Käsekobold
  + P1 board: Käsekobold
End of Turn 7: P1 board 5, P2 board 3, Dead Pool 2
Turn 8 - P2 acts
  - P2 hand: Task Mistres
  + P2 board: Task Mistres
End of Turn 8: P1 board 5, P2 board 4, Dead Pool 2
Turn 9 - P1 acts
  - P1 hand: Käsekobold
  + P1 board: Käsekobold
  - P1 board: Meat Vegetable
  + P1 retired: Meat Vegetable
  - P2 board: Sausage Droid
  + P2 retired: Sausage Droid
  + Dead Pool: Meat Vegetable, Meat Vegetable, Sausage Droid
End of Turn 9: P1 board 5, P2 board 3, Dead Pool 5
Turn 10 - P2 acts
  - P2 hand: Compliance Auditon
  + P2 board: Compliance Auditon
End of Turn 10: P1 board 5, P2 board 4, Dead Pool 5
Turn 11 - P1 acts
  - P1 hand: Meat Vegetable
  + P1 board: Meat Vegetable
End of Turn 11: P1 board 6, P2 board 4, Dead Pool 5
Turn 12 - P2 acts
  - P2 hand: Task Mistres
  + P2 board: Task Mistres
End of Turn 12: P1 board 6, P2 board 5, Dead Pool 5
Turn 13 - P1 acts
  - P1 hand: Voidling
  + P1 board: Voidling
  - P2 board: Target Marker Probe
  + P2 retired: Target Marker Probe
  + Dead Pool: Target Marker Probe
End of Turn 13: P1 board 7, P2 board 4, Dead Pool 6
Turn 14 - P2 acts
  - P2 hand: Compliance Auditon
  + P2 board: Compliance Auditon
End of Turn 14: P1 board 7, P2 board 5, Dead Pool 6
Turn 15 - P1 acts
  - P1 hand: Meat Vegetable
  + P1 board: Meat Vegetable
End of Turn 15: P1 board 8, P2 board 5, Dead Pool 6
Turn 16 - P2 acts
  - P2 hand: Compliance Auditon
  + P2 board: Compliance Auditon
End of Turn 16: P1 board 8, P2 board 6, Dead Pool 6
Turn 17 - P1 acts
  - P1 hand: Nives
  + P1 board: Nives
  - P1 board: Meat Vegetable
  + P1 retired: Meat Vegetable
  + Dead Pool: Meat Vegetable, Meat Vegetable
End of Turn 17: P1 board 8, P2 board 6, Dead Pool 8
Turn 18 - P2 acts
  - P2 hand: Task Mistres
  + P2 retired: Task Mistres
  + Dead Pool: Task Mistres, Task Mistres
End of Turn 18: P1 board 8, P2 board 6, Dead Pool 10
Turn 19 - P1 acts
  - P1 hand: Technomancer
  + P1 board: Technomancer
  - P1 board: Primordial Oozer
  + P1 retired: Primordial Oozer
  + Dead Pool: Primordial Oozer, Primordial Oozer
End of Turn 19: P1 board 8, P2 board 6, Dead Pool 12
Turn 20 - P2 acts
  - P2 hand: Shield Array Node
  + P2 board: Shield Array Node
End of Turn 20: P1 board 8, P2 board 7, Dead Pool 12
Turn 21 - P1 acts
  - P1 hand: Blood Howler
  + P1 board: Blood Howler
  - P2 board: Compliance Auditon
  + P2 retired: Compliance Auditon
  + Dead Pool: Compliance Auditon
End of Turn 21: P1 board 9, P2 board 6, Dead Pool 13
Turn 22 - P2 acts
  - P2 hand: MediFlux-1NDS
  + P2 board: MediFlux-1NDS
End of Turn 22: P1 board 9, P2 board 7, Dead Pool 13
Turn 23 - P1 acts
  - P1 hand: Blood Howler
  + P1 board: Blood Howler
  - P1 board: Käsekobold
  + P1 retired: Käsekobold
  - P2 board: Task Mistres
  + P2 retired: Task Mistres
  + Dead Pool: Task Mistres, Käsekobold, Käsekobold
End of Turn 23: P1 board 9, P2 board 6, Dead Pool 16
Turn 24 - P2 acts
  - P2 hand: MediFlux-1NDS
  + P2 board: MediFlux-1NDS
End of Turn 24: P1 board 9, P2 board 7, Dead Pool 16
Turn 25 - P1 acts
  - P1 hand: Vex
  + P1 board: Vex
  - P1 board: Käsekobold
  + P1 retired: Käsekobold
  - P2 board: Compliance Auditon
  + P2 retired: Compliance Auditon
  + Dead Pool: Compliance Auditon, Käsekobold, Käsekobold
End of Turn 25: P1 board 9, P2 board 6, Dead Pool 19
Turn 26 - P2 acts
  - P2 hand: K-9.0
  + P2 board: K-9.0
End of Turn 26: P1 board 9, P2 board 7, Dead Pool 19
Turn 27 - P1 acts
  - P1 hand: Annihilist Overseer
  + P1 board: Annihilist Overseer
  - P1 board: Meat Vegetable
  + P1 retired: Meat Vegetable
  - P2 board: Compliance Auditon
  + P2 retired: Compliance Auditon
  + Dead Pool: Meat Vegetable, Meat Vegetable, Compliance Auditon
End of Turn 27: P1 board 9, P2 board 6, Dead Pool 22
Turn 28 - P2 acts
  - P2 hand: Compliance Auditon
  + P2 board: Compliance Auditon
End of Turn 28: P1 board 9, P2 board 7, Dead Pool 22
Turn 29 - P1 acts
  - P1 hand: Krax
  + P1 board: Krax
  - P1 board: Voidling, Annihilist Overseer
  + P1 retired: Voidling, Annihilist Overseer
  + Dead Pool: Voidling, Voidling, Annihilist Overseer, Annihilist Overseer
End of Turn 29: P1 board 8, P2 board 7, Dead Pool 26
Turn 30 - P2 acts
  - P2 hand: K-9.0
  + P2 board: K-9.0
End of Turn 30: P1 board 8, P2 board 8, Dead Pool 26
Turn 31 - P1 acts
  - P1 hand: Mutt
  + P1 board: Mutt
  - P1 board: Meat Vegetable
  + P1 retired: Meat Vegetable
  - P2 board: Task Mistres
  + P2 retired: Task Mistres
  + Dead Pool: Meat Vegetable, Meat Vegetable, Task Mistres
End of Turn 31: P1 board 8, P2 board 7, Dead Pool 29
Turn 32 - P2 acts
  - P2 hand: Impact Simulant
  + P2 board: Impact Simulant
End of Turn 32: P1 board 8, P2 board 8, Dead Pool 29
Turn 33 - P1 acts
  - P1 hand: Dragoon
  + P1 board: Dragoon
  - P1 board: Nives
  + P1 retired: Nives
  + Dead Pool: Nives, Nives
End of Turn 33: P1 board 8, P2 board 8, Dead Pool 31
Turn 34 - P2 acts
  - P2 hand: Nob Lobber
  + P2 board: Nob Lobber
  - P2 board: Shield Array Node
  + P2 retired: Shield Array Node
  + Dead Pool: Shield Array Node, Shield Array Node
End of Turn 34: P1 board 8, P2 board 8, Dead Pool 33
Turn 35 - P1 acts
  - P1 hand: Helvis
  + P1 board: Helvis
  - P1 board: Technomancer, Blood Howler, Blood Howler
  + P1 retired: Technomancer, Blood Howler, Blood Howler
  + Dead Pool: Technomancer, Technomancer, Blood Howler, Blood Howler, Blood Howler, Blood Howler
End of Turn 35: P1 board 6, P2 board 8, Dead Pool 39
Turn 36 - P2 acts
  - P2 hand: Task Mistres
  + P2 board: Task Mistres
End of Turn 36: P1 board 6, P2 board 9, Dead Pool 39
Turn 37 - P1 acts
  - P1 hand: Nives
  + P1 board: Nives
  - P1 board: Vex
  + P1 retired: Vex
  - P2 board: Lokar Simmons
  + P2 retired: Lokar Simmons
  + Dead Pool: Vex, Vex, Lokar Simmons
Result: winner P1 | turns 36
Retired: P1 14, P2 11, Dead Pool 42

=== Game seed 11058 ===
Starting: P1 faction PCU vs P2 faction NARC
Turn 1 - P1 acts
  - P1 hand: Void Freak
  + P1 board: Void Freak
End of Turn 1: P1 board 2, P2 board 1, Dead Pool 0
Turn 2 - P2 acts
  - P2 hand: Impact Simulant
  + P2 board: Impact Simulant
End of Turn 2: P1 board 2, P2 board 2, Dead Pool 0
Turn 3 - P1 acts
  - P1 hand: Void Freak
  + P1 board: Void Freak
End of Turn 3: P1 board 3, P2 board 2, Dead Pool 0
Turn 4 - P2 acts
  - P2 hand: Impact Simulant
  + P2 board: Impact Simulant
End of Turn 4: P1 board 3, P2 board 3, Dead Pool 0
Turn 5 - P1 acts
  - P1 hand: Restless Natives
  + P1 board: Restless Natives
  - P1 board: Void Freak
  + P1 retired: Void Freak
  - P2 board: Lokar Simmons
  + P2 retired: Lokar Simmons
  + Dead Pool: Void Freak, Void Freak, Lokar Simmons
Result: winner P1 | turns 4
Retired: P1 1, P2 1, Dead Pool 3

=== Game seed 11059 ===
Starting: P1 faction PCU vs P2 faction NARC
Turn 1 - P2 acts
  - P2 hand: Sausage Droid
  + P2 board: Sausage Droid
End of Turn 1: P1 board 1, P2 board 2, Dead Pool 0
Turn 2 - P1 acts
  - P1 hand: Psychodelic Toad
  + P1 board: Psychodelic Toad
End of Turn 2: P1 board 2, P2 board 2, Dead Pool 0
Turn 3 - P2 acts
  - P2 hand: Shield Array Node
  + P2 board: Shield Array Node
End of Turn 3: P1 board 2, P2 board 3, Dead Pool 0
Turn 4 - P1 acts
  - P1 hand: Käsekobold
  + P1 board: Käsekobold
  - P1 board: Psychodelic Toad
  + P1 retired: Psychodelic Toad
  + Dead Pool: Psychodelic Toad, Psychodelic Toad
End of Turn 4: P1 board 2, P2 board 3, Dead Pool 2
Turn 5 - P2 acts
  - P2 hand: Target Marker Probe
  + P2 board: Target Marker Probe
  - P2 board: Sausage Droid
  + P2 retired: Sausage Droid
  + Dead Pool: Sausage Droid, Sausage Droid
End of Turn 5: P1 board 2, P2 board 3, Dead Pool 4
Turn 6 - P1 acts
  - P1 hand: Käsekobold
  + P1 retired: Käsekobold
  + Dead Pool: Käsekobold, Käsekobold
End of Turn 6: P1 board 2, P2 board 3, Dead Pool 6
Turn 7 - P2 acts
  - P2 hand: MediFlux-1NDS
  + P2 board: MediFlux-1NDS
End of Turn 7: P1 board 2, P2 board 4, Dead Pool 6
Turn 8 - P1 acts
  - P1 hand: Voidling
  + P1 board: Voidling
  - P1 board: Käsekobold
  + P1 retired: Käsekobold
  + Dead Pool: Käsekobold, Käsekobold
End of Turn 8: P1 board 2, P2 board 4, Dead Pool 8
Turn 9 - P2 acts
  - P2 hand: K-9.0
  + P2 board: K-9.0
  - P2 board: Shield Array Node
  + P2 retired: Shield Array Node
  + Dead Pool: Shield Array Node, Shield Array Node
End of Turn 9: P1 board 2, P2 board 4, Dead Pool 10
Turn 10 - P1 acts
  - P1 hand: Local Singularity
  + P1 board: Local Singularity
End of Turn 10: P1 board 3, P2 board 4, Dead Pool 10
Turn 11 - P2 acts
  - P2 hand: Marine Marauder
  + P2 board: Marine Marauder
End of Turn 11: P1 board 3, P2 board 5, Dead Pool 10
Turn 12 - P1 acts
  - P1 hand: Voidling
  + P1 retired: Voidling
  + Dead Pool: Voidling, Voidling
End of Turn 12: P1 board 3, P2 board 5, Dead Pool 12
Turn 13 - P2 acts
  - P2 hand: Sausage Droid
  + P2 board: Sausage Droid
End of Turn 13: P1 board 3, P2 board 6, Dead Pool 12
Turn 14 - P1 acts
  - P1 hand: Annihilist Overseer
  + P1 board: Annihilist Overseer
  - P1 board: Local Singularity
  + P1 retired: Local Singularity
  + Dead Pool: Local Singularity, Local Singularity
End of Turn 14: P1 board 3, P2 board 6, Dead Pool 14
Turn 15 - P2 acts
  - P2 hand: Impact Simulant
  + P2 board: Impact Simulant
End of Turn 15: P1 board 3, P2 board 7, Dead Pool 14
Turn 16 - P1 acts
  - P1 hand: Blood Howler
  + P1 board: Blood Howler
  - P1 board: Annihilist Overseer
  + P1 retired: Annihilist Overseer
  + Dead Pool: Annihilist Overseer, Annihilist Overseer
End of Turn 16: P1 board 3, P2 board 7, Dead Pool 16
Turn 17 - P2 acts
  - P2 hand: MediFlux-1NDS
  + P2 board: MediFlux-1NDS
End of Turn 17: P1 board 3, P2 board 8, Dead Pool 16
Turn 18 - P1 acts
  - P1 hand: Technomancer
  + P1 board: Technomancer
  - P1 board: Voidling
  + P1 retired: Voidling
  + Dead Pool: Voidling, Voidling
End of Turn 18: P1 board 3, P2 board 8, Dead Pool 18
Turn 19 - P2 acts
  - P2 hand: Compliance Auditon
  + P2 board: Compliance Auditon
End of Turn 19: P1 board 3, P2 board 9, Dead Pool 18
Turn 20 - P1 acts
  - P1 hand: Annihilist Overseer
  + P1 board: Annihilist Overseer
  - P1 board: Blood Howler
  + P1 retired: Blood Howler
  + Dead Pool: Blood Howler, Blood Howler
End of Turn 20: P1 board 3, P2 board 9, Dead Pool 20
Turn 21 - P2 acts
  - P2 hand: Impact Simulant
  + P2 board: Impact Simulant
End of Turn 21: P1 board 3, P2 board 10, Dead Pool 20
Turn 22 - P1 acts
  - P1 hand: Restless Natives
  + P1 board: Restless Natives
  - P1 board: Technomancer, Annihilist Overseer
  + P1 retired: Annihilist Overseer, Technomancer
  + Dead Pool: Annihilist Overseer, Annihilist Overseer, Technomancer, Technomancer
End of Turn 22: P1 board 2, P2 board 10, Dead Pool 24
Turn 23 - P2 acts
  - P2 hand: Detainment Probe
  + P2 board: Detainment Probe
End of Turn 23: P1 board 2, P2 board 11, Dead Pool 24
Turn 24 - P1 acts
  - P1 hand: Blood Howler
  + P1 board: Blood Howler
End of Turn 24: P1 board 3, P2 board 11, Dead Pool 24
Turn 25 - P2 acts
  - P2 hand: K-9.0
  + P2 board: K-9.0
  - P2 board: Target Marker Probe
  + P2 retired: Target Marker Probe
  + Dead Pool: Target Marker Probe, Target Marker Probe
End of Turn 25: P1 board 3, P2 board 11, Dead Pool 26
Turn 26 - P1 acts
  - P1 hand: Restless Natives
  + P1 retired: Restless Natives
  + Dead Pool: Restless Natives, Restless Natives
End of Turn 26: P1 board 3, P2 board 11, Dead Pool 28
Turn 27 - P2 acts
  - P2 hand: Impact Simulant
  + P2 board: Impact Simulant
End of Turn 27: P1 board 3, P2 board 12, Dead Pool 28
Turn 28 - P1 acts
  - P1 hand: Mutt
  + P1 board: Mutt
  - P1 board: Blood Howler
  + P1 retired: Blood Howler
  + Dead Pool: Blood Howler, Blood Howler
End of Turn 28: P1 board 3, P2 board 12, Dead Pool 30
Turn 29 - P2 acts
  - P2 hand: Dormex Lurker
  + P2 board: Dormex Lurker
  - P2 board: MediFlux-1NDS
  + P2 retired: MediFlux-1NDS
  + Dead Pool: MediFlux-1NDS, MediFlux-1NDS
End of Turn 29: P1 board 3, P2 board 12, Dead Pool 32
Turn 30 - P1 acts
  - P1 hand: Technomancer
  + P1 board: Technomancer
  - P1 board: Restless Natives
  + P1 retired: Restless Natives
  + Dead Pool: Restless Natives, Restless Natives
End of Turn 30: P1 board 3, P2 board 12, Dead Pool 34
Turn 31 - P2 acts
  - P2 hand: Sausage Droid
  + P2 board: Sausage Droid
End of Turn 31: P1 board 3, P2 board 13, Dead Pool 34
Turn 32 - P1 acts
  - P1 hand: Psychodelic Toad
  + P1 board: Psychodelic Toad
  - P1 board: Mutt
  + P1 retired: Mutt
  + Dead Pool: Mutt, Mutt
End of Turn 32: P1 board 3, P2 board 13, Dead Pool 36
Turn 33 - P2 acts
  - P2 hand: Target Marker Probe
  + P2 board: Target Marker Probe
End of Turn 33: P1 board 3, P2 board 14, Dead Pool 36
Turn 34 - P1 acts
  - P1 hand: Void Freak
  + P1 board: Void Freak
End of Turn 34: P1 board 4, P2 board 14, Dead Pool 36
Turn 35 - P2 acts
  - P2 hand: Hover Shield
  + P2 board: Hover Shield
End of Turn 35: P1 board 4, P2 board 15, Dead Pool 36
Turn 36 - P1 acts
  - P1 hand: Mutt
  + P1 board: Mutt
  - P1 board: Technomancer
  + P1 retired: Technomancer
  - P2 board: K-9.0
  + P2 retired: K-9.0
  + Dead Pool: Technomancer, Technomancer, K-9.0
End of Turn 36: P1 board 4, P2 board 14, Dead Pool 39
Turn 37 - P2 acts
  - P2 hand: Hover Shield
  + P2 board: Hover Shield
End of Turn 37: P1 board 4, P2 board 15, Dead Pool 39
Turn 38 - P1 acts
  - P1 hand: Voidling
  + P1 board: Voidling
  - P1 board: Psychodelic Toad
  + P1 retired: Psychodelic Toad
  - P2 board: Marine Marauder
  + P2 retired: Marine Marauder
  + Dead Pool: Psychodelic Toad, Psychodelic Toad, Marine Marauder
End of Turn 38: P1 board 4, P2 board 14, Dead Pool 42
Turn 39 - P2 acts
  - P1 board: Void Freak
  + P1 retired: Void Freak
  - P2 hand: K-9.0
  + P2 board: K-9.0
  + Dead Pool: Void Freak
End of Turn 39: P1 board 3, P2 board 15, Dead Pool 43
Turn 40 - P1 acts
  - P1 hand: Voidling
  + P1 board: Voidling
  - P1 board: Mutt
  + P1 retired: Mutt
  - P2 board: Sausage Droid
  + P2 retired: Sausage Droid
  + Dead Pool: Sausage Droid, Mutt, Mutt
End of Turn 40: P1 board 3, P2 board 14, Dead Pool 46
Turn 41 - P2 acts
  - P2 hand: Killjoy
  + P2 board: Killjoy
  - P2 board: Impact Simulant
  + P2 retired: Impact Simulant
  + Dead Pool: Impact Simulant, Impact Simulant
End of Turn 41: P1 board 3, P2 board 14, Dead Pool 48
Turn 42 - P1 acts
  - P1 hand: Annihilist Overseer
  + P1 board: Annihilist Overseer
  - P1 board: Voidling
  + P1 retired: Voidling
  + Dead Pool: Voidling, Voidling
End of Turn 42: P1 board 3, P2 board 14, Dead Pool 50
Turn 43 - P2 acts
  - P2 hand: Sausage Droid
  + P2 board: Sausage Droid
End of Turn 43: P1 board 3, P2 board 15, Dead Pool 50
Turn 44 - P1 acts
  - P1 hand: Meat Vegetable
  + P1 board: Meat Vegetable
  - P1 board: Annihilist Overseer
  + P1 retired: Annihilist Overseer
  + Dead Pool: Annihilist Overseer, Annihilist Overseer
End of Turn 44: P1 board 3, P2 board 15, Dead Pool 52
Turn 45 - P2 acts
  - P2 hand: Task Mistres
  + P2 board: Task Mistres
End of Turn 45: P1 board 3, P2 board 16, Dead Pool 52
Turn 46 - P1 acts
  - P1 hand: Primordial Oozer
  + P1 board: Primordial Oozer
End of Turn 46: P1 board 4, P2 board 16, Dead Pool 52
Turn 47 - P2 acts
  - P2 hand: Shield Array Node
  + P2 board: Shield Array Node
End of Turn 47: P1 board 4, P2 board 17, Dead Pool 52
Turn 48 - P1 acts
  - P1 hand: Nives
  + P1 board: Nives
  - P1 board: Voidling
  + P1 retired: Voidling
  - P2 board: MediFlux-1NDS
  + P2 retired: MediFlux-1NDS
  + Dead Pool: Voidling, Voidling, MediFlux-1NDS
End of Turn 48: P1 board 4, P2 board 16, Dead Pool 55
Turn 49 - P2 acts
  - P2 hand: Impact Simulant
  + P2 board: Impact Simulant
End of Turn 49: P1 board 4, P2 board 17, Dead Pool 55
Turn 50 - P1 acts
  - P1 hand: Local Singularity
  + P1 board: Local Singularity
End of Turn 50: P1 board 5, P2 board 17, Dead Pool 55
Turn 51 - P2 acts
  - P2 hand: Compliance Auditon
  + P2 board: Compliance Auditon
End of Turn 51: P1 board 5, P2 board 18, Dead Pool 55
Turn 52 - P1 acts
  - P1 hand: Primordial Oozer
  + P1 board: Primordial Oozer
  - P2 board: Lokar Simmons
  + P2 retired: Lokar Simmons
  + Dead Pool: Lokar Simmons
Result: winner P1 | turns 51
Retired: P1 21, P2 10, Dead Pool 56

=== Game seed 11060 ===
Starting: P1 faction PCU vs P2 faction NARC
Turn 1 - P1 acts
  - P1 hand: Void Freak
  + P1 board: Void Freak
End of Turn 1: P1 board 2, P2 board 1, Dead Pool 0
Turn 2 - P2 acts
  - P2 hand: Impact Simulant
  + P2 board: Impact Simulant
End of Turn 2: P1 board 2, P2 board 2, Dead Pool 0
Turn 3 - P1 acts
  - P1 hand: Restless Natives
  + P1 board: Restless Natives
End of Turn 3: P1 board 3, P2 board 2, Dead Pool 0
Turn 4 - P2 acts
  - P2 hand: Target Marker Probe
  + P2 board: Target Marker Probe
End of Turn 4: P1 board 3, P2 board 3, Dead Pool 0
Turn 5 - P1 acts
  - P1 hand: Restless Natives
  + P1 board: Restless Natives
  - P1 board: Void Freak
  + P1 retired: Void Freak
  + Dead Pool: Void Freak, Void Freak
End of Turn 5: P1 board 3, P2 board 3, Dead Pool 2
Turn 6 - P2 acts
  - P2 hand: Sausage Droid
  + P2 board: Sausage Droid
End of Turn 6: P1 board 3, P2 board 4, Dead Pool 2
Turn 7 - P1 acts
  - P1 hand: Vex
  + P1 board: Vex
  - P1 board: Restless Natives
  + P1 retired: Restless Natives
  + Dead Pool: Restless Natives, Restless Natives
End of Turn 7: P1 board 3, P2 board 4, Dead Pool 4
Turn 8 - P2 acts
  - P1 board: Restless Natives
  + P1 retired: Restless Natives
  - P2 hand: Detainment Probe
  + P2 board: Detainment Probe
  + Dead Pool: Restless Natives
End of Turn 8: P1 board 2, P2 board 5, Dead Pool 5
Turn 9 - P1 acts
  - P1 hand: Blood Howler
  + P1 board: Blood Howler
  - P1 board: Vex
  + P1 retired: Vex
  + Dead Pool: Vex, Vex
End of Turn 9: P1 board 2, P2 board 5, Dead Pool 7
Turn 10 - P2 acts
  - P2 hand: MediFlux-1NDS
  + P2 board: MediFlux-1NDS
End of Turn 10: P1 board 2, P2 board 6, Dead Pool 7
Turn 11 - P1 acts
  - P1 hand: Primordial Oozer
  + P1 board: Primordial Oozer
End of Turn 11: P1 board 3, P2 board 6, Dead Pool 7
Turn 12 - P2 acts
  - P2 hand: Impact Simulant
  + P2 board: Impact Simulant
End of Turn 12: P1 board 3, P2 board 7, Dead Pool 7
Turn 13 - P1 acts
  - P1 hand: Nives
  + P1 board: Nives
  - P1 board: Blood Howler
  + P1 retired: Blood Howler
  + Dead Pool: Blood Howler, Blood Howler
End of Turn 13: P1 board 3, P2 board 7, Dead Pool 9
Turn 14 - P2 acts
  - P2 hand: Hover Shield
  + P2 board: Hover Shield
  - P2 board: Impact Simulant
  + P2 retired: Impact Simulant
  + Dead Pool: Impact Simulant, Impact Simulant
End of Turn 14: P1 board 3, P2 board 7, Dead Pool 11
Turn 15 - P1 acts
  - P1 hand: Annihilist Overseer
  + P1 board: Annihilist Overseer
  - P1 board: Primordial Oozer
  + P1 retired: Primordial Oozer
  + Dead Pool: Primordial Oozer, Primordial Oozer
End of Turn 15: P1 board 3, P2 board 7, Dead Pool 13
Turn 16 - P2 acts
  - P2 hand: MediFlux-1NDS
  + P2 board: MediFlux-1NDS
  - P2 board: Target Marker Probe
  + P2 retired: Target Marker Probe
  + Dead Pool: Target Marker Probe, Target Marker Probe
End of Turn 16: P1 board 3, P2 board 7, Dead Pool 15
Turn 17 - P1 acts
  - P1 hand: Technomancer
  + P1 board: Technomancer
  - P1 board: Nives, Annihilist Overseer
  + P1 retired: Nives, Annihilist Overseer
  + Dead Pool: Nives, Nives, Annihilist Overseer, Annihilist Overseer
End of Turn 17: P1 board 2, P2 board 7, Dead Pool 19
Turn 18 - P2 acts
  - P2 hand: Shield Array Node
  + P2 board: Shield Array Node
End of Turn 18: P1 board 2, P2 board 8, Dead Pool 19
Turn 19 - P1 acts
  - P1 hand: Nives
  + P1 board: Nives
  - P1 board: Technomancer
  + P1 retired: Technomancer
  + Dead Pool: Technomancer, Technomancer
End of Turn 19: P1 board 2, P2 board 8, Dead Pool 21
Turn 20 - P2 acts
  - P2 hand: Sausage Droid
  + P2 retired: Sausage Droid
  + Dead Pool: Sausage Droid, Sausage Droid
End of Turn 20: P1 board 2, P2 board 8, Dead Pool 23
Turn 21 - P1 acts
  - P1 hand: Voidling
  + P1 board: Voidling
  - P1 board: Nives
  + P1 retired: Nives
  + Dead Pool: Nives, Nives
End of Turn 21: P1 board 2, P2 board 8, Dead Pool 25
Turn 22 - P2 acts
  - P2 hand: Impact Simulant
  + P2 board: Impact Simulant
End of Turn 22: P1 board 2, P2 board 9, Dead Pool 25
Turn 23 - P1 acts
  - P1 hand: Void Freak
  + P1 board: Void Freak
End of Turn 23: P1 board 3, P2 board 9, Dead Pool 25
Turn 24 - P2 acts
  - P2 hand: Task Mistres
  + P2 board: Task Mistres
  - P2 board: Detainment Probe
  + P2 retired: Detainment Probe
  + Dead Pool: Detainment Probe, Detainment Probe
End of Turn 24: P1 board 3, P2 board 9, Dead Pool 27
Turn 25 - P1 acts
  - P1 hand: Technomancer
  + P1 board: Technomancer
  - P1 board: Voidling
  + P1 retired: Voidling
  - P2 board: MediFlux-1NDS
  + P2 retired: MediFlux-1NDS
  + Dead Pool: Voidling, Voidling, MediFlux-1NDS
End of Turn 25: P1 board 3, P2 board 8, Dead Pool 30
Turn 26 - P2 acts
  - P2 hand: Task Mistres
  + P2 board: Task Mistres
End of Turn 26: P1 board 3, P2 board 9, Dead Pool 30
Turn 27 - P1 acts
  - P1 hand: Local Singularity
  + P1 board: Local Singularity
  - P1 board: Void Freak
  + P1 retired: Void Freak
  + Dead Pool: Void Freak, Void Freak
End of Turn 27: P1 board 3, P2 board 9, Dead Pool 32
Turn 28 - P2 acts
  - P2 hand: Marine Marauder
  + P2 board: Marine Marauder
  - P2 board: Impact Simulant
  + P2 retired: Impact Simulant
  + Dead Pool: Impact Simulant, Impact Simulant
End of Turn 28: P1 board 3, P2 board 9, Dead Pool 34
Turn 29 - P1 acts
  - P1 hand: Käsekobold
  + P1 board: Käsekobold
End of Turn 29: P1 board 4, P2 board 9, Dead Pool 34
Turn 30 - P2 acts
  - P1 board: Technomancer
  + P1 retired: Technomancer
  - P2 hand: Detainment Probe
  + P2 board: Detainment Probe
  + Dead Pool: Technomancer
End of Turn 30: P1 board 3, P2 board 10, Dead Pool 35
Turn 31 - P1 acts
  - P1 hand: Krax
  + P1 board: Krax
  - P1 board: Local Singularity
  + P1 retired: Local Singularity
  + Dead Pool: Local Singularity, Local Singularity
End of Turn 31: P1 board 3, P2 board 10, Dead Pool 37
Turn 32 - P2 acts
  - P2 hand: K-9.0
  + P2 board: K-9.0
  - P2 board: Hover Shield
  + P2 retired: Hover Shield
  + Dead Pool: Hover Shield, Hover Shield
End of Turn 32: P1 board 3, P2 board 10, Dead Pool 39
Turn 33 - P1 acts
  - P1 hand: Käsekobold
  + P1 retired: Käsekobold
  + Dead Pool: Käsekobold, Käsekobold
End of Turn 33: P1 board 3, P2 board 10, Dead Pool 41
Turn 34 - P2 acts
  - P2 hand: Marine Marauder
  + P2 board: Marine Marauder
End of Turn 34: P1 board 3, P2 board 11, Dead Pool 41
Turn 35 - P1 acts
  - P1 hand: Meat Vegetable
  + P1 board: Meat Vegetable
  - P2 board: MediFlux-1NDS
  + P2 retired: MediFlux-1NDS
  + Dead Pool: MediFlux-1NDS
End of Turn 35: P1 board 4, P2 board 10, Dead Pool 42
Turn 36 - P2 acts
  - P2 hand: Sausage Droid
  + P2 board: Sausage Droid
End of Turn 36: P1 board 4, P2 board 11, Dead Pool 42
Turn 37 - P1 acts
  - P1 hand: Nives
  + P1 board: Nives
  - P1 board: Krax
  + P1 retired: Krax
  - P2 board: Detainment Probe
  + P2 retired: Detainment Probe
  + Dead Pool: Detainment Probe, Krax, Krax
End of Turn 37: P1 board 4, P2 board 10, Dead Pool 45
Turn 38 - P2 acts
  - P2 hand: MediFlux-1NDS
  + P2 board: MediFlux-1NDS
End of Turn 38: P1 board 4, P2 board 11, Dead Pool 45
Turn 39 - P1 acts
  - P1 hand: Vex
  + P1 board: Vex
  - P1 board: Käsekobold
  + P1 retired: Käsekobold
  - P2 board: Shield Array Node
  + P2 retired: Shield Array Node
  + Dead Pool: Käsekobold, Käsekobold, Shield Array Node
End of Turn 39: P1 board 4, P2 board 10, Dead Pool 48
Turn 40 - P2 acts
  - P2 hand: Hover Shield
  + P2 board: Hover Shield
End of Turn 40: P1 board 4, P2 board 11, Dead Pool 48
Turn 41 - P1 acts
  - P1 hand: Dragoon
  + P1 board: Dragoon
  - P1 board: Meat Vegetable, Nives
  + P1 retired: Nives, Meat Vegetable
  - P2 board: Sausage Droid
  + P2 retired: Sausage Droid
  + Dead Pool: Nives, Nives, Sausage Droid, Meat Vegetable, Meat Vegetable
End of Turn 41: P1 board 3, P2 board 10, Dead Pool 53
Turn 42 - P2 acts
  - P2 hand: Task Mistres
  + P2 board: Task Mistres
End of Turn 42: P1 board 3, P2 board 11, Dead Pool 53
Turn 43 - P1 acts
  - P1 hand: Meat Vegetable
  + P1 board: Meat Vegetable
End of Turn 43: P1 board 4, P2 board 11, Dead Pool 53
Turn 44 - P2 acts
  - P2 hand: Compliance Auditon
  + P2 board: Compliance Auditon
End of Turn 44: P1 board 4, P2 board 12, Dead Pool 53
Turn 45 - P1 acts
  - P1 hand: Technomancer
  + P1 board: Technomancer
  - P1 board: Vex
  + P1 retired: Vex
  + Dead Pool: Vex, Vex
End of Turn 45: P1 board 4, P2 board 12, Dead Pool 55
Turn 46 - P2 acts
  - P1 board: Dragoon
  + P1 retired: Dragoon
  - P2 hand: Dormex Lurker
  + P2 board: Dormex Lurker
  - P2 board: Impact Simulant
  + P2 retired: Impact Simulant
  + Dead Pool: Impact Simulant, Impact Simulant, Dragoon
End of Turn 46: P1 board 3, P2 board 12, Dead Pool 58
Turn 47 - P1 acts
  - P1 hand: Local Singularity
  + P1 board: Local Singularity
End of Turn 47: P1 board 4, P2 board 12, Dead Pool 58
Turn 48 - P2 acts
  - P2 hand: Task Mistres
  + P2 board: Task Mistres
End of Turn 48: P1 board 4, P2 board 13, Dead Pool 58
Turn 49 - P1 acts
  - P1 hand: Dragoon
  + P1 board: Dragoon
  - P1 board: Meat Vegetable, Technomancer
  + P1 retired: Technomancer, Meat Vegetable
  + Dead Pool: Technomancer, Technomancer, Meat Vegetable, Meat Vegetable
End of Turn 49: P1 board 3, P2 board 13, Dead Pool 62
Turn 50 - P2 acts
  - P2 hand: Impact Simulant
  + P2 board: Impact Simulant
End of Turn 50: P1 board 3, P2 board 14, Dead Pool 62
Turn 51 - P1 acts
  - P1 hand: Annihilist Overseer
  + P1 board: Annihilist Overseer
  - P1 board: Local Singularity
  + P1 retired: Local Singularity
  + Dead Pool: Local Singularity, Local Singularity
End of Turn 51: P1 board 3, P2 board 14, Dead Pool 64
Turn 52 - P2 acts
  - P2 hand: Nob Lobber
  + P2 board: Nob Lobber
  - P2 board: Task Mistres
  + P2 retired: Task Mistres
  + Dead Pool: Task Mistres, Task Mistres
End of Turn 52: P1 board 3, P2 board 14, Dead Pool 66
Turn 53 - P1 acts
  - P1 hand: Blood Howler
  + P1 board: Blood Howler
  - P1 board: Annihilist Overseer
  + P1 retired: Annihilist Overseer
  + Dead Pool: Annihilist Overseer, Annihilist Overseer
End of Turn 53: P1 board 3, P2 board 14, Dead Pool 68
Turn 54 - P2 acts
  - P1 board: Dragoon
  + P1 retired: Dragoon
  - P2 hand: Hover Shield
  + P2 board: Hover Shield
  + Dead Pool: Dragoon
End of Turn 54: P1 board 2, P2 board 15, Dead Pool 69
Turn 55 - P1 acts
  - P1 hand: Mutt
  + P1 board: Mutt
  - P1 board: Blood Howler
  + P1 retired: Blood Howler
  + Dead Pool: Blood Howler, Blood Howler
End of Turn 55: P1 board 2, P2 board 15, Dead Pool 71
Turn 56 - P2 acts
  - P2 hand: K-9.0
  + P2 board: K-9.0
  - P2 board: Task Mistres
  + P2 retired: Task Mistres
  + Dead Pool: Task Mistres, Task Mistres
End of Turn 56: P1 board 2, P2 board 15, Dead Pool 73
Turn 57 - P1 acts
  - P1 hand: Psychodelic Toad
  + P1 board: Psychodelic Toad
End of Turn 57: P1 board 3, P2 board 15, Dead Pool 73
Turn 58 - P2 acts
  - P1 board: Mutt
  + P1 retired: Mutt
  - P2 hand: Sentry Node
  + P2 board: Sentry Node
  - P2 board: Marine Marauder
  + P2 retired: Marine Marauder
  + Dead Pool: Marine Marauder, Marine Marauder, Mutt
End of Turn 58: P1 board 2, P2 board 15, Dead Pool 76
Turn 59 - P1 acts
  - P1 hand: Voidling
  + P1 board: Voidling
  - P1 board: Psychodelic Toad
  + P1 retired: Psychodelic Toad
  + Dead Pool: Psychodelic Toad, Psychodelic Toad
End of Turn 59: P1 board 2, P2 board 15, Dead Pool 78
Turn 60 - P2 acts
  - P2 hand: Nob Lobber
  + P2 board: Nob Lobber
  - P2 board: K-9.0
  + P2 retired: K-9.0
  + Dead Pool: K-9.0, K-9.0
End of Turn 60: P1 board 2, P2 board 15, Dead Pool 80
Turn 61 - P1 acts
  - P1 hand: Krax
  + P1 board: Krax
  - P1 board: Grim, Voidling
  + P1 retired: Voidling, Grim
  + Dead Pool: Voidling, Voidling, Grim
Result: winner P2 | turns 60
Retired: P1 31, P2 16, Dead Pool 83

=== Game seed 11061 ===
Starting: P1 faction PCU vs P2 faction NARC
Turn 1 - P1 acts
  - P1 hand: Käsekobold
  + P1 board: Käsekobold
End of Turn 1: P1 board 2, P2 board 1, Dead Pool 0
Turn 2 - P2 acts
  - P2 hand: Sausage Droid
  + P2 board: Sausage Droid
End of Turn 2: P1 board 2, P2 board 2, Dead Pool 0
Turn 3 - P1 acts
  - P1 hand: Restless Natives
  + P1 board: Restless Natives
End of Turn 3: P1 board 3, P2 board 2, Dead Pool 0
Turn 4 - P2 acts
  - P1 board: Käsekobold
  + P1 retired: Käsekobold
  - P2 hand: Task Mistres
  + P2 board: Task Mistres
  + Dead Pool: Käsekobold
End of Turn 4: P1 board 2, P2 board 3, Dead Pool 1
Turn 5 - P1 acts
  - P1 hand: Psychodelic Toad
  + P1 board: Psychodelic Toad
  - P2 board: Sausage Droid
  + P2 retired: Sausage Droid
  + Dead Pool: Sausage Droid
End of Turn 5: P1 board 3, P2 board 2, Dead Pool 2
Turn 6 - P2 acts
  - P2 hand: Task Mistres
  + P2 board: Task Mistres
End of Turn 6: P1 board 3, P2 board 3, Dead Pool 2
Turn 7 - P1 acts
  - P1 hand: Voidling
  + P1 board: Voidling
  - P1 board: Restless Natives, Psychodelic Toad
  + P1 retired: Restless Natives, Psychodelic Toad
  + Dead Pool: Restless Natives, Restless Natives, Psychodelic Toad, Psychodelic Toad
End of Turn 7: P1 board 2, P2 board 3, Dead Pool 6
Turn 8 - P2 acts
  - P2 hand: Shield Array Node
  + P2 board: Shield Array Node
End of Turn 8: P1 board 2, P2 board 4, Dead Pool 6
Turn 9 - P1 acts
  - P1 hand: Mutt
  + P1 board: Mutt
  - P1 board: Voidling
  + P1 retired: Voidling
  + Dead Pool: Voidling, Voidling
End of Turn 9: P1 board 2, P2 board 4, Dead Pool 8
Turn 10 - P2 acts
  - P2 hand: Hover Shield
  + P2 board: Hover Shield
  - P2 board: Task Mistres
  + P2 retired: Task Mistres
  + Dead Pool: Task Mistres, Task Mistres
End of Turn 10: P1 board 2, P2 board 4, Dead Pool 10
Turn 11 - P1 acts
  - P1 hand: Vex
  + P1 board: Vex
  - P1 board: Mutt
  + P1 retired: Mutt
  + Dead Pool: Mutt, Mutt
End of Turn 11: P1 board 2, P2 board 4, Dead Pool 12
Turn 12 - P2 acts
  - P2 hand: Dormex Lurker
  + P2 board: Dormex Lurker
End of Turn 12: P1 board 2, P2 board 5, Dead Pool 12
Turn 13 - P1 acts
  - P1 hand: Local Singularity
  + P1 board: Local Singularity
  - P1 board: Vex
  + P1 retired: Vex
  + Dead Pool: Vex, Vex
End of Turn 13: P1 board 2, P2 board 5, Dead Pool 14
Turn 14 - P2 acts
  - P2 hand: Hover Shield
  + P2 board: Hover Shield
  - P2 board: Task Mistres
  + P2 retired: Task Mistres
  + Dead Pool: Task Mistres, Task Mistres
End of Turn 14: P1 board 2, P2 board 5, Dead Pool 16
Turn 15 - P1 acts
  - P1 hand: Restless Natives
  + P1 board: Restless Natives
End of Turn 15: P1 board 3, P2 board 5, Dead Pool 16
Turn 16 - P2 acts
  - P2 hand: Sausage Droid
  + P2 board: Sausage Droid
End of Turn 16: P1 board 3, P2 board 6, Dead Pool 16
Turn 17 - P1 acts
  - P1 hand: Meat Vegetable
  + P1 board: Meat Vegetable
End of Turn 17: P1 board 4, P2 board 6, Dead Pool 16
Turn 18 - P2 acts
  - P1 board: Local Singularity
  + P1 retired: Local Singularity
  - P2 hand: Task Mistres
  + P2 board: Task Mistres
  + Dead Pool: Local Singularity
End of Turn 18: P1 board 3, P2 board 7, Dead Pool 17
Turn 19 - P1 acts
  - P1 hand: Technomancer
  + P1 board: Technomancer
  - P1 board: Restless Natives
  + P1 retired: Restless Natives
  + Dead Pool: Restless Natives, Restless Natives
End of Turn 19: P1 board 3, P2 board 7, Dead Pool 19
Turn 20 - P2 acts
  - P2 hand: Detainment Probe
  + P2 board: Detainment Probe
End of Turn 20: P1 board 3, P2 board 8, Dead Pool 19
Turn 21 - P1 acts
  - P1 hand: Mutt
  + P1 board: Mutt
  - P1 board: Meat Vegetable
  + P1 retired: Meat Vegetable
  + Dead Pool: Meat Vegetable, Meat Vegetable
End of Turn 21: P1 board 3, P2 board 8, Dead Pool 21
Turn 22 - P2 acts
  - P2 hand: K-9.0
  + P2 board: K-9.0
  - P2 board: Shield Array Node
  + P2 retired: Shield Array Node
  + Dead Pool: Shield Array Node, Shield Array Node
End of Turn 22: P1 board 3, P2 board 8, Dead Pool 23
Turn 23 - P1 acts
  - P1 hand: Annihilist Overseer
  + P1 board: Annihilist Overseer
  - P1 board: Technomancer
  + P1 retired: Technomancer
  + Dead Pool: Technomancer, Technomancer
End of Turn 23: P1 board 3, P2 board 8, Dead Pool 25
Turn 24 - P2 acts
  - P2 hand: Dormex Lurker
  + P2 board: Dormex Lurker
End of Turn 24: P1 board 3, P2 board 9, Dead Pool 25
Turn 25 - P1 acts
  - P1 hand: Krax
  + P1 board: Krax
  - P1 board: Mutt, Annihilist Overseer
  + P1 retired: Mutt, Annihilist Overseer
  + Dead Pool: Mutt, Mutt, Annihilist Overseer, Annihilist Overseer
End of Turn 25: P1 board 2, P2 board 9, Dead Pool 29
Turn 26 - P2 acts
  - P2 hand: Detainment Probe
  + P2 board: Detainment Probe
End of Turn 26: P1 board 2, P2 board 10, Dead Pool 29
Turn 27 - P1 acts
  - P1 hand: Käsekobold
  + P1 board: Käsekobold
  - P2 board: Hover Shield
  + P2 retired: Hover Shield
  + Dead Pool: Hover Shield
End of Turn 27: P1 board 3, P2 board 9, Dead Pool 30
Turn 28 - P2 acts
  - P2 hand: Target Marker Probe
  + P2 board: Target Marker Probe
End of Turn 28: P1 board 3, P2 board 10, Dead Pool 30
Turn 29 - P1 acts
  - P1 hand: Technomancer
  + P1 board: Technomancer
  - P1 board: Krax
  + P1 retired: Krax
  + Dead Pool: Krax, Krax
End of Turn 29: P1 board 3, P2 board 10, Dead Pool 32
Turn 30 - P2 acts
  - P1 board: Käsekobold
  + P1 retired: Käsekobold
  - P2 hand: Shield Array Node
  + P2 board: Shield Array Node
  - P2 board: Dormex Lurker
  + P2 retired: Dormex Lurker
  + Dead Pool: Käsekobold, Dormex Lurker, Dormex Lurker
End of Turn 30: P1 board 2, P2 board 10, Dead Pool 35
Turn 31 - P1 acts
  - P1 hand: Local Singularity
  + P1 board: Local Singularity
End of Turn 31: P1 board 3, P2 board 10, Dead Pool 35
Turn 32 - P2 acts
  - P2 hand: Marine Marauder
  + P2 board: Marine Marauder
End of Turn 32: P1 board 3, P2 board 11, Dead Pool 35
Turn 33 - P1 acts
  - P1 hand: Vex
  + P1 board: Vex
  - P1 board: Technomancer
  + P1 retired: Technomancer
  + Dead Pool: Technomancer, Technomancer
End of Turn 33: P1 board 3, P2 board 11, Dead Pool 37
Turn 34 - P2 acts
  - P2 hand: MediFlux-1NDS
  + P2 board: MediFlux-1NDS
  - P2 board: Hover Shield
  + P2 retired: Hover Shield
  + Dead Pool: Hover Shield, Hover Shield
End of Turn 34: P1 board 3, P2 board 11, Dead Pool 39
Turn 35 - P1 acts
  - P1 hand: Käsekobold
  + P1 board: Käsekobold
  - P1 board: Local Singularity, Vex
  + P1 retired: Vex, Local Singularity
  + Dead Pool: Vex, Vex, Local Singularity, Local Singularity
End of Turn 35: P1 board 2, P2 board 11, Dead Pool 43
Turn 36 - P2 acts
  - P2 hand: K-9.0
  + P2 board: K-9.0
End of Turn 36: P1 board 2, P2 board 12, Dead Pool 43
Turn 37 - P1 acts
  - P1 hand: Void Freak
  + P1 board: Void Freak
  - P2 board: Sausage Droid
  + P2 retired: Sausage Droid
  + Dead Pool: Sausage Droid
End of Turn 37: P1 board 3, P2 board 11, Dead Pool 44
Turn 38 - P2 acts
  - P1 board: Käsekobold
  + P1 retired: Käsekobold
  - P2 hand: K-9.0
  + P2 board: K-9.0
  + Dead Pool: Käsekobold
End of Turn 38: P1 board 2, P2 board 12, Dead Pool 45
Turn 39 - P1 acts
  - P1 hand: Meat Vegetable
  + P1 board: Meat Vegetable
  - P2 board: Task Mistres
  + P2 retired: Task Mistres
  + Dead Pool: Task Mistres
End of Turn 39: P1 board 3, P2 board 11, Dead Pool 46
Turn 40 - P2 acts
  - P2 hand: Killjoy
  + P2 board: Killjoy
  - P2 board: Detainment Probe
  + P2 retired: Detainment Probe
  + Dead Pool: Detainment Probe, Detainment Probe
End of Turn 40: P1 board 3, P2 board 11, Dead Pool 48
Turn 41 - P1 acts
  - P1 hand: Void Freak
  + P1 retired: Void Freak
  + Dead Pool: Void Freak, Void Freak
End of Turn 41: P1 board 3, P2 board 11, Dead Pool 50
Turn 42 - P2 acts
  - P2 hand: Nob Lobber
  + P2 board: Nob Lobber
  - P2 board: K-9.0
  + P2 retired: K-9.0
  + Dead Pool: K-9.0, K-9.0
End of Turn 42: P1 board 3, P2 board 11, Dead Pool 52
Turn 43 - P1 acts
  - P1 hand: Dragoon
  + P1 board: Dragoon
  - P1 board: Meat Vegetable
  + P1 retired: Meat Vegetable
  - P2 board: Lokar Simmons
  + P2 retired: Lokar Simmons
  + Dead Pool: Meat Vegetable, Meat Vegetable, Lokar Simmons
Result: winner P1 | turns 42
Retired: P1 20, P2 12, Dead Pool 55

=== Game seed 11062 ===
Starting: P1 faction PCU vs P2 faction NARC
Turn 1 - P1 acts
  - P1 hand: Void Freak
  + P1 board: Void Freak
End of Turn 1: P1 board 2, P2 board 1, Dead Pool 0
Turn 2 - P2 acts
  - P2 hand: Sausage Droid
  + P2 board: Sausage Droid
End of Turn 2: P1 board 2, P2 board 2, Dead Pool 0
Turn 3 - P1 acts
  - P1 hand: Primordial Oozer
  + P1 board: Primordial Oozer
  - P2 board: Lokar Simmons
  + P2 retired: Lokar Simmons
  + Dead Pool: Lokar Simmons
Result: winner P1 | turns 2
Retired: P1 0, P2 1, Dead Pool 1

=== Game seed 11063 ===
Starting: P1 faction PCU vs P2 faction NARC
Turn 1 - P2 acts
  - P2 hand: Detainment Probe
  + P2 board: Detainment Probe
End of Turn 1: P1 board 1, P2 board 2, Dead Pool 0
Turn 2 - P1 acts
  - P1 hand: Meat Vegetable
  + P1 board: Meat Vegetable
End of Turn 2: P1 board 2, P2 board 2, Dead Pool 0
Turn 3 - P2 acts
  - P2 hand: Compliance Auditon
  + P2 board: Compliance Auditon
End of Turn 3: P1 board 2, P2 board 3, Dead Pool 0
Turn 4 - P1 acts
  - P1 hand: Void Freak
  + P1 board: Void Freak
End of Turn 4: P1 board 3, P2 board 3, Dead Pool 0
Turn 5 - P2 acts
  - P2 hand: MediFlux-1NDS
  + P2 board: MediFlux-1NDS
  - P2 board: Detainment Probe
  + P2 retired: Detainment Probe
  + Dead Pool: Detainment Probe, Detainment Probe
End of Turn 5: P1 board 3, P2 board 3, Dead Pool 2
Turn 6 - P1 acts
  - P1 hand: Primordial Oozer
  + P1 board: Primordial Oozer
End of Turn 6: P1 board 4, P2 board 3, Dead Pool 2
Turn 7 - P2 acts
  - P2 hand: Task Mistres
  + P2 board: Task Mistres
End of Turn 7: P1 board 4, P2 board 4, Dead Pool 2
Turn 8 - P1 acts
  - P1 hand: Meat Vegetable
  + P1 board: Meat Vegetable
  - P2 board: Lokar Simmons
  + P2 retired: Lokar Simmons
  + Dead Pool: Lokar Simmons
Result: winner P1 | turns 7
Retired: P1 0, P2 2, Dead Pool 3

=== Game seed 11064 ===
Starting: P1 faction PCU vs P2 faction NARC
Turn 1 - P2 acts
  - P2 hand: Sausage Droid
  + P2 board: Sausage Droid
End of Turn 1: P1 board 1, P2 board 2, Dead Pool 0
Turn 2 - P1 acts
  - P1 hand: Void Freak
  + P1 board: Void Freak
End of Turn 2: P1 board 2, P2 board 2, Dead Pool 0
Turn 3 - P2 acts
  - P2 hand: Compliance Auditon
  + P2 board: Compliance Auditon
End of Turn 3: P1 board 2, P2 board 3, Dead Pool 0
Turn 4 - P1 acts
  - P1 hand: Blood Howler
  + P1 board: Blood Howler
  - P2 board: Sausage Droid
  + P2 retired: Sausage Droid
  + Dead Pool: Sausage Droid
End of Turn 4: P1 board 3, P2 board 2, Dead Pool 1
Turn 5 - P2 acts
  - P2 hand: Impact Simulant
  + P2 board: Impact Simulant
End of Turn 5: P1 board 3, P2 board 3, Dead Pool 1
Turn 6 - P1 acts
  - P1 hand: Blood Howler
  + P1 board: Blood Howler
  - P1 board: Void Freak
  + P1 retired: Void Freak
  + Dead Pool: Void Freak, Void Freak
End of Turn 6: P1 board 3, P2 board 3, Dead Pool 3
Turn 7 - P2 acts
  - P2 hand: Detainment Probe
  + P2 board: Detainment Probe
End of Turn 7: P1 board 3, P2 board 4, Dead Pool 3
Turn 8 - P1 acts
  - P1 hand: Vex
  + P1 board: Vex
  - P1 board: Blood Howler
  + P1 retired: Blood Howler
  + Dead Pool: Blood Howler, Blood Howler
End of Turn 8: P1 board 3, P2 board 4, Dead Pool 5
Turn 9 - P2 acts
  - P2 hand: MediFlux-1NDS
  + P2 board: MediFlux-1NDS
End of Turn 9: P1 board 3, P2 board 5, Dead Pool 5
Turn 10 - P1 acts
  - P1 hand: Meat Vegetable
  + P1 board: Meat Vegetable
End of Turn 10: P1 board 4, P2 board 5, Dead Pool 5
Turn 11 - P2 acts
  - P2 hand: Task Mistres
  + P2 board: Task Mistres
  - P2 board: Compliance Auditon
  + P2 retired: Compliance Auditon
  + Dead Pool: Compliance Auditon, Compliance Auditon
End of Turn 11: P1 board 4, P2 board 5, Dead Pool 7
Turn 12 - P1 acts
  - P1 hand: Primordial Oozer
  + P1 board: Primordial Oozer
  - P1 board: Vex
  + P1 retired: Vex
  + Dead Pool: Vex, Vex
End of Turn 12: P1 board 4, P2 board 5, Dead Pool 9
Turn 13 - P2 acts
  - P2 hand: Task Mistres
  + P2 board: Task Mistres
End of Turn 13: P1 board 4, P2 board 6, Dead Pool 9
Turn 14 - P1 acts
  - P1 hand: Technomancer
  + P1 board: Technomancer
  - P1 board: Blood Howler
  + P1 retired: Blood Howler
  + Dead Pool: Blood Howler, Blood Howler
End of Turn 14: P1 board 4, P2 board 6, Dead Pool 11
Turn 15 - P2 acts
  - P2 hand: Dormex Lurker
  + P2 board: Dormex Lurker
  - P2 board: Impact Simulant
  + P2 retired: Impact Simulant
  + Dead Pool: Impact Simulant, Impact Simulant
End of Turn 15: P1 board 4, P2 board 6, Dead Pool 13
Turn 16 - P1 acts
  - P1 hand: Mutt
  + P1 board: Mutt
  - P1 board: Meat Vegetable
  + P1 retired: Meat Vegetable
  - P2 board: Detainment Probe
  + P2 retired: Detainment Probe
  + Dead Pool: Meat Vegetable, Meat Vegetable, Detainment Probe
End of Turn 16: P1 board 4, P2 board 5, Dead Pool 16
Turn 17 - P2 acts
  - P2 hand: Shield Array Node
  + P2 board: Shield Array Node
End of Turn 17: P1 board 4, P2 board 6, Dead Pool 16
Turn 18 - P1 acts
  - P1 hand: Voidling
  + P1 board: Voidling
  - P1 board: Primordial Oozer
  + P1 retired: Primordial Oozer
  + Dead Pool: Primordial Oozer, Primordial Oozer
End of Turn 18: P1 board 4, P2 board 6, Dead Pool 18
Turn 19 - P2 acts
  - P2 hand: Dormex Lurker
  + P2 board: Dormex Lurker
  - P2 board: MediFlux-1NDS
  + P2 retired: MediFlux-1NDS
  + Dead Pool: MediFlux-1NDS, MediFlux-1NDS
End of Turn 19: P1 board 4, P2 board 6, Dead Pool 20
Turn 20 - P1 acts
  - P1 hand: Primordial Oozer
  + P1 board: Primordial Oozer
End of Turn 20: P1 board 5, P2 board 6, Dead Pool 20
Turn 21 - P2 acts
  - P2 hand: Sausage Droid
  + P2 board: Sausage Droid
End of Turn 21: P1 board 5, P2 board 7, Dead Pool 20
Turn 22 - P1 acts
  - P1 hand: Mutt
  + P1 board: Mutt
  - P1 board: Technomancer
  + P1 retired: Technomancer
  + Dead Pool: Technomancer, Technomancer
End of Turn 22: P1 board 5, P2 board 7, Dead Pool 22
Turn 23 - P2 acts
  - P1 board: Mutt
  + P1 retired: Mutt
  - P2 hand: Target Marker Probe
  + P2 board: Target Marker Probe
  + Dead Pool: Mutt
End of Turn 23: P1 board 4, P2 board 8, Dead Pool 23
Turn 24 - P1 acts
  - P1 hand: Mutt
  + P1 board: Mutt
  - P1 board: Voidling
  + P1 retired: Voidling
  + Dead Pool: Voidling, Voidling
End of Turn 24: P1 board 4, P2 board 8, Dead Pool 25
Turn 25 - P2 acts
  - P2 hand: K-9.0
  + P2 board: K-9.0
  - P2 board: Task Mistres
  + P2 retired: Task Mistres
  + Dead Pool: Task Mistres, Task Mistres
End of Turn 25: P1 board 4, P2 board 8, Dead Pool 27
Turn 26 - P1 acts
  - P1 hand: Annihilist Overseer
  + P1 board: Annihilist Overseer
  - P1 board: Primordial Oozer
  + P1 retired: Primordial Oozer
  + Dead Pool: Primordial Oozer, Primordial Oozer
End of Turn 26: P1 board 4, P2 board 8, Dead Pool 29
Turn 27 - P2 acts
  - P1 board: Mutt
  + P1 retired: Mutt
  - P2 hand: Sausage Droid
  + P2 board: Sausage Droid
  + Dead Pool: Mutt
End of Turn 27: P1 board 3, P2 board 9, Dead Pool 30
Turn 28 - P1 acts
  - P1 hand: Annihilist Overseer
  - P1 board: Mutt
  + P1 retired: Mutt, Annihilist Overseer
  + Dead Pool: Mutt, Mutt, Annihilist Overseer, Annihilist Overseer
End of Turn 28: P1 board 2, P2 board 9, Dead Pool 34
Turn 29 - P2 acts
  - P2 hand: Shield Array Node
  + P2 board: Shield Array Node
End of Turn 29: P1 board 2, P2 board 10, Dead Pool 34
Turn 30 - P1 acts
  - P1 hand: Local Singularity
  + P1 board: Local Singularity
  - P1 board: Annihilist Overseer
  + P1 retired: Annihilist Overseer
  + Dead Pool: Annihilist Overseer, Annihilist Overseer
End of Turn 30: P1 board 2, P2 board 10, Dead Pool 36
Turn 31 - P2 acts
  - P2 hand: MediFlux-1NDS
  + P2 board: MediFlux-1NDS
  - P2 board: Task Mistres
  + P2 retired: Task Mistres
  + Dead Pool: Task Mistres, Task Mistres
End of Turn 31: P1 board 2, P2 board 10, Dead Pool 38
Turn 32 - P1 acts
  - P1 hand: Restless Natives
  + P1 board: Restless Natives
End of Turn 32: P1 board 3, P2 board 10, Dead Pool 38
Turn 33 - P2 acts
  - P2 hand: Impact Simulant
  + P2 board: Impact Simulant
End of Turn 33: P1 board 3, P2 board 11, Dead Pool 38
Turn 34 - P1 acts
  - P1 hand: Annihilist Overseer
  + P1 board: Annihilist Overseer
  - P1 board: Local Singularity, Restless Natives
  + P1 retired: Local Singularity, Restless Natives
  + Dead Pool: Local Singularity, Local Singularity, Restless Natives, Restless Natives
End of Turn 34: P1 board 2, P2 board 11, Dead Pool 42
Turn 35 - P2 acts
  - P2 hand: Impact Simulant
  + P2 board: Impact Simulant
End of Turn 35: P1 board 2, P2 board 12, Dead Pool 42
Turn 36 - P1 acts
  - P1 hand: Nives
  + P1 board: Nives
  - P1 board: Annihilist Overseer
  + P1 retired: Annihilist Overseer
  + Dead Pool: Annihilist Overseer, Annihilist Overseer
End of Turn 36: P1 board 2, P2 board 12, Dead Pool 44
Turn 37 - P2 acts
  - P2 hand: MediFlux-1NDS
  + P2 board: MediFlux-1NDS
End of Turn 37: P1 board 2, P2 board 13, Dead Pool 44
Turn 38 - P1 acts
  - P1 hand: Restless Natives
  + P1 board: Restless Natives
  - P2 board: Dormex Lurker
  + P2 retired: Dormex Lurker
  + Dead Pool: Dormex Lurker
End of Turn 38: P1 board 3, P2 board 12, Dead Pool 45
Turn 39 - P2 acts
  - P1 board: Nives
  + P1 retired: Nives
  - P2 hand: K-9.0
  + P2 board: K-9.0
  + Dead Pool: Nives
End of Turn 39: P1 board 2, P2 board 13, Dead Pool 46
Turn 40 - P1 acts
  - P1 hand: Void Freak
  + P1 board: Void Freak
  - P2 board: Shield Array Node
  + P2 retired: Shield Array Node
  + Dead Pool: Shield Array Node
End of Turn 40: P1 board 3, P2 board 12, Dead Pool 47
Turn 41 - P2 acts
  - P2 hand: K-9.0
  + P2 board: K-9.0
End of Turn 41: P1 board 3, P2 board 13, Dead Pool 47
Turn 42 - P1 acts
  - P1 hand: Technomancer
  + P1 board: Technomancer
  - P1 board: Restless Natives, Void Freak
  + P1 retired: Void Freak, Restless Natives
  - P2 board: Dormex Lurker
  + P2 retired: Dormex Lurker
  + Dead Pool: Void Freak, Void Freak, Void Freak, Restless Natives, Restless Natives, Dormex Lurker
End of Turn 42: P1 board 2, P2 board 12, Dead Pool 53
Turn 43 - P2 acts
  - P2 hand: Sentry Node
  + P2 board: Sentry Node
  - P2 board: Sausage Droid
  + P2 retired: Sausage Droid
  + Dead Pool: Sausage Droid, Sausage Droid
End of Turn 43: P1 board 2, P2 board 12, Dead Pool 55
Turn 44 - P1 acts
  - P1 hand: Nives
  + P1 board: Nives
  - P1 board: Technomancer
  + P1 retired: Technomancer
  + Dead Pool: Technomancer, Technomancer
End of Turn 44: P1 board 2, P2 board 12, Dead Pool 57
Turn 45 - P2 acts
  - P2 hand: Sausage Droid
  + P2 board: Sausage Droid
End of Turn 45: P1 board 2, P2 board 13, Dead Pool 57
Turn 46 - P1 acts
  - P1 hand: Mutt
  + P1 board: Mutt
  - P1 board: Nives
  + P1 retired: Nives
  + Dead Pool: Nives, Nives
End of Turn 46: P1 board 2, P2 board 13, Dead Pool 59
Turn 47 - P2 acts
  - P2 hand: Detainment Probe
  + P2 board: Detainment Probe
End of Turn 47: P1 board 2, P2 board 14, Dead Pool 59
Turn 48 - P1 acts
  - P1 hand: Vex
  + P1 board: Vex
  - P1 board: Mutt
  + P1 retired: Mutt
  + Dead Pool: Mutt, Mutt
End of Turn 48: P1 board 2, P2 board 14, Dead Pool 61
Turn 49 - P2 acts
  - P2 hand: Marine Marauder
  + P2 board: Marine Marauder
  - P2 board: Sentry Node
  + P2 retired: Sentry Node
  + Dead Pool: Sentry Node, Sentry Node
End of Turn 49: P1 board 2, P2 board 14, Dead Pool 63
Turn 50 - P1 acts
  - P1 hand: Blood Howler
  + P1 board: Blood Howler
  - P1 board: Vex
  + P1 retired: Vex
  - P2 board: Target Marker Probe
  + P2 retired: Target Marker Probe
  + Dead Pool: Vex, Vex, Target Marker Probe
End of Turn 50: P1 board 2, P2 board 13, Dead Pool 66
Turn 51 - P2 acts
  - P2 hand: MediFlux-1NDS
  + P2 board: MediFlux-1NDS
End of Turn 51: P1 board 2, P2 board 14, Dead Pool 66
Turn 52 - P1 acts
  - P1 hand: Käsekobold
  + P1 board: Käsekobold
End of Turn 52: P1 board 3, P2 board 14, Dead Pool 66
Turn 53 - P2 acts
  - P2 hand: Nob Lobber
  + P2 board: Nob Lobber
  - P2 board: K-9.0
  + P2 retired: K-9.0
  + Dead Pool: K-9.0, K-9.0
End of Turn 53: P1 board 3, P2 board 14, Dead Pool 68
Turn 54 - P1 acts
  - P1 hand: Primordial Oozer
  + P1 board: Primordial Oozer
End of Turn 54: P1 board 4, P2 board 14, Dead Pool 68
Turn 55 - P2 acts
  - P2 hand: Sentry Node
  + P2 board: Sentry Node
  - P2 board: Sausage Droid
  + P2 retired: Sausage Droid
  + Dead Pool: Sausage Droid, Sausage Droid
End of Turn 55: P1 board 4, P2 board 14, Dead Pool 70
Turn 56 - P1 acts
  - P1 hand: Voidling
  + P1 board: Voidling
  - P1 board: Blood Howler
  + P1 retired: Blood Howler
  - P2 board: Shield Array Node
  + P2 retired: Shield Array Node
  + Dead Pool: Blood Howler, Blood Howler, Shield Array Node
End of Turn 56: P1 board 4, P2 board 13, Dead Pool 73
Turn 57 - P2 acts
  - P2 hand: Hover Shield
  + P2 board: Hover Shield
End of Turn 57: P1 board 4, P2 board 14, Dead Pool 73
Turn 58 - P1 acts
  - P1 hand: Käsekobold
  + P1 retired: Käsekobold
  + Dead Pool: Käsekobold, Käsekobold
End of Turn 58: P1 board 4, P2 board 14, Dead Pool 75
Turn 59 - P2 acts
  - P2 hand: Task Mistres
  + P2 board: Task Mistres
  - P2 board: Sentry Node
  + P2 retired: Sentry Node
  + Dead Pool: Sentry Node, Sentry Node
End of Turn 59: P1 board 4, P2 board 14, Dead Pool 77
Turn 60 - P1 acts
  - P1 hand: Dragoon
  + P1 board: Dragoon
  - P1 board: Primordial Oozer
  + P1 retired: Primordial Oozer
  - P2 board: MediFlux-1NDS
  + P2 retired: MediFlux-1NDS
  + Dead Pool: Primordial Oozer, Primordial Oozer, MediFlux-1NDS
End of Turn 60: P1 board 4, P2 board 13, Dead Pool 80
Turn 61 - P2 acts
  - P2 hand: Marine Marauder
  + P2 board: Marine Marauder
End of Turn 61: P1 board 4, P2 board 14, Dead Pool 80
Turn 62 - P1 acts
  - P1 hand: Krax
  + P1 board: Krax
  - P1 board: Voidling, Käsekobold
  + P1 retired: Voidling, Käsekobold
  - P2 board: Impact Simulant
  + P2 retired: Impact Simulant
  + Dead Pool: Impact Simulant, Voidling, Voidling, Käsekobold, Käsekobold
End of Turn 62: P1 board 3, P2 board 13, Dead Pool 85
Turn 63 - P2 acts
  - P2 hand: Killjoy
  + P2 board: Killjoy
  - P2 board: Impact Simulant
  + P2 retired: Impact Simulant
  + Dead Pool: Impact Simulant, Impact Simulant
End of Turn 63: P1 board 3, P2 board 13, Dead Pool 87
Turn 64 - P1 acts
  - P1 hand: Void Freak
  + P1 board: Void Freak
End of Turn 64: P1 board 4, P2 board 13, Dead Pool 87
Turn 65 - P2 acts
  - P2 hand: Bruut Enforcer
  + P2 board: Bruut Enforcer
  - P2 board: MediFlux-1NDS
  + P2 retired: MediFlux-1NDS
  + Dead Pool: MediFlux-1NDS, MediFlux-1NDS
End of Turn 65: P1 board 4, P2 board 13, Dead Pool 89
Turn 66 - P1 acts
  - P1 hand: Restless Natives
  + P1 board: Restless Natives
  - P1 board: Dragoon
  + P1 retired: Dragoon
  - P2 board: Detainment Probe
  + P2 retired: Detainment Probe
  + Dead Pool: Detainment Probe, Dragoon, Dragoon
End of Turn 66: P1 board 4, P2 board 12, Dead Pool 92
Turn 67 - P2 acts
  - P2 hand: Dormex Lurker
  + P2 board: Dormex Lurker
End of Turn 67: P1 board 4, P2 board 13, Dead Pool 92
Turn 68 - P1 acts
  - P1 hand: Dragoon
  + P1 board: Dragoon
  - P1 board: Krax, Void Freak
  + P1 retired: Void Freak, Krax
  + Dead Pool: Void Freak, Void Freak, Krax, Krax
End of Turn 68: P1 board 3, P2 board 13, Dead Pool 96
Turn 69 - P2 acts
  - P2 hand: Buzzkill
  + P2 board: Buzzkill
  - P2 board: K-9.0
  + P2 retired: K-9.0
  + Dead Pool: K-9.0, K-9.0
End of Turn 69: P1 board 3, P2 board 13, Dead Pool 98
Turn 70 - P1 acts
  - P1 hand: Meat Vegetable
  + P1 board: Meat Vegetable
  - P2 board: K-9.0
  + P2 retired: K-9.0
  + Dead Pool: K-9.0
End of Turn 70: P1 board 4, P2 board 12, Dead Pool 99
Turn 71 - P2 acts
  - P1 board: Restless Natives
  + P1 retired: Restless Natives
  - P2 hand: Target Marker Probe
  + P2 board: Target Marker Probe
  + Dead Pool: Restless Natives
End of Turn 71: P1 board 3, P2 board 13, Dead Pool 100
Turn 72 - P1 acts
  - P1 hand: Krax
  + P1 board: Krax
  - P1 board: Dragoon
  + P1 retired: Dragoon
  + Dead Pool: Dragoon, Dragoon
End of Turn 72: P1 board 3, P2 board 13, Dead Pool 102
Turn 73 - P2 acts
  - P2 hand: Compliance Auditon
  + P2 board: Compliance Auditon
End of Turn 73: P1 board 3, P2 board 14, Dead Pool 102
Turn 74 - P1 acts
  - P1 hand: Restless Natives
  + P1 board: Restless Natives
  - P1 board: Meat Vegetable
  + P1 retired: Meat Vegetable
  + Dead Pool: Meat Vegetable, Meat Vegetable
End of Turn 74: P1 board 3, P2 board 14, Dead Pool 104
Turn 75 - P2 acts
  - P2 hand: Task Mistres
  + P2 board: Task Mistres
  - P2 board: Sausage Droid
  + P2 retired: Sausage Droid
  + Dead Pool: Sausage Droid, Sausage Droid
End of Turn 75: P1 board 3, P2 board 14, Dead Pool 106
Turn 76 - P1 acts
  - P1 hand: Psychodelic Toad
  + P1 board: Psychodelic Toad
End of Turn 76: P1 board 4, P2 board 14, Dead Pool 106
Turn 77 - P2 acts
  - P2 hand: K-9.0
  + P2 board: K-9.0
End of Turn 77: P1 board 4, P2 board 15, Dead Pool 106
Turn 78 - P1 acts
  - P1 hand: Vex
  + P1 board: Vex
  - P1 board: Krax
  + P1 retired: Krax
  + Dead Pool: Krax, Krax
End of Turn 78: P1 board 4, P2 board 15, Dead Pool 108
Turn 79 - P2 acts
  - P2 hand: Hover Shield
  + P2 board: Hover Shield
  - P2 board: Marine Marauder
  + P2 retired: Marine Marauder
  + Dead Pool: Marine Marauder, Marine Marauder
End of Turn 79: P1 board 4, P2 board 15, Dead Pool 110
Turn 80 - P1 acts
  - P1 hand: Voidling
  + P1 board: Voidling
  - P1 board: Restless Natives, Psychodelic Toad
  + P1 retired: Restless Natives, Psychodelic Toad
  + Dead Pool: Restless Natives, Restless Natives, Psychodelic Toad, Psychodelic Toad
End of Turn 80: P1 board 3, P2 board 15, Dead Pool 114
Turn 81 - P2 acts
  - P2 hand: Nob Lobber
  + P2 board: Nob Lobber
  - P2 board: MediFlux-1NDS
  + P2 retired: MediFlux-1NDS
  + Dead Pool: MediFlux-1NDS, MediFlux-1NDS
End of Turn 81: P1 board 3, P2 board 15, Dead Pool 116
Turn 82 - P1 acts
  - P1 hand: Psychodelic Toad
  + P1 board: Psychodelic Toad
  - P1 board: Vex
  + P1 retired: Vex
  + Dead Pool: Vex, Vex
End of Turn 82: P1 board 3, P2 board 15, Dead Pool 118
Turn 83 - P2 acts
  - P2 hand: Marine Marauder
  + P2 board: Marine Marauder
End of Turn 83: P1 board 3, P2 board 16, Dead Pool 118
Turn 84 - P1 acts
  - P1 hand: Nives
  + P1 board: Nives
  - P1 board: Voidling
  + P1 retired: Voidling
  + Dead Pool: Voidling, Voidling
End of Turn 84: P1 board 3, P2 board 16, Dead Pool 120
Turn 85 - P2 acts
  - P2 hand: Compliance Auditon
  + P2 board: Compliance Auditon
End of Turn 85: P1 board 3, P2 board 17, Dead Pool 120
Turn 86 - P1 acts
  - P1 hand: Meat Vegetable
  + P1 board: Meat Vegetable
  - P2 board: Nob Lobber
  + P2 retired: Nob Lobber
  + Dead Pool: Nob Lobber
End of Turn 86: P1 board 4, P2 board 16, Dead Pool 121
Turn 87 - P2 acts
  - P2 hand: Narcstar
  + P2 board: Narcstar
  - P2 board: Hover Shield, Task Mistres, Marine Marauder
  + P2 retired: Task Mistres, Marine Marauder, Hover Shield
  + Dead Pool: Task Mistres, Task Mistres, Marine Marauder, Marine Marauder, Hover Shield, Hover Shield
End of Turn 87: P1 board 4, P2 board 14, Dead Pool 127
Turn 88 - P1 acts
  - P1 hand: Local Singularity
  + P1 board: Local Singularity
  - P1 board: Psychodelic Toad
  + P1 retired: Psychodelic Toad
  + Dead Pool: Psychodelic Toad, Psychodelic Toad
End of Turn 88: P1 board 4, P2 board 14, Dead Pool 129
Turn 89 - P2 acts
  - P2 hand: Shield Array Node
  + P2 board: Shield Array Node
End of Turn 89: P1 board 4, P2 board 15, Dead Pool 129
Turn 90 - P1 acts
  - P1 hand: Technomancer
  + P1 board: Technomancer
  - P1 board: Nives
  + P1 retired: Nives
  + Dead Pool: Nives, Nives
End of Turn 90: P1 board 4, P2 board 15, Dead Pool 131
Turn 91 - P2 acts
  - P2 hand: Hover Shield
  + P2 board: Hover Shield
End of Turn 91: P1 board 4, P2 board 16, Dead Pool 131
Turn 92 - P1 acts
  - P1 hand: Dragoon
  + P1 board: Dragoon
  - P1 board: Meat Vegetable
  + P1 retired: Meat Vegetable
  + Dead Pool: Meat Vegetable, Meat Vegetable
End of Turn 92: P1 board 4, P2 board 16, Dead Pool 133
Turn 93 - P2 acts
  - P1 board: Local Singularity
  + P1 retired: Local Singularity
  - P2 hand: Hover Shield
  + P2 board: Hover Shield
  - P2 board: Killjoy
  + P2 retired: Killjoy
  + Dead Pool: Local Singularity, Killjoy, Killjoy
End of Turn 93: P1 board 3, P2 board 16, Dead Pool 136
Turn 94 - P1 acts
  - P1 hand: Käsekobold
  + P1 board: Käsekobold
End of Turn 94: P1 board 4, P2 board 16, Dead Pool 136
Turn 95 - P2 acts
  - P2 hand: Killjoy
  + P2 board: Killjoy
  - P2 board: Bruut Enforcer
  + P2 retired: Bruut Enforcer
  + Dead Pool: Bruut Enforcer, Bruut Enforcer
End of Turn 95: P1 board 4, P2 board 16, Dead Pool 138
Turn 96 - P1 acts
  - P1 hand: Dragoon
  - P1 board: Technomancer
  + P1 retired: Technomancer, Dragoon
  + Dead Pool: Technomancer, Technomancer, Dragoon, Dragoon
End of Turn 96: P1 board 3, P2 board 16, Dead Pool 142
Turn 97 - P2 acts
  - P2 hand: Target Marker Probe
  + P2 board: Target Marker Probe
End of Turn 97: P1 board 3, P2 board 17, Dead Pool 142
Turn 98 - P1 acts
  - P1 hand: Void Freak
  + P1 board: Void Freak
End of Turn 98: P1 board 4, P2 board 17, Dead Pool 142
Turn 99 - P2 acts
  - P2 hand: Bruut Enforcer
  + P2 board: Bruut Enforcer
  - P2 board: Dormex Lurker
  + P2 retired: Dormex Lurker
  + Dead Pool: Dormex Lurker, Dormex Lurker
End of Turn 99: P1 board 4, P2 board 17, Dead Pool 144
Turn 100 - P1 acts
  - P1 hand: Krax
  + P1 board: Krax
  - P1 board: Käsekobold, Dragoon
  + P1 retired: Käsekobold, Dragoon
  - P2 board: Buzzkill
  + P2 retired: Buzzkill
  + Dead Pool: Käsekobold, Käsekobold, Dragoon, Dragoon, Buzzkill
End of Turn 100: P1 board 3, P2 board 16, Dead Pool 149
Turn 101 - P2 acts
  - P2 hand: Sentry Node
  + P2 board: Sentry Node
  - P2 board: Target Marker Probe
  + P2 retired: Target Marker Probe
  + Dead Pool: Target Marker Probe, Target Marker Probe
End of Turn 101: P1 board 3, P2 board 16, Dead Pool 151
Turn 102 - P1 acts
  - P1 hand: Käsekobold
  + P1 board: Käsekobold
  - P1 board: Void Freak
  + P1 retired: Void Freak
  - P2 board: Narcstar
  + P2 retired: Narcstar
  + Dead Pool: Void Freak, Void Freak, Narcstar
End of Turn 102: P1 board 3, P2 board 15, Dead Pool 154
Turn 103 - P2 acts
  - P2 hand: Impact Simulant
  + P2 board: Impact Simulant
End of Turn 103: P1 board 3, P2 board 16, Dead Pool 154
Turn 104 - P1 acts
  - P1 hand: Voidling
  + P1 board: Voidling
  - P1 board: Krax
  + P1 retired: Krax
  - P2 board: Sentry Node
  + P2 retired: Sentry Node
  + Dead Pool: Sentry Node, Krax, Krax
End of Turn 104: P1 board 3, P2 board 15, Dead Pool 157
Turn 105 - P2 acts
  - P2 hand: Detainment Probe
  + P2 board: Detainment Probe
End of Turn 105: P1 board 3, P2 board 16, Dead Pool 157
Turn 106 - P1 acts
  - P1 hand: Meat Vegetable
  + P1 board: Meat Vegetable
End of Turn 106: P1 board 4, P2 board 16, Dead Pool 157
Turn 107 - P2 acts
  - P2 hand: Compliance Auditon
  + P2 board: Compliance Auditon
End of Turn 107: P1 board 4, P2 board 17, Dead Pool 157
Result: winner P2 | turns 107
Retired: P1 50, P2 38, Dead Pool 157

=== Game seed 11065 ===
Starting: P1 faction PCU vs P2 faction NARC
Turn 1 - P2 acts
  - P2 hand: Impact Simulant
  + P2 board: Impact Simulant
End of Turn 1: P1 board 1, P2 board 2, Dead Pool 0
Turn 2 - P1 acts
  - P1 hand: Käsekobold
  + P1 board: Käsekobold
End of Turn 2: P1 board 2, P2 board 2, Dead Pool 0
Turn 3 - P2 acts
  - P2 hand: MediFlux-1NDS
  + P2 board: MediFlux-1NDS
End of Turn 3: P1 board 2, P2 board 3, Dead Pool 0
Turn 4 - P1 acts
  - P1 hand: Restless Natives
  + P1 board: Restless Natives
End of Turn 4: P1 board 3, P2 board 3, Dead Pool 0
Turn 5 - P2 acts
  - P2 hand: Shield Array Node
  + P2 board: Shield Array Node
  - P2 board: Impact Simulant
  + P2 retired: Impact Simulant
  + Dead Pool: Impact Simulant, Impact Simulant
End of Turn 5: P1 board 3, P2 board 3, Dead Pool 2
Turn 6 - P1 acts
  - P1 hand: Blood Howler
  + P1 board: Blood Howler
  - P1 board: Käsekobold
  + P1 retired: Käsekobold
  + Dead Pool: Käsekobold, Käsekobold
End of Turn 6: P1 board 3, P2 board 3, Dead Pool 4
Turn 7 - P2 acts
  - P2 hand: Hover Shield
  + P2 board: Hover Shield
End of Turn 7: P1 board 3, P2 board 4, Dead Pool 4
Turn 8 - P1 acts
  - P1 hand: Vex
  + P1 board: Vex
  - P1 board: Restless Natives
  + P1 retired: Restless Natives
  + Dead Pool: Restless Natives, Restless Natives
End of Turn 8: P1 board 3, P2 board 4, Dead Pool 6
Turn 9 - P2 acts
  - P2 hand: Target Marker Probe
  + P2 board: Target Marker Probe
End of Turn 9: P1 board 3, P2 board 5, Dead Pool 6
Turn 10 - P1 acts
  - P1 hand: Voidling
  + P1 board: Voidling
End of Turn 10: P1 board 4, P2 board 5, Dead Pool 6
Turn 11 - P2 acts
  - P2 hand: Sentry Node
  + P2 board: Sentry Node
  - P2 board: MediFlux-1NDS
  + P2 retired: MediFlux-1NDS
  + Dead Pool: MediFlux-1NDS, MediFlux-1NDS
End of Turn 11: P1 board 4, P2 board 5, Dead Pool 8
Turn 12 - P1 acts
  - P1 hand: Nives
  + P1 board: Nives
  - P1 board: Blood Howler, Vex
  + P1 retired: Blood Howler, Vex
  + Dead Pool: Blood Howler, Blood Howler, Vex, Vex
End of Turn 12: P1 board 3, P2 board 5, Dead Pool 12
Turn 13 - P2 acts
  - P2 hand: Sausage Droid
  + P2 board: Sausage Droid
End of Turn 13: P1 board 3, P2 board 6, Dead Pool 12
Turn 14 - P1 acts
  - P1 hand: Void Freak
  + P1 board: Void Freak
  - P2 board: Sentry Node
  + P2 retired: Sentry Node
  + Dead Pool: Sentry Node
End of Turn 14: P1 board 4, P2 board 5, Dead Pool 13
Turn 15 - P2 acts
  - P2 hand: Compliance Auditon
  + P2 board: Compliance Auditon
End of Turn 15: P1 board 4, P2 board 6, Dead Pool 13
Turn 16 - P1 acts
  - P1 hand: Restless Natives
  + P1 board: Restless Natives
  - P2 board: Shield Array Node
  + P2 retired: Shield Array Node
  + Dead Pool: Shield Array Node
End of Turn 16: P1 board 5, P2 board 5, Dead Pool 14
Turn 17 - P2 acts
  - P2 hand: Sausage Droid
  + P2 board: Sausage Droid
End of Turn 17: P1 board 5, P2 board 6, Dead Pool 14
Turn 18 - P1 acts
  - P1 hand: Käsekobold
  + P1 board: Käsekobold
  - P1 board: Voidling
  + P1 retired: Voidling
  - P2 board: Hover Shield
  + P2 retired: Hover Shield
  + Dead Pool: Voidling, Voidling, Hover Shield
End of Turn 18: P1 board 5, P2 board 5, Dead Pool 17
Turn 19 - P2 acts
  - P2 hand: Killjoy
  + P2 board: Killjoy
  - P2 board: Target Marker Probe
  + P2 retired: Target Marker Probe
  + Dead Pool: Target Marker Probe, Target Marker Probe
End of Turn 19: P1 board 5, P2 board 5, Dead Pool 19
Turn 20 - P1 acts
  - P1 hand: Vex
  + P1 board: Vex
  - P1 board: Nives, Void Freak
  + P1 retired: Nives, Void Freak
  - P2 board: Sausage Droid
  + P2 retired: Sausage Droid
  + Dead Pool: Nives, Nives, Void Freak, Void Freak, Sausage Droid
End of Turn 20: P1 board 4, P2 board 4, Dead Pool 24
Turn 21 - P2 acts
  - P2 hand: MediFlux-1NDS
  + P2 board: MediFlux-1NDS
End of Turn 21: P1 board 4, P2 board 5, Dead Pool 24
Turn 22 - P1 acts
  - P1 hand: Annihilist Overseer
  + P1 board: Annihilist Overseer
  - P1 board: Restless Natives
  + P1 retired: Restless Natives
  + Dead Pool: Restless Natives, Restless Natives
End of Turn 22: P1 board 4, P2 board 5, Dead Pool 26
Turn 23 - P2 acts
  - P2 hand: Bruut Enforcer
  + P2 board: Bruut Enforcer
  - P2 board: Compliance Auditon
  + P2 retired: Compliance Auditon
  + Dead Pool: Compliance Auditon, Compliance Auditon
End of Turn 23: P1 board 4, P2 board 5, Dead Pool 28
Turn 24 - P1 acts
  - P1 hand: Technomancer
  + P1 board: Technomancer
  - P1 board: Käsekobold, Annihilist Overseer
  + P1 retired: Käsekobold, Annihilist Overseer
  + Dead Pool: Käsekobold, Käsekobold, Annihilist Overseer, Annihilist Overseer
End of Turn 24: P1 board 3, P2 board 5, Dead Pool 32
Turn 25 - P2 acts
  - P2 hand: Compliance Auditon
  + P2 board: Compliance Auditon
End of Turn 25: P1 board 3, P2 board 6, Dead Pool 32
Turn 26 - P1 acts
  - P1 hand: Voidling
  + P1 board: Voidling
  - P1 board: Vex
  + P1 retired: Vex
  + Dead Pool: Vex, Vex
End of Turn 26: P1 board 3, P2 board 6, Dead Pool 34
Turn 27 - P2 acts
  - P2 hand: Sentry Node
  + P2 board: Sentry Node
  - P2 board: Sausage Droid
  + P2 retired: Sausage Droid
  + Dead Pool: Sausage Droid, Sausage Droid
End of Turn 27: P1 board 3, P2 board 6, Dead Pool 36
Turn 28 - P1 acts
  - P1 hand: Primordial Oozer
  + P1 board: Primordial Oozer
End of Turn 28: P1 board 4, P2 board 6, Dead Pool 36
Turn 29 - P2 acts
  - P2 hand: Shield Array Node
  + P2 board: Shield Array Node
  - P2 board: Killjoy
  + P2 retired: Killjoy
  + Dead Pool: Killjoy, Killjoy
End of Turn 29: P1 board 4, P2 board 6, Dead Pool 38
Turn 30 - P1 acts
  - P1 hand: Mutt
  + P1 board: Mutt
  - P1 board: Technomancer
  + P1 retired: Technomancer
  + Dead Pool: Technomancer, Technomancer
End of Turn 30: P1 board 4, P2 board 6, Dead Pool 40
Turn 31 - P2 acts
  - P1 board: Voidling
  + P1 retired: Voidling
  - P2 hand: Dormex Lurker
  + P2 board: Dormex Lurker
  - P2 board: Sentry Node
  + P2 retired: Sentry Node
  + Dead Pool: Sentry Node, Sentry Node, Voidling
End of Turn 31: P1 board 3, P2 board 6, Dead Pool 43
Turn 32 - P1 acts
  - P1 hand: Käsekobold
  + P1 board: Käsekobold
  - P1 board: Primordial Oozer
  + P1 retired: Primordial Oozer
  + Dead Pool: Primordial Oozer, Primordial Oozer
End of Turn 32: P1 board 3, P2 board 6, Dead Pool 45
Turn 33 - P2 acts
  - P2 hand: Hover Shield
  + P2 board: Hover Shield
  - P2 board: MediFlux-1NDS
  + P2 retired: MediFlux-1NDS
  + Dead Pool: MediFlux-1NDS, MediFlux-1NDS
End of Turn 33: P1 board 3, P2 board 6, Dead Pool 47
Turn 34 - P1 acts
  - P1 hand: Primordial Oozer
  + P1 board: Primordial Oozer
End of Turn 34: P1 board 4, P2 board 6, Dead Pool 47
Turn 35 - P2 acts
  - P2 hand: Nob Lobber
  + P2 board: Nob Lobber
  - P2 board: Bruut Enforcer
  + P2 retired: Bruut Enforcer
  + Dead Pool: Bruut Enforcer, Bruut Enforcer
End of Turn 35: P1 board 4, P2 board 6, Dead Pool 49
Turn 36 - P1 acts
  - P1 hand: Dragoon
  + P1 board: Dragoon
  - P1 board: Mutt, Käsekobold
  + P1 retired: Käsekobold, Mutt
  + Dead Pool: Käsekobold, Käsekobold, Mutt, Mutt
End of Turn 36: P1 board 3, P2 board 6, Dead Pool 53
Turn 37 - P2 acts
  - P2 hand: Target Marker Probe
  + P2 board: Target Marker Probe
End of Turn 37: P1 board 3, P2 board 7, Dead Pool 53
Turn 38 - P1 acts
  - P1 hand: Blood Howler
  + P1 board: Blood Howler
  - P1 board: Primordial Oozer
  + P1 retired: Primordial Oozer
  + Dead Pool: Primordial Oozer, Primordial Oozer
End of Turn 38: P1 board 3, P2 board 7, Dead Pool 55
Turn 39 - P2 acts
  - P2 hand: MediFlux-1NDS
  + P2 board: MediFlux-1NDS
End of Turn 39: P1 board 3, P2 board 8, Dead Pool 55
Turn 40 - P1 acts
  - P1 hand: Nives
  + P1 board: Nives
  - P1 board: Dragoon
  + P1 retired: Dragoon
  + Dead Pool: Dragoon, Dragoon
End of Turn 40: P1 board 3, P2 board 8, Dead Pool 57
Turn 41 - P2 acts
  - P2 hand: Impact Simulant
  + P2 board: Impact Simulant
End of Turn 41: P1 board 3, P2 board 9, Dead Pool 57
Turn 42 - P1 acts
  - P1 hand: Meat Vegetable
  + P1 board: Meat Vegetable
  - P2 board: Compliance Auditon
  + P2 retired: Compliance Auditon
  + Dead Pool: Compliance Auditon
End of Turn 42: P1 board 4, P2 board 8, Dead Pool 58
Turn 43 - P2 acts
  - P2 hand: Bruut Enforcer
  + P2 board: Bruut Enforcer
  - P2 board: Shield Array Node
  + P2 retired: Shield Array Node
  + Dead Pool: Shield Array Node, Shield Array Node
End of Turn 43: P1 board 4, P2 board 8, Dead Pool 60
Turn 44 - P1 acts
  - P1 hand: Psychodelic Toad
  + P1 board: Psychodelic Toad
End of Turn 44: P1 board 5, P2 board 8, Dead Pool 60
Turn 45 - P2 acts
  - P2 hand: Impact Simulant
  + P2 board: Impact Simulant
End of Turn 45: P1 board 5, P2 board 9, Dead Pool 60
Turn 46 - P1 acts
  - P1 hand: Void Freak
  + P1 board: Void Freak
End of Turn 46: P1 board 6, P2 board 9, Dead Pool 60
Turn 47 - P2 acts
  - P1 board: Nives
  + P1 retired: Nives
  - P2 hand: Nob Lobber
  + P2 board: Nob Lobber
  - P2 board: Dormex Lurker
  + P2 retired: Dormex Lurker
  + Dead Pool: Nives, Dormex Lurker, Dormex Lurker
End of Turn 47: P1 board 5, P2 board 9, Dead Pool 63
Turn 48 - P1 acts
  - P1 hand: Void Freak
  + P1 board: Void Freak
  - P2 board: Lokar Simmons
  + P2 retired: Lokar Simmons
  + Dead Pool: Lokar Simmons
Result: winner P1 | turns 47
Retired: P1 19, P2 17, Dead Pool 64

=== Game seed 11066 ===
Starting: P1 faction PCU vs P2 faction NARC
Turn 1 - P2 acts
  - P2 hand: Compliance Auditon
  + P2 board: Compliance Auditon
End of Turn 1: P1 board 1, P2 board 2, Dead Pool 0
Turn 2 - P1 acts
  - P1 hand: Meat Vegetable
  + P1 board: Meat Vegetable
End of Turn 2: P1 board 2, P2 board 2, Dead Pool 0
Turn 3 - P2 acts
  - P2 hand: Sausage Droid
  + P2 board: Sausage Droid
End of Turn 3: P1 board 2, P2 board 3, Dead Pool 0
Turn 4 - P1 acts
  - P1 hand: Meat Vegetable
  + P1 board: Meat Vegetable
End of Turn 4: P1 board 3, P2 board 3, Dead Pool 0
Turn 5 - P2 acts
  - P2 hand: Sausage Droid
  + P2 board: Sausage Droid
End of Turn 5: P1 board 3, P2 board 4, Dead Pool 0
Turn 6 - P1 acts
  - P1 hand: Blood Howler
  + P1 board: Blood Howler
End of Turn 6: P1 board 4, P2 board 4, Dead Pool 0
Turn 7 - P2 acts
  - P2 hand: Task Mistres
  + P2 board: Task Mistres
End of Turn 7: P1 board 4, P2 board 5, Dead Pool 0
Turn 8 - P1 acts
  - P1 hand: Käsekobold
  + P1 board: Käsekobold
  - P1 board: Meat Vegetable
  + P1 retired: Meat Vegetable
  + Dead Pool: Meat Vegetable, Meat Vegetable
End of Turn 8: P1 board 4, P2 board 5, Dead Pool 2
Turn 9 - P2 acts
  - P2 hand: Shield Array Node
  + P2 board: Shield Array Node
End of Turn 9: P1 board 4, P2 board 6, Dead Pool 2
Turn 10 - P1 acts
  - P1 hand: Void Freak
  + P1 board: Void Freak
  - P2 board: Compliance Auditon
  + P2 retired: Compliance Auditon
  + Dead Pool: Compliance Auditon
End of Turn 10: P1 board 5, P2 board 5, Dead Pool 3
Turn 11 - P2 acts
  - P2 hand: Sausage Droid
  + P2 board: Sausage Droid
End of Turn 11: P1 board 5, P2 board 6, Dead Pool 3
Turn 12 - P1 acts
  - P1 hand: Technomancer
  + P1 board: Technomancer
  - P1 board: Meat Vegetable
  + P1 retired: Meat Vegetable
  - P2 board: Sausage Droid
  + P2 retired: Sausage Droid
  + Dead Pool: Meat Vegetable, Meat Vegetable, Sausage Droid
End of Turn 12: P1 board 5, P2 board 5, Dead Pool 6
Turn 13 - P2 acts
  - P2 hand: Task Mistres
  + P2 board: Task Mistres
End of Turn 13: P1 board 5, P2 board 6, Dead Pool 6
Turn 14 - P1 acts
  - P1 hand: Annihilist Overseer
  + P1 board: Annihilist Overseer
  - P1 board: Blood Howler
  + P1 retired: Blood Howler
  - P2 board: Sausage Droid
  + P2 retired: Sausage Droid
  + Dead Pool: Sausage Droid, Blood Howler, Blood Howler
End of Turn 14: P1 board 5, P2 board 5, Dead Pool 9
Turn 15 - P2 acts
  - P2 hand: Hover Shield
  + P2 board: Hover Shield
End of Turn 15: P1 board 5, P2 board 6, Dead Pool 9
Turn 16 - P1 acts
  - P1 hand: Vex
  + P1 board: Vex
  - P1 board: Käsekobold, Void Freak, Annihilist Overseer
  + P1 retired: Käsekobold, Void Freak, Annihilist Overseer
  + Dead Pool: Käsekobold, Käsekobold, Void Freak, Void Freak, Annihilist Overseer, Annihilist Overseer
End of Turn 16: P1 board 3, P2 board 6, Dead Pool 15
Turn 17 - P2 acts
  - P2 hand: Task Mistres
  + P2 board: Task Mistres
End of Turn 17: P1 board 3, P2 board 7, Dead Pool 15
Turn 18 - P1 acts
  - P1 hand: Annihilist Overseer
  + P1 board: Annihilist Overseer
  - P1 board: Technomancer
  + P1 retired: Technomancer
  + Dead Pool: Technomancer, Technomancer
End of Turn 18: P1 board 3, P2 board 7, Dead Pool 17
Turn 19 - P2 acts
  - P2 hand: Hover Shield
  + P2 board: Hover Shield
  - P2 board: Task Mistres
  + P2 retired: Task Mistres
  + Dead Pool: Task Mistres, Task Mistres
End of Turn 19: P1 board 3, P2 board 7, Dead Pool 19
Turn 20 - P1 acts
  - P1 hand: Nives
  + P1 board: Nives
  - P1 board: Vex, Annihilist Overseer
  + P1 retired: Annihilist Overseer, Vex
  + Dead Pool: Annihilist Overseer, Annihilist Overseer, Vex, Vex
End of Turn 20: P1 board 2, P2 board 7, Dead Pool 23
Turn 21 - P2 acts
  - P2 hand: K-9.0
  + P2 board: K-9.0
End of Turn 21: P1 board 2, P2 board 8, Dead Pool 23
Turn 22 - P1 acts
  - P1 hand: Technomancer
  + P1 board: Technomancer
  - P1 board: Nives
  + P1 retired: Nives
  + Dead Pool: Nives, Nives
End of Turn 22: P1 board 2, P2 board 8, Dead Pool 25
Turn 23 - P2 acts
  - P2 hand: Marine Marauder
  + P2 board: Marine Marauder
  - P2 board: Shield Array Node
  + P2 retired: Shield Array Node
  + Dead Pool: Shield Array Node, Shield Array Node
End of Turn 23: P1 board 2, P2 board 8, Dead Pool 27
Turn 24 - P1 acts
  - P1 hand: Vex
  + P1 board: Vex
  - P1 board: Technomancer
  + P1 retired: Technomancer
  + Dead Pool: Technomancer, Technomancer
End of Turn 24: P1 board 2, P2 board 8, Dead Pool 29
Turn 25 - P2 acts
  - P2 hand: Marine Marauder
  + P2 board: Marine Marauder
  - P2 board: Sausage Droid
  + P2 retired: Sausage Droid
  + Dead Pool: Sausage Droid, Sausage Droid
End of Turn 25: P1 board 2, P2 board 8, Dead Pool 31
Turn 26 - P1 acts
  - P1 hand: Käsekobold
  + P1 board: Käsekobold
  - P1 board: Vex
  + P1 retired: Vex
  + Dead Pool: Vex, Vex
End of Turn 26: P1 board 2, P2 board 8, Dead Pool 33
Turn 27 - P2 acts
  - P2 hand: Impact Simulant
  + P2 board: Impact Simulant
End of Turn 27: P1 board 2, P2 board 9, Dead Pool 33
Turn 28 - P1 acts
  - P1 hand: Käsekobold
  + P1 retired: Käsekobold
  + Dead Pool: Käsekobold, Käsekobold
End of Turn 28: P1 board 2, P2 board 9, Dead Pool 35
Turn 29 - P2 acts
  - P2 hand: K-9.0
  + P2 board: K-9.0
End of Turn 29: P1 board 2, P2 board 10, Dead Pool 35
Turn 30 - P1 acts
  - P1 hand: Meat Vegetable
  + P1 board: Meat Vegetable
  - P2 board: Marine Marauder
  + P2 retired: Marine Marauder
  + Dead Pool: Marine Marauder
End of Turn 30: P1 board 3, P2 board 9, Dead Pool 36
Turn 31 - P2 acts
  - P2 hand: Compliance Auditon
  + P2 board: Compliance Auditon
End of Turn 31: P1 board 3, P2 board 10, Dead Pool 36
Turn 32 - P1 acts
  - P1 hand: Voidling
  + P1 board: Voidling
  - P1 board: Käsekobold
  + P1 retired: Käsekobold
  + Dead Pool: Käsekobold, Käsekobold
End of Turn 32: P1 board 3, P2 board 10, Dead Pool 38
Turn 33 - P2 acts
  - P2 hand: Impact Simulant
  + P2 board: Impact Simulant
End of Turn 33: P1 board 3, P2 board 11, Dead Pool 38
Turn 34 - P1 acts
  - P1 hand: Nives
  + P1 board: Nives
  - P1 board: Meat Vegetable
  + P1 retired: Meat Vegetable
  + Dead Pool: Meat Vegetable, Meat Vegetable
End of Turn 34: P1 board 3, P2 board 11, Dead Pool 40
Turn 35 - P2 acts
  - P2 hand: MediFlux-1NDS
  + P2 board: MediFlux-1NDS
End of Turn 35: P1 board 3, P2 board 12, Dead Pool 40
Turn 36 - P1 acts
  - P1 hand: Technomancer
  + P1 board: Technomancer
  - P1 board: Voidling
  + P1 retired: Voidling
  - P2 board: Task Mistres
  + P2 retired: Task Mistres
  + Dead Pool: Task Mistres, Voidling, Voidling
End of Turn 36: P1 board 3, P2 board 11, Dead Pool 43
Turn 37 - P2 acts
  - P2 hand: Nob Lobber
  + P2 board: Nob Lobber
  - P2 board: Hover Shield
  + P2 retired: Hover Shield
  + Dead Pool: Hover Shield, Hover Shield
End of Turn 37: P1 board 3, P2 board 11, Dead Pool 45
Turn 38 - P1 acts
  - P1 hand: Blood Howler
  + P1 board: Blood Howler
  - P1 board: Nives
  + P1 retired: Nives
  + Dead Pool: Nives, Nives
End of Turn 38: P1 board 3, P2 board 11, Dead Pool 47
Turn 39 - P2 acts
  - P2 hand: Sentry Node
  + P2 board: Sentry Node
  - P2 board: Task Mistres
  + P2 retired: Task Mistres
  + Dead Pool: Task Mistres, Task Mistres
End of Turn 39: P1 board 3, P2 board 11, Dead Pool 49
Turn 40 - P1 acts
  - P1 hand: Dragoon
  + P1 board: Dragoon
  - P1 board: Technomancer
  + P1 retired: Technomancer
  + Dead Pool: Technomancer, Technomancer
End of Turn 40: P1 board 3, P2 board 11, Dead Pool 51
Turn 41 - P2 acts
  - P1 board: Blood Howler
  + P1 retired: Blood Howler
  - P2 hand: Impact Simulant
  + P2 board: Impact Simulant
  + Dead Pool: Blood Howler
End of Turn 41: P1 board 2, P2 board 12, Dead Pool 52
Turn 42 - P1 acts
  - P1 hand: Psychodelic Toad
  + P1 board: Psychodelic Toad
End of Turn 42: P1 board 3, P2 board 12, Dead Pool 52
Turn 43 - P2 acts
  - P1 board: Dragoon
  + P1 retired: Dragoon
  - P2 hand: Compliance Auditon
  + P2 board: Compliance Auditon
  - P2 board: Sentry Node
  + P2 retired: Sentry Node
  + Dead Pool: Sentry Node, Sentry Node, Dragoon
End of Turn 43: P1 board 2, P2 board 12, Dead Pool 55
Turn 44 - P1 acts
  - P1 hand: Primordial Oozer
  + P1 board: Primordial Oozer
End of Turn 44: P1 board 3, P2 board 12, Dead Pool 55
Turn 45 - P2 acts
  - P1 board: Psychodelic Toad
  + P1 retired: Psychodelic Toad
  - P2 hand: MediFlux-1NDS
  + P2 board: MediFlux-1NDS
  + Dead Pool: Psychodelic Toad
End of Turn 45: P1 board 2, P2 board 13, Dead Pool 56
Turn 46 - P1 acts
  - P1 hand: Krax
  + P1 board: Krax
  - P1 board: Grim, Primordial Oozer
  + P1 retired: Primordial Oozer, Grim
  + Dead Pool: Primordial Oozer, Primordial Oozer, Grim
Result: winner P2 | turns 45
Retired: P1 23, P2 11, Dead Pool 59

=== Game seed 11067 ===
Starting: P1 faction PCU vs P2 faction NARC
Turn 1 - P2 acts
  - P2 hand: Target Marker Probe
  + P2 board: Target Marker Probe
End of Turn 1: P1 board 1, P2 board 2, Dead Pool 0
Turn 2 - P1 acts
  - P1 hand: Meat Vegetable
  + P1 board: Meat Vegetable
End of Turn 2: P1 board 2, P2 board 2, Dead Pool 0
Turn 3 - P2 acts
  - P2 hand: Hover Shield
  + P2 board: Hover Shield
End of Turn 3: P1 board 2, P2 board 3, Dead Pool 0
Turn 4 - P1 acts
  - P1 hand: Void Freak
  + P1 board: Void Freak
End of Turn 4: P1 board 3, P2 board 3, Dead Pool 0
Turn 5 - P2 acts
  - P2 hand: Task Mistres
  + P2 board: Task Mistres
End of Turn 5: P1 board 3, P2 board 4, Dead Pool 0
Turn 6 - P1 acts
  - P1 hand: Blood Howler
  + P1 board: Blood Howler
  - P2 board: Target Marker Probe
  + P2 retired: Target Marker Probe
  + Dead Pool: Target Marker Probe
End of Turn 6: P1 board 4, P2 board 3, Dead Pool 1
Turn 7 - P2 acts
  - P2 hand: MediFlux-1NDS
  + P2 board: MediFlux-1NDS
End of Turn 7: P1 board 4, P2 board 4, Dead Pool 1
Turn 8 - P1 acts
  - P1 hand: Local Singularity
  + P1 board: Local Singularity
  - P2 board: Hover Shield
  + P2 retired: Hover Shield
  + Dead Pool: Hover Shield
End of Turn 8: P1 board 5, P2 board 3, Dead Pool 2
Turn 9 - P2 acts
  - P2 hand: Compliance Auditon
  + P2 board: Compliance Auditon
End of Turn 9: P1 board 5, P2 board 4, Dead Pool 2
Turn 10 - P1 acts
  - P1 hand: Meat Vegetable
  + P1 board: Meat Vegetable
  - P2 board: Task Mistres
  + P2 retired: Task Mistres
  + Dead Pool: Task Mistres
End of Turn 10: P1 board 6, P2 board 3, Dead Pool 3
Turn 11 - P2 acts
  - P2 hand: K-9.0
  + P2 board: K-9.0
End of Turn 11: P1 board 6, P2 board 4, Dead Pool 3
Turn 12 - P1 acts
  - P1 hand: Restless Natives
  + P1 board: Restless Natives
  - P1 board: Void Freak
  + P1 retired: Void Freak
  - P2 board: MediFlux-1NDS
  + P2 retired: MediFlux-1NDS
  + Dead Pool: Void Freak, Void Freak, MediFlux-1NDS
End of Turn 12: P1 board 6, P2 board 3, Dead Pool 6
Turn 13 - P2 acts
  - P2 hand: Marine Marauder
  + P2 board: Marine Marauder
End of Turn 13: P1 board 6, P2 board 4, Dead Pool 6
Turn 14 - P1 acts
  - P1 hand: Voidling
  + P1 board: Voidling
  - P1 board: Meat Vegetable
  + P1 retired: Meat Vegetable
  - P2 board: Compliance Auditon
  + P2 retired: Compliance Auditon
  + Dead Pool: Meat Vegetable, Meat Vegetable, Compliance Auditon
End of Turn 14: P1 board 6, P2 board 3, Dead Pool 9
Turn 15 - P2 acts
  - P2 hand: Compliance Auditon
  + P2 board: Compliance Auditon
End of Turn 15: P1 board 6, P2 board 4, Dead Pool 9
Turn 16 - P1 acts
  - P1 hand: Mutt
  + P1 board: Mutt
  - P1 board: Blood Howler
  + P1 retired: Blood Howler
  + Dead Pool: Blood Howler, Blood Howler
End of Turn 16: P1 board 6, P2 board 4, Dead Pool 11
Turn 17 - P2 acts
  - P2 hand: Dormex Lurker
  + P2 board: Dormex Lurker
End of Turn 17: P1 board 6, P2 board 5, Dead Pool 11
Turn 18 - P1 acts
  - P1 hand: Vex
  + P1 board: Vex
  - P1 board: Local Singularity, Restless Natives
  + P1 retired: Local Singularity, Restless Natives
  - P2 board: K-9.0
  + P2 retired: K-9.0
  + Dead Pool: Local Singularity, Local Singularity, Restless Natives, Restless Natives, K-9.0
End of Turn 18: P1 board 5, P2 board 4, Dead Pool 16
Turn 19 - P2 acts
  - P2 hand: Hover Shield
  + P2 board: Hover Shield
End of Turn 19: P1 board 5, P2 board 5, Dead Pool 16
Turn 20 - P1 acts
  - P1 hand: Käsekobold
  + P1 board: Käsekobold
End of Turn 20: P1 board 6, P2 board 5, Dead Pool 16
Turn 21 - P2 acts
  - P2 hand: Target Marker Probe
  + P2 board: Target Marker Probe
End of Turn 21: P1 board 6, P2 board 6, Dead Pool 16
Turn 22 - P1 acts
  - P1 hand: Void Freak
  + P1 board: Void Freak
  - P1 board: Vex
  + P1 retired: Vex
  + Dead Pool: Vex, Vex
End of Turn 22: P1 board 6, P2 board 6, Dead Pool 18
Turn 23 - P2 acts
  - P1 board: Meat Vegetable
  + P1 retired: Meat Vegetable
  - P2 hand: Sausage Droid
  + P2 board: Sausage Droid
  + Dead Pool: Meat Vegetable
End of Turn 23: P1 board 5, P2 board 7, Dead Pool 19
Turn 24 - P1 acts
  - P1 hand: Voidling
  + P1 board: Voidling
  - P2 board: Marine Marauder
  + P2 retired: Marine Marauder
  + Dead Pool: Marine Marauder
End of Turn 24: P1 board 6, P2 board 6, Dead Pool 20
Turn 25 - P2 acts
  - P1 board: Voidling
  + P1 retired: Voidling
  - P2 hand: Detainment Probe
  + P2 board: Detainment Probe
  + Dead Pool: Voidling
End of Turn 25: P1 board 5, P2 board 7, Dead Pool 21
Turn 26 - P1 acts
  - P1 hand: Blood Howler
  + P1 board: Blood Howler
  - P2 board: Compliance Auditon
  + P2 retired: Compliance Auditon
  + Dead Pool: Compliance Auditon
End of Turn 26: P1 board 6, P2 board 6, Dead Pool 22
Turn 27 - P2 acts
  - P2 hand: Hover Shield
  + P2 board: Hover Shield
End of Turn 27: P1 board 6, P2 board 7, Dead Pool 22
Turn 28 - P1 acts
  - P1 hand: Käsekobold
  + P1 board: Käsekobold
  - P1 board: Mutt
  + P1 retired: Mutt
  - P2 board: Dormex Lurker
  + P2 retired: Dormex Lurker
  + Dead Pool: Mutt, Mutt, Dormex Lurker
End of Turn 28: P1 board 6, P2 board 6, Dead Pool 25
Turn 29 - P2 acts
  - P2 hand: Shield Array Node
  + P2 board: Shield Array Node
End of Turn 29: P1 board 6, P2 board 7, Dead Pool 25
Turn 30 - P1 acts
  - P1 hand: Technomancer
  + P1 board: Technomancer
  - P1 board: Käsekobold, Void Freak
  + P1 retired: Void Freak, Käsekobold
  - P2 board: Hover Shield
  + P2 retired: Hover Shield
  + Dead Pool: Hover Shield, Void Freak, Void Freak, Käsekobold, Käsekobold
End of Turn 30: P1 board 5, P2 board 6, Dead Pool 30
Turn 31 - P2 acts
  - P2 hand: Detainment Probe
  + P2 board: Detainment Probe
End of Turn 31: P1 board 5, P2 board 7, Dead Pool 30
Turn 32 - P1 acts
  - P1 hand: Annihilist Overseer
  + P1 board: Annihilist Overseer
  - P1 board: Voidling
  + P1 retired: Voidling
  + Dead Pool: Voidling, Voidling
End of Turn 32: P1 board 5, P2 board 7, Dead Pool 32
Turn 33 - P2 acts
  - P2 hand: K-9.0
  + P2 board: K-9.0
  - P2 board: Target Marker Probe
  + P2 retired: Target Marker Probe
  + Dead Pool: Target Marker Probe, Target Marker Probe
End of Turn 33: P1 board 5, P2 board 7, Dead Pool 34
Turn 34 - P1 acts
  - P1 hand: Primordial Oozer
  + P1 board: Primordial Oozer
  - P1 board: Annihilist Overseer
  + P1 retired: Annihilist Overseer
  + Dead Pool: Annihilist Overseer, Annihilist Overseer
End of Turn 34: P1 board 5, P2 board 7, Dead Pool 36
Turn 35 - P2 acts
  - P2 hand: Killjoy
  + P2 board: Killjoy
  - P2 board: Sausage Droid
  + P2 retired: Sausage Droid
  + Dead Pool: Sausage Droid, Sausage Droid
End of Turn 35: P1 board 5, P2 board 7, Dead Pool 38
Turn 36 - P1 acts
  - P1 hand: Mutt
  + P1 board: Mutt
  - P1 board: Blood Howler
  + P1 retired: Blood Howler
  + Dead Pool: Blood Howler, Blood Howler
End of Turn 36: P1 board 5, P2 board 7, Dead Pool 40
Turn 37 - P2 acts
  - P2 hand: MediFlux-1NDS
  + P2 board: MediFlux-1NDS
  - P2 board: Detainment Probe
  + P2 retired: Detainment Probe
  + Dead Pool: Detainment Probe, Detainment Probe
End of Turn 37: P1 board 5, P2 board 7, Dead Pool 42
Turn 38 - P1 acts
  - P1 hand: Restless Natives
  + P1 board: Restless Natives
End of Turn 38: P1 board 6, P2 board 7, Dead Pool 42
Turn 39 - P2 acts
  - P2 hand: Compliance Auditon
  + P2 board: Compliance Auditon
End of Turn 39: P1 board 6, P2 board 8, Dead Pool 42
Turn 40 - P1 acts
  - P1 hand: Meat Vegetable
  + P1 board: Meat Vegetable
  - P2 board: Hover Shield
  + P2 retired: Hover Shield
  + Dead Pool: Hover Shield
End of Turn 40: P1 board 7, P2 board 7, Dead Pool 43
Turn 41 - P2 acts
  - P2 hand: MediFlux-1NDS
  + P2 board: MediFlux-1NDS
End of Turn 41: P1 board 7, P2 board 8, Dead Pool 43
Turn 42 - P1 acts
  - P1 hand: Käsekobold
  + P1 retired: Käsekobold
  + Dead Pool: Käsekobold, Käsekobold
End of Turn 42: P1 board 7, P2 board 8, Dead Pool 45
Turn 43 - P2 acts
  - P2 hand: Task Mistres
  + P2 board: Task Mistres
  - P2 board: Shield Array Node
  + P2 retired: Shield Array Node
  + Dead Pool: Shield Array Node, Shield Array Node
End of Turn 43: P1 board 7, P2 board 8, Dead Pool 47
Turn 44 - P1 acts
  - P1 hand: Blood Howler
  + P1 board: Blood Howler
End of Turn 44: P1 board 8, P2 board 8, Dead Pool 47
Turn 45 - P2 acts
  - P2 hand: Sausage Droid
  + P2 board: Sausage Droid
  - P2 board: Detainment Probe
  + P2 retired: Detainment Probe
  + Dead Pool: Detainment Probe, Detainment Probe
End of Turn 45: P1 board 8, P2 board 8, Dead Pool 49
Turn 46 - P1 acts
  - P1 hand: Primordial Oozer
  + P1 board: Primordial Oozer
End of Turn 46: P1 board 9, P2 board 8, Dead Pool 49
Turn 47 - P2 acts
  - P1 board: Technomancer
  + P1 retired: Technomancer
  - P2 hand: Shield Array Node
  + P2 board: Shield Array Node
  + Dead Pool: Technomancer
End of Turn 47: P1 board 8, P2 board 9, Dead Pool 50
Turn 48 - P1 acts
  - P1 hand: Krax
  + P1 board: Krax
  - P1 board: Primordial Oozer, Mutt
  + P1 retired: Mutt, Primordial Oozer
  + Dead Pool: Mutt, Mutt, Primordial Oozer, Primordial Oozer
End of Turn 48: P1 board 7, P2 board 9, Dead Pool 54
Turn 49 - P2 acts
  - P2 hand: Hover Shield
  + P2 board: Hover Shield
  - P2 board: K-9.0
  + P2 retired: K-9.0
  + Dead Pool: K-9.0, K-9.0
End of Turn 49: P1 board 7, P2 board 9, Dead Pool 56
Turn 50 - P1 acts
  - P1 hand: Annihilist Overseer
  + P1 board: Annihilist Overseer
  - P1 board: Restless Natives
  + P1 retired: Restless Natives
  + Dead Pool: Restless Natives, Restless Natives
End of Turn 50: P1 board 7, P2 board 9, Dead Pool 58
Turn 51 - P2 acts
  - P2 hand: Nob Lobber
  + P2 board: Nob Lobber
  - P2 board: Killjoy
  + P2 retired: Killjoy
  + Dead Pool: Killjoy, Killjoy
End of Turn 51: P1 board 7, P2 board 9, Dead Pool 60
Turn 52 - P1 acts
  - P1 hand: Vex
  + P1 board: Vex
  - P1 board: Meat Vegetable, Annihilist Overseer
  + P1 retired: Meat Vegetable, Annihilist Overseer
  + Dead Pool: Meat Vegetable, Meat Vegetable, Annihilist Overseer, Annihilist Overseer
End of Turn 52: P1 board 6, P2 board 9, Dead Pool 64
Turn 53 - P2 acts
  - P2 hand: Killjoy
  + P2 board: Killjoy
  - P2 board: MediFlux-1NDS
  + P2 retired: MediFlux-1NDS
  + Dead Pool: MediFlux-1NDS, MediFlux-1NDS
End of Turn 53: P1 board 6, P2 board 9, Dead Pool 66
Turn 54 - P1 acts
  - P1 hand: Local Singularity
  + P1 board: Local Singularity
End of Turn 54: P1 board 7, P2 board 9, Dead Pool 66
Turn 55 - P2 acts
  - P2 hand: Shield Array Node
  + P2 board: Shield Array Node
  - P2 board: Compliance Auditon
  + P2 retired: Compliance Auditon
  + Dead Pool: Compliance Auditon, Compliance Auditon
End of Turn 55: P1 board 7, P2 board 9, Dead Pool 68
Turn 56 - P1 acts
  - P1 hand: Voidling
  + P1 board: Voidling
  - P1 board: Käsekobold
  + P1 retired: Käsekobold
  + Dead Pool: Käsekobold, Käsekobold
End of Turn 56: P1 board 7, P2 board 9, Dead Pool 70
Turn 57 - P2 acts
  - P2 hand: Bruut Enforcer
  + P2 board: Bruut Enforcer
  - P2 board: MediFlux-1NDS
  + P2 retired: MediFlux-1NDS
  + Dead Pool: MediFlux-1NDS, MediFlux-1NDS
End of Turn 57: P1 board 7, P2 board 9, Dead Pool 72
Turn 58 - P1 acts
  - P1 hand: Dragoon
  + P1 board: Dragoon
  - P1 board: Blood Howler
  + P1 retired: Blood Howler
  - P2 board: Sausage Droid
  + P2 retired: Sausage Droid
  + Dead Pool: Blood Howler, Blood Howler, Sausage Droid
End of Turn 58: P1 board 7, P2 board 8, Dead Pool 75
Turn 59 - P2 acts
  - P2 hand: Dormex Lurker
  + P2 board: Dormex Lurker
End of Turn 59: P1 board 7, P2 board 9, Dead Pool 75
Turn 60 - P1 acts
  - P1 hand: Käsekobold
  + P1 board: Käsekobold
  - P1 board: Primordial Oozer
  + P1 retired: Primordial Oozer
  - P2 board: Task Mistres
  + P2 retired: Task Mistres
  + Dead Pool: Task Mistres, Primordial Oozer, Primordial Oozer
End of Turn 60: P1 board 7, P2 board 8, Dead Pool 78
Turn 61 - P2 acts
  - P2 hand: Sentry Node
  + P2 board: Sentry Node
  - P2 board: Shield Array Node
  + P2 retired: Shield Array Node
  + Dead Pool: Shield Array Node, Shield Array Node
End of Turn 61: P1 board 7, P2 board 8, Dead Pool 80
Turn 62 - P1 acts
  - P1 hand: Dragoon
  + P1 board: Dragoon
  - P1 board: Krax, Vex
  + P1 retired: Vex, Krax
  + Dead Pool: Vex, Vex, Krax, Krax
End of Turn 62: P1 board 6, P2 board 8, Dead Pool 84
Turn 63 - P2 acts
  - P2 hand: Nob Lobber
  + P2 board: Nob Lobber
  - P2 board: Hover Shield
  + P2 retired: Hover Shield
  + Dead Pool: Hover Shield, Hover Shield
End of Turn 63: P1 board 6, P2 board 8, Dead Pool 86
Turn 64 - P1 acts
  - P1 hand: Restless Natives
  + P1 board: Restless Natives
End of Turn 64: P1 board 7, P2 board 8, Dead Pool 86
Turn 65 - P2 acts
  - P2 hand: K-9.0
  + P2 board: K-9.0
End of Turn 65: P1 board 7, P2 board 9, Dead Pool 86
Turn 66 - P1 acts
  - P1 hand: Annihilist Overseer
  + P1 board: Annihilist Overseer
  - P1 board: Local Singularity
  + P1 retired: Local Singularity
  - P2 board: Nob Lobber
  + P2 retired: Nob Lobber
  + Dead Pool: Local Singularity, Local Singularity, Nob Lobber
End of Turn 66: P1 board 7, P2 board 8, Dead Pool 89
Turn 67 - P2 acts
  - P1 board: Voidling
  + P1 retired: Voidling
  - P2 hand: Impact Simulant
  + P2 board: Impact Simulant
  + Dead Pool: Voidling
End of Turn 67: P1 board 6, P2 board 9, Dead Pool 90
Turn 68 - P1 acts
  - P1 hand: Krax
  + P1 board: Krax
  - P1 board: Dragoon, Annihilist Overseer
  + P1 retired: Annihilist Overseer, Dragoon
  + Dead Pool: Annihilist Overseer, Annihilist Overseer, Dragoon, Dragoon
End of Turn 68: P1 board 5, P2 board 9, Dead Pool 94
Turn 69 - P2 acts
  - P2 hand: Sentry Node
  + P2 board: Sentry Node
  - P2 board: Killjoy
  + P2 retired: Killjoy
  + Dead Pool: Killjoy, Killjoy
End of Turn 69: P1 board 5, P2 board 9, Dead Pool 96
Turn 70 - P1 acts
  - P1 hand: Psychodelic Toad
  + P1 board: Psychodelic Toad
End of Turn 70: P1 board 6, P2 board 9, Dead Pool 96
Turn 71 - P2 acts
  - P1 board: Käsekobold
  + P1 retired: Käsekobold
  - P2 hand: Impact Simulant
  + P2 board: Impact Simulant
  + Dead Pool: Käsekobold
End of Turn 71: P1 board 5, P2 board 10, Dead Pool 97
Turn 72 - P1 acts
  - P1 hand: Restless Natives
  + P1 board: Restless Natives
End of Turn 72: P1 board 6, P2 board 10, Dead Pool 97
Turn 73 - P2 acts
  - P2 hand: Killjoy
  + P2 board: Killjoy
  - P2 board: Shield Array Node
  + P2 retired: Shield Array Node
  + Dead Pool: Shield Array Node, Shield Array Node
End of Turn 73: P1 board 6, P2 board 10, Dead Pool 99
Turn 74 - P1 acts
  - P1 hand: Nives
  + P1 board: Nives
  - P1 board: Dragoon
  + P1 retired: Dragoon
  - P2 board: Lokar Simmons
  + P2 retired: Lokar Simmons
  + Dead Pool: Dragoon, Dragoon, Lokar Simmons
Result: winner P1 | turns 73
Retired: P1 32, P2 29, Dead Pool 102

=== Game seed 11068 ===
Starting: P1 faction PCU vs P2 faction NARC
Turn 1 - P1 acts
  - P1 hand: Local Singularity
  + P1 board: Local Singularity
End of Turn 1: P1 board 2, P2 board 1, Dead Pool 0
Turn 2 - P2 acts
  - P2 hand: Impact Simulant
  + P2 board: Impact Simulant
End of Turn 2: P1 board 2, P2 board 2, Dead Pool 0
Turn 3 - P1 acts
  - P1 hand: Nives
  + P1 board: Nives
  - P1 board: Local Singularity
  + P1 retired: Local Singularity
  + Dead Pool: Local Singularity, Local Singularity
End of Turn 3: P1 board 2, P2 board 2, Dead Pool 2
Turn 4 - P2 acts
  - P2 hand: Compliance Auditon
  + P2 board: Compliance Auditon
End of Turn 4: P1 board 2, P2 board 3, Dead Pool 2
Turn 5 - P1 acts
  - P1 hand: Primordial Oozer
  + P1 board: Primordial Oozer
End of Turn 5: P1 board 3, P2 board 3, Dead Pool 2
Turn 6 - P2 acts
  - P2 hand: Compliance Auditon
  + P2 board: Compliance Auditon
End of Turn 6: P1 board 3, P2 board 4, Dead Pool 2
Turn 7 - P1 acts
  - P1 hand: Psychodelic Toad
  + P1 board: Psychodelic Toad
  - P1 board: Nives
  + P1 retired: Nives
  - P2 board: Impact Simulant
  + P2 retired: Impact Simulant
  + Dead Pool: Nives, Nives, Impact Simulant
End of Turn 7: P1 board 3, P2 board 3, Dead Pool 5
Turn 8 - P2 acts
  - P2 hand: MediFlux-1NDS
  + P2 board: MediFlux-1NDS
End of Turn 8: P1 board 3, P2 board 4, Dead Pool 5
Turn 9 - P1 acts
  - P1 hand: Primordial Oozer
  + P1 board: Primordial Oozer
End of Turn 9: P1 board 4, P2 board 4, Dead Pool 5
Turn 10 - P2 acts
  - P2 hand: Hover Shield
  + P2 board: Hover Shield
End of Turn 10: P1 board 4, P2 board 5, Dead Pool 5
Turn 11 - P1 acts
  - P1 hand: Mutt
  + P1 board: Mutt
  - P1 board: Primordial Oozer, Psychodelic Toad
  + P1 retired: Primordial Oozer, Psychodelic Toad
  + Dead Pool: Primordial Oozer, Primordial Oozer, Psychodelic Toad, Psychodelic Toad
End of Turn 11: P1 board 3, P2 board 5, Dead Pool 9
Turn 12 - P2 acts
  - P2 hand: Shield Array Node
  + P2 board: Shield Array Node
  - P2 board: Compliance Auditon
  + P2 retired: Compliance Auditon
  + Dead Pool: Compliance Auditon, Compliance Auditon
End of Turn 12: P1 board 3, P2 board 5, Dead Pool 11
Turn 13 - P1 acts
  - P1 hand: Void Freak
  + P1 board: Void Freak
End of Turn 13: P1 board 4, P2 board 5, Dead Pool 11
Turn 14 - P2 acts
  - P2 hand: Task Mistres
  + P2 board: Task Mistres
End of Turn 14: P1 board 4, P2 board 6, Dead Pool 11
Turn 15 - P1 acts
  - P1 hand: Nives
  + P1 board: Nives
  - P1 board: Primordial Oozer
  + P1 retired: Primordial Oozer
  - P2 board: Compliance Auditon
  + P2 retired: Compliance Auditon
  + Dead Pool: Primordial Oozer, Primordial Oozer, Compliance Auditon
End of Turn 15: P1 board 4, P2 board 5, Dead Pool 14
Turn 16 - P2 acts
  - P2 hand: Hover Shield
  + P2 board: Hover Shield
End of Turn 16: P1 board 4, P2 board 6, Dead Pool 14
Turn 17 - P1 acts
  - P1 hand: Void Freak
  + P1 board: Void Freak
  - P2 board: MediFlux-1NDS
  + P2 retired: MediFlux-1NDS
  + Dead Pool: MediFlux-1NDS
End of Turn 17: P1 board 5, P2 board 5, Dead Pool 15
Turn 18 - P2 acts
  - P2 hand: Impact Simulant
  + P2 board: Impact Simulant
End of Turn 18: P1 board 5, P2 board 6, Dead Pool 15
Turn 19 - P1 acts
  - P1 hand: Primordial Oozer
  + P1 board: Primordial Oozer
End of Turn 19: P1 board 6, P2 board 6, Dead Pool 15
Turn 20 - P2 acts
  - P2 hand: Shield Array Node
  + P2 board: Shield Array Node
End of Turn 20: P1 board 6, P2 board 7, Dead Pool 15
Turn 21 - P1 acts
  - P1 hand: Void Freak
  + P1 retired: Void Freak
  - P2 board: Lokar Simmons
  + P2 retired: Lokar Simmons
  + Dead Pool: Void Freak, Void Freak, Lokar Simmons
Result: winner P1 | turns 20
Retired: P1 6, P2 5, Dead Pool 18

=== Game seed 11069 ===
Starting: P1 faction PCU vs P2 faction NARC
Turn 1 - P2 acts
  - P2 hand: Impact Simulant
  + P2 board: Impact Simulant
End of Turn 1: P1 board 1, P2 board 2, Dead Pool 0
Turn 2 - P1 acts
  - P1 hand: Void Freak
  + P1 board: Void Freak
End of Turn 2: P1 board 2, P2 board 2, Dead Pool 0
Turn 3 - P2 acts
  - P2 hand: Compliance Auditon
  + P2 board: Compliance Auditon
End of Turn 3: P1 board 2, P2 board 3, Dead Pool 0
Turn 4 - P1 acts
  - P1 hand: Meat Vegetable
  + P1 board: Meat Vegetable
  - P2 board: Impact Simulant
  + P2 retired: Impact Simulant
  + Dead Pool: Impact Simulant
End of Turn 4: P1 board 3, P2 board 2, Dead Pool 1
Turn 5 - P2 acts
  - P2 hand: Task Mistres
  + P2 board: Task Mistres
End of Turn 5: P1 board 3, P2 board 3, Dead Pool 1
Turn 6 - P1 acts
  - P1 hand: Void Freak
  + P1 board: Void Freak
  - P2 board: Compliance Auditon
  + P2 retired: Compliance Auditon
  + Dead Pool: Compliance Auditon
End of Turn 6: P1 board 4, P2 board 2, Dead Pool 2
Turn 7 - P2 acts
  - P2 hand: Detainment Probe
  + P2 board: Detainment Probe
End of Turn 7: P1 board 4, P2 board 3, Dead Pool 2
Turn 8 - P1 acts
  - P1 hand: Primordial Oozer
  + P1 board: Primordial Oozer
  - P1 board: Void Freak
  + P1 retired: Void Freak
  - P2 board: Task Mistres
  + P2 retired: Task Mistres
  + Dead Pool: Void Freak, Void Freak, Task Mistres
End of Turn 8: P1 board 4, P2 board 2, Dead Pool 5
Turn 9 - P2 acts
  - P2 hand: MediFlux-1NDS
  + P2 board: MediFlux-1NDS
End of Turn 9: P1 board 4, P2 board 3, Dead Pool 5
Turn 10 - P1 acts
  - P1 hand: Blood Howler
  + P1 board: Blood Howler
  - P2 board: Detainment Probe
  + P2 retired: Detainment Probe
  + Dead Pool: Detainment Probe
End of Turn 10: P1 board 5, P2 board 2, Dead Pool 6
Turn 11 - P2 acts
  - P2 hand: Compliance Auditon
  + P2 board: Compliance Auditon
End of Turn 11: P1 board 5, P2 board 3, Dead Pool 6
Turn 12 - P1 acts
  - P1 hand: Voidling
  + P1 board: Voidling
  - P1 board: Meat Vegetable
  + P1 retired: Meat Vegetable
  - P2 board: MediFlux-1NDS
  + P2 retired: MediFlux-1NDS
  + Dead Pool: Meat Vegetable, Meat Vegetable, MediFlux-1NDS
End of Turn 12: P1 board 5, P2 board 2, Dead Pool 9
Turn 13 - P2 acts
  - P2 hand: Dormex Lurker
  + P2 board: Dormex Lurker
End of Turn 13: P1 board 5, P2 board 3, Dead Pool 9
Turn 14 - P1 acts
  - P1 hand: Primordial Oozer
  + P1 board: Primordial Oozer
  - P1 board: Void Freak
  + P1 retired: Void Freak
  + Dead Pool: Void Freak, Void Freak
End of Turn 14: P1 board 5, P2 board 3, Dead Pool 11
Turn 15 - P2 acts
  - P2 hand: MediFlux-1NDS
  + P2 board: MediFlux-1NDS
  - P2 board: Compliance Auditon
  + P2 retired: Compliance Auditon
  + Dead Pool: Compliance Auditon, Compliance Auditon
End of Turn 15: P1 board 5, P2 board 3, Dead Pool 13
Turn 16 - P1 acts
  - P1 hand: Voidling
  + P1 board: Voidling
  - P1 board: Primordial Oozer
  + P1 retired: Primordial Oozer
  + Dead Pool: Primordial Oozer, Primordial Oozer
End of Turn 16: P1 board 5, P2 board 3, Dead Pool 15
Turn 17 - P2 acts
  - P2 hand: Dormex Lurker
  + P2 board: Dormex Lurker
End of Turn 17: P1 board 5, P2 board 4, Dead Pool 15
Turn 18 - P1 acts
  - P1 hand: Käsekobold
  + P1 board: Käsekobold
End of Turn 18: P1 board 6, P2 board 4, Dead Pool 15
Turn 19 - P2 acts
  - P1 board: Blood Howler
  + P1 retired: Blood Howler
  - P2 hand: K-9.0
  + P2 board: K-9.0
  - P2 board: Dormex Lurker
  + P2 retired: Dormex Lurker
  + Dead Pool: Dormex Lurker, Dormex Lurker, Blood Howler
End of Turn 19: P1 board 5, P2 board 4, Dead Pool 18
Turn 20 - P1 acts
  - P1 hand: Annihilist Overseer
  + P1 board: Annihilist Overseer
  - P1 board: Voidling
  + P1 retired: Voidling
  + Dead Pool: Voidling, Voidling
End of Turn 20: P1 board 5, P2 board 4, Dead Pool 20
Turn 21 - P2 acts
  - P2 hand: MediFlux-1NDS
  + P2 retired: MediFlux-1NDS
  + Dead Pool: MediFlux-1NDS, MediFlux-1NDS
End of Turn 21: P1 board 5, P2 board 4, Dead Pool 22
Turn 22 - P1 acts
  - P1 hand: Mutt
  + P1 board: Mutt
  - P1 board: Primordial Oozer, Annihilist Overseer
  + P1 retired: Primordial Oozer, Annihilist Overseer
  + Dead Pool: Primordial Oozer, Primordial Oozer, Annihilist Overseer, Annihilist Overseer
End of Turn 22: P1 board 4, P2 board 4, Dead Pool 26
Turn 23 - P2 acts
  - P2 hand: K-9.0
  + P2 board: K-9.0
End of Turn 23: P1 board 4, P2 board 5, Dead Pool 26
Turn 24 - P1 acts
  - P1 hand: Restless Natives
  + P1 board: Restless Natives
  - P1 board: Voidling
  + P1 retired: Voidling
  - P2 board: Dormex Lurker
  + P2 retired: Dormex Lurker
  + Dead Pool: Dormex Lurker, Voidling, Voidling
End of Turn 24: P1 board 4, P2 board 4, Dead Pool 29
Turn 25 - P2 acts
  - P2 hand: Marine Marauder
  + P2 board: Marine Marauder
End of Turn 25: P1 board 4, P2 board 5, Dead Pool 29
Turn 26 - P1 acts
  - P1 hand: Technomancer
  + P1 board: Technomancer
  - P1 board: Käsekobold
  + P1 retired: Käsekobold
  - P2 board: K-9.0
  + P2 retired: K-9.0
  + Dead Pool: Käsekobold, Käsekobold, K-9.0
End of Turn 26: P1 board 4, P2 board 4, Dead Pool 32
Turn 27 - P2 acts
  - P2 hand: Marine Marauder
  + P2 board: Marine Marauder
End of Turn 27: P1 board 4, P2 board 5, Dead Pool 32
Turn 28 - P1 acts
  - P1 hand: Käsekobold
  + P1 board: Käsekobold
  - P1 board: Mutt
  + P1 retired: Mutt
  - P2 board: MediFlux-1NDS
  + P2 retired: MediFlux-1NDS
  + Dead Pool: MediFlux-1NDS, Mutt, Mutt
End of Turn 28: P1 board 4, P2 board 4, Dead Pool 35
Turn 29 - P2 acts
  - P2 hand: Compliance Auditon
  + P2 board: Compliance Auditon
End of Turn 29: P1 board 4, P2 board 5, Dead Pool 35
Turn 30 - P1 acts
  - P1 hand: Psychodelic Toad
  + P1 board: Psychodelic Toad
End of Turn 30: P1 board 5, P2 board 5, Dead Pool 35
Turn 31 - P2 acts
  - P1 board: Restless Natives
  + P1 retired: Restless Natives
  - P2 hand: MediFlux-1NDS
  + P2 board: MediFlux-1NDS
  + Dead Pool: Restless Natives
End of Turn 31: P1 board 4, P2 board 6, Dead Pool 36
Turn 32 - P1 acts
  - P1 hand: Nives
  + P1 board: Nives
  - P1 board: Technomancer
  + P1 retired: Technomancer
  + Dead Pool: Technomancer, Technomancer
End of Turn 32: P1 board 4, P2 board 6, Dead Pool 38
Turn 33 - P2 acts
  - P2 hand: Task Mistres
  + P2 board: Task Mistres
  - P2 board: K-9.0
  + P2 retired: K-9.0
  + Dead Pool: K-9.0, K-9.0
End of Turn 33: P1 board 4, P2 board 6, Dead Pool 40
Turn 34 - P1 acts
  - P1 hand: Restless Natives
  + P1 board: Restless Natives
End of Turn 34: P1 board 5, P2 board 6, Dead Pool 40
Turn 35 - P2 acts
  - P2 hand: Target Marker Probe
  + P2 board: Target Marker Probe
  - P2 board: Marine Marauder
  + P2 retired: Marine Marauder
  + Dead Pool: Marine Marauder, Marine Marauder
End of Turn 35: P1 board 5, P2 board 6, Dead Pool 42
Turn 36 - P1 acts
  - P1 hand: Psychodelic Toad
  + P1 board: Psychodelic Toad
  - P1 board: Käsekobold
  + P1 retired: Käsekobold
  + Dead Pool: Käsekobold, Käsekobold
End of Turn 36: P1 board 5, P2 board 6, Dead Pool 44
Turn 37 - P2 acts
  - P2 hand: Impact Simulant
  + P2 board: Impact Simulant
End of Turn 37: P1 board 5, P2 board 7, Dead Pool 44
Turn 38 - P1 acts
  - P1 hand: Käsekobold
  + P1 board: Käsekobold
End of Turn 38: P1 board 6, P2 board 7, Dead Pool 44
Turn 39 - P2 acts
  - P2 hand: Hover Shield
  + P2 board: Hover Shield
End of Turn 39: P1 board 6, P2 board 8, Dead Pool 44
Turn 40 - P1 acts
  - P1 hand: Nives
  - P1 board: Psychodelic Toad
  + P1 retired: Psychodelic Toad, Nives
  - P2 board: Marine Marauder
  + P2 retired: Marine Marauder
  + Dead Pool: Marine Marauder, Psychodelic Toad, Psychodelic Toad, Nives, Nives
End of Turn 40: P1 board 5, P2 board 7, Dead Pool 49
Turn 41 - P2 acts
  - P2 hand: Sausage Droid
  + P2 board: Sausage Droid
End of Turn 41: P1 board 5, P2 board 8, Dead Pool 49
Turn 42 - P1 acts
  - P1 hand: Restless Natives
  + P1 board: Restless Natives
End of Turn 42: P1 board 6, P2 board 8, Dead Pool 49
Turn 43 - P2 acts
  - P2 hand: Detainment Probe
  + P2 board: Detainment Probe
End of Turn 43: P1 board 6, P2 board 9, Dead Pool 49
Turn 44 - P1 acts
  - P1 hand: Void Freak
  + P1 board: Void Freak
  - P1 board: Restless Natives
  + P1 retired: Restless Natives
  - P2 board: Lokar Simmons
  + P2 retired: Lokar Simmons
  + Dead Pool: Restless Natives, Restless Natives, Lokar Simmons
Result: winner P1 | turns 43
Retired: P1 17, P2 15, Dead Pool 52

=== Game seed 11070 ===
Starting: P1 faction PCU vs P2 faction NARC
Turn 1 - P2 acts
  - P2 hand: Impact Simulant
  + P2 board: Impact Simulant
End of Turn 1: P1 board 1, P2 board 2, Dead Pool 0
Turn 2 - P1 acts
  - P1 hand: Primordial Oozer
  + P1 board: Primordial Oozer
End of Turn 2: P1 board 2, P2 board 2, Dead Pool 0
Turn 3 - P2 acts
  - P2 hand: Sausage Droid
  + P2 board: Sausage Droid
End of Turn 3: P1 board 2, P2 board 3, Dead Pool 0
Turn 4 - P1 acts
  - P1 hand: Void Freak
  + P1 board: Void Freak
End of Turn 4: P1 board 3, P2 board 3, Dead Pool 0
Turn 5 - P2 acts
  - P2 hand: Detainment Probe
  + P2 board: Detainment Probe
End of Turn 5: P1 board 3, P2 board 4, Dead Pool 0
Turn 6 - P1 acts
  - P1 hand: Meat Vegetable
  + P1 board: Meat Vegetable
  - P2 board: Impact Simulant
  + P2 retired: Impact Simulant
  + Dead Pool: Impact Simulant
End of Turn 6: P1 board 4, P2 board 3, Dead Pool 1
Turn 7 - P2 acts
  - P2 hand: Target Marker Probe
  + P2 board: Target Marker Probe
End of Turn 7: P1 board 4, P2 board 4, Dead Pool 1
Turn 8 - P1 acts
  - P1 hand: Restless Natives
  + P1 board: Restless Natives
  - P1 board: Primordial Oozer
  + P1 retired: Primordial Oozer
  - P2 board: Sausage Droid
  + P2 retired: Sausage Droid
  + Dead Pool: Primordial Oozer, Primordial Oozer, Sausage Droid
End of Turn 8: P1 board 4, P2 board 3, Dead Pool 4
Turn 9 - P2 acts
  - P2 hand: Sausage Droid
  + P2 board: Sausage Droid
End of Turn 9: P1 board 4, P2 board 4, Dead Pool 4
Turn 10 - P1 acts
  - P1 hand: Restless Natives
  + P1 board: Restless Natives
  - P1 board: Void Freak
  + P1 retired: Void Freak
  + Dead Pool: Void Freak, Void Freak
End of Turn 10: P1 board 4, P2 board 4, Dead Pool 6
Turn 11 - P2 acts
  - P2 hand: Compliance Auditon
  + P2 board: Compliance Auditon
  - P2 board: Detainment Probe
  + P2 retired: Detainment Probe
  + Dead Pool: Detainment Probe, Detainment Probe
End of Turn 11: P1 board 4, P2 board 4, Dead Pool 8
Turn 12 - P1 acts
  - P1 hand: Blood Howler
  + P1 board: Blood Howler
End of Turn 12: P1 board 5, P2 board 4, Dead Pool 8
Turn 13 - P2 acts
  - P1 board: Restless Natives
  + P1 retired: Restless Natives
  - P2 hand: Task Mistres
  + P2 board: Task Mistres
  + Dead Pool: Restless Natives
End of Turn 13: P1 board 4, P2 board 5, Dead Pool 9
Turn 14 - P1 acts
  - P1 hand: Primordial Oozer
  + P1 board: Primordial Oozer
End of Turn 14: P1 board 5, P2 board 5, Dead Pool 9
Turn 15 - P2 acts
  - P2 hand: Hover Shield
  + P2 board: Hover Shield
  - P2 board: Target Marker Probe
  + P2 retired: Target Marker Probe
  + Dead Pool: Target Marker Probe, Target Marker Probe
End of Turn 15: P1 board 5, P2 board 5, Dead Pool 11
Turn 16 - P1 acts
  - P1 hand: Technomancer
  + P1 board: Technomancer
  - P1 board: Meat Vegetable, Restless Natives
  + P1 retired: Restless Natives, Meat Vegetable
  + Dead Pool: Restless Natives, Restless Natives, Meat Vegetable, Meat Vegetable
End of Turn 16: P1 board 4, P2 board 5, Dead Pool 15
Turn 17 - P2 acts
  - P2 hand: Hover Shield
  + P2 board: Hover Shield
  - P2 board: Sausage Droid
  + P2 retired: Sausage Droid
  + Dead Pool: Sausage Droid, Sausage Droid
End of Turn 17: P1 board 4, P2 board 5, Dead Pool 17
Turn 18 - P1 acts
  - P1 hand: Mutt
  + P1 board: Mutt
  - P1 board: Blood Howler
  + P1 retired: Blood Howler
  + Dead Pool: Blood Howler, Blood Howler
End of Turn 18: P1 board 4, P2 board 5, Dead Pool 19
Turn 19 - P2 acts
  - P2 hand: Dormex Lurker
  + P2 board: Dormex Lurker
End of Turn 19: P1 board 4, P2 board 6, Dead Pool 19
Turn 20 - P1 acts
  - P1 hand: Vex
  + P1 board: Vex
  - P1 board: Primordial Oozer
  + P1 retired: Primordial Oozer
  + Dead Pool: Primordial Oozer, Primordial Oozer
End of Turn 20: P1 board 4, P2 board 6, Dead Pool 21
Turn 21 - P2 acts
  - P2 hand: MediFlux-1NDS
  + P2 board: MediFlux-1NDS
  - P2 board: Compliance Auditon
  + P2 retired: Compliance Auditon
  + Dead Pool: Compliance Auditon, Compliance Auditon
End of Turn 21: P1 board 4, P2 board 6, Dead Pool 23
Turn 22 - P1 acts
  - P1 hand: Technomancer
  + P1 retired: Technomancer
  + Dead Pool: Technomancer, Technomancer
End of Turn 22: P1 board 4, P2 board 6, Dead Pool 25
Turn 23 - P2 acts
  - P2 hand: MediFlux-1NDS
  + P2 board: MediFlux-1NDS
End of Turn 23: P1 board 4, P2 board 7, Dead Pool 25
Turn 24 - P1 acts
  - P1 hand: Void Freak
  + P1 board: Void Freak
  - P1 board: Vex
  + P1 retired: Vex
  + Dead Pool: Vex, Vex
End of Turn 24: P1 board 4, P2 board 7, Dead Pool 27
Turn 25 - P2 acts
  - P2 hand: Compliance Auditon
  + P2 board: Compliance Auditon
End of Turn 25: P1 board 4, P2 board 8, Dead Pool 27
Turn 26 - P1 acts
  - P1 hand: Vex
  + P1 board: Vex
  - P1 board: Mutt
  + P1 retired: Mutt
  - P2 board: Task Mistres
  + P2 retired: Task Mistres
  + Dead Pool: Mutt, Mutt, Task Mistres
End of Turn 26: P1 board 4, P2 board 7, Dead Pool 30
Turn 27 - P2 acts
  - P2 hand: Shield Array Node
  + P2 board: Shield Array Node
End of Turn 27: P1 board 4, P2 board 8, Dead Pool 30
Turn 28 - P1 acts
  - P1 hand: Restless Natives
  + P1 board: Restless Natives
  - P1 board: Technomancer
  + P1 retired: Technomancer
  - P2 board: Hover Shield
  + P2 retired: Hover Shield
  + Dead Pool: Technomancer, Technomancer, Hover Shield
End of Turn 28: P1 board 4, P2 board 7, Dead Pool 33
Turn 29 - P2 acts
  - P2 hand: Marine Marauder
  + P2 board: Marine Marauder
End of Turn 29: P1 board 4, P2 board 8, Dead Pool 33
Turn 30 - P1 acts
  - P1 hand: Blood Howler
  + P1 board: Blood Howler
  - P1 board: Void Freak, Vex
  + P1 retired: Void Freak, Vex
  + Dead Pool: Void Freak, Void Freak, Vex, Vex
End of Turn 30: P1 board 3, P2 board 8, Dead Pool 37
Turn 31 - P2 acts
  - P2 hand: Compliance Auditon
  + P2 board: Compliance Auditon
End of Turn 31: P1 board 3, P2 board 9, Dead Pool 37
Turn 32 - P1 acts
  - P1 hand: Psychodelic Toad
  + P1 board: Psychodelic Toad
  - P2 board: Hover Shield
  + P2 retired: Hover Shield
  + Dead Pool: Hover Shield
End of Turn 32: P1 board 4, P2 board 8, Dead Pool 38
Turn 33 - P2 acts
  - P1 board: Restless Natives
  + P1 retired: Restless Natives
  - P2 hand: K-9.0
  + P2 board: K-9.0
  + Dead Pool: Restless Natives
End of Turn 33: P1 board 3, P2 board 9, Dead Pool 39
Turn 34 - P1 acts
  - P1 hand: Technomancer
  + P1 board: Technomancer
  - P1 board: Blood Howler
  + P1 retired: Blood Howler
  + Dead Pool: Blood Howler, Blood Howler
End of Turn 34: P1 board 3, P2 board 9, Dead Pool 41
Turn 35 - P2 acts
  - P2 hand: Impact Simulant
  + P2 board: Impact Simulant
End of Turn 35: P1 board 3, P2 board 10, Dead Pool 41
Turn 36 - P1 acts
  - P1 hand: Local Singularity
  + P1 board: Local Singularity
  - P1 board: Psychodelic Toad
  + P1 retired: Psychodelic Toad
  + Dead Pool: Psychodelic Toad, Psychodelic Toad
End of Turn 36: P1 board 3, P2 board 10, Dead Pool 43
Turn 37 - P2 acts
  - P2 hand: K-9.0
  + P2 board: K-9.0
  - P2 board: Dormex Lurker
  + P2 retired: Dormex Lurker
  + Dead Pool: Dormex Lurker, Dormex Lurker
End of Turn 37: P1 board 3, P2 board 10, Dead Pool 45
Turn 38 - P1 acts
  - P1 hand: Restless Natives
  + P1 board: Restless Natives
End of Turn 38: P1 board 4, P2 board 10, Dead Pool 45
Turn 39 - P2 acts
  - P2 hand: Impact Simulant
  + P2 board: Impact Simulant
End of Turn 39: P1 board 4, P2 board 11, Dead Pool 45
Turn 40 - P1 acts
  - P1 hand: Voidling
  + P1 board: Voidling
  - P1 board: Technomancer
  + P1 retired: Technomancer
  + Dead Pool: Technomancer, Technomancer
End of Turn 40: P1 board 4, P2 board 11, Dead Pool 47
Turn 41 - P2 acts
  - P2 hand: K-9.0
  + P2 board: K-9.0
End of Turn 41: P1 board 4, P2 board 12, Dead Pool 47
Turn 42 - P1 acts
  - P1 hand: Annihilist Overseer
  + P1 board: Annihilist Overseer
  - P1 board: Local Singularity, Restless Natives
  + P1 retired: Restless Natives, Local Singularity
  - P2 board: MediFlux-1NDS
  + P2 retired: MediFlux-1NDS
  + Dead Pool: Restless Natives, Restless Natives, Local Singularity, Local Singularity, MediFlux-1NDS
End of Turn 42: P1 board 3, P2 board 11, Dead Pool 52
Turn 43 - P2 acts
  - P2 hand: Killjoy
  + P2 board: Killjoy
  - P2 board: MediFlux-1NDS
  + P2 retired: MediFlux-1NDS
  + Dead Pool: MediFlux-1NDS, MediFlux-1NDS
End of Turn 43: P1 board 3, P2 board 11, Dead Pool 54
Turn 44 - P1 acts
  - P1 hand: Psychodelic Toad
  + P1 board: Psychodelic Toad
  - P1 board: Annihilist Overseer
  + P1 retired: Annihilist Overseer
  + Dead Pool: Annihilist Overseer, Annihilist Overseer
End of Turn 44: P1 board 3, P2 board 11, Dead Pool 56
Turn 45 - P2 acts
  - P2 hand: Hover Shield
  + P2 board: Hover Shield
End of Turn 45: P1 board 3, P2 board 12, Dead Pool 56
Turn 46 - P1 acts
  - P1 hand: Käsekobold
  + P1 board: Käsekobold
  - P1 board: Voidling
  + P1 retired: Voidling
  + Dead Pool: Voidling, Voidling
End of Turn 46: P1 board 3, P2 board 12, Dead Pool 58
Turn 47 - P2 acts
  - P2 hand: Nob Lobber
  + P2 board: Nob Lobber
  - P2 board: Compliance Auditon
  + P2 retired: Compliance Auditon
  + Dead Pool: Compliance Auditon, Compliance Auditon
End of Turn 47: P1 board 3, P2 board 12, Dead Pool 60
Turn 48 - P1 acts
  - P1 hand: Krax
  + P1 board: Krax
  - P1 board: Psychodelic Toad, Käsekobold
  + P1 retired: Psychodelic Toad, Käsekobold
  + Dead Pool: Psychodelic Toad, Psychodelic Toad, Käsekobold, Käsekobold
End of Turn 48: P1 board 2, P2 board 12, Dead Pool 64
Turn 49 - P2 acts
  - P2 hand: Shield Array Node
  + P2 board: Shield Array Node
End of Turn 49: P1 board 2, P2 board 13, Dead Pool 64
Turn 50 - P1 acts
  - P1 hand: Dragoon
  + P1 board: Dragoon
  - P1 board: Krax
  + P1 retired: Krax
  + Dead Pool: Krax, Krax
End of Turn 50: P1 board 2, P2 board 13, Dead Pool 66
Turn 51 - P2 acts
  - P2 hand: Bruut Enforcer
  + P2 board: Bruut Enforcer
  - P2 board: Shield Array Node
  + P2 retired: Shield Array Node
  + Dead Pool: Shield Array Node, Shield Array Node
End of Turn 51: P1 board 2, P2 board 13, Dead Pool 68
Turn 52 - P1 acts
  - P1 hand: Mutt
  + P1 board: Mutt
  - P1 board: Dragoon
  + P1 retired: Dragoon
  + Dead Pool: Dragoon, Dragoon
End of Turn 52: P1 board 2, P2 board 13, Dead Pool 70
Turn 53 - P2 acts
  - P2 hand: MediFlux-1NDS
  + P2 board: MediFlux-1NDS
  - P2 board: Marine Marauder
  + P2 retired: Marine Marauder
  + Dead Pool: Marine Marauder, Marine Marauder
End of Turn 53: P1 board 2, P2 board 13, Dead Pool 72
Turn 54 - P1 acts
  - P1 hand: Voidling
  + P1 board: Voidling
  - P1 board: Mutt
  + P1 retired: Mutt
  + Dead Pool: Mutt, Mutt
End of Turn 54: P1 board 2, P2 board 13, Dead Pool 74
Turn 55 - P2 acts
  - P2 hand: Hover Shield
  + P2 board: Hover Shield
End of Turn 55: P1 board 2, P2 board 14, Dead Pool 74
Turn 56 - P1 acts
  - P1 hand: Dragoon
  + P1 board: Dragoon
  - P1 board: Voidling
  + P1 retired: Voidling
  + Dead Pool: Voidling, Voidling
End of Turn 56: P1 board 2, P2 board 14, Dead Pool 76
Turn 57 - P2 acts
  - P2 hand: Dormex Lurker
  + P2 board: Dormex Lurker
End of Turn 57: P1 board 2, P2 board 15, Dead Pool 76
Turn 58 - P1 acts
  - P1 hand: Krax
  + P1 board: Krax
  - P1 board: Grim, Dragoon
  + P1 retired: Dragoon, Grim
  + Dead Pool: Dragoon, Dragoon, Grim
Result: winner P2 | turns 57
Retired: P1 29, P2 15, Dead Pool 79

=== Game seed 11071 ===
Starting: P1 faction PCU vs P2 faction NARC
Turn 1 - P2 acts
  - P2 hand: Impact Simulant
  + P2 board: Impact Simulant
End of Turn 1: P1 board 1, P2 board 2, Dead Pool 0
Turn 2 - P1 acts
  - P1 hand: Void Freak
  + P1 board: Void Freak
End of Turn 2: P1 board 2, P2 board 2, Dead Pool 0
Turn 3 - P2 acts
  - P2 hand: Detainment Probe
  + P2 board: Detainment Probe
End of Turn 3: P1 board 2, P2 board 3, Dead Pool 0
Turn 4 - P1 acts
  - P1 hand: Void Freak
  + P1 board: Void Freak
  - P2 board: Impact Simulant
  + P2 retired: Impact Simulant
  + Dead Pool: Impact Simulant
End of Turn 4: P1 board 3, P2 board 2, Dead Pool 1
Turn 5 - P2 acts
  - P2 hand: Compliance Auditon
  + P2 board: Compliance Auditon
End of Turn 5: P1 board 3, P2 board 3, Dead Pool 1
Turn 6 - P1 acts
  - P1 hand: Local Singularity
  + P1 board: Local Singularity
  - P1 board: Void Freak
  + P1 retired: Void Freak
  - P2 board: Detainment Probe
  + P2 retired: Detainment Probe
  + Dead Pool: Void Freak, Void Freak, Detainment Probe
End of Turn 6: P1 board 3, P2 board 2, Dead Pool 4
Turn 7 - P2 acts
  - P2 hand: Shield Array Node
  + P2 board: Shield Array Node
End of Turn 7: P1 board 3, P2 board 3, Dead Pool 4
Turn 8 - P1 acts
  - P1 hand: Primordial Oozer
  + P1 board: Primordial Oozer
  - P2 board: Compliance Auditon
  + P2 retired: Compliance Auditon
  + Dead Pool: Compliance Auditon
End of Turn 8: P1 board 4, P2 board 2, Dead Pool 5
Turn 9 - P2 acts
  - P2 hand: Hover Shield
  + P2 board: Hover Shield
End of Turn 9: P1 board 4, P2 board 3, Dead Pool 5
Turn 10 - P1 acts
  - P1 hand: Käsekobold
  + P1 board: Käsekobold
  - P1 board: Void Freak
  + P1 retired: Void Freak
  + Dead Pool: Void Freak, Void Freak
End of Turn 10: P1 board 4, P2 board 3, Dead Pool 7
Turn 11 - P2 acts
  - P2 hand: Shield Array Node
  + P2 retired: Shield Array Node
  + Dead Pool: Shield Array Node, Shield Array Node
End of Turn 11: P1 board 4, P2 board 3, Dead Pool 9
Turn 12 - P1 acts
  - P1 hand: Primordial Oozer
  + P1 board: Primordial Oozer
End of Turn 12: P1 board 5, P2 board 3, Dead Pool 9
Turn 13 - P2 acts
  - P2 hand: MediFlux-1NDS
  + P2 board: MediFlux-1NDS
End of Turn 13: P1 board 5, P2 board 4, Dead Pool 9
Turn 14 - P1 acts
  - P1 hand: Restless Natives
  + P1 board: Restless Natives
  - P1 board: Local Singularity
  + P1 retired: Local Singularity
  + Dead Pool: Local Singularity, Local Singularity
End of Turn 14: P1 board 5, P2 board 4, Dead Pool 11
Turn 15 - P2 acts
  - P2 hand: Task Mistres
  + P2 board: Task Mistres
  - P2 board: Hover Shield
  + P2 retired: Hover Shield
  + Dead Pool: Hover Shield, Hover Shield
End of Turn 15: P1 board 5, P2 board 4, Dead Pool 13
Turn 16 - P1 acts
  - P1 hand: Käsekobold
  + P1 board: Käsekobold
  - P1 board: Primordial Oozer
  + P1 retired: Primordial Oozer
  + Dead Pool: Primordial Oozer, Primordial Oozer
End of Turn 16: P1 board 5, P2 board 4, Dead Pool 15
Turn 17 - P2 acts
  - P2 hand: K-9.0
  + P2 board: K-9.0
End of Turn 17: P1 board 5, P2 board 5, Dead Pool 15
Turn 18 - P1 acts
  - P1 hand: Nives
  + P1 board: Nives
  - P1 board: Käsekobold
  + P1 retired: Käsekobold
  - P2 board: Shield Array Node
  + P2 retired: Shield Array Node
  + Dead Pool: Shield Array Node, Käsekobold, Käsekobold
End of Turn 18: P1 board 5, P2 board 4, Dead Pool 18
Turn 19 - P2 acts
  - P2 hand: K-9.0
  + P2 board: K-9.0
End of Turn 19: P1 board 5, P2 board 5, Dead Pool 18
Turn 20 - P1 acts
  - P1 hand: Käsekobold
  + P1 board: Käsekobold
  - P2 board: MediFlux-1NDS
  + P2 retired: MediFlux-1NDS
  + Dead Pool: MediFlux-1NDS
End of Turn 20: P1 board 6, P2 board 4, Dead Pool 19
Turn 21 - P2 acts
  - P2 hand: Nob Lobber
  + P2 board: Nob Lobber
  - P2 board: Task Mistres
  + P2 retired: Task Mistres
  + Dead Pool: Task Mistres, Task Mistres
End of Turn 21: P1 board 6, P2 board 4, Dead Pool 21
Turn 22 - P1 acts
  - P1 hand: Blood Howler
  + P1 board: Blood Howler
  - P1 board: Primordial Oozer
  + P1 retired: Primordial Oozer
  + Dead Pool: Primordial Oozer, Primordial Oozer
End of Turn 22: P1 board 6, P2 board 4, Dead Pool 23
Turn 23 - P2 acts
  - P2 hand: Hover Shield
  + P2 board: Hover Shield
End of Turn 23: P1 board 6, P2 board 5, Dead Pool 23
Turn 24 - P1 acts
  - P1 hand: Restless Natives
  + P1 board: Restless Natives
  - P2 board: K-9.0
  + P2 retired: K-9.0
  + Dead Pool: K-9.0
End of Turn 24: P1 board 7, P2 board 4, Dead Pool 24
Turn 25 - P2 acts
  - P2 hand: Hover Shield
  + P2 board: Hover Shield
End of Turn 25: P1 board 7, P2 board 5, Dead Pool 24
Turn 26 - P1 acts
  - P1 hand: Restless Natives
  + P1 retired: Restless Natives
  - P2 board: K-9.0
  + P2 retired: K-9.0
  + Dead Pool: K-9.0, Restless Natives, Restless Natives
End of Turn 26: P1 board 7, P2 board 4, Dead Pool 27
Turn 27 - P2 acts
  - P2 hand: Nob Lobber
  + P2 retired: Nob Lobber
  + Dead Pool: Nob Lobber, Nob Lobber
End of Turn 27: P1 board 7, P2 board 4, Dead Pool 29
Turn 28 - P1 acts
  - P1 hand: Local Singularity
  + P1 board: Local Singularity
End of Turn 28: P1 board 8, P2 board 4, Dead Pool 29
Turn 29 - P2 acts
  - P1 board: Nives
  + P1 retired: Nives
  - P2 hand: MediFlux-1NDS
  + P2 board: MediFlux-1NDS
  + Dead Pool: Nives
End of Turn 29: P1 board 7, P2 board 5, Dead Pool 30
Turn 30 - P1 acts
  - P1 hand: Mutt
  + P1 board: Mutt
  - P1 board: Käsekobold
  + P1 retired: Käsekobold
  + Dead Pool: Käsekobold, Käsekobold
End of Turn 30: P1 board 7, P2 board 5, Dead Pool 32
Turn 31 - P2 acts
  - P2 hand: Sausage Droid
  + P2 board: Sausage Droid
End of Turn 31: P1 board 7, P2 board 6, Dead Pool 32
Turn 32 - P1 acts
  - P1 hand: Voidling
  + P1 board: Voidling
  - P1 board: Käsekobold
  + P1 retired: Käsekobold
  - P2 board: Hover Shield
  + P2 retired: Hover Shield
  + Dead Pool: Hover Shield, Käsekobold, Käsekobold
End of Turn 32: P1 board 7, P2 board 5, Dead Pool 35
Turn 33 - P2 acts
  - P2 hand: Impact Simulant
  + P2 board: Impact Simulant
End of Turn 33: P1 board 7, P2 board 6, Dead Pool 35
Turn 34 - P1 acts
  - P1 hand: Voidling
  + P1 board: Voidling
  - P1 board: Blood Howler
  + P1 retired: Blood Howler
  + Dead Pool: Blood Howler, Blood Howler
End of Turn 34: P1 board 7, P2 board 6, Dead Pool 37
Turn 35 - P2 acts
  - P2 hand: Killjoy
  + P2 board: Killjoy
  - P2 board: Hover Shield
  + P2 retired: Hover Shield
  + Dead Pool: Hover Shield, Hover Shield
End of Turn 35: P1 board 7, P2 board 6, Dead Pool 39
Turn 36 - P1 acts
  - P1 hand: Annihilist Overseer
  + P1 board: Annihilist Overseer
  - P1 board: Restless Natives, Restless Natives
  + P1 retired: Restless Natives, Restless Natives
  + Dead Pool: Restless Natives, Restless Natives, Restless Natives, Restless Natives
End of Turn 36: P1 board 6, P2 board 6, Dead Pool 43
Turn 37 - P2 acts
  - P2 hand: Compliance Auditon
  + P2 board: Compliance Auditon
  - P2 board: Nob Lobber
  + P2 retired: Nob Lobber
  + Dead Pool: Nob Lobber, Nob Lobber
End of Turn 37: P1 board 6, P2 board 6, Dead Pool 45
Turn 38 - P1 acts
  - P1 hand: Technomancer
  + P1 board: Technomancer
  - P1 board: Local Singularity, Annihilist Overseer
  + P1 retired: Local Singularity, Annihilist Overseer
  + Dead Pool: Local Singularity, Local Singularity, Annihilist Overseer, Annihilist Overseer
End of Turn 38: P1 board 5, P2 board 6, Dead Pool 49
Turn 39 - P2 acts
  - P2 hand: MediFlux-1NDS
  + P2 board: MediFlux-1NDS
End of Turn 39: P1 board 5, P2 board 7, Dead Pool 49
Turn 40 - P1 acts
  - P1 hand: Psychodelic Toad
  + P1 board: Psychodelic Toad
End of Turn 40: P1 board 6, P2 board 7, Dead Pool 49
Turn 41 - P2 acts
  - P1 board: Mutt
  + P1 retired: Mutt
  - P2 hand: Marine Marauder
  + P2 board: Marine Marauder
  - P2 board: MediFlux-1NDS
  + P2 retired: MediFlux-1NDS
  + Dead Pool: MediFlux-1NDS, MediFlux-1NDS, Mutt
End of Turn 41: P1 board 5, P2 board 7, Dead Pool 52
Turn 42 - P1 acts
  - P1 hand: Annihilist Overseer
  + P1 board: Annihilist Overseer
  - P1 board: Voidling
  + P1 retired: Voidling
  + Dead Pool: Voidling, Voidling
End of Turn 42: P1 board 5, P2 board 7, Dead Pool 54
Turn 43 - P2 acts
  - P2 hand: Target Marker Probe
  + P2 board: Target Marker Probe
End of Turn 43: P1 board 5, P2 board 8, Dead Pool 54
Turn 44 - P1 acts
  - P1 hand: Voidling
  + P1 board: Voidling
  - P1 board: Annihilist Overseer
  + P1 retired: Annihilist Overseer
  + Dead Pool: Annihilist Overseer, Annihilist Overseer
End of Turn 44: P1 board 5, P2 board 8, Dead Pool 56
Turn 45 - P2 acts
  - P1 board: Voidling
  + P1 retired: Voidling
  - P2 hand: Marine Marauder
  + P2 board: Marine Marauder
  - P2 board: Sausage Droid
  + P2 retired: Sausage Droid
  + Dead Pool: Voidling, Sausage Droid, Sausage Droid
End of Turn 45: P1 board 4, P2 board 8, Dead Pool 59
Turn 46 - P1 acts
  - P1 hand: Technomancer
  + P1 retired: Technomancer
  + Dead Pool: Technomancer, Technomancer
End of Turn 46: P1 board 4, P2 board 8, Dead Pool 61
Turn 47 - P2 acts
  - P1 board: Psychodelic Toad
  + P1 retired: Psychodelic Toad
  - P2 hand: Impact Simulant
  + P2 board: Impact Simulant
  + Dead Pool: Psychodelic Toad
End of Turn 47: P1 board 3, P2 board 9, Dead Pool 62
Turn 48 - P1 acts
  - P1 hand: Dragoon
  + P1 board: Dragoon
  - P1 board: Voidling
  + P1 retired: Voidling
  + Dead Pool: Voidling, Voidling
End of Turn 48: P1 board 3, P2 board 9, Dead Pool 64
Turn 49 - P2 acts
  - P2 hand: Compliance Auditon
  + P2 board: Compliance Auditon
End of Turn 49: P1 board 3, P2 board 10, Dead Pool 64
Turn 50 - P1 acts
  - P1 hand: Dragoon
  - P1 board: Technomancer
  + P1 retired: Technomancer, Dragoon
  + Dead Pool: Technomancer, Technomancer, Dragoon, Dragoon
End of Turn 50: P1 board 2, P2 board 10, Dead Pool 68
Turn 51 - P2 acts
  - P2 hand: Sentry Node
  + P2 board: Sentry Node
  - P2 board: Impact Simulant
  + P2 retired: Impact Simulant
  + Dead Pool: Impact Simulant, Impact Simulant
End of Turn 51: P1 board 2, P2 board 10, Dead Pool 70
Turn 52 - P1 acts
  - P1 hand: Nives
  + P1 board: Nives
  - P1 board: Dragoon
  + P1 retired: Dragoon
  + Dead Pool: Dragoon, Dragoon
End of Turn 52: P1 board 2, P2 board 10, Dead Pool 72
Turn 53 - P2 acts
  - P2 hand: Bruut Enforcer
  + P2 board: Bruut Enforcer
  - P2 board: Killjoy
  + P2 retired: Killjoy
  + Dead Pool: Killjoy, Killjoy
End of Turn 53: P1 board 2, P2 board 10, Dead Pool 74
Turn 54 - P1 acts
  - P1 hand: Meat Vegetable
  + P1 board: Meat Vegetable
  - P2 board: Sentry Node
  + P2 retired: Sentry Node
  + Dead Pool: Sentry Node
End of Turn 54: P1 board 3, P2 board 9, Dead Pool 75
Turn 55 - P2 acts
  - P2 hand: Task Mistres
  + P2 board: Task Mistres
End of Turn 55: P1 board 3, P2 board 10, Dead Pool 75
Turn 56 - P1 acts
  - P1 hand: Restless Natives
  + P1 board: Restless Natives
  - P2 board: Compliance Auditon
  + P2 retired: Compliance Auditon
  + Dead Pool: Compliance Auditon
End of Turn 56: P1 board 4, P2 board 9, Dead Pool 76
Turn 57 - P2 acts
  - P1 board: Nives
  + P1 retired: Nives
  - P2 hand: Hover Shield
  + P2 board: Hover Shield
  + Dead Pool: Nives
End of Turn 57: P1 board 3, P2 board 10, Dead Pool 77
Turn 58 - P1 acts
  - P1 hand: Blood Howler
  + P1 board: Blood Howler
End of Turn 58: P1 board 4, P2 board 10, Dead Pool 77
Turn 59 - P2 acts
  - P2 hand: Sentry Node
  + P2 board: Sentry Node
  - P2 board: MediFlux-1NDS
  + P2 retired: MediFlux-1NDS
  + Dead Pool: MediFlux-1NDS, MediFlux-1NDS
End of Turn 59: P1 board 4, P2 board 10, Dead Pool 79
Turn 60 - P1 acts
  - P1 hand: Meat Vegetable
  + P1 board: Meat Vegetable
  - P2 board: Marine Marauder
  + P2 retired: Marine Marauder
  + Dead Pool: Marine Marauder
End of Turn 60: P1 board 5, P2 board 9, Dead Pool 80
Turn 61 - P2 acts
  - P1 board: Restless Natives
  + P1 retired: Restless Natives
  - P2 hand: Task Mistres
  + P2 board: Task Mistres
  + Dead Pool: Restless Natives
End of Turn 61: P1 board 4, P2 board 10, Dead Pool 81
Turn 62 - P1 acts
  - P1 hand: Mutt
  + P1 board: Mutt
  - P1 board: Meat Vegetable
  + P1 retired: Meat Vegetable
  + Dead Pool: Meat Vegetable, Meat Vegetable
End of Turn 62: P1 board 4, P2 board 10, Dead Pool 83
Turn 63 - P2 acts
  - P2 hand: Dormex Lurker
  + P2 board: Dormex Lurker
End of Turn 63: P1 board 4, P2 board 11, Dead Pool 83
Turn 64 - P1 acts
  - P1 hand: Vex
  + P1 board: Vex
  - P1 board: Blood Howler
  + P1 retired: Blood Howler
  - P2 board: Sentry Node
  + P2 retired: Sentry Node
  + Dead Pool: Blood Howler, Blood Howler, Sentry Node
End of Turn 64: P1 board 4, P2 board 10, Dead Pool 86
Turn 65 - P2 acts
  - P2 hand: Target Marker Probe
  + P2 board: Target Marker Probe
End of Turn 65: P1 board 4, P2 board 11, Dead Pool 86
Turn 66 - P1 acts
  - P1 hand: Meat Vegetable
  + P1 board: Meat Vegetable
End of Turn 66: P1 board 5, P2 board 11, Dead Pool 86
Turn 67 - P2 acts
  - P2 hand: Detainment Probe
  + P2 board: Detainment Probe
End of Turn 67: P1 board 5, P2 board 12, Dead Pool 86
Turn 68 - P1 acts
  - P1 hand: Krax
  + P1 board: Krax
  - P1 board: Meat Vegetable, Mutt, Vex
  + P1 retired: Mutt, Meat Vegetable, Vex
  - P2 board: Target Marker Probe
  + P2 retired: Target Marker Probe
  + Dead Pool: Mutt, Mutt, Meat Vegetable, Meat Vegetable, Vex, Vex, Target Marker Probe
End of Turn 68: P1 board 3, P2 board 11, Dead Pool 93
Turn 69 - P2 acts
  - P2 hand: Killjoy
  + P2 board: Killjoy
  - P2 board: Marine Marauder
  + P2 retired: Marine Marauder
  + Dead Pool: Marine Marauder, Marine Marauder
End of Turn 69: P1 board 3, P2 board 11, Dead Pool 95
Turn 70 - P1 acts
  - P1 hand: Annihilist Overseer
  + P1 board: Annihilist Overseer
  - P1 board: Meat Vegetable
  + P1 retired: Meat Vegetable
  + Dead Pool: Meat Vegetable, Meat Vegetable
End of Turn 70: P1 board 3, P2 board 11, Dead Pool 97
Turn 71 - P2 acts
  - P2 hand: Dormex Lurker
  + P2 board: Dormex Lurker
End of Turn 71: P1 board 3, P2 board 12, Dead Pool 97
Turn 72 - P1 acts
  - P1 hand: Void Freak
  + P1 board: Void Freak
  - P1 board: Annihilist Overseer
  + P1 retired: Annihilist Overseer
  + Dead Pool: Annihilist Overseer, Annihilist Overseer
End of Turn 72: P1 board 3, P2 board 12, Dead Pool 99
Turn 73 - P2 acts
  - P2 hand: Dormex Lurker
  + P2 board: Dormex Lurker
End of Turn 73: P1 board 3, P2 board 13, Dead Pool 99
Turn 74 - P1 acts
  - P1 hand: Dragoon
  + P1 board: Dragoon
  - P1 board: Krax
  + P1 retired: Krax
  - P2 board: Impact Simulant
  + P2 retired: Impact Simulant
  + Dead Pool: Impact Simulant, Krax, Krax
End of Turn 74: P1 board 3, P2 board 12, Dead Pool 102
Turn 75 - P2 acts
  - P1 board: Void Freak
  + P1 retired: Void Freak
  - P2 hand: Shield Array Node
  + P2 board: Shield Array Node
  + Dead Pool: Void Freak
End of Turn 75: P1 board 2, P2 board 13, Dead Pool 103
Turn 76 - P1 acts
  - P1 hand: Mutt
  + P1 board: Mutt
  - P1 board: Dragoon
  + P1 retired: Dragoon
  + Dead Pool: Dragoon, Dragoon
End of Turn 76: P1 board 2, P2 board 13, Dead Pool 105
Turn 77 - P2 acts
  - P2 hand: Sentry Node
  + P2 board: Sentry Node
  - P2 board: Compliance Auditon
  + P2 retired: Compliance Auditon
  + Dead Pool: Compliance Auditon, Compliance Auditon
End of Turn 77: P1 board 2, P2 board 13, Dead Pool 107
Turn 78 - P1 acts
  - P1 hand: Blood Howler
  + P1 board: Blood Howler
End of Turn 78: P1 board 3, P2 board 13, Dead Pool 107
Turn 79 - P2 acts
  - P1 board: Mutt
  + P1 retired: Mutt
  - P2 hand: Detainment Probe
  + P2 board: Detainment Probe
  + Dead Pool: Mutt
End of Turn 79: P1 board 2, P2 board 14, Dead Pool 108
Turn 80 - P1 acts
  - P1 hand: Krax
  + P1 board: Krax
  - P1 board: Grim, Blood Howler
  + P1 retired: Blood Howler, Grim
  + Dead Pool: Blood Howler, Blood Howler, Grim
Result: winner P2 | turns 79
Retired: P1 40, P2 27, Dead Pool 111

=== Game seed 11072 ===
Starting: P1 faction PCU vs P2 faction NARC
Turn 1 - P1 acts
  - P1 hand: Void Freak
  + P1 board: Void Freak
End of Turn 1: P1 board 2, P2 board 1, Dead Pool 0
Turn 2 - P2 acts
  - P2 hand: Sausage Droid
  + P2 board: Sausage Droid
End of Turn 2: P1 board 2, P2 board 2, Dead Pool 0
Turn 3 - P1 acts
  - P1 hand: Primordial Oozer
  + P1 board: Primordial Oozer
  - P2 board: Lokar Simmons
  + P2 retired: Lokar Simmons
  + Dead Pool: Lokar Simmons
Result: winner P1 | turns 2
Retired: P1 0, P2 1, Dead Pool 1

=== Game seed 11073 ===
Starting: P1 faction PCU vs P2 faction NARC
Turn 1 - P2 acts
  - P2 hand: Target Marker Probe
  + P2 board: Target Marker Probe
End of Turn 1: P1 board 1, P2 board 2, Dead Pool 0
Turn 2 - P1 acts
  - P1 hand: Psychodelic Toad
  + P1 board: Psychodelic Toad
End of Turn 2: P1 board 2, P2 board 2, Dead Pool 0
Turn 3 - P2 acts
  - P2 hand: Sausage Droid
  + P2 board: Sausage Droid
End of Turn 3: P1 board 2, P2 board 3, Dead Pool 0
Turn 4 - P1 acts
  - P1 hand: Blood Howler
  + P1 board: Blood Howler
  - P1 board: Psychodelic Toad
  + P1 retired: Psychodelic Toad
  + Dead Pool: Psychodelic Toad, Psychodelic Toad
End of Turn 4: P1 board 2, P2 board 3, Dead Pool 2
Turn 5 - P2 acts
  - P2 hand: Sausage Droid
  + P2 board: Sausage Droid
End of Turn 5: P1 board 2, P2 board 4, Dead Pool 2
Turn 6 - P1 acts
  - P1 hand: Blood Howler
  + P1 board: Blood Howler
End of Turn 6: P1 board 3, P2 board 4, Dead Pool 2
Turn 7 - P2 acts
  - P2 hand: Shield Array Node
  + P2 board: Shield Array Node
End of Turn 7: P1 board 3, P2 board 5, Dead Pool 2
Turn 8 - P1 acts
  - P1 hand: Primordial Oozer
  + P1 board: Primordial Oozer
End of Turn 8: P1 board 4, P2 board 5, Dead Pool 2
Turn 9 - P2 acts
  - P1 board: Blood Howler
  + P1 retired: Blood Howler
  - P2 hand: K-9.0
  + P2 board: K-9.0
  - P2 board: Target Marker Probe
  + P2 retired: Target Marker Probe
  + Dead Pool: Target Marker Probe, Target Marker Probe, Blood Howler
End of Turn 9: P1 board 3, P2 board 5, Dead Pool 5
Turn 10 - P1 acts
  - P1 hand: Primordial Oozer
  + P1 board: Primordial Oozer
End of Turn 10: P1 board 4, P2 board 5, Dead Pool 5
Turn 11 - P2 acts
  - P2 hand: K-9.0
  + P2 board: K-9.0
  - P2 board: Sausage Droid
  + P2 retired: Sausage Droid
  + Dead Pool: Sausage Droid, Sausage Droid
End of Turn 11: P1 board 4, P2 board 5, Dead Pool 7
Turn 12 - P1 acts
  - P1 hand: Local Singularity
  + P1 board: Local Singularity
End of Turn 12: P1 board 5, P2 board 5, Dead Pool 7
Turn 13 - P2 acts
  - P1 board: Blood Howler
  + P1 retired: Blood Howler
  - P2 hand: Shield Array Node
  + P2 board: Shield Array Node
  - P2 board: Sausage Droid
  + P2 retired: Sausage Droid
  + Dead Pool: Blood Howler, Sausage Droid, Sausage Droid
End of Turn 13: P1 board 4, P2 board 5, Dead Pool 10
Turn 14 - P1 acts
  - P1 hand: Restless Natives
  + P1 board: Restless Natives
  - P1 board: Primordial Oozer
  + P1 retired: Primordial Oozer
  + Dead Pool: Primordial Oozer, Primordial Oozer
End of Turn 14: P1 board 4, P2 board 5, Dead Pool 12
Turn 15 - P2 acts
  - P2 hand: Task Mistres
  + P2 board: Task Mistres
End of Turn 15: P1 board 4, P2 board 6, Dead Pool 12
Turn 16 - P1 acts
  - P1 hand: Void Freak
  + P1 board: Void Freak
End of Turn 16: P1 board 5, P2 board 6, Dead Pool 12
Turn 17 - P2 acts
  - P2 hand: Impact Simulant
  + P2 board: Impact Simulant
End of Turn 17: P1 board 5, P2 board 7, Dead Pool 12
Turn 18 - P1 acts
  - P1 hand: Voidling
  + P1 board: Voidling
  - P1 board: Primordial Oozer
  + P1 retired: Primordial Oozer
  - P2 board: Shield Array Node
  + P2 retired: Shield Array Node
  + Dead Pool: Primordial Oozer, Primordial Oozer, Shield Array Node
End of Turn 18: P1 board 5, P2 board 6, Dead Pool 15
Turn 19 - P2 acts
  - P2 hand: Compliance Auditon
  + P2 board: Compliance Auditon
End of Turn 19: P1 board 5, P2 board 7, Dead Pool 15
Turn 20 - P1 acts
  - P1 hand: Meat Vegetable
  + P1 board: Meat Vegetable
  - P2 board: K-9.0
  + P2 retired: K-9.0
  + Dead Pool: K-9.0
End of Turn 20: P1 board 6, P2 board 6, Dead Pool 16
Turn 21 - P2 acts
  - P2 hand: K-9.0
  + P2 board: K-9.0
End of Turn 21: P1 board 6, P2 board 7, Dead Pool 16
Turn 22 - P1 acts
  - P1 hand: Meat Vegetable
  + P1 board: Meat Vegetable
  - P2 board: K-9.0
  + P2 retired: K-9.0
  + Dead Pool: K-9.0
End of Turn 22: P1 board 7, P2 board 6, Dead Pool 17
Turn 23 - P2 acts
  - P2 hand: Detainment Probe
  + P2 board: Detainment Probe
End of Turn 23: P1 board 7, P2 board 7, Dead Pool 17
Turn 24 - P1 acts
  - P1 hand: Nives
  + P1 board: Nives
  - P1 board: Local Singularity, Void Freak
  + P1 retired: Local Singularity, Void Freak
  - P2 board: Shield Array Node
  + P2 retired: Shield Array Node
  + Dead Pool: Shield Array Node, Local Singularity, Local Singularity, Void Freak, Void Freak
End of Turn 24: P1 board 6, P2 board 6, Dead Pool 22
Turn 25 - P2 acts
  - P2 hand: MediFlux-1NDS
  + P2 board: MediFlux-1NDS
End of Turn 25: P1 board 6, P2 board 7, Dead Pool 22
Turn 26 - P1 acts
  - P1 hand: Technomancer
  + P1 board: Technomancer
  - P1 board: Restless Natives
  + P1 retired: Restless Natives
  - P2 board: Task Mistres
  + P2 retired: Task Mistres
  + Dead Pool: Restless Natives, Restless Natives, Task Mistres
End of Turn 26: P1 board 6, P2 board 6, Dead Pool 25
Turn 27 - P2 acts
  - P2 hand: Impact Simulant
  + P2 board: Impact Simulant
End of Turn 27: P1 board 6, P2 board 7, Dead Pool 25
Turn 28 - P1 acts
  - P1 hand: Mutt
  + P1 board: Mutt
  - P1 board: Voidling
  + P1 retired: Voidling
  + Dead Pool: Voidling, Voidling
End of Turn 28: P1 board 6, P2 board 7, Dead Pool 27
Turn 29 - P2 acts
  - P2 hand: Hover Shield
  + P2 board: Hover Shield
End of Turn 29: P1 board 6, P2 board 8, Dead Pool 27
Turn 30 - P1 acts
  - P1 hand: Voidling
  + P1 board: Voidling
  - P2 board: Detainment Probe
  + P2 retired: Detainment Probe
  + Dead Pool: Detainment Probe
End of Turn 30: P1 board 7, P2 board 7, Dead Pool 28
Turn 31 - P2 acts
  - P2 hand: Marine Marauder
  + P2 board: Marine Marauder
  - P2 board: Impact Simulant
  + P2 retired: Impact Simulant
  + Dead Pool: Impact Simulant, Impact Simulant
End of Turn 31: P1 board 7, P2 board 7, Dead Pool 30
Turn 32 - P1 acts
  - P1 hand: Nives
  + P1 board: Nives
  - P1 board: Meat Vegetable
  + P1 retired: Meat Vegetable
  + Dead Pool: Meat Vegetable, Meat Vegetable
End of Turn 32: P1 board 7, P2 board 7, Dead Pool 32
Turn 33 - P2 acts
  - P2 hand: MediFlux-1NDS
  + P2 board: MediFlux-1NDS
  - P2 board: Compliance Auditon
  + P2 retired: Compliance Auditon
  + Dead Pool: Compliance Auditon, Compliance Auditon
End of Turn 33: P1 board 7, P2 board 7, Dead Pool 34
Turn 34 - P1 acts
  - P1 hand: Psychodelic Toad
  + P1 board: Psychodelic Toad
  - P1 board: Meat Vegetable
  + P1 retired: Meat Vegetable
  + Dead Pool: Meat Vegetable, Meat Vegetable
End of Turn 34: P1 board 7, P2 board 7, Dead Pool 36
Turn 35 - P2 acts
  - P2 hand: Nob Lobber
  + P2 board: Nob Lobber
  - P2 board: K-9.0
  + P2 retired: K-9.0
  + Dead Pool: K-9.0, K-9.0
End of Turn 35: P1 board 7, P2 board 7, Dead Pool 38
Turn 36 - P1 acts
  - P1 hand: Restless Natives
  + P1 board: Restless Natives
  - P1 board: Nives
  + P1 retired: Nives
  - P2 board: Marine Marauder
  + P2 retired: Marine Marauder
  + Dead Pool: Nives, Nives, Marine Marauder
End of Turn 36: P1 board 7, P2 board 6, Dead Pool 41
Turn 37 - P2 acts
  - P2 hand: MediFlux-1NDS
  + P2 board: MediFlux-1NDS
End of Turn 37: P1 board 7, P2 board 7, Dead Pool 41
Turn 38 - P1 acts
  - P1 hand: Annihilist Overseer
  + P1 board: Annihilist Overseer
  - P1 board: Technomancer
  + P1 retired: Technomancer
  - P2 board: MediFlux-1NDS
  + P2 retired: MediFlux-1NDS
  + Dead Pool: Technomancer, Technomancer, MediFlux-1NDS
End of Turn 38: P1 board 7, P2 board 6, Dead Pool 44
Turn 39 - P2 acts
  - P2 hand: Hover Shield
  + P2 board: Hover Shield
End of Turn 39: P1 board 7, P2 board 7, Dead Pool 44
Turn 40 - P1 acts
  - P1 hand: Technomancer
  + P1 board: Technomancer
  - P1 board: Mutt, Annihilist Overseer
  + P1 retired: Mutt, Annihilist Overseer
  + Dead Pool: Mutt, Mutt, Annihilist Overseer, Annihilist Overseer
End of Turn 40: P1 board 6, P2 board 7, Dead Pool 48
Turn 41 - P2 acts
  - P2 hand: Dormex Lurker
  + P2 board: Dormex Lurker
End of Turn 41: P1 board 6, P2 board 8, Dead Pool 48
Turn 42 - P1 acts
  - P1 hand: Technomancer
  + P1 board: Technomancer
  - P1 board: Voidling
  + P1 retired: Voidling
  - P2 board: Impact Simulant
  + P2 retired: Impact Simulant
  + Dead Pool: Voidling, Voidling, Impact Simulant
End of Turn 42: P1 board 6, P2 board 7, Dead Pool 51
Turn 43 - P2 acts
  - P2 hand: Impact Simulant
  + P2 board: Impact Simulant
End of Turn 43: P1 board 6, P2 board 8, Dead Pool 51
Turn 44 - P1 acts
  - P1 hand: Local Singularity
  + P1 board: Local Singularity
  - P1 board: Nives
  + P1 retired: Nives
  + Dead Pool: Nives, Nives
End of Turn 44: P1 board 6, P2 board 8, Dead Pool 53
Turn 45 - P2 acts
  - P2 hand: Sentry Node
  + P2 board: Sentry Node
  - P2 board: Hover Shield
  + P2 retired: Hover Shield
  + Dead Pool: Hover Shield, Hover Shield
End of Turn 45: P1 board 6, P2 board 8, Dead Pool 55
Turn 46 - P1 acts
  - P1 hand: Nives
  + P1 board: Nives
  - P1 board: Psychodelic Toad
  + P1 retired: Psychodelic Toad
  + Dead Pool: Psychodelic Toad, Psychodelic Toad
End of Turn 46: P1 board 6, P2 board 8, Dead Pool 57
Turn 47 - P2 acts
  - P1 board: Restless Natives
  + P1 retired: Restless Natives
  - P2 hand: Marine Marauder
  + P2 board: Marine Marauder
  + Dead Pool: Restless Natives
End of Turn 47: P1 board 5, P2 board 9, Dead Pool 58
Turn 48 - P1 acts
  - P1 hand: Käsekobold
  + P1 board: Käsekobold
  - P2 board: MediFlux-1NDS
  + P2 retired: MediFlux-1NDS
  + Dead Pool: MediFlux-1NDS
End of Turn 48: P1 board 6, P2 board 8, Dead Pool 59
Turn 49 - P2 acts
  - P2 hand: Nob Lobber
  + P2 retired: Nob Lobber
  + Dead Pool: Nob Lobber, Nob Lobber
End of Turn 49: P1 board 6, P2 board 8, Dead Pool 61
Turn 50 - P1 acts
  - P1 hand: Annihilist Overseer
  + P1 board: Annihilist Overseer
  - P1 board: Technomancer
  + P1 retired: Technomancer
  + Dead Pool: Technomancer, Technomancer
End of Turn 50: P1 board 6, P2 board 8, Dead Pool 63
Turn 51 - P2 acts
  - P2 hand: Sentry Node
  + P2 board: Sentry Node
  - P2 board: MediFlux-1NDS
  + P2 retired: MediFlux-1NDS
  + Dead Pool: MediFlux-1NDS, MediFlux-1NDS
End of Turn 51: P1 board 6, P2 board 8, Dead Pool 65
Turn 52 - P1 acts
  - P1 hand: Mutt
  + P1 board: Mutt
  - P1 board: Technomancer, Annihilist Overseer
  + P1 retired: Technomancer, Annihilist Overseer
  + Dead Pool: Technomancer, Technomancer, Annihilist Overseer, Annihilist Overseer
End of Turn 52: P1 board 5, P2 board 8, Dead Pool 69
Turn 53 - P2 acts
  - P2 hand: Detainment Probe
  + P2 board: Detainment Probe
End of Turn 53: P1 board 5, P2 board 9, Dead Pool 69
Turn 54 - P1 acts
  - P1 hand: Annihilist Overseer
  + P1 board: Annihilist Overseer
  - P1 board: Local Singularity, Nives
  + P1 retired: Local Singularity, Nives
  + Dead Pool: Local Singularity, Local Singularity, Nives, Nives
End of Turn 54: P1 board 4, P2 board 9, Dead Pool 73
Turn 55 - P2 acts
  - P2 hand: Killjoy
  + P2 board: Killjoy
  - P2 board: Hover Shield
  + P2 retired: Hover Shield
  + Dead Pool: Hover Shield, Hover Shield
End of Turn 55: P1 board 4, P2 board 9, Dead Pool 75
Turn 56 - P1 acts
  - P1 hand: Vex
  + P1 board: Vex
  - P1 board: Käsekobold, Annihilist Overseer
  + P1 retired: Annihilist Overseer, Käsekobold
  + Dead Pool: Annihilist Overseer, Annihilist Overseer, Käsekobold, Käsekobold
End of Turn 56: P1 board 3, P2 board 9, Dead Pool 79
Turn 57 - P2 acts
  - P2 hand: K-9.0
  + P2 board: K-9.0
End of Turn 57: P1 board 3, P2 board 10, Dead Pool 79
Turn 58 - P1 acts
  - P1 hand: Voidling
  + P1 board: Voidling
End of Turn 58: P1 board 4, P2 board 10, Dead Pool 79
Turn 59 - P2 acts
  - P1 board: Vex
  + P1 retired: Vex
  - P2 hand: Dormex Lurker
  + P2 retired: Dormex Lurker
  + Dead Pool: Dormex Lurker, Dormex Lurker, Vex
End of Turn 59: P1 board 3, P2 board 10, Dead Pool 82
Turn 60 - P1 acts
  - P1 hand: Meat Vegetable
  + P1 board: Meat Vegetable
End of Turn 60: P1 board 4, P2 board 10, Dead Pool 82
Turn 61 - P2 acts
  - P1 board: Mutt
  + P1 retired: Mutt
  - P2 hand: Detainment Probe
  + P2 board: Detainment Probe
  + Dead Pool: Mutt
End of Turn 61: P1 board 3, P2 board 11, Dead Pool 83
Turn 62 - P1 acts
  - P1 hand: Mutt
  + P1 board: Mutt
  - P1 board: Voidling
  + P1 retired: Voidling
  + Dead Pool: Voidling, Voidling
End of Turn 62: P1 board 3, P2 board 11, Dead Pool 85
Turn 63 - P2 acts
  - P2 hand: Sausage Droid
  + P2 board: Sausage Droid
End of Turn 63: P1 board 3, P2 board 12, Dead Pool 85
Turn 64 - P1 acts
  - P1 hand: Meat Vegetable
  + P1 board: Meat Vegetable
End of Turn 64: P1 board 4, P2 board 12, Dead Pool 85
Turn 65 - P2 acts
  - P2 hand: Nob Lobber
  + P2 board: Nob Lobber
  - P2 board: Impact Simulant
  + P2 retired: Impact Simulant
  + Dead Pool: Impact Simulant, Impact Simulant
End of Turn 65: P1 board 4, P2 board 12, Dead Pool 87
Turn 66 - P1 acts
  - P1 hand: Käsekobold
  + P1 board: Käsekobold
End of Turn 66: P1 board 5, P2 board 12, Dead Pool 87
Turn 67 - P2 acts
  - P2 hand: Task Mistres
  + P2 board: Task Mistres
End of Turn 67: P1 board 5, P2 board 13, Dead Pool 87
Turn 68 - P1 acts
  - P1 hand: Vex
  + P1 board: Vex
  - P1 board: Meat Vegetable, Mutt
  + P1 retired: Meat Vegetable, Mutt
  - P2 board: Sentry Node
  + P2 retired: Sentry Node
  + Dead Pool: Meat Vegetable, Meat Vegetable, Mutt, Mutt, Sentry Node
End of Turn 68: P1 board 4, P2 board 12, Dead Pool 92
Turn 69 - P2 acts
  - P2 hand: Task Mistres
  + P2 board: Task Mistres
End of Turn 69: P1 board 4, P2 board 13, Dead Pool 92
Turn 70 - P1 acts
  - P1 hand: Käsekobold
  + P1 board: Käsekobold
End of Turn 70: P1 board 5, P2 board 13, Dead Pool 92
Turn 71 - P2 acts
  - P2 hand: Compliance Auditon
  + P2 board: Compliance Auditon
End of Turn 71: P1 board 5, P2 board 14, Dead Pool 92
Turn 72 - P1 acts
  - P1 hand: Dragoon
  + P1 board: Dragoon
  - P1 board: Meat Vegetable, Käsekobold, Vex
  + P1 retired: Meat Vegetable, Käsekobold, Vex
  + Dead Pool: Meat Vegetable, Meat Vegetable, Käsekobold, Käsekobold, Vex, Vex
End of Turn 72: P1 board 3, P2 board 14, Dead Pool 98
Turn 73 - P2 acts
  - P2 hand: Compliance Auditon
  + P2 board: Compliance Auditon
End of Turn 73: P1 board 3, P2 board 15, Dead Pool 98
Turn 74 - P1 acts
  - P1 hand: Vex
  + P1 board: Vex
  - P1 board: Käsekobold
  + P1 retired: Käsekobold
  - P2 board: Marine Marauder
  + P2 retired: Marine Marauder
  + Dead Pool: Marine Marauder, Käsekobold, Käsekobold
End of Turn 74: P1 board 3, P2 board 14, Dead Pool 101
Turn 75 - P2 acts
  - P2 hand: Compliance Auditon
  + P2 board: Compliance Auditon
End of Turn 75: P1 board 3, P2 board 15, Dead Pool 101
Turn 76 - P1 acts
  - P1 hand: Void Freak
  + P1 board: Void Freak
End of Turn 76: P1 board 4, P2 board 15, Dead Pool 101
Turn 77 - P2 acts
  - P2 hand: Bruut Enforcer
  + P2 board: Bruut Enforcer
  - P2 board: Nob Lobber
  + P2 retired: Nob Lobber
  + Dead Pool: Nob Lobber, Nob Lobber
End of Turn 77: P1 board 4, P2 board 15, Dead Pool 103
Turn 78 - P1 acts
  - P1 hand: Restless Natives
  + P1 board: Restless Natives
End of Turn 78: P1 board 5, P2 board 15, Dead Pool 103
Turn 79 - P2 acts
  - P1 board: Dragoon
  + P1 retired: Dragoon
  - P2 hand: Impact Simulant
  + P2 board: Impact Simulant
  + Dead Pool: Dragoon
End of Turn 79: P1 board 4, P2 board 16, Dead Pool 104
Turn 80 - P1 acts
  - P1 hand: Käsekobold
  + P1 board: Käsekobold
  - P2 board: Lokar Simmons
  + P2 retired: Lokar Simmons
  + Dead Pool: Lokar Simmons
Result: winner P1 | turns 79
Retired: P1 36, P2 26, Dead Pool 105

=== Game seed 11074 ===
Starting: P1 faction PCU vs P2 faction NARC
Turn 1 - P1 acts
  - P1 hand: Primordial Oozer
  + P1 board: Primordial Oozer
End of Turn 1: P1 board 2, P2 board 1, Dead Pool 0
Turn 2 - P2 acts
  - P2 hand: Impact Simulant
  + P2 board: Impact Simulant
End of Turn 2: P1 board 2, P2 board 2, Dead Pool 0
Turn 3 - P1 acts
  - P1 hand: Restless Natives
  + P1 board: Restless Natives
End of Turn 3: P1 board 3, P2 board 2, Dead Pool 0
Turn 4 - P2 acts
  - P2 hand: Compliance Auditon
  + P2 board: Compliance Auditon
End of Turn 4: P1 board 3, P2 board 3, Dead Pool 0
Turn 5 - P1 acts
  - P1 hand: Blood Howler
  + P1 board: Blood Howler
  - P1 board: Primordial Oozer
  + P1 retired: Primordial Oozer
  + Dead Pool: Primordial Oozer, Primordial Oozer
End of Turn 5: P1 board 3, P2 board 3, Dead Pool 2
Turn 6 - P2 acts
  - P2 hand: Task Mistres
  + P2 board: Task Mistres
End of Turn 6: P1 board 3, P2 board 4, Dead Pool 2
Turn 7 - P1 acts
  - P1 hand: Restless Natives
  + P1 retired: Restless Natives
  + Dead Pool: Restless Natives, Restless Natives
End of Turn 7: P1 board 3, P2 board 4, Dead Pool 4
Turn 8 - P2 acts
  - P2 hand: Shield Array Node
  + P2 board: Shield Array Node
  - P2 board: Impact Simulant
  + P2 retired: Impact Simulant
  + Dead Pool: Impact Simulant, Impact Simulant
End of Turn 8: P1 board 3, P2 board 4, Dead Pool 6
Turn 9 - P1 acts
  - P1 hand: Voidling
  + P1 board: Voidling
End of Turn 9: P1 board 4, P2 board 4, Dead Pool 6
Turn 10 - P2 acts
  - P2 hand: Hover Shield
  + P2 board: Hover Shield
End of Turn 10: P1 board 4, P2 board 5, Dead Pool 6
Turn 11 - P1 acts
  - P1 hand: Voidling
  + P1 board: Voidling
  - P1 board: Blood Howler
  + P1 retired: Blood Howler
  + Dead Pool: Blood Howler, Blood Howler
End of Turn 11: P1 board 4, P2 board 5, Dead Pool 8
Turn 12 - P2 acts
  - P2 hand: Dormex Lurker
  + P2 board: Dormex Lurker
  - P2 board: Compliance Auditon
  + P2 retired: Compliance Auditon
  + Dead Pool: Compliance Auditon, Compliance Auditon
End of Turn 12: P1 board 4, P2 board 5, Dead Pool 10
Turn 13 - P1 acts
  - P1 hand: Mutt
  + P1 board: Mutt
  - P1 board: Restless Natives
  + P1 retired: Restless Natives
  + Dead Pool: Restless Natives, Restless Natives
End of Turn 13: P1 board 4, P2 board 5, Dead Pool 12
Turn 14 - P2 acts
  - P1 board: Voidling
  + P1 retired: Voidling
  - P2 hand: Compliance Auditon
  + P2 board: Compliance Auditon
  + Dead Pool: Voidling
End of Turn 14: P1 board 3, P2 board 6, Dead Pool 13
Turn 15 - P1 acts
  - P1 hand: Käsekobold
  + P1 board: Käsekobold
End of Turn 15: P1 board 4, P2 board 6, Dead Pool 13
Turn 16 - P2 acts
  - P2 hand: Target Marker Probe
  + P2 board: Target Marker Probe
End of Turn 16: P1 board 4, P2 board 7, Dead Pool 13
Turn 17 - P1 acts
  - P1 hand: Primordial Oozer
  + P1 board: Primordial Oozer
End of Turn 17: P1 board 5, P2 board 7, Dead Pool 13
Turn 18 - P2 acts
  - P1 board: Voidling
  + P1 retired: Voidling
  - P2 hand: MediFlux-1NDS
  + P2 board: MediFlux-1NDS
  - P2 board: Task Mistres
  + P2 retired: Task Mistres
  + Dead Pool: Voidling, Task Mistres, Task Mistres
End of Turn 18: P1 board 4, P2 board 7, Dead Pool 16
Turn 19 - P1 acts
  - P1 hand: Blood Howler
  + P1 board: Blood Howler
End of Turn 19: P1 board 5, P2 board 7, Dead Pool 16
Turn 20 - P2 acts
  - P1 board: Mutt
  + P1 retired: Mutt
  - P2 hand: MediFlux-1NDS
  + P2 board: MediFlux-1NDS
  + Dead Pool: Mutt
End of Turn 20: P1 board 4, P2 board 8, Dead Pool 17
Turn 21 - P1 acts
  - P1 hand: Restless Natives
  + P1 board: Restless Natives
End of Turn 21: P1 board 5, P2 board 8, Dead Pool 17
Turn 22 - P2 acts
  - P1 board: Käsekobold
  + P1 retired: Käsekobold
  - P2 hand: Task Mistres
  + P2 board: Task Mistres
  - P2 board: Shield Array Node
  + P2 retired: Shield Array Node
  + Dead Pool: Shield Array Node, Shield Array Node, Käsekobold
End of Turn 22: P1 board 4, P2 board 8, Dead Pool 20
Turn 23 - P1 acts
  - P1 hand: Nives
  + P1 board: Nives
  - P1 board: Primordial Oozer
  + P1 retired: Primordial Oozer
  + Dead Pool: Primordial Oozer, Primordial Oozer
End of Turn 23: P1 board 4, P2 board 8, Dead Pool 22
Turn 24 - P2 acts
  - P2 hand: Dormex Lurker
  + P2 board: Dormex Lurker
End of Turn 24: P1 board 4, P2 board 9, Dead Pool 22
Turn 25 - P1 acts
  - P1 hand: Annihilist Overseer
  + P1 board: Annihilist Overseer
  - P1 board: Blood Howler
  + P1 retired: Blood Howler
  - P2 board: Hover Shield
  + P2 retired: Hover Shield
  + Dead Pool: Blood Howler, Blood Howler, Hover Shield
End of Turn 25: P1 board 4, P2 board 8, Dead Pool 25
Turn 26 - P2 acts
  - P2 hand: K-9.0
  + P2 board: K-9.0
End of Turn 26: P1 board 4, P2 board 9, Dead Pool 25
Turn 27 - P1 acts
  - P1 hand: Meat Vegetable
  + P1 board: Meat Vegetable
  - P1 board: Annihilist Overseer
  + P1 retired: Annihilist Overseer
  + Dead Pool: Annihilist Overseer, Annihilist Overseer
End of Turn 27: P1 board 4, P2 board 9, Dead Pool 27
Turn 28 - P2 acts
  - P1 board: Restless Natives
  + P1 retired: Restless Natives
  - P2 hand: Nob Lobber
  + P2 board: Nob Lobber
  - P2 board: Dormex Lurker
  + P2 retired: Dormex Lurker
  + Dead Pool: Restless Natives, Annihilist Overseer, Dormex Lurker, Dormex Lurker
End of Turn 28: P1 board 3, P2 board 9, Dead Pool 31
Turn 29 - P1 acts
  - P1 hand: Mutt
  + P1 board: Mutt
  - P1 board: Nives
  + P1 retired: Nives
  + Dead Pool: Nives, Nives
End of Turn 29: P1 board 3, P2 board 9, Dead Pool 33
Turn 30 - P2 acts
  - P2 hand: Sentry Node
  + P2 board: Sentry Node
  - P2 board: Compliance Auditon
  + P2 retired: Compliance Auditon
  + Dead Pool: Compliance Auditon, Compliance Auditon
End of Turn 30: P1 board 3, P2 board 9, Dead Pool 35
Turn 31 - P1 acts
  - P1 hand: Vex
  + P1 board: Vex
  - P1 board: Meat Vegetable
  + P1 retired: Meat Vegetable
  + Dead Pool: Meat Vegetable, Meat Vegetable
End of Turn 31: P1 board 3, P2 board 9, Dead Pool 37
Turn 32 - P2 acts
  - P2 hand: Hover Shield
  + P2 board: Hover Shield
  - P2 board: Target Marker Probe
  + P2 retired: Target Marker Probe
  + Dead Pool: Target Marker Probe, Target Marker Probe
End of Turn 32: P1 board 3, P2 board 9, Dead Pool 39
Turn 33 - P1 acts
  - P1 hand: Local Singularity
  + P1 board: Local Singularity
End of Turn 33: P1 board 4, P2 board 9, Dead Pool 39
Turn 34 - P2 acts
  - P2 hand: Killjoy
  + P2 board: Killjoy
  - P2 board: MediFlux-1NDS
  + P2 retired: MediFlux-1NDS
  + Dead Pool: MediFlux-1NDS, MediFlux-1NDS
End of Turn 34: P1 board 4, P2 board 9, Dead Pool 41
Turn 35 - P1 acts
  - P1 hand: Technomancer
  + P1 board: Technomancer
  - P1 board: Mutt, Vex
  + P1 retired: Mutt, Vex
  + Dead Pool: Mutt, Mutt, Vex, Vex
End of Turn 35: P1 board 3, P2 board 9, Dead Pool 45
Turn 36 - P2 acts
  - P2 hand: Task Mistres
  + P2 board: Task Mistres
End of Turn 36: P1 board 3, P2 board 10, Dead Pool 45
Turn 37 - P1 acts
  - P1 hand: Mutt
  + P1 board: Mutt
  - P1 board: Local Singularity
  + P1 retired: Local Singularity
  + Dead Pool: Local Singularity, Local Singularity
End of Turn 37: P1 board 3, P2 board 10, Dead Pool 47
Turn 38 - P2 acts
  - P2 hand: Sausage Droid
  + P2 board: Sausage Droid
End of Turn 38: P1 board 3, P2 board 11, Dead Pool 47
Turn 39 - P1 acts
  - P1 hand: Käsekobold
  + P1 board: Käsekobold
End of Turn 39: P1 board 4, P2 board 11, Dead Pool 47
Turn 40 - P2 acts
  - P2 hand: Task Mistres
  + P2 board: Task Mistres
  - P2 board: MediFlux-1NDS
  + P2 retired: MediFlux-1NDS
  + Dead Pool: MediFlux-1NDS, MediFlux-1NDS
End of Turn 40: P1 board 4, P2 board 11, Dead Pool 49
Turn 41 - P1 acts
  - P1 hand: Nives
  + P1 board: Nives
  - P1 board: Technomancer
  + P1 retired: Technomancer
  + Dead Pool: Technomancer, Technomancer
End of Turn 41: P1 board 4, P2 board 11, Dead Pool 51
Turn 42 - P2 acts
  - P1 board: Mutt
  + P1 retired: Mutt
  - P2 hand: Shield Array Node
  + P2 board: Shield Array Node
  + Dead Pool: Mutt
End of Turn 42: P1 board 3, P2 board 12, Dead Pool 52
Turn 43 - P1 acts
  - P1 hand: Dragoon
  + P1 board: Dragoon
  - P1 board: Käsekobold
  + P1 retired: Käsekobold
  - P2 board: Task Mistres
  + P2 retired: Task Mistres
  + Dead Pool: Task Mistres, Käsekobold, Käsekobold
End of Turn 43: P1 board 3, P2 board 11, Dead Pool 55
Turn 44 - P2 acts
  - P1 board: Nives
  + P1 retired: Nives
  - P2 hand: Sausage Droid
  + P2 board: Sausage Droid
  + Dead Pool: Nives
End of Turn 44: P1 board 2, P2 board 12, Dead Pool 56
Turn 45 - P1 acts
  - P1 hand: Dragoon
  + P1 retired: Dragoon
  + Dead Pool: Dragoon, Dragoon
End of Turn 45: P1 board 2, P2 board 12, Dead Pool 58
Turn 46 - P2 acts
  - P2 hand: Compliance Auditon
  + P2 board: Compliance Auditon
End of Turn 46: P1 board 2, P2 board 13, Dead Pool 58
Turn 47 - P1 acts
  - P1 hand: Void Freak
  + P1 board: Void Freak
End of Turn 47: P1 board 3, P2 board 13, Dead Pool 58
Turn 48 - P2 acts
  - P2 hand: Impact Simulant
  + P2 board: Impact Simulant
End of Turn 48: P1 board 3, P2 board 14, Dead Pool 58
Turn 49 - P1 acts
  - P1 hand: Primordial Oozer
  + P1 board: Primordial Oozer
  - P2 board: Dormex Lurker
  + P2 retired: Dormex Lurker
  + Dead Pool: Dormex Lurker
End of Turn 49: P1 board 4, P2 board 13, Dead Pool 59
Turn 50 - P2 acts
  - P1 board: Dragoon
  + P1 retired: Dragoon
  - P2 hand: K-9.0
  + P2 board: K-9.0
  + Dead Pool: Dragoon
End of Turn 50: P1 board 3, P2 board 14, Dead Pool 60
Turn 51 - P1 acts
  - P1 hand: Void Freak
  + P1 board: Void Freak
  - P2 board: K-9.0
  + P2 retired: K-9.0
  + Dead Pool: K-9.0
End of Turn 51: P1 board 4, P2 board 13, Dead Pool 61
Turn 52 - P2 acts
  - P1 board: Void Freak
  + P1 retired: Void Freak
  - P2 hand: Bruut Enforcer
  + P2 board: Bruut Enforcer
  - P2 board: Nob Lobber
  + P2 retired: Nob Lobber
  + Dead Pool: Nob Lobber, Nob Lobber, Void Freak
End of Turn 52: P1 board 3, P2 board 13, Dead Pool 64
Turn 53 - P1 acts
  - P1 hand: Dragoon
  + P1 board: Dragoon
  - P1 board: Primordial Oozer
  + P1 retired: Primordial Oozer
  - P2 board: Sentry Node
  + P2 retired: Sentry Node
  + Dead Pool: Primordial Oozer, Primordial Oozer, Sentry Node
End of Turn 53: P1 board 3, P2 board 12, Dead Pool 67
Turn 54 - P2 acts
  - P1 board: Void Freak
  + P1 retired: Void Freak
  - P2 hand: MediFlux-1NDS
  + P2 board: MediFlux-1NDS
  + Dead Pool: Void Freak
End of Turn 54: P1 board 2, P2 board 13, Dead Pool 68
Turn 55 - P1 acts
  - P1 hand: Käsekobold
  + P1 board: Käsekobold
End of Turn 55: P1 board 3, P2 board 13, Dead Pool 68
Turn 56 - P2 acts
  - P1 board: Dragoon
  + P1 retired: Dragoon
  - P2 hand: Nob Lobber
  + P2 board: Nob Lobber
  - P2 board: Hover Shield
  + P2 retired: Hover Shield
  + Dead Pool: Hover Shield, Hover Shield, Dragoon
End of Turn 56: P1 board 2, P2 board 13, Dead Pool 71
Turn 57 - P1 acts
  - P1 hand: Psychodelic Toad
  + P1 board: Psychodelic Toad
End of Turn 57: P1 board 3, P2 board 13, Dead Pool 71
Turn 58 - P2 acts
  - P1 board: Käsekobold
  + P1 retired: Käsekobold
  - P2 hand: Marine Marauder
  + P2 board: Marine Marauder
  - P2 board: Killjoy
  + P2 retired: Killjoy
  + Dead Pool: Käsekobold, Killjoy, Killjoy
End of Turn 58: P1 board 2, P2 board 13, Dead Pool 74
Turn 59 - P1 acts
  - P1 hand: Technomancer
  + P1 board: Technomancer
  - P1 board: Psychodelic Toad
  + P1 retired: Psychodelic Toad
  + Dead Pool: Psychodelic Toad, Psychodelic Toad
End of Turn 59: P1 board 2, P2 board 13, Dead Pool 76
Turn 60 - P2 acts
  - P2 hand: K-9.0
  + P2 board: K-9.0
End of Turn 60: P1 board 2, P2 board 14, Dead Pool 76
Turn 61 - P1 acts
  - P1 hand: Void Freak
  + P1 board: Void Freak
End of Turn 61: P1 board 3, P2 board 14, Dead Pool 76
Turn 62 - P2 acts
  - P2 hand: Impact Simulant
  + P2 board: Impact Simulant
End of Turn 62: P1 board 3, P2 board 15, Dead Pool 76
Turn 63 - P1 acts
  - P1 hand: Krax
  + P1 board: Krax
  - P1 board: Technomancer, Void Freak
  + P1 retired: Technomancer, Void Freak
  - P2 board: Task Mistres
  + P2 retired: Task Mistres
  + Dead Pool: Task Mistres, Technomancer, Technomancer, Void Freak, Void Freak
End of Turn 63: P1 board 2, P2 board 14, Dead Pool 81
Turn 64 - P2 acts
  - P2 hand: Hover Shield
  + P2 board: Hover Shield
End of Turn 64: P1 board 2, P2 board 15, Dead Pool 81
Turn 65 - P1 acts
  - P1 hand: Annihilist Overseer
  + P1 board: Annihilist Overseer
  - P1 board: Krax
  + P1 retired: Krax
  + Dead Pool: Krax, Krax
End of Turn 65: P1 board 2, P2 board 15, Dead Pool 83
Turn 66 - P2 acts
  - P2 hand: Target Marker Probe
  + P2 board: Target Marker Probe
  - P2 board: Sausage Droid
  + P2 retired: Sausage Droid
  + Dead Pool: Sausage Droid, Sausage Droid
End of Turn 66: P1 board 2, P2 board 15, Dead Pool 85
Turn 67 - P1 acts
  - P1 hand: Krax
  + P1 board: Krax
  - P1 board: Grim, Annihilist Overseer
  + P1 retired: Annihilist Overseer, Grim
  + Dead Pool: Annihilist Overseer, Annihilist Overseer, Grim
Result: winner P2 | turns 66
Retired: P1 34, P2 19, Dead Pool 88

=== Game seed 11075 ===
Starting: P1 faction PCU vs P2 faction NARC
Turn 1 - P1 acts
  - P1 hand: Mutt
  + P1 board: Mutt
  - P1 board: Grim
  + P1 retired: Grim
  + Dead Pool: Grim, Grim
Result: winner P2 | turns 0
Retired: P1 1, P2 0, Dead Pool 2

=== Game seed 11076 ===
Starting: P1 faction PCU vs P2 faction NARC
Turn 1 - P2 acts
  - P2 hand: Impact Simulant
  + P2 board: Impact Simulant
End of Turn 1: P1 board 1, P2 board 2, Dead Pool 0
Turn 2 - P1 acts
  - P1 hand: Meat Vegetable
  + P1 board: Meat Vegetable
End of Turn 2: P1 board 2, P2 board 2, Dead Pool 0
Turn 3 - P2 acts
  - P2 hand: Sausage Droid
  + P2 board: Sausage Droid
End of Turn 3: P1 board 2, P2 board 3, Dead Pool 0
Turn 4 - P1 acts
  - P1 hand: Primordial Oozer
  + P1 board: Primordial Oozer
End of Turn 4: P1 board 3, P2 board 3, Dead Pool 0
Turn 5 - P2 acts
  - P2 hand: Detainment Probe
  + P2 board: Detainment Probe
End of Turn 5: P1 board 3, P2 board 4, Dead Pool 0
Turn 6 - P1 acts
  - P1 hand: Restless Natives
  + P1 board: Restless Natives
End of Turn 6: P1 board 4, P2 board 4, Dead Pool 0
Turn 7 - P2 acts
  - P2 hand: Compliance Auditon
  + P2 board: Compliance Auditon
End of Turn 7: P1 board 4, P2 board 5, Dead Pool 0
Turn 8 - P1 acts
  - P1 hand: Blood Howler
  + P1 board: Blood Howler
  - P1 board: Meat Vegetable
  + P1 retired: Meat Vegetable
  + Dead Pool: Meat Vegetable, Meat Vegetable
End of Turn 8: P1 board 4, P2 board 5, Dead Pool 2
Turn 9 - P2 acts
  - P2 hand: Detainment Probe
  + P2 board: Detainment Probe
End of Turn 9: P1 board 4, P2 board 6, Dead Pool 2
Turn 10 - P1 acts
  - P1 hand: Blood Howler
  + P1 board: Blood Howler
  - P1 board: Primordial Oozer
  + P1 retired: Primordial Oozer
  + Dead Pool: Primordial Oozer, Primordial Oozer
End of Turn 10: P1 board 4, P2 board 6, Dead Pool 4
Turn 11 - P2 acts
  - P2 hand: Dormex Lurker
  + P2 board: Dormex Lurker
  - P2 board: Impact Simulant
  + P2 retired: Impact Simulant
  + Dead Pool: Impact Simulant, Impact Simulant
End of Turn 11: P1 board 4, P2 board 6, Dead Pool 6
Turn 12 - P1 acts
  - P1 hand: Blood Howler
  + P1 board: Blood Howler
End of Turn 12: P1 board 5, P2 board 6, Dead Pool 6
Turn 13 - P2 acts
  - P1 board: Restless Natives
  + P1 retired: Restless Natives
  - P2 hand: Sausage Droid
  + P2 board: Sausage Droid
  + Dead Pool: Restless Natives
End of Turn 13: P1 board 4, P2 board 7, Dead Pool 7
Turn 14 - P1 acts
  - P1 hand: Voidling
  + P1 board: Voidling
End of Turn 14: P1 board 5, P2 board 7, Dead Pool 7
Turn 15 - P2 acts
  - P1 board: Blood Howler
  + P1 retired: Blood Howler
  - P2 hand: Task Mistres
  + P2 board: Task Mistres
  - P2 board: Sausage Droid
  + P2 retired: Sausage Droid
  + Dead Pool: Sausage Droid, Sausage Droid, Blood Howler
End of Turn 15: P1 board 4, P2 board 7, Dead Pool 10
Turn 16 - P1 acts
  - P1 hand: Primordial Oozer
  + P1 board: Primordial Oozer
End of Turn 16: P1 board 5, P2 board 7, Dead Pool 10
Turn 17 - P2 acts
  - P2 hand: Marine Marauder
  + P2 board: Marine Marauder
End of Turn 17: P1 board 5, P2 board 8, Dead Pool 10
Turn 18 - P1 acts
  - P1 hand: Vex
  + P1 board: Vex
  - P1 board: Blood Howler
  + P1 retired: Blood Howler
  - P2 board: Detainment Probe
  + P2 retired: Detainment Probe
  + Dead Pool: Blood Howler, Blood Howler, Detainment Probe
End of Turn 18: P1 board 5, P2 board 7, Dead Pool 13
Turn 19 - P2 acts
  - P2 hand: Dormex Lurker
  + P2 board: Dormex Lurker
End of Turn 19: P1 board 5, P2 board 8, Dead Pool 13
Turn 20 - P1 acts
  - P1 hand: Meat Vegetable
  + P1 board: Meat Vegetable
End of Turn 20: P1 board 6, P2 board 8, Dead Pool 13
Turn 21 - P2 acts
  - P2 hand: MediFlux-1NDS
  + P2 board: MediFlux-1NDS
End of Turn 21: P1 board 6, P2 board 9, Dead Pool 13
Turn 22 - P1 acts
  - P1 hand: Voidling
  + P1 board: Voidling
  - P1 board: Vex
  + P1 retired: Vex
  - P2 board: Compliance Auditon
  + P2 retired: Compliance Auditon
  + Dead Pool: Vex, Vex, Compliance Auditon
End of Turn 22: P1 board 6, P2 board 8, Dead Pool 16
Turn 23 - P2 acts
  - P1 board: Blood Howler
  + P1 retired: Blood Howler
  - P2 hand: Sausage Droid
  + P2 board: Sausage Droid
  + Dead Pool: Blood Howler
End of Turn 23: P1 board 5, P2 board 9, Dead Pool 17
Turn 24 - P1 acts
  - P1 hand: Void Freak
  + P1 board: Void Freak
End of Turn 24: P1 board 6, P2 board 9, Dead Pool 17
Turn 25 - P2 acts
  - P2 hand: Dormex Lurker
  + P2 board: Dormex Lurker
End of Turn 25: P1 board 6, P2 board 10, Dead Pool 17
Turn 26 - P1 acts
  - P1 hand: Local Singularity
  + P1 board: Local Singularity
  - P2 board: Detainment Probe
  + P2 retired: Detainment Probe
  + Dead Pool: Detainment Probe
End of Turn 26: P1 board 7, P2 board 9, Dead Pool 18
Turn 27 - P2 acts
  - P1 board: Voidling
  + P1 retired: Voidling
  - P2 hand: K-9.0
  + P2 board: K-9.0
  + Dead Pool: Voidling
End of Turn 27: P1 board 6, P2 board 10, Dead Pool 19
Turn 28 - P1 acts
  - P1 hand: Primordial Oozer
  + P1 board: Primordial Oozer
  - P2 board: Dormex Lurker
  + P2 retired: Dormex Lurker
  + Dead Pool: Dormex Lurker
End of Turn 28: P1 board 7, P2 board 9, Dead Pool 20
Turn 29 - P2 acts
  - P2 hand: Compliance Auditon
  + P2 board: Compliance Auditon
End of Turn 29: P1 board 7, P2 board 10, Dead Pool 20
Turn 30 - P1 acts
  - P1 hand: Meat Vegetable
  + P1 board: Meat Vegetable
  - P1 board: Void Freak
  + P1 retired: Void Freak
  - P2 board: Sausage Droid
  + P2 retired: Sausage Droid
  + Dead Pool: Sausage Droid, Void Freak, Void Freak
End of Turn 30: P1 board 7, P2 board 9, Dead Pool 23
Turn 31 - P2 acts
  - P2 hand: Target Marker Probe
  + P2 board: Target Marker Probe
End of Turn 31: P1 board 7, P2 board 10, Dead Pool 23
Turn 32 - P1 acts
  - P1 hand: Annihilist Overseer
  + P1 board: Annihilist Overseer
  - P1 board: Primordial Oozer
  + P1 retired: Primordial Oozer
  + Dead Pool: Primordial Oozer, Primordial Oozer
End of Turn 32: P1 board 7, P2 board 10, Dead Pool 25
Turn 33 - P2 acts
  - P2 hand: Hover Shield
  + P2 board: Hover Shield
End of Turn 33: P1 board 7, P2 board 11, Dead Pool 25
Turn 34 - P1 acts
  - P1 hand: Mutt
  + P1 board: Mutt
  - P1 board: Meat Vegetable, Annihilist Overseer
  + P1 retired: Meat Vegetable, Annihilist Overseer
  + Dead Pool: Meat Vegetable, Meat Vegetable, Annihilist Overseer, Annihilist Overseer
End of Turn 34: P1 board 6, P2 board 11, Dead Pool 29
Turn 35 - P2 acts
  - P2 hand: Killjoy
  + P2 board: Killjoy
  - P2 board: Task Mistres
  + P2 retired: Task Mistres
  + Dead Pool: Task Mistres, Task Mistres
End of Turn 35: P1 board 6, P2 board 11, Dead Pool 31
Turn 36 - P1 acts
  - P1 hand: Mutt
  + P1 board: Mutt
  - P1 board: Voidling
  + P1 retired: Voidling
  + Dead Pool: Voidling, Voidling
End of Turn 36: P1 board 6, P2 board 11, Dead Pool 33
Turn 37 - P2 acts
  - P1 board: Primordial Oozer
  + P1 retired: Primordial Oozer
  - P2 hand: Task Mistres
  + P2 board: Task Mistres
  - P2 board: Marine Marauder
  + P2 retired: Marine Marauder
  + Dead Pool: Primordial Oozer, Marine Marauder, Marine Marauder
End of Turn 37: P1 board 5, P2 board 11, Dead Pool 36
Turn 38 - P1 acts
  - P1 hand: Käsekobold
  + P1 board: Käsekobold
End of Turn 38: P1 board 6, P2 board 11, Dead Pool 36
Turn 39 - P2 acts
  - P2 hand: MediFlux-1NDS
  + P2 board: MediFlux-1NDS
End of Turn 39: P1 board 6, P2 board 12, Dead Pool 36
Turn 40 - P1 acts
  - P1 hand: Vex
  + P1 board: Vex
  - P1 board: Local Singularity
  + P1 retired: Local Singularity
  + Dead Pool: Local Singularity, Local Singularity
End of Turn 40: P1 board 6, P2 board 12, Dead Pool 38
Turn 41 - P2 acts
  - P1 board: Meat Vegetable
  + P1 retired: Meat Vegetable
  - P2 hand: MediFlux-1NDS
  + P2 board: MediFlux-1NDS
  - P2 board: Dormex Lurker
  + P2 retired: Dormex Lurker
  + Dead Pool: Meat Vegetable, Dormex Lurker, Dormex Lurker
End of Turn 41: P1 board 5, P2 board 12, Dead Pool 41
Turn 42 - P1 acts
  - P1 hand: Mutt
  + P1 retired: Mutt
  + Dead Pool: Mutt, Mutt
End of Turn 42: P1 board 5, P2 board 12, Dead Pool 43
Turn 43 - P2 acts
  - P2 hand: MediFlux-1NDS
  + P2 board: MediFlux-1NDS
End of Turn 43: P1 board 5, P2 board 13, Dead Pool 43
Turn 44 - P1 acts
  - P1 hand: Void Freak
  + P1 board: Void Freak
  - P1 board: Vex
  + P1 retired: Vex
  + Dead Pool: Vex, Vex
End of Turn 44: P1 board 5, P2 board 13, Dead Pool 45
Turn 45 - P2 acts
  - P2 hand: Bruut Enforcer
  + P2 board: Bruut Enforcer
  - P2 board: MediFlux-1NDS
  + P2 retired: MediFlux-1NDS
  + Dead Pool: MediFlux-1NDS, MediFlux-1NDS
End of Turn 45: P1 board 5, P2 board 13, Dead Pool 47
Turn 46 - P1 acts
  - P1 hand: Local Singularity
  + P1 board: Local Singularity
  - P1 board: Mutt
  + P1 retired: Mutt
  - P2 board: Sausage Droid
  + P2 retired: Sausage Droid
  + Dead Pool: Sausage Droid, Mutt, Mutt
End of Turn 46: P1 board 5, P2 board 12, Dead Pool 50
Turn 47 - P2 acts
  - P2 hand: Shield Array Node
  + P2 board: Shield Array Node
End of Turn 47: P1 board 5, P2 board 13, Dead Pool 50
Turn 48 - P1 acts
  - P1 hand: Technomancer
  + P1 board: Technomancer
  - P1 board: Käsekobold
  + P1 retired: Käsekobold
  - P2 board: Dormex Lurker
  + P2 retired: Dormex Lurker
  + Dead Pool: Dormex Lurker, Käsekobold, Käsekobold
End of Turn 48: P1 board 5, P2 board 12, Dead Pool 53
Turn 49 - P2 acts
  - P1 board: Void Freak
  + P1 retired: Void Freak
  - P2 hand: Sentry Node
  + P2 board: Sentry Node
  - P2 board: K-9.0
  + P2 retired: K-9.0
  + Dead Pool: Void Freak, K-9.0, K-9.0
End of Turn 49: P1 board 4, P2 board 12, Dead Pool 56
Turn 50 - P1 acts
  - P1 hand: Restless Natives
  + P1 board: Restless Natives
End of Turn 50: P1 board 5, P2 board 12, Dead Pool 56
Turn 51 - P2 acts
  - P1 board: Mutt
  + P1 retired: Mutt
  - P2 hand: Sentry Node
  + P2 board: Sentry Node
  - P2 board: Compliance Auditon
  + P2 retired: Compliance Auditon
  + Dead Pool: Compliance Auditon, Compliance Auditon, Mutt
End of Turn 51: P1 board 4, P2 board 12, Dead Pool 59
Turn 52 - P1 acts
  - P1 hand: Psychodelic Toad
  + P1 board: Psychodelic Toad
End of Turn 52: P1 board 5, P2 board 12, Dead Pool 59
Turn 53 - P2 acts
  - P1 board: Local Singularity
  + P1 retired: Local Singularity
  - P2 hand: Marine Marauder
  + P2 board: Marine Marauder
  - P2 board: Sentry Node
  + P2 retired: Sentry Node
  + Dead Pool: Local Singularity, Sentry Node, Sentry Node
End of Turn 53: P1 board 4, P2 board 12, Dead Pool 62
Turn 54 - P1 acts
  - P1 hand: Psychodelic Toad
  + P1 board: Psychodelic Toad
End of Turn 54: P1 board 5, P2 board 12, Dead Pool 62
Turn 55 - P2 acts
  - P1 board: Technomancer
  + P1 retired: Technomancer
  - P2 hand: K-9.0
  + P2 board: K-9.0
  - P2 board: Target Marker Probe
  + P2 retired: Target Marker Probe
  + Dead Pool: Target Marker Probe, Target Marker Probe, Technomancer
End of Turn 55: P1 board 4, P2 board 12, Dead Pool 65
Turn 56 - P1 acts
  - P1 hand: Krax
  + P1 board: Krax
  - P1 board: Restless Natives, Psychodelic Toad
  + P1 retired: Restless Natives, Psychodelic Toad
  + Dead Pool: Restless Natives, Restless Natives, Psychodelic Toad, Psychodelic Toad
End of Turn 56: P1 board 3, P2 board 12, Dead Pool 69
Turn 57 - P2 acts
  - P1 board: Grim
  + P1 retired: Grim
  - P2 hand: Sausage Droid
  + P2 board: Sausage Droid
  + Dead Pool: Grim
Result: winner P2 | turns 56
Retired: P1 27, P2 17, Dead Pool 70

=== Game seed 11077 ===
Starting: P1 faction PCU vs P2 faction NARC
Turn 1 - P1 acts
  - P1 hand: Meat Vegetable
  + P1 board: Meat Vegetable
End of Turn 1: P1 board 2, P2 board 1, Dead Pool 0
Turn 2 - P2 acts
  - P2 hand: Impact Simulant
  + P2 board: Impact Simulant
End of Turn 2: P1 board 2, P2 board 2, Dead Pool 0
Turn 3 - P1 acts
  - P1 hand: Meat Vegetable
  + P1 board: Meat Vegetable
End of Turn 3: P1 board 3, P2 board 2, Dead Pool 0
Turn 4 - P2 acts
  - P2 hand: Impact Simulant
  + P2 board: Impact Simulant
End of Turn 4: P1 board 3, P2 board 3, Dead Pool 0
Turn 5 - P1 acts
  - P1 hand: Primordial Oozer
  + P1 board: Primordial Oozer
End of Turn 5: P1 board 4, P2 board 3, Dead Pool 0
Turn 6 - P2 acts
  - P2 hand: Compliance Auditon
  + P2 board: Compliance Auditon
End of Turn 6: P1 board 4, P2 board 4, Dead Pool 0
Turn 7 - P1 acts
  - P1 hand: Psychodelic Toad
  + P1 board: Psychodelic Toad
End of Turn 7: P1 board 5, P2 board 4, Dead Pool 0
Turn 8 - P2 acts
  - P2 hand: Detainment Probe
  + P2 board: Detainment Probe
End of Turn 8: P1 board 5, P2 board 5, Dead Pool 0
Turn 9 - P1 acts
  - P1 hand: Meat Vegetable
  + P1 board: Meat Vegetable
End of Turn 9: P1 board 6, P2 board 5, Dead Pool 0
Turn 10 - P2 acts
  - P2 hand: Shield Array Node
  + P2 board: Shield Array Node
End of Turn 10: P1 board 6, P2 board 6, Dead Pool 0
Turn 11 - P1 acts
  - P1 hand: Annihilist Overseer
  + P1 board: Annihilist Overseer
  - P1 board: Meat Vegetable
  + P1 retired: Meat Vegetable
  + Dead Pool: Meat Vegetable, Meat Vegetable
End of Turn 11: P1 board 6, P2 board 6, Dead Pool 2
Turn 12 - P2 acts
  - P2 hand: Hover Shield
  + P2 board: Hover Shield
  - P2 board: Impact Simulant
  + P2 retired: Impact Simulant
  + Dead Pool: Impact Simulant, Impact Simulant
End of Turn 12: P1 board 6, P2 board 6, Dead Pool 4
Turn 13 - P1 acts
  - P1 hand: Mutt
  + P1 board: Mutt
  - P1 board: Meat Vegetable, Annihilist Overseer
  + P1 retired: Meat Vegetable, Annihilist Overseer
  + Dead Pool: Meat Vegetable, Meat Vegetable, Annihilist Overseer, Annihilist Overseer
End of Turn 13: P1 board 5, P2 board 6, Dead Pool 8
Turn 14 - P2 acts
  - P2 hand: Task Mistres
  + P2 board: Task Mistres
End of Turn 14: P1 board 5, P2 board 7, Dead Pool 8
Turn 15 - P1 acts
  - P1 hand: Void Freak
  + P1 board: Void Freak
End of Turn 15: P1 board 6, P2 board 7, Dead Pool 8
Turn 16 - P2 acts
  - P2 hand: MediFlux-1NDS
  + P2 board: MediFlux-1NDS
  - P2 board: Impact Simulant
  + P2 retired: Impact Simulant
  + Dead Pool: Impact Simulant, Impact Simulant
End of Turn 16: P1 board 6, P2 board 7, Dead Pool 10
Turn 17 - P1 acts
  - P1 hand: Technomancer
  + P1 board: Technomancer
  - P1 board: Primordial Oozer
  + P1 retired: Primordial Oozer
  - P2 board: Compliance Auditon
  + P2 retired: Compliance Auditon
  + Dead Pool: Primordial Oozer, Primordial Oozer, Compliance Auditon
End of Turn 17: P1 board 6, P2 board 6, Dead Pool 13
Turn 18 - P2 acts
  - P2 hand: Nob Lobber
  + P2 board: Nob Lobber
  - P2 board: Detainment Probe
  + P2 retired: Detainment Probe
  + Dead Pool: Detainment Probe, Detainment Probe
End of Turn 18: P1 board 6, P2 board 6, Dead Pool 15
Turn 19 - P1 acts
  - P1 hand: Psychodelic Toad
  + P1 board: Psychodelic Toad
End of Turn 19: P1 board 7, P2 board 6, Dead Pool 15
Turn 20 - P2 acts
  - P1 board: Psychodelic Toad
  + P1 retired: Psychodelic Toad
  - P2 hand: Bruut Enforcer
  + P2 board: Bruut Enforcer
  - P2 board: Shield Array Node
  + P2 retired: Shield Array Node
  + Dead Pool: Shield Array Node, Shield Array Node, Psychodelic Toad
End of Turn 20: P1 board 6, P2 board 6, Dead Pool 18
Turn 21 - P1 acts
  - P1 hand: Vex
  + P1 board: Vex
  - P1 board: Meat Vegetable
  + P1 retired: Meat Vegetable
  - P2 board: Lokar Simmons
  + P2 retired: Lokar Simmons
  + Dead Pool: Meat Vegetable, Meat Vegetable, Lokar Simmons
Result: winner P1 | turns 20
Retired: P1 6, P2 6, Dead Pool 21

=== Game seed 11078 ===
Starting: P1 faction PCU vs P2 faction NARC
Turn 1 - P2 acts
  - P2 hand: Target Marker Probe
  + P2 board: Target Marker Probe
End of Turn 1: P1 board 1, P2 board 2, Dead Pool 0
Turn 2 - P1 acts
  - P1 hand: Meat Vegetable
  + P1 board: Meat Vegetable
End of Turn 2: P1 board 2, P2 board 2, Dead Pool 0
Turn 3 - P2 acts
  - P2 hand: Sausage Droid
  + P2 board: Sausage Droid
End of Turn 3: P1 board 2, P2 board 3, Dead Pool 0
Turn 4 - P1 acts
  - P1 hand: Primordial Oozer
  + P1 board: Primordial Oozer
End of Turn 4: P1 board 3, P2 board 3, Dead Pool 0
Turn 5 - P2 acts
  - P2 hand: Impact Simulant
  + P2 board: Impact Simulant
End of Turn 5: P1 board 3, P2 board 4, Dead Pool 0
Turn 6 - P1 acts
  - P1 hand: Restless Natives
  + P1 board: Restless Natives
End of Turn 6: P1 board 4, P2 board 4, Dead Pool 0
Turn 7 - P2 acts
  - P1 board: Meat Vegetable
  + P1 retired: Meat Vegetable
  - P2 hand: Target Marker Probe
  + P2 board: Target Marker Probe
  + Dead Pool: Meat Vegetable
End of Turn 7: P1 board 3, P2 board 5, Dead Pool 1
Turn 8 - P1 acts
  - P1 hand: Restless Natives
  + P1 board: Restless Natives
  - P1 board: Primordial Oozer
  + P1 retired: Primordial Oozer
  + Dead Pool: Primordial Oozer, Primordial Oozer
End of Turn 8: P1 board 3, P2 board 5, Dead Pool 3
Turn 9 - P2 acts
  - P2 hand: Dormex Lurker
  + P2 board: Dormex Lurker
End of Turn 9: P1 board 3, P2 board 6, Dead Pool 3
Turn 10 - P1 acts
  - P1 hand: Void Freak
  + P1 board: Void Freak
  - P2 board: Sausage Droid
  + P2 retired: Sausage Droid
  + Dead Pool: Sausage Droid
End of Turn 10: P1 board 4, P2 board 5, Dead Pool 4
Turn 11 - P2 acts
  - P2 hand: Detainment Probe
  + P2 board: Detainment Probe
End of Turn 11: P1 board 4, P2 board 6, Dead Pool 4
Turn 12 - P1 acts
  - P1 hand: Void Freak
  + P1 board: Void Freak
  - P1 board: Restless Natives
  + P1 retired: Restless Natives
  - P2 board: Target Marker Probe
  + P2 retired: Target Marker Probe
  + Dead Pool: Restless Natives, Restless Natives, Target Marker Probe
End of Turn 12: P1 board 4, P2 board 5, Dead Pool 7
Turn 13 - P2 acts
  - P2 hand: Task Mistres
  + P2 board: Task Mistres
End of Turn 13: P1 board 4, P2 board 6, Dead Pool 7
Turn 14 - P1 acts
  - P1 hand: Käsekobold
  + P1 board: Käsekobold
  - P2 board: Impact Simulant
  + P2 retired: Impact Simulant
  + Dead Pool: Impact Simulant
End of Turn 14: P1 board 5, P2 board 5, Dead Pool 8
Turn 15 - P2 acts
  - P1 board: Void Freak
  + P1 retired: Void Freak
  - P2 hand: Dormex Lurker
  + P2 board: Dormex Lurker
  + Dead Pool: Void Freak
End of Turn 15: P1 board 4, P2 board 6, Dead Pool 9
Turn 16 - P1 acts
  - P1 hand: Meat Vegetable
  + P1 board: Meat Vegetable
  - P2 board: Target Marker Probe
  + P2 retired: Target Marker Probe
  + Dead Pool: Target Marker Probe
End of Turn 16: P1 board 5, P2 board 5, Dead Pool 10
Turn 17 - P2 acts
  - P2 hand: MediFlux-1NDS
  + P2 board: MediFlux-1NDS
End of Turn 17: P1 board 5, P2 board 6, Dead Pool 10
Turn 18 - P1 acts
  - P1 hand: Primordial Oozer
  + P1 board: Primordial Oozer
  - P1 board: Restless Natives
  + P1 retired: Restless Natives
  - P2 board: Dormex Lurker
  + P2 retired: Dormex Lurker
  + Dead Pool: Restless Natives, Restless Natives, Dormex Lurker
End of Turn 18: P1 board 5, P2 board 5, Dead Pool 13
Turn 19 - P2 acts
  - P2 hand: Task Mistres
  + P2 board: Task Mistres
End of Turn 19: P1 board 5, P2 board 6, Dead Pool 13
Turn 20 - P1 acts
  - P1 hand: Käsekobold
  + P1 board: Käsekobold
  - P1 board: Void Freak
  + P1 retired: Void Freak
  + Dead Pool: Void Freak, Void Freak
End of Turn 20: P1 board 5, P2 board 6, Dead Pool 15
Turn 21 - P2 acts
  - P2 hand: Sausage Droid
  + P2 board: Sausage Droid
End of Turn 21: P1 board 5, P2 board 7, Dead Pool 15
Turn 22 - P1 acts
  - P1 hand: Käsekobold
  + P1 retired: Käsekobold
  - P2 board: Detainment Probe
  + P2 retired: Detainment Probe
  + Dead Pool: Käsekobold, Käsekobold, Detainment Probe
End of Turn 22: P1 board 5, P2 board 6, Dead Pool 18
Turn 23 - P2 acts
  - P2 hand: MediFlux-1NDS
  + P2 board: MediFlux-1NDS
End of Turn 23: P1 board 5, P2 board 7, Dead Pool 18
Turn 24 - P1 acts
  - P1 hand: Meat Vegetable
  + P1 board: Meat Vegetable
End of Turn 24: P1 board 6, P2 board 7, Dead Pool 18
Turn 25 - P2 acts
  - P2 hand: Compliance Auditon
  + P2 board: Compliance Auditon
End of Turn 25: P1 board 6, P2 board 8, Dead Pool 18
Turn 26 - P1 acts
  - P1 hand: Restless Natives
  + P1 board: Restless Natives
  - P2 board: Task Mistres
  + P2 retired: Task Mistres
  + Dead Pool: Task Mistres
End of Turn 26: P1 board 7, P2 board 7, Dead Pool 19
Turn 27 - P2 acts
  - P1 board: Primordial Oozer
  + P1 retired: Primordial Oozer
  - P2 hand: Marine Marauder
  + P2 board: Marine Marauder
  + Dead Pool: Primordial Oozer
End of Turn 27: P1 board 6, P2 board 8, Dead Pool 20
Turn 28 - P1 acts
  - P1 hand: Nives
  + P1 board: Nives
  - P1 board: Meat Vegetable
  + P1 retired: Meat Vegetable
  - P2 board: Dormex Lurker
  + P2 retired: Dormex Lurker
  + Dead Pool: Meat Vegetable, Meat Vegetable, Dormex Lurker
End of Turn 28: P1 board 6, P2 board 7, Dead Pool 23
Turn 29 - P2 acts
  - P2 hand: Marine Marauder
  + P2 board: Marine Marauder
End of Turn 29: P1 board 6, P2 board 8, Dead Pool 23
Turn 30 - P1 acts
  - P1 hand: Nives
  + P1 board: Nives
  - P1 board: Käsekobold
  + P1 retired: Käsekobold
  - P2 board: MediFlux-1NDS
  + P2 retired: MediFlux-1NDS
  + Dead Pool: Käsekobold, Käsekobold, MediFlux-1NDS
End of Turn 30: P1 board 6, P2 board 7, Dead Pool 26
Turn 31 - P2 acts
  - P2 hand: Shield Array Node
  + P2 board: Shield Array Node
End of Turn 31: P1 board 6, P2 board 8, Dead Pool 26
Turn 32 - P1 acts
  - P1 hand: Vex
  + P1 board: Vex
  - P1 board: Käsekobold
  + P1 retired: Käsekobold
  - P2 board: Task Mistres
  + P2 retired: Task Mistres
  + Dead Pool: Käsekobold, Käsekobold, Task Mistres
End of Turn 32: P1 board 6, P2 board 7, Dead Pool 29
Turn 33 - P2 acts
  - P2 hand: Nob Lobber
  + P2 board: Nob Lobber
  - P2 board: Sausage Droid
  + P2 retired: Sausage Droid
  + Dead Pool: Sausage Droid, Sausage Droid
End of Turn 33: P1 board 6, P2 board 7, Dead Pool 31
Turn 34 - P1 acts
  - P1 hand: Annihilist Overseer
  + P1 board: Annihilist Overseer
  - P1 board: Meat Vegetable
  + P1 retired: Meat Vegetable
  + Dead Pool: Meat Vegetable, Meat Vegetable
End of Turn 34: P1 board 6, P2 board 7, Dead Pool 33
Turn 35 - P2 acts
  - P2 hand: Killjoy
  + P2 board: Killjoy
  - P2 board: MediFlux-1NDS
  + P2 retired: MediFlux-1NDS
  + Dead Pool: MediFlux-1NDS, MediFlux-1NDS
End of Turn 35: P1 board 6, P2 board 7, Dead Pool 35
Turn 36 - P1 acts
  - P1 hand: Nives
  + P1 board: Nives
  - P1 board: Restless Natives, Annihilist Overseer
  + P1 retired: Restless Natives, Annihilist Overseer
  + Dead Pool: Restless Natives, Restless Natives, Annihilist Overseer, Annihilist Overseer
End of Turn 36: P1 board 5, P2 board 7, Dead Pool 39
Turn 37 - P2 acts
  - P1 board: Nives
  + P1 retired: Nives
  - P2 hand: Shield Array Node
  + P2 board: Shield Array Node
  + Dead Pool: Nives
End of Turn 37: P1 board 4, P2 board 8, Dead Pool 40
Turn 38 - P1 acts
  - P1 hand: Voidling
  + P1 board: Voidling
  - P1 board: Nives
  + P1 retired: Nives
  - P2 board: Marine Marauder
  + P2 retired: Marine Marauder
  + Dead Pool: Nives, Nives, Marine Marauder
End of Turn 38: P1 board 4, P2 board 7, Dead Pool 43
Turn 39 - P2 acts
  - P2 hand: Sentry Node
  + P2 board: Sentry Node
  - P2 board: Compliance Auditon
  + P2 retired: Compliance Auditon
  + Dead Pool: Compliance Auditon, Compliance Auditon
End of Turn 39: P1 board 4, P2 board 7, Dead Pool 45
Turn 40 - P1 acts
  - P1 hand: Technomancer
  + P1 board: Technomancer
  - P1 board: Vex
  + P1 retired: Vex
  - P2 board: Marine Marauder
  + P2 retired: Marine Marauder
  + Dead Pool: Marine Marauder, Vex, Vex
End of Turn 40: P1 board 4, P2 board 6, Dead Pool 48
Turn 41 - P2 acts
  - P2 hand: Marine Marauder
  + P2 board: Marine Marauder
End of Turn 41: P1 board 4, P2 board 7, Dead Pool 48
Turn 42 - P1 acts
  - P1 hand: Local Singularity
  + P1 board: Local Singularity
  - P1 board: Nives
  + P1 retired: Nives
  + Dead Pool: Nives, Nives
End of Turn 42: P1 board 4, P2 board 7, Dead Pool 50
Turn 43 - P2 acts
  - P2 hand: Task Mistres
  + P2 board: Task Mistres
  - P2 board: Shield Array Node
  + P2 retired: Shield Array Node
  + Dead Pool: Shield Array Node, Shield Array Node
End of Turn 43: P1 board 4, P2 board 7, Dead Pool 52
Turn 44 - P1 acts
  - P1 hand: Vex
  + P1 board: Vex
  - P1 board: Voidling
  + P1 retired: Voidling
  + Dead Pool: Voidling, Voidling
End of Turn 44: P1 board 4, P2 board 7, Dead Pool 54
Turn 45 - P2 acts
  - P2 hand: Impact Simulant
  + P2 board: Impact Simulant
  - P2 board: Sentry Node
  + P2 retired: Sentry Node
  + Dead Pool: Sentry Node, Sentry Node
End of Turn 45: P1 board 4, P2 board 7, Dead Pool 56
Turn 46 - P1 acts
  - P1 hand: Mutt
  + P1 board: Mutt
  - P1 board: Technomancer
  + P1 retired: Technomancer
  + Dead Pool: Technomancer, Technomancer
End of Turn 46: P1 board 4, P2 board 7, Dead Pool 58
Turn 47 - P2 acts
  - P2 hand: K-9.0
  + P2 board: K-9.0
  - P2 board: Nob Lobber
  + P2 retired: Nob Lobber
  + Dead Pool: Nob Lobber, Nob Lobber
End of Turn 47: P1 board 4, P2 board 7, Dead Pool 60
Turn 48 - P1 acts
  - P1 hand: Krax
  + P1 board: Krax
  - P1 board: Local Singularity, Vex
  + P1 retired: Vex, Local Singularity
  + Dead Pool: Vex, Vex, Local Singularity, Local Singularity
End of Turn 48: P1 board 3, P2 board 7, Dead Pool 64
Turn 49 - P2 acts
  - P2 hand: Detainment Probe
  + P2 board: Detainment Probe
End of Turn 49: P1 board 3, P2 board 8, Dead Pool 64
Turn 50 - P1 acts
  - P1 hand: Blood Howler
  + P1 board: Blood Howler
  - P2 board: Killjoy
  + P2 retired: Killjoy
  + Dead Pool: Killjoy
End of Turn 50: P1 board 4, P2 board 7, Dead Pool 65
Turn 51 - P2 acts
  - P2 hand: Compliance Auditon
  + P2 board: Compliance Auditon
End of Turn 51: P1 board 4, P2 board 8, Dead Pool 65
Turn 52 - P1 acts
  - P1 hand: Blood Howler
  + P1 board: Blood Howler
End of Turn 52: P1 board 5, P2 board 8, Dead Pool 65
Turn 53 - P2 acts
  - P2 hand: Sentry Node
  + P2 board: Sentry Node
  - P2 board: Shield Array Node
  + P2 retired: Shield Array Node
  + Dead Pool: Shield Array Node, Shield Array Node
End of Turn 53: P1 board 5, P2 board 8, Dead Pool 67
Turn 54 - P1 acts
  - P1 hand: Dragoon
  + P1 board: Dragoon
  - P1 board: Mutt, Krax
  + P1 retired: Mutt, Krax
  + Dead Pool: Mutt, Mutt, Krax, Krax
End of Turn 54: P1 board 4, P2 board 8, Dead Pool 71
Turn 55 - P2 acts
  - P2 hand: MediFlux-1NDS
  + P2 board: MediFlux-1NDS
  - P2 board: Marine Marauder
  + P2 retired: Marine Marauder
  + Dead Pool: Marine Marauder, Marine Marauder
End of Turn 55: P1 board 4, P2 board 8, Dead Pool 73
Turn 56 - P1 acts
  - P1 hand: Voidling
  + P1 board: Voidling
End of Turn 56: P1 board 5, P2 board 8, Dead Pool 73
Turn 57 - P2 acts
  - P1 board: Blood Howler
  + P1 retired: Blood Howler
  - P2 hand: Sausage Droid
  + P2 board: Sausage Droid
  - P2 board: Sentry Node
  + P2 retired: Sentry Node
  + Dead Pool: Sentry Node, Sentry Node, Blood Howler
End of Turn 57: P1 board 4, P2 board 8, Dead Pool 76
Turn 58 - P1 acts
  - P1 hand: Voidling
  + P1 board: Voidling
End of Turn 58: P1 board 5, P2 board 8, Dead Pool 76
Turn 59 - P2 acts
  - P2 hand: Hover Shield
  + P2 board: Hover Shield
End of Turn 59: P1 board 5, P2 board 9, Dead Pool 76
Turn 60 - P1 acts
  - P1 hand: Technomancer
  + P1 board: Technomancer
  - P1 board: Blood Howler
  + P1 retired: Blood Howler
  - P2 board: Task Mistres
  + P2 retired: Task Mistres
  + Dead Pool: Task Mistres, Blood Howler, Blood Howler
End of Turn 60: P1 board 5, P2 board 8, Dead Pool 79
Turn 61 - P2 acts
  - P2 hand: K-9.0
  + P2 board: K-9.0
End of Turn 61: P1 board 5, P2 board 9, Dead Pool 79
Turn 62 - P1 acts
  - P1 hand: Psychodelic Toad
  + P1 board: Psychodelic Toad
  - P1 board: Dragoon
  + P1 retired: Dragoon
  + Dead Pool: Dragoon, Dragoon
End of Turn 62: P1 board 5, P2 board 9, Dead Pool 81
Turn 63 - P2 acts
  - P2 hand: Impact Simulant
  + P2 board: Impact Simulant
End of Turn 63: P1 board 5, P2 board 10, Dead Pool 81
Turn 64 - P1 acts
  - P1 hand: Krax
  + P1 board: Krax
  - P1 board: Voidling
  + P1 retired: Voidling
  + Dead Pool: Voidling, Voidling
End of Turn 64: P1 board 5, P2 board 10, Dead Pool 83
Turn 65 - P2 acts
  - P2 hand: Dormex Lurker
  + P2 board: Dormex Lurker
  - P2 board: Impact Simulant
  + P2 retired: Impact Simulant
  + Dead Pool: Impact Simulant, Impact Simulant
End of Turn 65: P1 board 5, P2 board 10, Dead Pool 85
Turn 66 - P1 acts
  - P1 hand: Dragoon
  + P1 board: Dragoon
  - P1 board: Voidling
  + P1 retired: Voidling
  + Dead Pool: Voidling, Voidling
End of Turn 66: P1 board 5, P2 board 10, Dead Pool 87
Turn 67 - P2 acts
  - P1 board: Technomancer
  + P1 retired: Technomancer
  - P2 hand: Impact Simulant
  + P2 board: Impact Simulant
  + Dead Pool: Technomancer
End of Turn 67: P1 board 4, P2 board 11, Dead Pool 88
Turn 68 - P1 acts
  - P1 hand: Voidling
  + P1 board: Voidling
  - P2 board: K-9.0
  + P2 retired: K-9.0
  + Dead Pool: K-9.0
End of Turn 68: P1 board 5, P2 board 10, Dead Pool 89
Turn 69 - P2 acts
  - P1 board: Psychodelic Toad
  + P1 retired: Psychodelic Toad
  - P2 hand: Hover Shield
  + P2 board: Hover Shield
  + Dead Pool: Psychodelic Toad
End of Turn 69: P1 board 4, P2 board 11, Dead Pool 90
Turn 70 - P1 acts
  - P1 hand: Void Freak
  + P1 board: Void Freak
  - P2 board: Detainment Probe
  + P2 retired: Detainment Probe
  + Dead Pool: Detainment Probe
End of Turn 70: P1 board 5, P2 board 10, Dead Pool 91
Turn 71 - P2 acts
  - P2 hand: Shield Array Node
  + P2 board: Shield Array Node
End of Turn 71: P1 board 5, P2 board 11, Dead Pool 91
Turn 72 - P1 acts
  - P1 hand: Annihilist Overseer
  + P1 board: Annihilist Overseer
  - P1 board: Krax
  + P1 retired: Krax
  - P2 board: Compliance Auditon
  + P2 retired: Compliance Auditon
  + Dead Pool: Compliance Auditon, Krax, Krax
End of Turn 72: P1 board 5, P2 board 10, Dead Pool 94
Turn 73 - P2 acts
  - P2 hand: Task Mistres
  + P2 board: Task Mistres
End of Turn 73: P1 board 5, P2 board 11, Dead Pool 94
Turn 74 - P1 acts
  - P1 hand: Mutt
  + P1 board: Mutt
  - P1 board: Dragoon, Annihilist Overseer
  + P1 retired: Annihilist Overseer, Dragoon
  + Dead Pool: Annihilist Overseer, Annihilist Overseer, Dragoon, Dragoon
End of Turn 74: P1 board 4, P2 board 11, Dead Pool 98
Turn 75 - P2 acts
  - P2 hand: Sentry Node
  + P2 board: Sentry Node
  - P2 board: MediFlux-1NDS
  + P2 retired: MediFlux-1NDS
  + Dead Pool: MediFlux-1NDS, MediFlux-1NDS
End of Turn 75: P1 board 4, P2 board 11, Dead Pool 100
Turn 76 - P1 acts
  - P1 hand: Restless Natives
  + P1 board: Restless Natives
  - P2 board: Sausage Droid
  + P2 retired: Sausage Droid
  + Dead Pool: Sausage Droid
End of Turn 76: P1 board 5, P2 board 10, Dead Pool 101
Turn 77 - P2 acts
  - P1 board: Voidling
  + P1 retired: Voidling
  - P2 hand: K-9.0
  + P2 board: K-9.0
  + Dead Pool: Voidling
End of Turn 77: P1 board 4, P2 board 11, Dead Pool 102
Turn 78 - P1 acts
  - P1 hand: Meat Vegetable
  + P1 board: Meat Vegetable
  - P2 board: Hover Shield
  + P2 retired: Hover Shield
  + Dead Pool: Hover Shield
End of Turn 78: P1 board 5, P2 board 10, Dead Pool 103
Turn 79 - P2 acts
  - P1 board: Void Freak
  + P1 retired: Void Freak
  - P2 hand: Sausage Droid
  + P2 board: Sausage Droid
  + Dead Pool: Void Freak
End of Turn 79: P1 board 4, P2 board 11, Dead Pool 104
Turn 80 - P1 acts
  - P1 hand: Krax
  + P1 board: Krax
  - P1 board: Mutt
  + P1 retired: Mutt
  + Dead Pool: Mutt, Mutt
End of Turn 80: P1 board 4, P2 board 11, Dead Pool 106
Turn 81 - P2 acts
  - P1 board: Restless Natives
  + P1 retired: Restless Natives
  - P2 hand: Detainment Probe
  + P2 board: Detainment Probe
  + Dead Pool: Restless Natives
End of Turn 81: P1 board 3, P2 board 12, Dead Pool 107
Turn 82 - P1 acts
  - P1 hand: Vex
  + P1 board: Vex
  - P1 board: Meat Vegetable
  + P1 retired: Meat Vegetable
  - P2 board: K-9.0
  + P2 retired: K-9.0
  + Dead Pool: Meat Vegetable, Meat Vegetable, K-9.0
End of Turn 82: P1 board 3, P2 board 11, Dead Pool 110
Turn 83 - P2 acts
  - P2 hand: Compliance Auditon
  + P2 board: Compliance Auditon
End of Turn 83: P1 board 3, P2 board 12, Dead Pool 110
Turn 84 - P1 acts
  - P1 hand: Mutt
  + P1 board: Mutt
  - P1 board: Krax
  + P1 retired: Krax
  + Dead Pool: Krax, Krax
End of Turn 84: P1 board 3, P2 board 12, Dead Pool 112
Turn 85 - P2 acts
  - P2 hand: Killjoy
  + P2 board: Killjoy
  - P2 board: Impact Simulant
  + P2 retired: Impact Simulant
  + Dead Pool: Impact Simulant, Impact Simulant
End of Turn 85: P1 board 3, P2 board 12, Dead Pool 114
Turn 86 - P1 acts
  - P1 hand: Käsekobold
  + P1 board: Käsekobold
  - P1 board: Vex
  + P1 retired: Vex
  + Dead Pool: Vex, Vex
End of Turn 86: P1 board 3, P2 board 12, Dead Pool 116
Turn 87 - P2 acts
  - P2 hand: Nob Lobber
  + P2 board: Nob Lobber
  - P2 board: Dormex Lurker
  + P2 retired: Dormex Lurker
  + Dead Pool: Dormex Lurker, Dormex Lurker
End of Turn 87: P1 board 3, P2 board 12, Dead Pool 118
Turn 88 - P1 acts
  - P1 hand: Blood Howler
  + P1 board: Blood Howler
  - P1 board: Mutt
  + P1 retired: Mutt
  + Dead Pool: Mutt, Mutt
End of Turn 88: P1 board 3, P2 board 12, Dead Pool 120
Turn 89 - P2 acts
  - P2 hand: K-9.0
  + P2 board: K-9.0
  - P2 board: Sentry Node
  + P2 retired: Sentry Node
  + Dead Pool: Sentry Node, Sentry Node
End of Turn 89: P1 board 3, P2 board 12, Dead Pool 122
Turn 90 - P1 acts
  - P1 hand: Dragoon
  + P1 board: Dragoon
  - P1 board: Käsekobold, Blood Howler
  + P1 retired: Käsekobold, Blood Howler
  + Dead Pool: Käsekobold, Käsekobold, Blood Howler, Blood Howler
End of Turn 90: P1 board 2, P2 board 12, Dead Pool 126
Turn 91 - P2 acts
  - P2 hand: Bruut Enforcer
  + P2 board: Bruut Enforcer
  - P2 board: Impact Simulant
  + P2 retired: Impact Simulant
  + Dead Pool: Impact Simulant, Impact Simulant
End of Turn 91: P1 board 2, P2 board 12, Dead Pool 128
Turn 92 - P1 acts
  - P1 hand: Mutt
  + P1 board: Mutt
  - P1 board: Dragoon
  + P1 retired: Dragoon
  + Dead Pool: Dragoon, Dragoon
End of Turn 92: P1 board 2, P2 board 12, Dead Pool 130
Turn 93 - P2 acts
  - P2 hand: Hover Shield
  + P2 retired: Hover Shield
  + Dead Pool: Hover Shield, Hover Shield
End of Turn 93: P1 board 2, P2 board 12, Dead Pool 132
Turn 94 - P1 acts
  - P1 hand: Void Freak
  + P1 board: Void Freak
End of Turn 94: P1 board 3, P2 board 12, Dead Pool 132
Turn 95 - P2 acts
  - P2 hand: Compliance Auditon
  + P2 board: Compliance Auditon
End of Turn 95: P1 board 3, P2 board 13, Dead Pool 132
Turn 96 - P1 acts
  - P1 hand: Local Singularity
  + P1 board: Local Singularity
  - P2 board: Detainment Probe
  + P2 retired: Detainment Probe
  + Dead Pool: Detainment Probe
End of Turn 96: P1 board 4, P2 board 12, Dead Pool 133
Turn 97 - P2 acts
  - P1 board: Mutt
  + P1 retired: Mutt
  - P2 hand: Nob Lobber
  + P2 board: Nob Lobber
  - P2 board: Shield Array Node
  + P2 retired: Shield Array Node
  + Dead Pool: Shield Array Node, Shield Array Node, Mutt
End of Turn 97: P1 board 3, P2 board 12, Dead Pool 136
Turn 98 - P1 acts
  - P1 hand: Annihilist Overseer
  + P1 board: Annihilist Overseer
  - P1 board: Void Freak
  + P1 retired: Void Freak
  + Dead Pool: Void Freak, Void Freak
End of Turn 98: P1 board 3, P2 board 12, Dead Pool 138
Turn 99 - P2 acts
  - P2 hand: Buzzkill
  + P2 board: Buzzkill
  - P2 board: Task Mistres
  + P2 retired: Task Mistres
  + Dead Pool: Task Mistres, Task Mistres
End of Turn 99: P1 board 3, P2 board 12, Dead Pool 140
Turn 100 - P1 acts
  - P1 hand: Psychodelic Toad
  + P1 board: Psychodelic Toad
  - P1 board: Local Singularity, Annihilist Overseer
  + P1 retired: Annihilist Overseer, Local Singularity
  + Dead Pool: Annihilist Overseer, Annihilist Overseer, Local Singularity, Local Singularity
End of Turn 100: P1 board 2, P2 board 12, Dead Pool 144
Turn 101 - P2 acts
  - P1 board: Grim
  + P1 retired: Grim
  - P2 hand: Target Marker Probe
  + P2 board: Target Marker Probe
  + Dead Pool: Grim
Result: winner P2 | turns 100
Retired: P1 50, P2 39, Dead Pool 145

=== Game seed 11079 ===
Starting: P1 faction PCU vs P2 faction NARC
Turn 1 - P2 acts
  - P2 hand: Impact Simulant
  + P2 board: Impact Simulant
End of Turn 1: P1 board 1, P2 board 2, Dead Pool 0
Turn 2 - P1 acts
  - P1 hand: Primordial Oozer
  + P1 board: Primordial Oozer
End of Turn 2: P1 board 2, P2 board 2, Dead Pool 0
Turn 3 - P2 acts
  - P2 hand: Detainment Probe
  + P2 board: Detainment Probe
End of Turn 3: P1 board 2, P2 board 3, Dead Pool 0
Turn 4 - P1 acts
  - P1 hand: Restless Natives
  + P1 board: Restless Natives
End of Turn 4: P1 board 3, P2 board 3, Dead Pool 0
Turn 5 - P2 acts
  - P2 hand: Sausage Droid
  + P2 board: Sausage Droid
End of Turn 5: P1 board 3, P2 board 4, Dead Pool 0
Turn 6 - P1 acts
  - P1 hand: Restless Natives
  + P1 board: Restless Natives
  - P1 board: Primordial Oozer
  + P1 retired: Primordial Oozer
  + Dead Pool: Primordial Oozer, Primordial Oozer
End of Turn 6: P1 board 3, P2 board 4, Dead Pool 2
Turn 7 - P2 acts
  - P2 hand: Task Mistres
  + P2 board: Task Mistres
  - P2 board: Impact Simulant
  + P2 retired: Impact Simulant
  + Dead Pool: Impact Simulant, Impact Simulant
End of Turn 7: P1 board 3, P2 board 4, Dead Pool 4
Turn 8 - P1 acts
  - P1 hand: Voidling
  + P1 board: Voidling
  - P1 board: Restless Natives
  + P1 retired: Restless Natives
  + Dead Pool: Restless Natives, Restless Natives
End of Turn 8: P1 board 3, P2 board 4, Dead Pool 6
Turn 9 - P2 acts
  - P2 hand: Task Mistres
  + P2 board: Task Mistres
  - P2 board: Detainment Probe
  + P2 retired: Detainment Probe
  + Dead Pool: Detainment Probe, Detainment Probe
End of Turn 9: P1 board 3, P2 board 4, Dead Pool 8
Turn 10 - P1 acts
  - P1 hand: Nives
  + P1 board: Nives
  - P1 board: Restless Natives
  + P1 retired: Restless Natives
  + Dead Pool: Restless Natives, Restless Natives
End of Turn 10: P1 board 3, P2 board 4, Dead Pool 10
Turn 11 - P2 acts
  - P1 board: Voidling
  + P1 retired: Voidling
  - P2 hand: MediFlux-1NDS
  + P2 board: MediFlux-1NDS
  - P2 board: Sausage Droid
  + P2 retired: Sausage Droid
  + Dead Pool: Sausage Droid, Sausage Droid, Voidling
End of Turn 11: P1 board 2, P2 board 4, Dead Pool 13
Turn 12 - P1 acts
  - P1 hand: Meat Vegetable
  + P1 board: Meat Vegetable
End of Turn 12: P1 board 3, P2 board 4, Dead Pool 13
Turn 13 - P2 acts
  - P2 hand: Detainment Probe
  + P2 board: Detainment Probe
End of Turn 13: P1 board 3, P2 board 5, Dead Pool 13
Turn 14 - P1 acts
  - P1 hand: Mutt
  + P1 board: Mutt
  - P1 board: Nives
  + P1 retired: Nives
  + Dead Pool: Nives, Nives
End of Turn 14: P1 board 3, P2 board 5, Dead Pool 15
Turn 15 - P2 acts
  - P2 hand: Dormex Lurker
  + P2 board: Dormex Lurker
End of Turn 15: P1 board 3, P2 board 6, Dead Pool 15
Turn 16 - P1 acts
  - P1 hand: Technomancer
  + P1 board: Technomancer
  - P1 board: Meat Vegetable
  + P1 retired: Meat Vegetable
  + Dead Pool: Meat Vegetable, Meat Vegetable
End of Turn 16: P1 board 3, P2 board 6, Dead Pool 17
Turn 17 - P2 acts
  - P2 hand: Sausage Droid
  + P2 board: Sausage Droid
  - P2 board: Task Mistres
  + P2 retired: Task Mistres
  + Dead Pool: Task Mistres, Task Mistres
End of Turn 17: P1 board 3, P2 board 6, Dead Pool 19
Turn 18 - P1 acts
  - P1 hand: Vex
  + P1 board: Vex
  - P1 board: Mutt
  + P1 retired: Mutt
  + Dead Pool: Mutt, Mutt
End of Turn 18: P1 board 3, P2 board 6, Dead Pool 21
Turn 19 - P2 acts
  - P2 hand: Hover Shield
  + P2 board: Hover Shield
End of Turn 19: P1 board 3, P2 board 7, Dead Pool 21
Turn 20 - P1 acts
  - P1 hand: Annihilist Overseer
  + P1 board: Annihilist Overseer
  - P1 board: Technomancer, Vex
  + P1 retired: Technomancer, Vex
  + Dead Pool: Technomancer, Technomancer, Vex, Vex
End of Turn 20: P1 board 2, P2 board 7, Dead Pool 25
Turn 21 - P2 acts
  - P2 hand: Shield Array Node
  + P2 board: Shield Array Node
End of Turn 21: P1 board 2, P2 board 8, Dead Pool 25
Turn 22 - P1 acts
  - P1 hand: Void Freak
  + P1 board: Void Freak
  - P1 board: Annihilist Overseer
  + P1 retired: Annihilist Overseer
  + Dead Pool: Annihilist Overseer, Annihilist Overseer
End of Turn 22: P1 board 2, P2 board 8, Dead Pool 27
Turn 23 - P2 acts
  - P2 hand: Dormex Lurker
  + P2 board: Dormex Lurker
  - P2 board: Task Mistres
  + P2 retired: Task Mistres
  + Dead Pool: Task Mistres, Task Mistres
End of Turn 23: P1 board 2, P2 board 8, Dead Pool 29
Turn 24 - P1 acts
  - P1 hand: Mutt
  + P1 board: Mutt
  - P1 board: Void Freak
  + P1 retired: Void Freak
  + Dead Pool: Void Freak, Void Freak
End of Turn 24: P1 board 2, P2 board 8, Dead Pool 31
Turn 25 - P2 acts
  - P2 hand: Dormex Lurker
  + P2 board: Dormex Lurker
End of Turn 25: P1 board 2, P2 board 9, Dead Pool 31
Turn 26 - P1 acts
  - P1 hand: Mutt
  + P1 retired: Mutt
  + Dead Pool: Mutt, Mutt
End of Turn 26: P1 board 2, P2 board 9, Dead Pool 33
Turn 27 - P2 acts
  - P2 hand: Task Mistres
  + P2 board: Task Mistres
End of Turn 27: P1 board 2, P2 board 10, Dead Pool 33
Turn 28 - P1 acts
  - P1 hand: Technomancer
  + P1 board: Technomancer
  - P1 board: Mutt
  + P1 retired: Mutt
  + Dead Pool: Mutt, Mutt
End of Turn 28: P1 board 2, P2 board 10, Dead Pool 35
Turn 29 - P2 acts
  - P2 hand: Hover Shield
  + P2 board: Hover Shield
  - P2 board: MediFlux-1NDS
  + P2 retired: MediFlux-1NDS
  + Dead Pool: MediFlux-1NDS, MediFlux-1NDS
End of Turn 29: P1 board 2, P2 board 10, Dead Pool 37
Turn 30 - P1 acts
  - P1 hand: Restless Natives
  + P1 board: Restless Natives
End of Turn 30: P1 board 3, P2 board 10, Dead Pool 37
Turn 31 - P2 acts
  - P2 hand: Task Mistres
  + P2 board: Task Mistres
End of Turn 31: P1 board 3, P2 board 11, Dead Pool 37
Turn 32 - P1 acts
  - P1 hand: Annihilist Overseer
  + P1 board: Annihilist Overseer
  - P1 board: Technomancer
  + P1 retired: Technomancer
  + Dead Pool: Technomancer, Technomancer
End of Turn 32: P1 board 3, P2 board 11, Dead Pool 39
Turn 33 - P2 acts
  - P1 board: Restless Natives
  + P1 retired: Restless Natives
  - P2 hand: K-9.0
  + P2 board: K-9.0
  - P2 board: Detainment Probe
  + P2 retired: Detainment Probe
  + Dead Pool: Restless Natives, Detainment Probe, Detainment Probe
End of Turn 33: P1 board 2, P2 board 11, Dead Pool 42
Turn 34 - P1 acts
  - P1 hand: Technomancer
  + P1 board: Technomancer
  - P1 board: Annihilist Overseer
  + P1 retired: Annihilist Overseer
  + Dead Pool: Annihilist Overseer, Annihilist Overseer
End of Turn 34: P1 board 2, P2 board 11, Dead Pool 44
Turn 35 - P2 acts
  - P2 hand: Marine Marauder
  + P2 board: Marine Marauder
  - P2 board: Dormex Lurker
  + P2 retired: Dormex Lurker
  + Dead Pool: Dormex Lurker, Dormex Lurker
End of Turn 35: P1 board 2, P2 board 11, Dead Pool 46
Turn 36 - P1 acts
  - P1 hand: Meat Vegetable
  + P1 board: Meat Vegetable
End of Turn 36: P1 board 3, P2 board 11, Dead Pool 46
Turn 37 - P2 acts
  - P2 hand: Nob Lobber
  + P2 board: Nob Lobber
  - P2 board: Sausage Droid
  + P2 retired: Sausage Droid
  + Dead Pool: Sausage Droid, Sausage Droid
End of Turn 37: P1 board 3, P2 board 11, Dead Pool 48
Turn 38 - P1 acts
  - P1 hand: Nives
  + P1 board: Nives
  - P1 board: Technomancer
  + P1 retired: Technomancer
  + Dead Pool: Technomancer, Technomancer
End of Turn 38: P1 board 3, P2 board 11, Dead Pool 50
Turn 39 - P2 acts
  - P2 hand: Target Marker Probe
  + P2 board: Target Marker Probe
End of Turn 39: P1 board 3, P2 board 12, Dead Pool 50
Turn 40 - P1 acts
  - P1 hand: Krax
  + P1 board: Krax
  - P1 board: Meat Vegetable
  + P1 retired: Meat Vegetable
  + Dead Pool: Meat Vegetable, Meat Vegetable
End of Turn 40: P1 board 3, P2 board 12, Dead Pool 52
Turn 41 - P2 acts
  - P1 board: Nives
  + P1 retired: Nives
  - P2 hand: Sausage Droid
  + P2 board: Sausage Droid
  + Dead Pool: Nives
End of Turn 41: P1 board 2, P2 board 13, Dead Pool 53
Turn 42 - P1 acts
  - P1 hand: Dragoon
  + P1 board: Dragoon
  - P1 board: Krax
  + P1 retired: Krax
  + Dead Pool: Krax, Krax
End of Turn 42: P1 board 2, P2 board 13, Dead Pool 55
Turn 43 - P2 acts
  - P2 hand: Killjoy
  + P2 board: Killjoy
  - P2 board: Hover Shield
  + P2 retired: Hover Shield
  + Dead Pool: Hover Shield, Hover Shield
End of Turn 43: P1 board 2, P2 board 13, Dead Pool 57
Turn 44 - P1 acts
  - P1 hand: Meat Vegetable
  + P1 board: Meat Vegetable
End of Turn 44: P1 board 3, P2 board 13, Dead Pool 57
Turn 45 - P2 acts
  - P2 hand: Shield Array Node
  + P2 retired: Shield Array Node
  + Dead Pool: Shield Array Node, Shield Array Node
End of Turn 45: P1 board 3, P2 board 13, Dead Pool 59
Turn 46 - P1 acts
  - P1 hand: Annihilist Overseer
  + P1 board: Annihilist Overseer
  - P1 board: Dragoon
  + P1 retired: Dragoon
  + Dead Pool: Dragoon, Dragoon
End of Turn 46: P1 board 3, P2 board 13, Dead Pool 61
Turn 47 - P2 acts
  - P2 hand: Sentry Node
  + P2 board: Sentry Node
  - P2 board: Dormex Lurker
  + P2 retired: Dormex Lurker
  + Dead Pool: Dormex Lurker, Dormex Lurker
End of Turn 47: P1 board 3, P2 board 13, Dead Pool 63
Turn 48 - P1 acts
  - P1 hand: Käsekobold
  + P1 board: Käsekobold
  - P1 board: Annihilist Overseer
  + P1 retired: Annihilist Overseer
  + Dead Pool: Annihilist Overseer, Annihilist Overseer
End of Turn 48: P1 board 3, P2 board 13, Dead Pool 65
Turn 49 - P2 acts
  - P2 hand: Compliance Auditon
  + P2 board: Compliance Auditon
End of Turn 49: P1 board 3, P2 board 14, Dead Pool 65
Turn 50 - P1 acts
  - P1 hand: Vex
  + P1 board: Vex
  - P1 board: Meat Vegetable
  + P1 retired: Meat Vegetable
  + Dead Pool: Meat Vegetable, Meat Vegetable
End of Turn 50: P1 board 3, P2 board 14, Dead Pool 67
Turn 51 - P2 acts
  - P1 board: Käsekobold
  + P1 retired: Käsekobold
  - P2 hand: Target Marker Probe
  + P2 board: Target Marker Probe
  + Dead Pool: Käsekobold
End of Turn 51: P1 board 2, P2 board 15, Dead Pool 68
Turn 52 - P1 acts
  - P1 hand: Mutt
  + P1 board: Mutt
  - P1 board: Vex
  + P1 retired: Vex
  + Dead Pool: Vex, Vex
End of Turn 52: P1 board 2, P2 board 15, Dead Pool 70
Turn 53 - P2 acts
  - P2 hand: K-9.0
  + P2 board: K-9.0
  - P2 board: Dormex Lurker
  + P2 retired: Dormex Lurker
  + Dead Pool: Dormex Lurker, Dormex Lurker
End of Turn 53: P1 board 2, P2 board 15, Dead Pool 72
Turn 54 - P1 acts
  - P1 hand: Krax
  + P1 board: Krax
  - P1 board: Grim, Mutt
  + P1 retired: Mutt, Grim
  + Dead Pool: Mutt, Mutt, Grim
Result: winner P2 | turns 53
Retired: P1 27, P2 13, Dead Pool 75

=== Game seed 11080 ===
Starting: P1 faction PCU vs P2 faction NARC
Turn 1 - P2 acts
  - P2 hand: Detainment Probe
  + P2 board: Detainment Probe
End of Turn 1: P1 board 1, P2 board 2, Dead Pool 0
Turn 2 - P1 acts
  - P1 hand: Meat Vegetable
  + P1 board: Meat Vegetable
End of Turn 2: P1 board 2, P2 board 2, Dead Pool 0
Turn 3 - P2 acts
  - P2 hand: Compliance Auditon
  + P2 board: Compliance Auditon
End of Turn 3: P1 board 2, P2 board 3, Dead Pool 0
Turn 4 - P1 acts
  - P1 hand: Void Freak
  + P1 board: Void Freak
End of Turn 4: P1 board 3, P2 board 3, Dead Pool 0
Turn 5 - P2 acts
  - P2 hand: Target Marker Probe
  + P2 board: Target Marker Probe
  - P2 board: Detainment Probe
  + P2 retired: Detainment Probe
  + Dead Pool: Detainment Probe, Detainment Probe
End of Turn 5: P1 board 3, P2 board 3, Dead Pool 2
Turn 6 - P1 acts
  - P1 hand: Restless Natives
  + P1 board: Restless Natives
End of Turn 6: P1 board 4, P2 board 3, Dead Pool 2
Turn 7 - P2 acts
  - P2 hand: Shield Array Node
  + P2 board: Shield Array Node
End of Turn 7: P1 board 4, P2 board 4, Dead Pool 2
Turn 8 - P1 acts
  - P1 hand: Käsekobold
  + P1 board: Käsekobold
  - P2 board: Lokar Simmons
  + P2 retired: Lokar Simmons
  + Dead Pool: Lokar Simmons
Result: winner P1 | turns 7
Retired: P1 0, P2 2, Dead Pool 3

=== Game seed 11081 ===
Starting: P1 faction PCU vs P2 faction NARC
Turn 1 - P1 acts
  - P1 hand: Meat Vegetable
  + P1 board: Meat Vegetable
End of Turn 1: P1 board 2, P2 board 1, Dead Pool 0
Turn 2 - P2 acts
  - P2 hand: Target Marker Probe
  + P2 board: Target Marker Probe
End of Turn 2: P1 board 2, P2 board 2, Dead Pool 0
Turn 3 - P1 acts
  - P1 hand: Käsekobold
  + P1 board: Käsekobold
End of Turn 3: P1 board 3, P2 board 2, Dead Pool 0
Turn 4 - P2 acts
  - P2 hand: MediFlux-1NDS
  + P2 board: MediFlux-1NDS
End of Turn 4: P1 board 3, P2 board 3, Dead Pool 0
Turn 5 - P1 acts
  - P1 hand: Restless Natives
  + P1 board: Restless Natives
End of Turn 5: P1 board 4, P2 board 3, Dead Pool 0
Turn 6 - P2 acts
  - P2 hand: Task Mistres
  + P2 board: Task Mistres
  - P2 board: Target Marker Probe
  + P2 retired: Target Marker Probe
  + Dead Pool: Target Marker Probe, Target Marker Probe
End of Turn 6: P1 board 4, P2 board 3, Dead Pool 2
Turn 7 - P1 acts
  - P1 hand: Käsekobold
  + P1 board: Käsekobold
  - P1 board: Meat Vegetable
  + P1 retired: Meat Vegetable
  + Dead Pool: Meat Vegetable, Meat Vegetable
End of Turn 7: P1 board 4, P2 board 3, Dead Pool 4
Turn 8 - P2 acts
  - P2 hand: Hover Shield
  + P2 board: Hover Shield
End of Turn 8: P1 board 4, P2 board 4, Dead Pool 4
Turn 9 - P1 acts
  - P1 hand: Voidling
  + P1 board: Voidling
  - P1 board: Käsekobold
  + P1 retired: Käsekobold
  + Dead Pool: Käsekobold, Käsekobold
End of Turn 9: P1 board 4, P2 board 4, Dead Pool 6
Turn 10 - P2 acts
  - P2 hand: Hover Shield
  + P2 board: Hover Shield
  - P2 board: MediFlux-1NDS
  + P2 retired: MediFlux-1NDS
  + Dead Pool: MediFlux-1NDS, MediFlux-1NDS
End of Turn 10: P1 board 4, P2 board 4, Dead Pool 8
Turn 11 - P1 acts
  - P1 hand: Void Freak
  + P1 board: Void Freak
End of Turn 11: P1 board 5, P2 board 4, Dead Pool 8
Turn 12 - P2 acts
  - P2 hand: Sausage Droid
  + P2 board: Sausage Droid
End of Turn 12: P1 board 5, P2 board 5, Dead Pool 8
Turn 13 - P1 acts
  - P1 hand: Primordial Oozer
  + P1 board: Primordial Oozer
  - P2 board: Task Mistres
  + P2 retired: Task Mistres
  + Dead Pool: Task Mistres
End of Turn 13: P1 board 6, P2 board 4, Dead Pool 9
Turn 14 - P2 acts
  - P1 board: Restless Natives
  + P1 retired: Restless Natives
  - P2 hand: Dormex Lurker
  + P2 board: Dormex Lurker
  + Dead Pool: Restless Natives
End of Turn 14: P1 board 5, P2 board 5, Dead Pool 10
Turn 15 - P1 acts
  - P1 hand: Annihilist Overseer
  + P1 board: Annihilist Overseer
  - P1 board: Käsekobold
  + P1 retired: Käsekobold
  - P2 board: Hover Shield
  + P2 retired: Hover Shield
  + Dead Pool: Käsekobold, Käsekobold, Hover Shield
End of Turn 15: P1 board 5, P2 board 4, Dead Pool 13
Turn 16 - P2 acts
  - P2 hand: Hover Shield
  + P2 board: Hover Shield
End of Turn 16: P1 board 5, P2 board 5, Dead Pool 13
Turn 17 - P1 acts
  - P1 hand: Technomancer
  + P1 board: Technomancer
  - P1 board: Voidling, Annihilist Overseer
  + P1 retired: Voidling, Annihilist Overseer
  + Dead Pool: Voidling, Voidling, Annihilist Overseer, Annihilist Overseer
End of Turn 17: P1 board 4, P2 board 5, Dead Pool 17
Turn 18 - P2 acts
  - P1 board: Void Freak
  + P1 retired: Void Freak
  - P2 hand: Marine Marauder
  + P2 board: Marine Marauder
  - P2 board: Hover Shield
  + P2 retired: Hover Shield
  + Dead Pool: Hover Shield, Hover Shield, Void Freak
End of Turn 18: P1 board 3, P2 board 5, Dead Pool 20
Turn 19 - P1 acts
  - P1 hand: Local Singularity
  + P1 board: Local Singularity
End of Turn 19: P1 board 4, P2 board 5, Dead Pool 20
Turn 20 - P2 acts
  - P1 board: Primordial Oozer
  + P1 retired: Primordial Oozer
  - P2 hand: K-9.0
  + P2 board: K-9.0
  + Dead Pool: Primordial Oozer
End of Turn 20: P1 board 3, P2 board 6, Dead Pool 21
Turn 21 - P1 acts
  - P1 hand: Mutt
  + P1 board: Mutt
  - P1 board: Technomancer
  + P1 retired: Technomancer
  + Dead Pool: Technomancer, Technomancer
End of Turn 21: P1 board 3, P2 board 6, Dead Pool 23
Turn 22 - P2 acts
  - P2 hand: MediFlux-1NDS
  + P2 board: MediFlux-1NDS
  - P2 board: Sausage Droid
  + P2 retired: Sausage Droid
  + Dead Pool: Sausage Droid, Sausage Droid
End of Turn 22: P1 board 3, P2 board 6, Dead Pool 25
Turn 23 - P1 acts
  - P1 hand: Vex
  + P1 board: Vex
  - P1 board: Local Singularity
  + P1 retired: Local Singularity
  + Dead Pool: Local Singularity, Local Singularity
End of Turn 23: P1 board 3, P2 board 6, Dead Pool 27
Turn 24 - P2 acts
  - P2 hand: Impact Simulant
  + P2 board: Impact Simulant
End of Turn 24: P1 board 3, P2 board 7, Dead Pool 27
Turn 25 - P1 acts
  - P1 hand: Nives
  + P1 board: Nives
  - P1 board: Mutt, Vex
  + P1 retired: Mutt, Vex
  + Dead Pool: Mutt, Mutt, Vex, Vex
End of Turn 25: P1 board 2, P2 board 7, Dead Pool 31
Turn 26 - P2 acts
  - P2 hand: Killjoy
  + P2 board: Killjoy
  - P2 board: Dormex Lurker
  + P2 retired: Dormex Lurker
  + Dead Pool: Dormex Lurker, Dormex Lurker
End of Turn 26: P1 board 2, P2 board 7, Dead Pool 33
Turn 27 - P1 acts
  - P1 hand: Psychodelic Toad
  + P1 board: Psychodelic Toad
End of Turn 27: P1 board 3, P2 board 7, Dead Pool 33
Turn 28 - P2 acts
  - P1 board: Nives
  + P1 retired: Nives
  - P2 hand: Marine Marauder
  + P2 board: Marine Marauder
  + Dead Pool: Nives
End of Turn 28: P1 board 2, P2 board 8, Dead Pool 34
Turn 29 - P1 acts
  - P1 hand: Vex
  + P1 board: Vex
  - P1 board: Psychodelic Toad
  + P1 retired: Psychodelic Toad
  + Dead Pool: Psychodelic Toad, Psychodelic Toad
End of Turn 29: P1 board 2, P2 board 8, Dead Pool 36
Turn 30 - P2 acts
  - P2 hand: Detainment Probe
  + P2 board: Detainment Probe
End of Turn 30: P1 board 2, P2 board 9, Dead Pool 36
Turn 31 - P1 acts
  - P1 hand: Mutt
  + P1 board: Mutt
  - P1 board: Vex
  + P1 retired: Vex
  + Dead Pool: Vex, Vex
End of Turn 31: P1 board 2, P2 board 9, Dead Pool 38
Turn 32 - P2 acts
  - P2 hand: Compliance Auditon
  + P2 board: Compliance Auditon
End of Turn 32: P1 board 2, P2 board 10, Dead Pool 38
Turn 33 - P1 acts
  - P1 hand: Void Freak
  + P1 board: Void Freak
  - P2 board: Hover Shield
  + P2 retired: Hover Shield
  + Dead Pool: Hover Shield
End of Turn 33: P1 board 3, P2 board 9, Dead Pool 39
Turn 34 - P2 acts
  - P2 hand: Nob Lobber
  + P2 board: Nob Lobber
  - P2 board: Marine Marauder
  + P2 retired: Marine Marauder
  + Dead Pool: Marine Marauder, Marine Marauder
End of Turn 34: P1 board 3, P2 board 9, Dead Pool 41
Turn 35 - P1 acts
  - P1 hand: Primordial Oozer
  + P1 board: Primordial Oozer
  - P2 board: K-9.0
  + P2 retired: K-9.0
  + Dead Pool: K-9.0
End of Turn 35: P1 board 4, P2 board 8, Dead Pool 42
Turn 36 - P2 acts
  - P2 hand: Task Mistres
  + P2 board: Task Mistres
End of Turn 36: P1 board 4, P2 board 9, Dead Pool 42
Turn 37 - P1 acts
  - P1 hand: Blood Howler
  + P1 board: Blood Howler
  - P2 board: MediFlux-1NDS
  + P2 retired: MediFlux-1NDS
  + Dead Pool: MediFlux-1NDS
End of Turn 37: P1 board 5, P2 board 8, Dead Pool 43
Turn 38 - P2 acts
  - P2 hand: Target Marker Probe
  + P2 board: Target Marker Probe
End of Turn 38: P1 board 5, P2 board 9, Dead Pool 43
Turn 39 - P1 acts
  - P1 hand: Voidling
  + P1 board: Voidling
  - P1 board: Mutt, Void Freak
  + P1 retired: Void Freak, Mutt
  - P2 board: Detainment Probe
  + P2 retired: Detainment Probe
  + Dead Pool: Void Freak, Void Freak, Mutt, Mutt, Detainment Probe
End of Turn 39: P1 board 4, P2 board 8, Dead Pool 48
Turn 40 - P2 acts
  - P2 hand: Target Marker Probe
  + P2 board: Target Marker Probe
End of Turn 40: P1 board 4, P2 board 9, Dead Pool 48
Turn 41 - P1 acts
  - P1 hand: Dragoon
  + P1 board: Dragoon
  - P1 board: Primordial Oozer
  + P1 retired: Primordial Oozer
  + Dead Pool: Primordial Oozer, Primordial Oozer
End of Turn 41: P1 board 4, P2 board 9, Dead Pool 50
Turn 42 - P2 acts
  - P2 hand: Compliance Auditon
  + P2 board: Compliance Auditon
End of Turn 42: P1 board 4, P2 board 10, Dead Pool 50
Turn 43 - P1 acts
  - P1 hand: Krax
  + P1 board: Krax
  - P1 board: Blood Howler, Voidling
  + P1 retired: Voidling, Blood Howler
  + Dead Pool: Voidling, Voidling, Blood Howler, Blood Howler
End of Turn 43: P1 board 3, P2 board 10, Dead Pool 54
Turn 44 - P2 acts
  - P2 hand: Task Mistres
  + P2 board: Task Mistres
  - P2 board: Impact Simulant
  + P2 retired: Impact Simulant
  + Dead Pool: Impact Simulant, Impact Simulant
End of Turn 44: P1 board 3, P2 board 10, Dead Pool 56
Turn 45 - P1 acts
  - P1 hand: Dragoon
  + P1 retired: Dragoon
  + Dead Pool: Dragoon, Dragoon
End of Turn 45: P1 board 3, P2 board 10, Dead Pool 58
Turn 46 - P2 acts
  - P2 hand: Impact Simulant
  + P2 board: Impact Simulant
End of Turn 46: P1 board 3, P2 board 11, Dead Pool 58
Turn 47 - P1 acts
  - P1 hand: Restless Natives
  + P1 board: Restless Natives
  - P1 board: Krax
  + P1 retired: Krax
  + Dead Pool: Krax, Krax
End of Turn 47: P1 board 3, P2 board 11, Dead Pool 60
Turn 48 - P2 acts
  - P2 hand: Bruut Enforcer
  + P2 board: Bruut Enforcer
  - P2 board: Killjoy
  + P2 retired: Killjoy
  + Dead Pool: Killjoy, Killjoy
End of Turn 48: P1 board 3, P2 board 11, Dead Pool 62
Turn 49 - P1 acts
  - P1 hand: Restless Natives
  + P1 board: Restless Natives
  - P1 board: Dragoon
  + P1 retired: Dragoon
  - P2 board: Marine Marauder
  + P2 retired: Marine Marauder
  + Dead Pool: Marine Marauder, Dragoon, Dragoon
End of Turn 49: P1 board 3, P2 board 10, Dead Pool 65
Turn 50 - P2 acts
  - P2 hand: Shield Array Node
  + P2 board: Shield Array Node
End of Turn 50: P1 board 3, P2 board 11, Dead Pool 65
Turn 51 - P1 acts
  - P1 hand: Primordial Oozer
  + P1 board: Primordial Oozer
End of Turn 51: P1 board 4, P2 board 11, Dead Pool 65
Turn 52 - P2 acts
  - P2 hand: Sausage Droid
  + P2 board: Sausage Droid
End of Turn 52: P1 board 4, P2 board 12, Dead Pool 65
Turn 53 - P1 acts
  - P1 hand: Voidling
  + P1 board: Voidling
  - P1 board: Restless Natives
  + P1 retired: Restless Natives
  - P2 board: Compliance Auditon
  + P2 retired: Compliance Auditon
  + Dead Pool: Restless Natives, Restless Natives, Compliance Auditon
End of Turn 53: P1 board 4, P2 board 11, Dead Pool 68
Turn 54 - P2 acts
  - P1 board: Restless Natives
  + P1 retired: Restless Natives
  - P2 hand: K-9.0
  + P2 board: K-9.0
  - P2 board: Nob Lobber
  + P2 retired: Nob Lobber
  + Dead Pool: Restless Natives, Nob Lobber, Nob Lobber
End of Turn 54: P1 board 3, P2 board 11, Dead Pool 71
Turn 55 - P1 acts
  - P1 hand: Krax
  + P1 board: Krax
  - P1 board: Primordial Oozer
  + P1 retired: Primordial Oozer
  + Dead Pool: Primordial Oozer, Primordial Oozer
End of Turn 55: P1 board 3, P2 board 11, Dead Pool 73
Turn 56 - P2 acts
  - P2 hand: Detainment Probe
  + P2 board: Detainment Probe
End of Turn 56: P1 board 3, P2 board 12, Dead Pool 73
Turn 57 - P1 acts
  - P1 hand: Blood Howler
  + P1 board: Blood Howler
  - P1 board: Voidling
  + P1 retired: Voidling
  + Dead Pool: Voidling, Voidling
End of Turn 57: P1 board 3, P2 board 12, Dead Pool 75
Turn 58 - P2 acts
  - P2 hand: Sentry Node
  + P2 board: Sentry Node
  - P2 board: Task Mistres
  + P2 retired: Task Mistres
  + Dead Pool: Task Mistres, Task Mistres
End of Turn 58: P1 board 3, P2 board 12, Dead Pool 77
Turn 59 - P1 acts
  - P1 hand: Mutt
  + P1 board: Mutt
  - P1 board: Krax
  + P1 retired: Krax
  + Dead Pool: Krax, Krax
End of Turn 59: P1 board 3, P2 board 12, Dead Pool 79
Turn 60 - P2 acts
  - P2 hand: Compliance Auditon
  + P2 board: Compliance Auditon
End of Turn 60: P1 board 3, P2 board 13, Dead Pool 79
Turn 61 - P1 acts
  - P1 hand: Blood Howler
  + P1 board: Blood Howler
End of Turn 61: P1 board 4, P2 board 13, Dead Pool 79
Turn 62 - P2 acts
  - P1 board: Blood Howler
  + P1 retired: Blood Howler
  - P2 hand: Sausage Droid
  + P2 board: Sausage Droid
  + Dead Pool: Blood Howler
End of Turn 62: P1 board 3, P2 board 14, Dead Pool 80
Turn 63 - P1 acts
  - P1 hand: Local Singularity
  + P1 board: Local Singularity
End of Turn 63: P1 board 4, P2 board 14, Dead Pool 80
Turn 64 - P2 acts
  - P1 board: Mutt
  + P1 retired: Mutt
  - P2 hand: Dormex Lurker
  + P2 board: Dormex Lurker
  - P2 board: Sentry Node
  + P2 retired: Sentry Node
  + Dead Pool: Mutt, Sentry Node, Sentry Node
End of Turn 64: P1 board 3, P2 board 14, Dead Pool 83
Turn 65 - P1 acts
  - P1 hand: Annihilist Overseer
  + P1 board: Annihilist Overseer
  - P1 board: Blood Howler
  + P1 retired: Blood Howler
  + Dead Pool: Blood Howler, Blood Howler
End of Turn 65: P1 board 3, P2 board 14, Dead Pool 85
Turn 66 - P2 acts
  - P2 hand: Impact Simulant
  + P2 board: Impact Simulant
End of Turn 66: P1 board 3, P2 board 15, Dead Pool 85
Turn 67 - P1 acts
  - P1 hand: Käsekobold
  + P1 board: Käsekobold
  - P1 board: Annihilist Overseer
  + P1 retired: Annihilist Overseer
  + Dead Pool: Annihilist Overseer, Annihilist Overseer
End of Turn 67: P1 board 3, P2 board 15, Dead Pool 87
Turn 68 - P2 acts
  - P2 hand: K-9.0
  + P2 board: K-9.0
End of Turn 68: P1 board 3, P2 board 16, Dead Pool 87
Turn 69 - P1 acts
  - P1 hand: Void Freak
  + P1 board: Void Freak
  - P1 board: Local Singularity
  + P1 retired: Local Singularity
  + Dead Pool: Local Singularity, Local Singularity
End of Turn 69: P1 board 3, P2 board 16, Dead Pool 89
Turn 70 - P2 acts
  - P2 hand: Sentry Node
  + P2 board: Sentry Node
  - P2 board: Target Marker Probe
  + P2 retired: Target Marker Probe
  + Dead Pool: Target Marker Probe, Target Marker Probe
End of Turn 70: P1 board 3, P2 board 16, Dead Pool 91
Turn 71 - P1 acts
  - P1 hand: Krax
  + P1 board: Krax
  - P1 board: Käsekobold, Void Freak
  + P1 retired: Käsekobold, Void Freak
  - P2 board: Bruut Enforcer
  + P2 retired: Bruut Enforcer
  + Dead Pool: Käsekobold, Käsekobold, Void Freak, Void Freak, Bruut Enforcer
End of Turn 71: P1 board 2, P2 board 15, Dead Pool 96
Turn 72 - P2 acts
  - P2 hand: Shield Array Node
  + P2 board: Shield Array Node
End of Turn 72: P1 board 2, P2 board 16, Dead Pool 96
Turn 73 - P1 acts
  - P1 hand: Voidling
  + P1 board: Voidling
  - P1 board: Krax
  + P1 retired: Krax
  - P2 board: Target Marker Probe
  + P2 retired: Target Marker Probe
  + Dead Pool: Target Marker Probe, Krax, Krax
End of Turn 73: P1 board 2, P2 board 15, Dead Pool 99
Turn 74 - P2 acts
  - P2 hand: K-9.0
  + P2 board: K-9.0
End of Turn 74: P1 board 2, P2 board 16, Dead Pool 99
Turn 75 - P1 acts
  - P1 hand: Meat Vegetable
  + P1 board: Meat Vegetable
End of Turn 75: P1 board 3, P2 board 16, Dead Pool 99
Turn 76 - P2 acts
  - P2 hand: Detainment Probe
  + P2 board: Detainment Probe
End of Turn 76: P1 board 3, P2 board 17, Dead Pool 99
Turn 77 - P1 acts
  - P1 hand: Psychodelic Toad
  + P1 board: Psychodelic Toad
End of Turn 77: P1 board 4, P2 board 17, Dead Pool 99
Turn 78 - P2 acts
  - P2 hand: Shield Array Node
  + P2 board: Shield Array Node
  - P2 board: Compliance Auditon
  + P2 retired: Compliance Auditon
  + Dead Pool: Compliance Auditon, Compliance Auditon
End of Turn 78: P1 board 4, P2 board 17, Dead Pool 101
Turn 79 - P1 acts
  - P1 hand: Dragoon
  + P1 board: Dragoon
  - P1 board: Voidling, Meat Vegetable
  + P1 retired: Meat Vegetable, Voidling
  + Dead Pool: Meat Vegetable, Meat Vegetable, Voidling, Voidling
End of Turn 79: P1 board 3, P2 board 17, Dead Pool 105
Turn 80 - P2 acts
  - P2 hand: Bruut Enforcer
  + P2 board: Bruut Enforcer
  - P2 board: Task Mistres
  + P2 retired: Task Mistres
  + Dead Pool: Task Mistres, Task Mistres
End of Turn 80: P1 board 3, P2 board 17, Dead Pool 107
Turn 81 - P1 acts
  - P1 hand: Nives
  + P1 board: Nives
  - P1 board: Psychodelic Toad
  + P1 retired: Psychodelic Toad
  + Dead Pool: Psychodelic Toad, Psychodelic Toad
End of Turn 81: P1 board 3, P2 board 17, Dead Pool 109
Turn 82 - P2 acts
  - P1 board: Dragoon
  + P1 retired: Dragoon
  - P2 hand: Nob Lobber
  + P2 board: Nob Lobber
  - P2 board: Impact Simulant
  + P2 retired: Impact Simulant
  + Dead Pool: Impact Simulant, Impact Simulant, Dragoon
End of Turn 82: P1 board 2, P2 board 17, Dead Pool 112
Turn 83 - P1 acts
  - P1 hand: Annihilist Overseer
  + P1 board: Annihilist Overseer
  - P1 board: Nives
  + P1 retired: Nives
  + Dead Pool: Nives, Nives
End of Turn 83: P1 board 2, P2 board 17, Dead Pool 114
Turn 84 - P2 acts
  - P2 hand: MediFlux-1NDS
  + P2 board: MediFlux-1NDS
End of Turn 84: P1 board 2, P2 board 18, Dead Pool 114
Turn 85 - P1 acts
  - P1 hand: Mutt
  + P1 board: Mutt
  - P1 board: Annihilist Overseer
  + P1 retired: Annihilist Overseer
  + Dead Pool: Annihilist Overseer, Annihilist Overseer
End of Turn 85: P1 board 2, P2 board 18, Dead Pool 116
Turn 86 - P2 acts
  - P2 hand: Compliance Auditon
  + P2 board: Compliance Auditon
End of Turn 86: P1 board 2, P2 board 19, Dead Pool 116
Turn 87 - P1 acts
  - P1 hand: Technomancer
  + P1 board: Technomancer
  - P1 board: Mutt
  + P1 retired: Mutt
  + Dead Pool: Mutt, Mutt
End of Turn 87: P1 board 2, P2 board 19, Dead Pool 118
Turn 88 - P2 acts
  - P2 hand: Killjoy
  + P2 board: Killjoy
  - P2 board: Shield Array Node
  + P2 retired: Shield Array Node
  + Dead Pool: Shield Array Node, Shield Array Node
End of Turn 88: P1 board 2, P2 board 19, Dead Pool 120
Turn 89 - P1 acts
  - P1 hand: Technomancer
  + P1 retired: Technomancer
  + Dead Pool: Technomancer, Technomancer
End of Turn 89: P1 board 2, P2 board 19, Dead Pool 122
Turn 90 - P2 acts
  - P2 hand: MediFlux-1NDS
  + P2 board: MediFlux-1NDS
End of Turn 90: P1 board 2, P2 board 20, Dead Pool 122
Turn 91 - P1 acts
  - P1 hand: Dragoon
  + P1 board: Dragoon
  - P1 board: Technomancer
  + P1 retired: Technomancer
  + Dead Pool: Technomancer, Technomancer
End of Turn 91: P1 board 2, P2 board 20, Dead Pool 124
Turn 92 - P2 acts
  - P2 hand: Task Mistres
  + P2 board: Task Mistres
End of Turn 92: P1 board 2, P2 board 21, Dead Pool 124
Turn 93 - P1 acts
  - P1 hand: Meat Vegetable
  + P1 board: Meat Vegetable
  - P2 board: Sausage Droid
  + P2 retired: Sausage Droid
  + Dead Pool: Sausage Droid
End of Turn 93: P1 board 3, P2 board 20, Dead Pool 125
Turn 94 - P2 acts
  - P2 hand: Impact Simulant
  + P2 board: Impact Simulant
End of Turn 94: P1 board 3, P2 board 21, Dead Pool 125
Turn 95 - P1 acts
  - P1 hand: Void Freak
  + P1 board: Void Freak
End of Turn 95: P1 board 4, P2 board 21, Dead Pool 125
Turn 96 - P2 acts
  - P1 board: Dragoon
  + P1 retired: Dragoon
  - P2 hand: Hover Shield
  + P2 board: Hover Shield
  + Dead Pool: Dragoon
End of Turn 96: P1 board 3, P2 board 22, Dead Pool 126
Turn 97 - P1 acts
  - P1 hand: Käsekobold
  + P1 board: Käsekobold
  - P2 board: K-9.0
  + P2 retired: K-9.0
  + Dead Pool: K-9.0
End of Turn 97: P1 board 4, P2 board 21, Dead Pool 127
Turn 98 - P2 acts
  - P2 hand: Sausage Droid
  + P2 board: Sausage Droid
End of Turn 98: P1 board 4, P2 board 22, Dead Pool 127
Turn 99 - P1 acts
  - P1 hand: Restless Natives
  + P1 board: Restless Natives
  - P1 board: Meat Vegetable
  + P1 retired: Meat Vegetable
  - P2 board: Detainment Probe
  + P2 retired: Detainment Probe
  + Dead Pool: Meat Vegetable, Meat Vegetable, Detainment Probe
End of Turn 99: P1 board 4, P2 board 21, Dead Pool 130
Turn 100 - P2 acts
  - P2 hand: Dormex Lurker
  + P2 board: Dormex Lurker
End of Turn 100: P1 board 4, P2 board 22, Dead Pool 130
Turn 101 - P1 acts
  - P1 hand: Krax
  + P1 board: Krax
  - P1 board: Void Freak, Käsekobold
  + P1 retired: Käsekobold, Void Freak
  + Dead Pool: Käsekobold, Käsekobold, Void Freak, Void Freak
End of Turn 101: P1 board 3, P2 board 22, Dead Pool 134
Turn 102 - P2 acts
  - P2 hand: Marine Marauder
  + P2 board: Marine Marauder
  - P2 board: Compliance Auditon
  + P2 retired: Compliance Auditon
  + Dead Pool: Compliance Auditon, Compliance Auditon
End of Turn 102: P1 board 3, P2 board 22, Dead Pool 136
Turn 103 - P1 acts
  - P1 hand: Nives
  + P1 board: Nives
  - P1 board: Restless Natives
  + P1 retired: Restless Natives
  + Dead Pool: Restless Natives, Restless Natives
End of Turn 103: P1 board 3, P2 board 22, Dead Pool 138
Turn 104 - P2 acts
  - P2 hand: Nob Lobber
  + P2 board: Nob Lobber
  - P2 board: Sausage Droid
  + P2 retired: Sausage Droid
  + Dead Pool: Sausage Droid, Sausage Droid
End of Turn 104: P1 board 3, P2 board 22, Dead Pool 140
Turn 105 - P1 acts
  - P1 hand: Vex
  + P1 board: Vex
  - P1 board: Krax
  + P1 retired: Krax
  - P2 board: Dormex Lurker
  + P2 retired: Dormex Lurker
  + Dead Pool: Dormex Lurker, Krax, Krax
End of Turn 105: P1 board 3, P2 board 21, Dead Pool 143
Turn 106 - P2 acts
  - P1 board: Nives
  + P1 retired: Nives
  - P2 hand: Sentry Node
  + P2 board: Sentry Node
  - P2 board: Impact Simulant
  + P2 retired: Impact Simulant
  + Dead Pool: Nives, Impact Simulant, Impact Simulant
End of Turn 106: P1 board 2, P2 board 21, Dead Pool 146
Turn 107 - P1 acts
  - P1 hand: Meat Vegetable
  + P1 board: Meat Vegetable
End of Turn 107: P1 board 3, P2 board 21, Dead Pool 146
Result: winner P1 | turns 107
Retired: P1 52, P2 33, Dead Pool 146

=== Game seed 11082 ===
Starting: P1 faction PCU vs P2 faction NARC
Turn 1 - P1 acts
  - P1 hand: Meat Vegetable
  + P1 board: Meat Vegetable
End of Turn 1: P1 board 2, P2 board 1, Dead Pool 0
Turn 2 - P2 acts
  - P2 hand: Impact Simulant
  + P2 board: Impact Simulant
End of Turn 2: P1 board 2, P2 board 2, Dead Pool 0
Turn 3 - P1 acts
  - P1 hand: Primordial Oozer
  + P1 board: Primordial Oozer
End of Turn 3: P1 board 3, P2 board 2, Dead Pool 0
Turn 4 - P2 acts
  - P2 hand: Sausage Droid
  + P2 board: Sausage Droid
End of Turn 4: P1 board 3, P2 board 3, Dead Pool 0
Turn 5 - P1 acts
  - P1 hand: Local Singularity
  + P1 board: Local Singularity
End of Turn 5: P1 board 4, P2 board 3, Dead Pool 0
Turn 6 - P2 acts
  - P2 hand: Detainment Probe
  + P2 board: Detainment Probe
End of Turn 6: P1 board 4, P2 board 4, Dead Pool 0
Turn 7 - P1 acts
  - P1 hand: Restless Natives
  + P1 board: Restless Natives
  - P1 board: Meat Vegetable
  + P1 retired: Meat Vegetable
  + Dead Pool: Meat Vegetable, Meat Vegetable
End of Turn 7: P1 board 4, P2 board 4, Dead Pool 2
Turn 8 - P2 acts
  - P2 hand: Compliance Auditon
  + P2 board: Compliance Auditon
End of Turn 8: P1 board 4, P2 board 5, Dead Pool 2
Turn 9 - P1 acts
  - P1 hand: Mutt
  + P1 board: Mutt
  - P1 board: Primordial Oozer
  + P1 retired: Primordial Oozer
  - P2 board: Impact Simulant
  + P2 retired: Impact Simulant
  + Dead Pool: Primordial Oozer, Primordial Oozer, Impact Simulant
End of Turn 9: P1 board 4, P2 board 4, Dead Pool 5
Turn 10 - P2 acts
  - P2 hand: Shield Array Node
  + P2 board: Shield Array Node
End of Turn 10: P1 board 4, P2 board 5, Dead Pool 5
Turn 11 - P1 acts
  - P1 hand: Restless Natives
  + P1 board: Restless Natives
End of Turn 11: P1 board 5, P2 board 5, Dead Pool 5
Turn 12 - P2 acts
  - P2 hand: MediFlux-1NDS
  + P2 board: MediFlux-1NDS
  - P2 board: Sausage Droid
  + P2 retired: Sausage Droid
  + Dead Pool: Sausage Droid, Sausage Droid
End of Turn 12: P1 board 5, P2 board 5, Dead Pool 7
Turn 13 - P1 acts
  - P1 hand: Blood Howler
  + P1 board: Blood Howler
  - P1 board: Local Singularity, Restless Natives
  + P1 retired: Local Singularity, Restless Natives
  + Dead Pool: Local Singularity, Local Singularity, Restless Natives, Restless Natives
End of Turn 13: P1 board 4, P2 board 5, Dead Pool 11
Turn 14 - P2 acts
  - P2 hand: Hover Shield
  + P2 board: Hover Shield
  - P2 board: Detainment Probe
  + P2 retired: Detainment Probe
  + Dead Pool: Detainment Probe, Detainment Probe
End of Turn 14: P1 board 4, P2 board 5, Dead Pool 13
Turn 15 - P1 acts
  - P1 hand: Annihilist Overseer
  + P1 board: Annihilist Overseer
  - P1 board: Mutt
  + P1 retired: Mutt
  + Dead Pool: Mutt, Mutt
End of Turn 15: P1 board 4, P2 board 5, Dead Pool 15
Turn 16 - P2 acts
  - P2 hand: Task Mistres
  + P2 board: Task Mistres
End of Turn 16: P1 board 4, P2 board 6, Dead Pool 15
Turn 17 - P1 acts
  - P1 hand: Nives
  + P1 board: Nives
  - P1 board: Restless Natives, Annihilist Overseer
  + P1 retired: Restless Natives, Annihilist Overseer
  + Dead Pool: Restless Natives, Restless Natives, Annihilist Overseer, Annihilist Overseer
End of Turn 17: P1 board 3, P2 board 6, Dead Pool 19
Turn 18 - P2 acts
  - P2 hand: Hover Shield
  + P2 board: Hover Shield
  - P2 board: Compliance Auditon
  + P2 retired: Compliance Auditon
  + Dead Pool: Compliance Auditon, Compliance Auditon
End of Turn 18: P1 board 3, P2 board 6, Dead Pool 21
Turn 19 - P1 acts
  - P1 hand: Technomancer
  + P1 board: Technomancer
  - P1 board: Blood Howler
  + P1 retired: Blood Howler
  + Dead Pool: Blood Howler, Blood Howler
End of Turn 19: P1 board 3, P2 board 6, Dead Pool 23
Turn 20 - P2 acts
  - P2 hand: MediFlux-1NDS
  + P2 board: MediFlux-1NDS
End of Turn 20: P1 board 3, P2 board 7, Dead Pool 23
Turn 21 - P1 acts
  - P1 hand: Technomancer
  + P1 board: Technomancer
  - P1 board: Nives
  + P1 retired: Nives
  + Dead Pool: Nives, Nives
End of Turn 21: P1 board 3, P2 board 7, Dead Pool 25
Turn 22 - P2 acts
  - P2 hand: Target Marker Probe
  + P2 board: Target Marker Probe
End of Turn 22: P1 board 3, P2 board 8, Dead Pool 25
Turn 23 - P1 acts
  - P1 hand: Voidling
  + P1 board: Voidling
End of Turn 23: P1 board 4, P2 board 8, Dead Pool 25
Turn 24 - P2 acts
  - P2 hand: K-9.0
  + P2 board: K-9.0
  - P2 board: Shield Array Node
  + P2 retired: Shield Array Node
  + Dead Pool: Shield Array Node, Shield Array Node
End of Turn 24: P1 board 4, P2 board 8, Dead Pool 27
Turn 25 - P1 acts
  - P1 hand: Primordial Oozer
  + P1 board: Primordial Oozer
End of Turn 25: P1 board 5, P2 board 8, Dead Pool 27
Turn 26 - P2 acts
  - P2 hand: Impact Simulant
  + P2 board: Impact Simulant
End of Turn 26: P1 board 5, P2 board 9, Dead Pool 27
Turn 27 - P1 acts
  - P1 hand: Blood Howler
  + P1 board: Blood Howler
  - P1 board: Technomancer
  + P1 retired: Technomancer
  + Dead Pool: Technomancer, Technomancer
End of Turn 27: P1 board 5, P2 board 9, Dead Pool 29
Turn 28 - P2 acts
  - P2 hand: Sentry Node
  + P2 board: Sentry Node
  - P2 board: MediFlux-1NDS
  + P2 retired: MediFlux-1NDS
  + Dead Pool: MediFlux-1NDS, MediFlux-1NDS
End of Turn 28: P1 board 5, P2 board 9, Dead Pool 31
Turn 29 - P1 acts
  - P1 hand: Vex
  + P1 board: Vex
  - P1 board: Technomancer
  + P1 retired: Technomancer
  + Dead Pool: Technomancer, Technomancer
End of Turn 29: P1 board 5, P2 board 9, Dead Pool 33
Turn 30 - P2 acts
  - P1 board: Primordial Oozer
  + P1 retired: Primordial Oozer
  - P2 hand: Killjoy
  + P2 board: Killjoy
  - P2 board: Hover Shield
  + P2 retired: Hover Shield
  + Dead Pool: Primordial Oozer, Hover Shield, Hover Shield
End of Turn 30: P1 board 4, P2 board 9, Dead Pool 36
Turn 31 - P1 acts
  - P1 hand: Technomancer
  + P1 board: Technomancer
  - P1 board: Voidling
  + P1 retired: Voidling
  + Dead Pool: Voidling, Voidling
End of Turn 31: P1 board 4, P2 board 9, Dead Pool 38
Turn 32 - P2 acts
  - P1 board: Vex
  + P1 retired: Vex
  - P2 hand: Sausage Droid
  + P2 board: Sausage Droid
  + Dead Pool: Vex
End of Turn 32: P1 board 3, P2 board 10, Dead Pool 39
Turn 33 - P1 acts
  - P1 hand: Nives
  + P1 board: Nives
  - P1 board: Blood Howler
  + P1 retired: Blood Howler
  + Dead Pool: Blood Howler, Blood Howler
End of Turn 33: P1 board 3, P2 board 10, Dead Pool 41
Turn 34 - P2 acts
  - P2 hand: Nob Lobber
  + P2 board: Nob Lobber
  - P2 board: Task Mistres, Sentry Node
  + P2 retired: Task Mistres, Sentry Node
  + Dead Pool: Task Mistres, Task Mistres, Sentry Node, Sentry Node
End of Turn 34: P1 board 3, P2 board 9, Dead Pool 45
Turn 35 - P1 acts
  - P1 hand: Meat Vegetable
  + P1 board: Meat Vegetable
End of Turn 35: P1 board 4, P2 board 9, Dead Pool 45
Turn 36 - P2 acts
  - P2 hand: K-9.0
  + P2 board: K-9.0
End of Turn 36: P1 board 4, P2 board 10, Dead Pool 45
Turn 37 - P1 acts
  - P1 hand: Meat Vegetable
  + P1 board: Meat Vegetable
  - P2 board: Hover Shield
  + P2 retired: Hover Shield
  + Dead Pool: Hover Shield
End of Turn 37: P1 board 5, P2 board 9, Dead Pool 46
Turn 38 - P2 acts
  - P2 hand: Hover Shield
  + P2 board: Hover Shield
End of Turn 38: P1 board 5, P2 board 10, Dead Pool 46
Turn 39 - P1 acts
  - P1 hand: Voidling
  + P1 board: Voidling
  - P2 board: MediFlux-1NDS
  + P2 retired: MediFlux-1NDS
  + Dead Pool: MediFlux-1NDS
End of Turn 39: P1 board 6, P2 board 9, Dead Pool 47
Turn 40 - P2 acts
  - P1 board: Technomancer
  + P1 retired: Technomancer
  - P2 hand: Target Marker Probe
  + P2 board: Target Marker Probe
  + Dead Pool: Technomancer
End of Turn 40: P1 board 5, P2 board 10, Dead Pool 48
Turn 41 - P1 acts
  - P1 hand: Nives
  + P1 retired: Nives
  + Dead Pool: Nives, Nives
End of Turn 41: P1 board 5, P2 board 10, Dead Pool 50
Turn 42 - P2 acts
  - P2 hand: Compliance Auditon
  + P2 board: Compliance Auditon
End of Turn 42: P1 board 5, P2 board 11, Dead Pool 50
Turn 43 - P1 acts
  - P1 hand: Annihilist Overseer
  + P1 board: Annihilist Overseer
  - P1 board: Meat Vegetable
  + P1 retired: Meat Vegetable
  + Dead Pool: Meat Vegetable, Meat Vegetable
End of Turn 43: P1 board 5, P2 board 11, Dead Pool 52
Turn 44 - P2 acts
  - P2 hand: Compliance Auditon
  + P2 board: Compliance Auditon
End of Turn 44: P1 board 5, P2 board 12, Dead Pool 52
Turn 45 - P1 acts
  - P1 hand: Voidling
  + P1 board: Voidling
  - P1 board: Annihilist Overseer
  + P1 retired: Annihilist Overseer
  + Dead Pool: Annihilist Overseer, Annihilist Overseer
End of Turn 45: P1 board 5, P2 board 12, Dead Pool 54
Turn 46 - P2 acts
  - P1 board: Meat Vegetable
  + P1 retired: Meat Vegetable
  - P2 hand: Task Mistres
  + P2 board: Task Mistres
  + Dead Pool: Meat Vegetable
End of Turn 46: P1 board 4, P2 board 13, Dead Pool 55
Turn 47 - P1 acts
  - P1 hand: Voidling
  + P1 board: Voidling
  - P2 board: Killjoy
  + P2 retired: Killjoy
  + Dead Pool: Killjoy
End of Turn 47: P1 board 5, P2 board 12, Dead Pool 56
Turn 48 - P2 acts
  - P1 board: Voidling
  + P1 retired: Voidling
  - P2 hand: K-9.0
  + P2 board: K-9.0
  - P2 board: Target Marker Probe
  + P2 retired: Target Marker Probe
  + Dead Pool: Voidling, Target Marker Probe, Target Marker Probe
End of Turn 48: P1 board 4, P2 board 12, Dead Pool 59
Turn 49 - P1 acts
  - P1 hand: Void Freak
  + P1 board: Void Freak
End of Turn 49: P1 board 5, P2 board 12, Dead Pool 59
Turn 50 - P2 acts
  - P2 hand: Dormex Lurker
  + P2 board: Dormex Lurker
End of Turn 50: P1 board 5, P2 board 13, Dead Pool 59
Turn 51 - P1 acts
  - P1 hand: Primordial Oozer
  + P1 board: Primordial Oozer
  - P2 board: Sausage Droid
  + P2 retired: Sausage Droid
  + Dead Pool: Sausage Droid
End of Turn 51: P1 board 6, P2 board 12, Dead Pool 60
Turn 52 - P2 acts
  - P1 board: Nives
  + P1 retired: Nives
  - P2 hand: K-9.0
  + P2 retired: K-9.0
  + Dead Pool: Nives, K-9.0, K-9.0
End of Turn 52: P1 board 5, P2 board 12, Dead Pool 63
Turn 53 - P1 acts
  - P1 hand: Mutt
  + P1 board: Mutt
  - P1 board: Voidling
  + P1 retired: Voidling
  + Dead Pool: Voidling, Voidling
End of Turn 53: P1 board 5, P2 board 12, Dead Pool 65
Turn 54 - P2 acts
  - P2 hand: Killjoy
  + P2 board: Killjoy
  - P2 board: Impact Simulant
  + P2 retired: Impact Simulant
  + Dead Pool: Impact Simulant, Impact Simulant
End of Turn 54: P1 board 5, P2 board 12, Dead Pool 67
Turn 55 - P1 acts
  - P1 hand: Vex
  + P1 board: Vex
  - P1 board: Voidling, Void Freak
  + P1 retired: Voidling, Void Freak
  - P2 board: Lokar Simmons
  + P2 retired: Lokar Simmons
  + Dead Pool: Voidling, Voidling, Void Freak, Void Freak, Lokar Simmons
Result: winner P1 | turns 54
Retired: P1 25, P2 17, Dead Pool 72

=== Game seed 11083 ===
Starting: P1 faction PCU vs P2 faction NARC
Turn 1 - P2 acts
  - P2 hand: Impact Simulant
  + P2 board: Impact Simulant
End of Turn 1: P1 board 1, P2 board 2, Dead Pool 0
Turn 2 - P1 acts
  - P1 hand: Meat Vegetable
  + P1 board: Meat Vegetable
End of Turn 2: P1 board 2, P2 board 2, Dead Pool 0
Turn 3 - P2 acts
  - P2 hand: Sausage Droid
  + P2 board: Sausage Droid
End of Turn 3: P1 board 2, P2 board 3, Dead Pool 0
Turn 4 - P1 acts
  - P1 hand: Void Freak
  + P1 board: Void Freak
End of Turn 4: P1 board 3, P2 board 3, Dead Pool 0
Turn 5 - P2 acts
  - P2 hand: Marine Marauder
  + P2 board: Marine Marauder
End of Turn 5: P1 board 3, P2 board 4, Dead Pool 0
Turn 6 - P1 acts
  - P1 hand: Void Freak
  + P1 board: Void Freak
  - P2 board: Impact Simulant
  + P2 retired: Impact Simulant
  + Dead Pool: Impact Simulant
End of Turn 6: P1 board 4, P2 board 3, Dead Pool 1
Turn 7 - P2 acts
  - P2 hand: Killjoy
  + P2 board: Killjoy
  - P2 board: Sausage Droid
  + P2 retired: Sausage Droid
  + Dead Pool: Sausage Droid, Sausage Droid
End of Turn 7: P1 board 4, P2 board 3, Dead Pool 3
Turn 8 - P1 acts
  - P1 hand: Void Freak
  + P1 board: Void Freak
  - P2 board: Marine Marauder
  + P2 retired: Marine Marauder
  + Dead Pool: Marine Marauder
End of Turn 8: P1 board 5, P2 board 2, Dead Pool 4
Turn 9 - P2 acts
  - P1 board: Meat Vegetable
  + P1 retired: Meat Vegetable
  - P2 hand: Hover Shield
  + P2 board: Hover Shield
  + Dead Pool: Meat Vegetable
End of Turn 9: P1 board 4, P2 board 3, Dead Pool 5
Turn 10 - P1 acts
  - P1 hand: Primordial Oozer
  + P1 board: Primordial Oozer
  - P1 board: Void Freak
  + P1 retired: Void Freak
  - P2 board: Killjoy
  + P2 retired: Killjoy
  + Dead Pool: Void Freak, Void Freak, Killjoy
End of Turn 10: P1 board 4, P2 board 2, Dead Pool 8
Turn 11 - P2 acts
  - P2 hand: Marine Marauder
  + P2 board: Marine Marauder
End of Turn 11: P1 board 4, P2 board 3, Dead Pool 8
Turn 12 - P1 acts
  - P1 hand: Psychodelic Toad
  + P1 board: Psychodelic Toad
  - P2 board: Hover Shield
  + P2 retired: Hover Shield
  + Dead Pool: Hover Shield
End of Turn 12: P1 board 5, P2 board 2, Dead Pool 9
Turn 13 - P2 acts
  - P1 board: Void Freak
  + P1 retired: Void Freak
  - P2 hand: Detainment Probe
  + P2 board: Detainment Probe
  + Dead Pool: Void Freak
End of Turn 13: P1 board 4, P2 board 3, Dead Pool 10
Turn 14 - P1 acts
  - P1 hand: Local Singularity
  + P1 board: Local Singularity
  - P2 board: Marine Marauder
  + P2 retired: Marine Marauder
  + Dead Pool: Marine Marauder
End of Turn 14: P1 board 5, P2 board 2, Dead Pool 11
Turn 15 - P2 acts
  - P2 hand: Task Mistres
  + P2 board: Task Mistres
End of Turn 15: P1 board 5, P2 board 3, Dead Pool 11
Turn 16 - P1 acts
  - P1 hand: Käsekobold
  + P1 board: Käsekobold
  - P1 board: Void Freak
  + P1 retired: Void Freak
  + Dead Pool: Void Freak, Void Freak
End of Turn 16: P1 board 5, P2 board 3, Dead Pool 13
Turn 17 - P2 acts
  - P2 hand: Hover Shield
  + P2 board: Hover Shield
  - P2 board: Detainment Probe
  + P2 retired: Detainment Probe
  + Dead Pool: Detainment Probe, Detainment Probe
End of Turn 17: P1 board 5, P2 board 3, Dead Pool 15
Turn 18 - P1 acts
  - P1 hand: Restless Natives
  + P1 board: Restless Natives
End of Turn 18: P1 board 6, P2 board 3, Dead Pool 15
Turn 19 - P2 acts
  - P2 hand: Sentry Node
  + P2 board: Sentry Node
  - P2 board: Task Mistres
  + P2 retired: Task Mistres
  + Dead Pool: Task Mistres, Task Mistres
End of Turn 19: P1 board 6, P2 board 3, Dead Pool 17
Turn 20 - P1 acts
  - P1 hand: Nives
  + P1 board: Nives
  - P1 board: Primordial Oozer, Psychodelic Toad
  + P1 retired: Primordial Oozer, Psychodelic Toad
  + Dead Pool: Primordial Oozer, Primordial Oozer, Psychodelic Toad, Psychodelic Toad
End of Turn 20: P1 board 5, P2 board 3, Dead Pool 21
Turn 21 - P2 acts
  - P2 hand: Compliance Auditon
  + P2 board: Compliance Auditon
End of Turn 21: P1 board 5, P2 board 4, Dead Pool 21
Turn 22 - P1 acts
  - P1 hand: Technomancer
  + P1 board: Technomancer
  - P1 board: Local Singularity
  + P1 retired: Local Singularity
  - P2 board: Sentry Node
  + P2 retired: Sentry Node
  + Dead Pool: Local Singularity, Local Singularity, Sentry Node
End of Turn 22: P1 board 5, P2 board 3, Dead Pool 24
Turn 23 - P2 acts
  - P2 hand: Hover Shield
  + P2 board: Hover Shield
End of Turn 23: P1 board 5, P2 board 4, Dead Pool 24
Turn 24 - P1 acts
  - P1 hand: Voidling
  + P1 board: Voidling
  - P1 board: Käsekobold
  + P1 retired: Käsekobold
  - P2 board: Hover Shield
  + P2 retired: Hover Shield
  + Dead Pool: Hover Shield, Käsekobold, Käsekobold
End of Turn 24: P1 board 5, P2 board 3, Dead Pool 27
Turn 25 - P2 acts
  - P2 hand: Target Marker Probe
  + P2 board: Target Marker Probe
End of Turn 25: P1 board 5, P2 board 4, Dead Pool 27
Turn 26 - P1 acts
  - P1 hand: Meat Vegetable
  + P1 board: Meat Vegetable
End of Turn 26: P1 board 6, P2 board 4, Dead Pool 27
Turn 27 - P2 acts
  - P2 hand: Killjoy
  + P2 board: Killjoy
  - P2 board: Compliance Auditon
  + P2 retired: Compliance Auditon
  + Dead Pool: Compliance Auditon, Compliance Auditon
End of Turn 27: P1 board 6, P2 board 4, Dead Pool 29
Turn 28 - P1 acts
  - P1 hand: Mutt
  + P1 board: Mutt
  - P1 board: Restless Natives
  + P1 retired: Restless Natives
  - P2 board: Hover Shield
  + P2 retired: Hover Shield
  + Dead Pool: Hover Shield, Restless Natives, Restless Natives
End of Turn 28: P1 board 6, P2 board 3, Dead Pool 32
Turn 29 - P2 acts
  - P2 hand: Nob Lobber
  + P2 board: Nob Lobber
  - P2 board: Target Marker Probe
  + P2 retired: Target Marker Probe
  + Dead Pool: Target Marker Probe, Target Marker Probe
End of Turn 29: P1 board 6, P2 board 3, Dead Pool 34
Turn 30 - P1 acts
  - P1 hand: Annihilist Overseer
  + P1 board: Annihilist Overseer
  - P1 board: Nives
  + P1 retired: Nives
  + Dead Pool: Nives, Nives
End of Turn 30: P1 board 6, P2 board 3, Dead Pool 36
Turn 31 - P2 acts
  - P2 hand: Bruut Enforcer
  + P2 board: Bruut Enforcer
  - P2 board: Killjoy
  + P2 retired: Killjoy
  + Dead Pool: Killjoy, Killjoy
End of Turn 31: P1 board 6, P2 board 3, Dead Pool 38
Turn 32 - P1 acts
  - P1 hand: Käsekobold
  + P1 board: Käsekobold
  - P1 board: Annihilist Overseer
  + P1 retired: Annihilist Overseer
  + Dead Pool: Annihilist Overseer, Annihilist Overseer
End of Turn 32: P1 board 6, P2 board 3, Dead Pool 40
Turn 33 - P2 acts
  - P1 board: Technomancer
  + P1 retired: Technomancer
  - P2 hand: Compliance Auditon
  + P2 board: Compliance Auditon
  + Dead Pool: Technomancer
End of Turn 33: P1 board 5, P2 board 4, Dead Pool 41
Turn 34 - P1 acts
  - P1 hand: Mutt
  + P1 board: Mutt
  - P1 board: Voidling
  + P1 retired: Voidling
  + Dead Pool: Voidling, Voidling
End of Turn 34: P1 board 5, P2 board 4, Dead Pool 43
Turn 35 - P2 acts
  - P2 hand: Killjoy
  + P2 board: Killjoy
  - P2 board: Nob Lobber
  + P2 retired: Nob Lobber
  + Dead Pool: Nob Lobber, Nob Lobber
End of Turn 35: P1 board 5, P2 board 4, Dead Pool 45
Turn 36 - P1 acts
  - P1 hand: Restless Natives
  + P1 board: Restless Natives
End of Turn 36: P1 board 6, P2 board 4, Dead Pool 45
Turn 37 - P2 acts
  - P2 hand: MediFlux-1NDS
  + P2 board: MediFlux-1NDS
  - P2 board: Bruut Enforcer
  + P2 retired: Bruut Enforcer
  + Dead Pool: Bruut Enforcer, Bruut Enforcer
End of Turn 37: P1 board 6, P2 board 4, Dead Pool 47
Turn 38 - P1 acts
  - P1 hand: Annihilist Overseer
  + P1 board: Annihilist Overseer
  - P1 board: Meat Vegetable, Mutt
  + P1 retired: Meat Vegetable, Mutt
  + Dead Pool: Meat Vegetable, Meat Vegetable, Mutt, Mutt
End of Turn 38: P1 board 5, P2 board 4, Dead Pool 51
Turn 39 - P2 acts
  - P2 hand: Bruut Enforcer
  + P2 board: Bruut Enforcer
  - P2 board: Compliance Auditon
  + P2 retired: Compliance Auditon
  + Dead Pool: Compliance Auditon, Compliance Auditon
End of Turn 39: P1 board 5, P2 board 4, Dead Pool 53
Turn 40 - P1 acts
  - P1 hand: Voidling
  + P1 board: Voidling
  - P1 board: Annihilist Overseer
  + P1 retired: Annihilist Overseer
  + Dead Pool: Annihilist Overseer, Annihilist Overseer
End of Turn 40: P1 board 5, P2 board 4, Dead Pool 55
Turn 41 - P2 acts
  - P1 board: Käsekobold
  + P1 retired: Käsekobold
  - P2 hand: Dormex Lurker
  + P2 board: Dormex Lurker
  + Dead Pool: Käsekobold
End of Turn 41: P1 board 4, P2 board 5, Dead Pool 56
Turn 42 - P1 acts
  - P1 hand: Dragoon
  + P1 board: Dragoon
  - P1 board: Mutt
  + P1 retired: Mutt
  + Dead Pool: Mutt, Mutt
End of Turn 42: P1 board 4, P2 board 5, Dead Pool 58
Turn 43 - P2 acts
  - P1 board: Restless Natives
  + P1 retired: Restless Natives
  - P2 hand: Sausage Droid
  + P2 board: Sausage Droid
  + Dead Pool: Restless Natives
End of Turn 43: P1 board 3, P2 board 6, Dead Pool 59
Turn 44 - P1 acts
  - P1 hand: Blood Howler
  + P1 board: Blood Howler
End of Turn 44: P1 board 4, P2 board 6, Dead Pool 59
Turn 45 - P2 acts
  - P2 hand: Dormex Lurker
  + P2 board: Dormex Lurker
  - P2 board: Killjoy
  + P2 retired: Killjoy
  + Dead Pool: Killjoy, Killjoy
End of Turn 45: P1 board 4, P2 board 6, Dead Pool 61
Turn 46 - P1 acts
  - P1 hand: Void Freak
  + P1 board: Void Freak
End of Turn 46: P1 board 5, P2 board 6, Dead Pool 61
Turn 47 - P2 acts
  - P1 board: Voidling
  + P1 retired: Voidling
  - P2 hand: Dormex Lurker
  + P2 board: Dormex Lurker
  + Dead Pool: Voidling
End of Turn 47: P1 board 4, P2 board 7, Dead Pool 62
Turn 48 - P1 acts
  - P1 hand: Mutt
  + P1 board: Mutt
  - P1 board: Dragoon
  + P1 retired: Dragoon
  - P2 board: MediFlux-1NDS
  + P2 retired: MediFlux-1NDS
  + Dead Pool: Dragoon, Dragoon, MediFlux-1NDS
End of Turn 48: P1 board 4, P2 board 6, Dead Pool 65
Turn 49 - P2 acts
  - P2 hand: Detainment Probe
  + P2 board: Detainment Probe
End of Turn 49: P1 board 4, P2 board 7, Dead Pool 65
Turn 50 - P1 acts
  - P1 hand: Vex
  + P1 board: Vex
  - P1 board: Blood Howler
  + P1 retired: Blood Howler
  - P2 board: Bruut Enforcer
  + P2 retired: Bruut Enforcer
  + Dead Pool: Bruut Enforcer, Blood Howler, Blood Howler
End of Turn 50: P1 board 4, P2 board 6, Dead Pool 68
Turn 51 - P2 acts
  - P1 board: Void Freak
  + P1 retired: Void Freak
  - P2 hand: Target Marker Probe
  + P2 board: Target Marker Probe
  + Dead Pool: Void Freak
End of Turn 51: P1 board 3, P2 board 7, Dead Pool 69
Turn 52 - P1 acts
  - P1 hand: Dragoon
  + P1 board: Dragoon
  - P1 board: Mutt, Vex
  + P1 retired: Mutt, Vex
  + Dead Pool: Mutt, Mutt, Vex, Vex
End of Turn 52: P1 board 2, P2 board 7, Dead Pool 73
Turn 53 - P2 acts
  - P2 hand: Hover Shield
  + P2 board: Hover Shield
  - P2 board: Dormex Lurker
  + P2 retired: Dormex Lurker
  + Dead Pool: Dormex Lurker, Dormex Lurker
End of Turn 53: P1 board 2, P2 board 7, Dead Pool 75
Turn 54 - P1 acts
  - P1 hand: Meat Vegetable
  + P1 board: Meat Vegetable
End of Turn 54: P1 board 3, P2 board 7, Dead Pool 75
Turn 55 - P2 acts
  - P2 hand: Task Mistres
  + P2 board: Task Mistres
End of Turn 55: P1 board 3, P2 board 8, Dead Pool 75
Turn 56 - P1 acts
  - P1 hand: Vex
  + P1 board: Vex
  - P1 board: Dragoon
  + P1 retired: Dragoon
  + Dead Pool: Dragoon, Dragoon
End of Turn 56: P1 board 3, P2 board 8, Dead Pool 77
Turn 57 - P2 acts
  - P2 hand: Task Mistres
  + P2 board: Task Mistres
End of Turn 57: P1 board 3, P2 board 9, Dead Pool 77
Turn 58 - P1 acts
  - P1 hand: Technomancer
  + P1 board: Technomancer
  - P1 board: Meat Vegetable, Vex
  + P1 retired: Meat Vegetable, Vex
  + Dead Pool: Meat Vegetable, Meat Vegetable, Vex, Vex
End of Turn 58: P1 board 2, P2 board 9, Dead Pool 81
Turn 59 - P2 acts
  - P2 hand: K-9.0
  + P2 board: K-9.0
  - P2 board: Sausage Droid
  + P2 retired: Sausage Droid
  + Dead Pool: Sausage Droid, Sausage Droid
End of Turn 59: P1 board 2, P2 board 9, Dead Pool 83
Turn 60 - P1 acts
  - P1 hand: Technomancer
  + P1 retired: Technomancer
  + Dead Pool: Technomancer, Technomancer
End of Turn 60: P1 board 2, P2 board 9, Dead Pool 85
Turn 61 - P2 acts
  - P2 hand: K-9.0
  + P2 board: K-9.0
  - P2 board: Dormex Lurker
  + P2 retired: Dormex Lurker
  + Dead Pool: Dormex Lurker, Dormex Lurker
End of Turn 61: P1 board 2, P2 board 9, Dead Pool 87
Turn 62 - P1 acts
  - P1 hand: Blood Howler
  + P1 board: Blood Howler
End of Turn 62: P1 board 3, P2 board 9, Dead Pool 87
Turn 63 - P2 acts
  - P2 hand: Shield Array Node
  + P2 board: Shield Array Node
End of Turn 63: P1 board 3, P2 board 10, Dead Pool 87
Turn 64 - P1 acts
  - P1 hand: Voidling
  + P1 board: Voidling
  - P1 board: Technomancer
  + P1 retired: Technomancer
  + Dead Pool: Technomancer, Technomancer
End of Turn 64: P1 board 3, P2 board 10, Dead Pool 89
Turn 65 - P2 acts
  - P2 hand: Target Marker Probe
  + P2 board: Target Marker Probe
End of Turn 65: P1 board 3, P2 board 11, Dead Pool 89
Turn 66 - P1 acts
  - P1 hand: Mutt
  + P1 board: Mutt
  - P1 board: Blood Howler
  + P1 retired: Blood Howler
  + Dead Pool: Blood Howler, Blood Howler
End of Turn 66: P1 board 3, P2 board 11, Dead Pool 91
Turn 67 - P2 acts
  - P2 hand: MediFlux-1NDS
  + P2 board: MediFlux-1NDS
  - P2 board: Dormex Lurker
  + P2 retired: Dormex Lurker
  + Dead Pool: Dormex Lurker, Dormex Lurker
End of Turn 67: P1 board 3, P2 board 11, Dead Pool 93
Turn 68 - P1 acts
  - P1 hand: Blood Howler
  + P1 board: Blood Howler
End of Turn 68: P1 board 4, P2 board 11, Dead Pool 93
Turn 69 - P2 acts
  - P2 hand: Sentry Node
  + P2 board: Sentry Node
  - P2 board: Detainment Probe
  + P2 retired: Detainment Probe
  + Dead Pool: Detainment Probe, Detainment Probe
End of Turn 69: P1 board 4, P2 board 11, Dead Pool 95
Turn 70 - P1 acts
  - P1 hand: Käsekobold
  + P1 board: Käsekobold
  - P2 board: Target Marker Probe
  + P2 retired: Target Marker Probe
  + Dead Pool: Target Marker Probe
End of Turn 70: P1 board 5, P2 board 10, Dead Pool 96
Turn 71 - P2 acts
  - P1 board: Voidling
  + P1 retired: Voidling
  - P2 hand: Sausage Droid
  + P2 board: Sausage Droid
  + Dead Pool: Voidling
End of Turn 71: P1 board 4, P2 board 11, Dead Pool 97
Turn 72 - P1 acts
  - P1 hand: Restless Natives
  + P1 board: Restless Natives
End of Turn 72: P1 board 5, P2 board 11, Dead Pool 97
Turn 73 - P2 acts
  - P1 board: Mutt
  + P1 retired: Mutt
  - P2 hand: Nob Lobber
  + P2 board: Nob Lobber
  - P2 board: Hover Shield, Sentry Node
  + P2 retired: Hover Shield, Sentry Node
  + Dead Pool: Hover Shield, Hover Shield, Sentry Node, Sentry Node, Mutt
End of Turn 73: P1 board 4, P2 board 10, Dead Pool 102
Turn 74 - P1 acts
  - P1 hand: Primordial Oozer
  + P1 board: Primordial Oozer
End of Turn 74: P1 board 5, P2 board 10, Dead Pool 102
Turn 75 - P2 acts
  - P2 hand: MediFlux-1NDS
  + P2 board: MediFlux-1NDS
End of Turn 75: P1 board 5, P2 board 11, Dead Pool 102
Turn 76 - P1 acts
  - P1 hand: Krax
  + P1 board: Krax
  - P1 board: Blood Howler, Käsekobold
  + P1 retired: Käsekobold, Blood Howler
  + Dead Pool: Käsekobold, Käsekobold, Blood Howler, Blood Howler
End of Turn 76: P1 board 4, P2 board 11, Dead Pool 106
Turn 77 - P2 acts
  - P2 hand: Marine Marauder
  + P2 board: Marine Marauder
  - P2 board: Task Mistres
  + P2 retired: Task Mistres
  + Dead Pool: Task Mistres, Task Mistres
End of Turn 77: P1 board 4, P2 board 11, Dead Pool 108
Turn 78 - P1 acts
  - P1 hand: Dragoon
  + P1 board: Dragoon
  - P1 board: Restless Natives
  + P1 retired: Restless Natives
  + Dead Pool: Restless Natives, Restless Natives
End of Turn 78: P1 board 4, P2 board 11, Dead Pool 110
Turn 79 - P2 acts
  - P2 hand: Impact Simulant
  + P2 board: Impact Simulant
End of Turn 79: P1 board 4, P2 board 12, Dead Pool 110
Turn 80 - P1 acts
  - P1 hand: Helvis
  + P1 board: Helvis
  - P1 board: Primordial Oozer, Krax, Dragoon
  + P1 retired: Primordial Oozer, Dragoon, Krax
  + Dead Pool: Primordial Oozer, Primordial Oozer, Dragoon, Dragoon, Krax, Krax
End of Turn 80: P1 board 2, P2 board 12, Dead Pool 116
Turn 81 - P2 acts
  - P2 hand: Shield Array Node
  + P2 board: Shield Array Node
End of Turn 81: P1 board 2, P2 board 13, Dead Pool 116
Turn 82 - P1 acts
  - P1 hand: Vex
  + P1 board: Vex
  - P1 board: Helvis
  + P1 retired: Helvis
  + Dead Pool: Helvis, Helvis
End of Turn 82: P1 board 2, P2 board 13, Dead Pool 118
Turn 83 - P2 acts
  - P2 hand: Sentry Node
  + P2 board: Sentry Node
  - P2 board: Task Mistres
  + P2 retired: Task Mistres
  + Dead Pool: Task Mistres, Task Mistres
End of Turn 83: P1 board 2, P2 board 13, Dead Pool 120
Turn 84 - P1 acts
  - P1 hand: Käsekobold
  + P1 board: Käsekobold
  - P1 board: Vex
  + P1 retired: Vex
  + Dead Pool: Vex, Vex
End of Turn 84: P1 board 2, P2 board 13, Dead Pool 122
Turn 85 - P2 acts
  - P2 hand: Compliance Auditon
  + P2 board: Compliance Auditon
End of Turn 85: P1 board 2, P2 board 14, Dead Pool 122
Turn 86 - P1 acts
  - P1 hand: Krax
  + P1 board: Krax
  - P1 board: Grim, Käsekobold
  + P1 retired: Käsekobold, Grim
  + Dead Pool: Käsekobold, Käsekobold, Grim, Grim
Result: winner P2 | turns 85
Retired: P1 43, P2 30, Dead Pool 126

=== Game seed 11084 ===
Starting: P1 faction PCU vs P2 faction NARC
Turn 1 - P2 acts
  - P2 hand: Sausage Droid
  + P2 board: Sausage Droid
End of Turn 1: P1 board 1, P2 board 2, Dead Pool 0
Turn 2 - P1 acts
  - P1 hand: Void Freak
  + P1 board: Void Freak
End of Turn 2: P1 board 2, P2 board 2, Dead Pool 0
Turn 3 - P2 acts
  - P2 hand: Sausage Droid
  + P2 board: Sausage Droid
End of Turn 3: P1 board 2, P2 board 3, Dead Pool 0
Turn 4 - P1 acts
  - P1 hand: Psychodelic Toad
  + P1 board: Psychodelic Toad
  - P2 board: Sausage Droid
  + P2 retired: Sausage Droid
  + Dead Pool: Sausage Droid
End of Turn 4: P1 board 3, P2 board 2, Dead Pool 1
Turn 5 - P2 acts
  - P1 board: Void Freak
  + P1 retired: Void Freak
  - P2 hand: Sausage Droid
  + P2 board: Sausage Droid
  + Dead Pool: Void Freak
End of Turn 5: P1 board 2, P2 board 3, Dead Pool 2
Turn 6 - P1 acts
  - P1 hand: Psychodelic Toad
  + P1 retired: Psychodelic Toad
  + Dead Pool: Psychodelic Toad, Psychodelic Toad
End of Turn 6: P1 board 2, P2 board 3, Dead Pool 4
Turn 7 - P2 acts
  - P2 hand: Shield Array Node
  + P2 board: Shield Array Node
  - P2 board: Sausage Droid
  + P2 retired: Sausage Droid
  + Dead Pool: Sausage Droid, Sausage Droid
End of Turn 7: P1 board 2, P2 board 3, Dead Pool 6
Turn 8 - P1 acts
  - P1 hand: Meat Vegetable
  + P1 board: Meat Vegetable
End of Turn 8: P1 board 3, P2 board 3, Dead Pool 6
Turn 9 - P2 acts
  - P2 hand: Marine Marauder
  + P2 board: Marine Marauder
  - P2 board: Sausage Droid
  + P2 retired: Sausage Droid
  + Dead Pool: Sausage Droid, Sausage Droid
End of Turn 9: P1 board 3, P2 board 3, Dead Pool 8
Turn 10 - P1 acts
  - P1 hand: Meat Vegetable
  + P1 board: Meat Vegetable
  - P1 board: Psychodelic Toad
  + P1 retired: Psychodelic Toad
  + Dead Pool: Psychodelic Toad, Psychodelic Toad
End of Turn 10: P1 board 3, P2 board 3, Dead Pool 10
Turn 11 - P2 acts
  - P2 hand: Hover Shield
  + P2 board: Hover Shield
End of Turn 11: P1 board 3, P2 board 4, Dead Pool 10
Turn 12 - P1 acts
  - P1 hand: Restless Natives
  + P1 board: Restless Natives
End of Turn 12: P1 board 4, P2 board 4, Dead Pool 10
Turn 13 - P2 acts
  - P2 hand: MediFlux-1NDS
  + P2 board: MediFlux-1NDS
End of Turn 13: P1 board 4, P2 board 5, Dead Pool 10
Turn 14 - P1 acts
  - P1 hand: Local Singularity
  + P1 board: Local Singularity
  - P1 board: Meat Vegetable
  + P1 retired: Meat Vegetable
  - P2 board: Shield Array Node
  + P2 retired: Shield Array Node
  + Dead Pool: Meat Vegetable, Meat Vegetable, Shield Array Node
End of Turn 14: P1 board 4, P2 board 4, Dead Pool 13
Turn 15 - P2 acts
  - P2 hand: MediFlux-1NDS
  + P2 board: MediFlux-1NDS
End of Turn 15: P1 board 4, P2 board 5, Dead Pool 13
Turn 16 - P1 acts
  - P1 hand: Voidling
  + P1 board: Voidling
  - P2 board: Marine Marauder
  + P2 retired: Marine Marauder
  + Dead Pool: Marine Marauder
End of Turn 16: P1 board 5, P2 board 4, Dead Pool 14
Turn 17 - P2 acts
  - P2 hand: Marine Marauder
  + P2 board: Marine Marauder
End of Turn 17: P1 board 5, P2 board 5, Dead Pool 14
Turn 18 - P1 acts
  - P1 hand: Voidling
  + P1 board: Voidling
  - P1 board: Meat Vegetable, Restless Natives
  + P1 retired: Meat Vegetable, Restless Natives
  + Dead Pool: Meat Vegetable, Meat Vegetable, Restless Natives, Restless Natives
End of Turn 18: P1 board 4, P2 board 5, Dead Pool 18
Turn 19 - P2 acts
  - P2 hand: Marine Marauder
  + P2 board: Marine Marauder
  - P2 board: Hover Shield
  + P2 retired: Hover Shield
  + Dead Pool: Hover Shield, Hover Shield
End of Turn 19: P1 board 4, P2 board 5, Dead Pool 20
Turn 20 - P1 acts
  - P1 hand: Käsekobold
  + P1 board: Käsekobold
End of Turn 20: P1 board 5, P2 board 5, Dead Pool 20
Turn 21 - P2 acts
  - P2 hand: K-9.0
  + P2 board: K-9.0
End of Turn 21: P1 board 5, P2 board 6, Dead Pool 20
Turn 22 - P1 acts
  - P1 hand: Vex
  + P1 board: Vex
  - P1 board: Local Singularity
  + P1 retired: Local Singularity
  - P2 board: MediFlux-1NDS
  + P2 retired: MediFlux-1NDS
  + Dead Pool: Local Singularity, Local Singularity, MediFlux-1NDS
End of Turn 22: P1 board 5, P2 board 5, Dead Pool 23
Turn 23 - P2 acts
  - P1 board: Voidling
  + P1 retired: Voidling
  - P2 hand: Hover Shield
  + P2 board: Hover Shield
  + Dead Pool: Voidling
End of Turn 23: P1 board 4, P2 board 6, Dead Pool 24
Turn 24 - P1 acts
  - P1 hand: Blood Howler
  + P1 board: Blood Howler
End of Turn 24: P1 board 5, P2 board 6, Dead Pool 24
Turn 25 - P2 acts
  - P2 hand: Impact Simulant
  + P2 board: Impact Simulant
End of Turn 25: P1 board 5, P2 board 7, Dead Pool 24
Turn 26 - P1 acts
  - P1 hand: Meat Vegetable
  + P1 board: Meat Vegetable
  - P1 board: Vex
  + P1 retired: Vex
  + Dead Pool: Vex, Vex
End of Turn 26: P1 board 5, P2 board 7, Dead Pool 26
Turn 27 - P2 acts
  - P2 hand: Task Mistres
  + P2 board: Task Mistres
End of Turn 27: P1 board 5, P2 board 8, Dead Pool 26
Turn 28 - P1 acts
  - P1 hand: Primordial Oozer
  + P1 board: Primordial Oozer
End of Turn 28: P1 board 6, P2 board 8, Dead Pool 26
Turn 29 - P2 acts
  - P2 hand: Sausage Droid
  + P2 board: Sausage Droid
End of Turn 29: P1 board 6, P2 board 9, Dead Pool 26
Turn 30 - P1 acts
  - P1 hand: Primordial Oozer
  + P1 board: Primordial Oozer
  - P2 board: Marine Marauder
  + P2 retired: Marine Marauder
  + Dead Pool: Marine Marauder
End of Turn 30: P1 board 7, P2 board 8, Dead Pool 27
Turn 31 - P2 acts
  - P1 board: Voidling
  + P1 retired: Voidling
  - P2 hand: K-9.0
  + P2 board: K-9.0
  - P2 board: MediFlux-1NDS
  + P2 retired: MediFlux-1NDS
  + Dead Pool: MediFlux-1NDS, MediFlux-1NDS, Voidling
End of Turn 31: P1 board 6, P2 board 8, Dead Pool 30
Turn 32 - P1 acts
  - P1 hand: Technomancer
  + P1 board: Technomancer
  - P1 board: Käsekobold
  + P1 retired: Käsekobold
  + Dead Pool: Käsekobold, Käsekobold
End of Turn 32: P1 board 6, P2 board 8, Dead Pool 32
Turn 33 - P2 acts
  - P2 hand: Dormex Lurker
  + P2 board: Dormex Lurker
  - P2 board: Marine Marauder
  + P2 retired: Marine Marauder
  + Dead Pool: Marine Marauder, Marine Marauder
End of Turn 33: P1 board 6, P2 board 8, Dead Pool 34
Turn 34 - P1 acts
  - P1 hand: Nives
  + P1 board: Nives
  - P1 board: Blood Howler
  + P1 retired: Blood Howler
  + Dead Pool: Blood Howler, Blood Howler
End of Turn 34: P1 board 6, P2 board 8, Dead Pool 36
Turn 35 - P2 acts
  - P1 board: Primordial Oozer
  + P1 retired: Primordial Oozer
  - P2 hand: Hover Shield
  + P2 board: Hover Shield
  + Dead Pool: Primordial Oozer
End of Turn 35: P1 board 5, P2 board 9, Dead Pool 37
Turn 36 - P1 acts
  - P1 hand: Technomancer
  + P1 board: Technomancer
  - P1 board: Meat Vegetable
  + P1 retired: Meat Vegetable
  - P2 board: K-9.0
  + P2 retired: K-9.0
  + Dead Pool: Meat Vegetable, Meat Vegetable, K-9.0
End of Turn 36: P1 board 5, P2 board 8, Dead Pool 40
Turn 37 - P2 acts
  - P2 hand: Impact Simulant
  + P2 board: Impact Simulant
End of Turn 37: P1 board 5, P2 board 9, Dead Pool 40
Turn 38 - P1 acts
  - P1 hand: Mutt
  + P1 board: Mutt
  - P1 board: Primordial Oozer
  + P1 retired: Primordial Oozer
  + Dead Pool: Primordial Oozer, Primordial Oozer
End of Turn 38: P1 board 5, P2 board 9, Dead Pool 42
Turn 39 - P2 acts
  - P2 hand: Task Mistres
  + P2 board: Task Mistres
End of Turn 39: P1 board 5, P2 board 10, Dead Pool 42
Turn 40 - P1 acts
  - P1 hand: Mutt
  + P1 board: Mutt
  - P1 board: Technomancer
  + P1 retired: Technomancer
  - P2 board: Hover Shield
  + P2 retired: Hover Shield
  + Dead Pool: Hover Shield, Technomancer, Technomancer
End of Turn 40: P1 board 5, P2 board 9, Dead Pool 45
Turn 41 - P2 acts
  - P1 board: Nives
  + P1 retired: Nives
  - P2 hand: Killjoy
  + P2 board: Killjoy
  - P2 board: Impact Simulant
  + P2 retired: Impact Simulant
  + Dead Pool: Impact Simulant, Impact Simulant, Nives
End of Turn 41: P1 board 4, P2 board 9, Dead Pool 48
Turn 42 - P1 acts
  - P1 hand: Krax
  + P1 board: Krax
  - P1 board: Technomancer
  + P1 retired: Technomancer
  + Dead Pool: Technomancer, Technomancer
End of Turn 42: P1 board 4, P2 board 9, Dead Pool 50
Turn 43 - P2 acts
  - P1 board: Mutt
  + P1 retired: Mutt
  - P2 hand: Bruut Enforcer
  + P2 board: Bruut Enforcer
  - P2 board: Task Mistres
  + P2 retired: Task Mistres
  + Dead Pool: Task Mistres, Task Mistres, Mutt
End of Turn 43: P1 board 3, P2 board 9, Dead Pool 53
Turn 44 - P1 acts
  - P1 hand: Restless Natives
  + P1 board: Restless Natives
End of Turn 44: P1 board 4, P2 board 9, Dead Pool 53
Turn 45 - P2 acts
  - P2 hand: Nob Lobber
  + P2 board: Nob Lobber
  - P2 board: Sausage Droid
  + P2 retired: Sausage Droid
  + Dead Pool: Sausage Droid, Sausage Droid
End of Turn 45: P1 board 4, P2 board 9, Dead Pool 55
Turn 46 - P1 acts
  - P1 hand: Dragoon
  + P1 board: Dragoon
  - P1 board: Mutt, Krax
  + P1 retired: Mutt, Krax
  + Dead Pool: Mutt, Mutt, Krax, Krax
End of Turn 46: P1 board 3, P2 board 9, Dead Pool 59
Turn 47 - P2 acts
  - P2 hand: Shield Array Node
  + P2 board: Shield Array Node
End of Turn 47: P1 board 3, P2 board 10, Dead Pool 59
Turn 48 - P1 acts
  - P1 hand: Käsekobold
  + P1 board: Käsekobold
  - P1 board: Restless Natives
  + P1 retired: Restless Natives
  + Dead Pool: Restless Natives, Restless Natives
End of Turn 48: P1 board 3, P2 board 10, Dead Pool 61
Turn 49 - P2 acts
  - P2 hand: Compliance Auditon
  + P2 board: Compliance Auditon
End of Turn 49: P1 board 3, P2 board 11, Dead Pool 61
Turn 50 - P1 acts
  - P1 hand: Void Freak
  + P1 board: Void Freak
  - P2 board: K-9.0
  + P2 retired: K-9.0
  + Dead Pool: K-9.0
End of Turn 50: P1 board 4, P2 board 10, Dead Pool 62
Turn 51 - P2 acts
  - P1 board: Dragoon
  + P1 retired: Dragoon
  - P2 hand: Compliance Auditon
  + P2 board: Compliance Auditon
  + Dead Pool: Dragoon
End of Turn 51: P1 board 3, P2 board 11, Dead Pool 63
Turn 52 - P1 acts
  - P1 hand: Nives
  + P1 board: Nives
  - P1 board: Käsekobold
  + P1 retired: Käsekobold
  - P2 board: Dormex Lurker
  + P2 retired: Dormex Lurker
  + Dead Pool: Käsekobold, Käsekobold, Dormex Lurker
End of Turn 52: P1 board 3, P2 board 10, Dead Pool 66
Turn 53 - P2 acts
  - P2 hand: Compliance Auditon
  + P2 board: Compliance Auditon
End of Turn 53: P1 board 3, P2 board 11, Dead Pool 66
Turn 54 - P1 acts
  - P1 hand: Krax
  + P1 board: Krax
  - P1 board: Void Freak, Nives
  + P1 retired: Void Freak, Nives
  + Dead Pool: Void Freak, Void Freak, Nives, Nives
End of Turn 54: P1 board 2, P2 board 11, Dead Pool 70
Turn 55 - P2 acts
  - P2 hand: Target Marker Probe
  + P2 board: Target Marker Probe
End of Turn 55: P1 board 2, P2 board 12, Dead Pool 70
Turn 56 - P1 acts
  - P1 hand: Nives
  + P1 board: Nives
  - P1 board: Krax
  + P1 retired: Krax
  + Dead Pool: Krax, Krax
End of Turn 56: P1 board 2, P2 board 12, Dead Pool 72
Turn 57 - P2 acts
  - P2 hand: Hover Shield
  + P2 board: Hover Shield
End of Turn 57: P1 board 2, P2 board 13, Dead Pool 72
Turn 58 - P1 acts
  - P1 hand: Krax
  + P1 board: Krax
  - P1 board: Grim, Nives
  + P1 retired: Nives, Grim
  + Dead Pool: Nives, Nives, Grim
Result: winner P2 | turns 57
Retired: P1 29, P2 17, Dead Pool 75

=== Game seed 11085 ===
Starting: P1 faction PCU vs P2 faction NARC
Turn 1 - P2 acts
  - P2 hand: Impact Simulant
  + P2 board: Impact Simulant
End of Turn 1: P1 board 1, P2 board 2, Dead Pool 0
Turn 2 - P1 acts
  - P1 hand: Primordial Oozer
  + P1 board: Primordial Oozer
End of Turn 2: P1 board 2, P2 board 2, Dead Pool 0
Turn 3 - P2 acts
  - P2 hand: Sausage Droid
  + P2 board: Sausage Droid
End of Turn 3: P1 board 2, P2 board 3, Dead Pool 0
Turn 4 - P1 acts
  - P1 hand: Meat Vegetable
  + P1 board: Meat Vegetable
End of Turn 4: P1 board 3, P2 board 3, Dead Pool 0
Turn 5 - P2 acts
  - P2 hand: Hover Shield
  + P2 board: Hover Shield
End of Turn 5: P1 board 3, P2 board 4, Dead Pool 0
Turn 6 - P1 acts
  - P1 hand: Restless Natives
  + P1 board: Restless Natives
  - P1 board: Primordial Oozer
  + P1 retired: Primordial Oozer
  + Dead Pool: Primordial Oozer, Primordial Oozer
End of Turn 6: P1 board 3, P2 board 4, Dead Pool 2
Turn 7 - P2 acts
  - P2 hand: MediFlux-1NDS
  + P2 board: MediFlux-1NDS
  - P2 board: Impact Simulant
  + P2 retired: Impact Simulant
  + Dead Pool: Impact Simulant, Impact Simulant
End of Turn 7: P1 board 3, P2 board 4, Dead Pool 4
Turn 8 - P1 acts
  - P1 hand: Blood Howler
  + P1 board: Blood Howler
End of Turn 8: P1 board 4, P2 board 4, Dead Pool 4
Turn 9 - P2 acts
  - P2 hand: Sausage Droid
  + P2 board: Sausage Droid
End of Turn 9: P1 board 4, P2 board 5, Dead Pool 4
Turn 10 - P1 acts
  - P1 hand: Local Singularity
  + P1 board: Local Singularity
  - P1 board: Meat Vegetable
  + P1 retired: Meat Vegetable
  - P2 board: Sausage Droid
  + P2 retired: Sausage Droid
  + Dead Pool: Meat Vegetable, Meat Vegetable, Sausage Droid
End of Turn 10: P1 board 4, P2 board 4, Dead Pool 7
Turn 11 - P2 acts
  - P2 hand: Detainment Probe
  + P2 board: Detainment Probe
End of Turn 11: P1 board 4, P2 board 5, Dead Pool 7
Turn 12 - P1 acts
  - P1 hand: Käsekobold
  + P1 board: Käsekobold
  - P1 board: Restless Natives
  + P1 retired: Restless Natives
  + Dead Pool: Restless Natives, Restless Natives
End of Turn 12: P1 board 4, P2 board 5, Dead Pool 9
Turn 13 - P2 acts
  - P2 hand: MediFlux-1NDS
  + P2 board: MediFlux-1NDS
End of Turn 13: P1 board 4, P2 board 6, Dead Pool 9
Turn 14 - P1 acts
  - P1 hand: Meat Vegetable
  + P1 board: Meat Vegetable
End of Turn 14: P1 board 5, P2 board 6, Dead Pool 9
Turn 15 - P2 acts
  - P2 hand: K-9.0
  + P2 board: K-9.0
  - P2 board: Hover Shield
  + P2 retired: Hover Shield
  + Dead Pool: Hover Shield, Hover Shield
End of Turn 15: P1 board 5, P2 board 6, Dead Pool 11
Turn 16 - P1 acts
  - P1 hand: Annihilist Overseer
  + P1 board: Annihilist Overseer
  - P1 board: Blood Howler
  + P1 retired: Blood Howler
  + Dead Pool: Blood Howler, Blood Howler
End of Turn 16: P1 board 5, P2 board 6, Dead Pool 13
Turn 17 - P2 acts
  - P2 hand: Impact Simulant
  + P2 board: Impact Simulant
End of Turn 17: P1 board 5, P2 board 7, Dead Pool 13
Turn 18 - P1 acts
  - P1 hand: Technomancer
  + P1 board: Technomancer
  - P1 board: Local Singularity, Annihilist Overseer
  + P1 retired: Local Singularity, Annihilist Overseer
  + Dead Pool: Local Singularity, Local Singularity, Annihilist Overseer, Annihilist Overseer
End of Turn 18: P1 board 4, P2 board 7, Dead Pool 17
Turn 19 - P2 acts
  - P2 hand: Dormex Lurker
  + P2 board: Dormex Lurker
  - P2 board: MediFlux-1NDS
  + P2 retired: MediFlux-1NDS
  + Dead Pool: MediFlux-1NDS, MediFlux-1NDS
End of Turn 19: P1 board 4, P2 board 7, Dead Pool 19
Turn 20 - P1 acts
  - P1 hand: Blood Howler
  + P1 board: Blood Howler
End of Turn 20: P1 board 5, P2 board 7, Dead Pool 19
Turn 21 - P2 acts
  - P1 board: Käsekobold
  + P1 retired: Käsekobold
  - P2 hand: Marine Marauder
  + P2 board: Marine Marauder
  - P2 board: Sausage Droid
  + P2 retired: Sausage Droid
  + Dead Pool: Sausage Droid, Sausage Droid, Käsekobold
End of Turn 21: P1 board 4, P2 board 7, Dead Pool 22
Turn 22 - P1 acts
  - P1 hand: Psychodelic Toad
  + P1 board: Psychodelic Toad
End of Turn 22: P1 board 5, P2 board 7, Dead Pool 22
Turn 23 - P2 acts
  - P2 hand: Bruut Enforcer
  + P2 board: Bruut Enforcer
  - P2 board: Detainment Probe
  + P2 retired: Detainment Probe
  + Dead Pool: Detainment Probe, Detainment Probe
End of Turn 23: P1 board 5, P2 board 7, Dead Pool 24
Turn 24 - P1 acts
  - P1 hand: Local Singularity
  + P1 board: Local Singularity
  - P1 board: Meat Vegetable
  + P1 retired: Meat Vegetable
  + Dead Pool: Meat Vegetable, Meat Vegetable
End of Turn 24: P1 board 5, P2 board 7, Dead Pool 26
Turn 25 - P2 acts
  - P2 hand: Sentry Node
  + P2 board: Sentry Node
  - P2 board: MediFlux-1NDS
  + P2 retired: MediFlux-1NDS
  + Dead Pool: MediFlux-1NDS, MediFlux-1NDS
End of Turn 25: P1 board 5, P2 board 7, Dead Pool 28
Turn 26 - P1 acts
  - P1 hand: Meat Vegetable
  + P1 board: Meat Vegetable
  - P1 board: Psychodelic Toad
  + P1 retired: Psychodelic Toad
  + Dead Pool: Psychodelic Toad, Psychodelic Toad
End of Turn 26: P1 board 5, P2 board 7, Dead Pool 30
Turn 27 - P2 acts
  - P2 hand: K-9.0
  + P2 board: K-9.0
End of Turn 27: P1 board 5, P2 board 8, Dead Pool 30
Turn 28 - P1 acts
  - P1 hand: Mutt
  + P1 board: Mutt
  - P1 board: Technomancer
  + P1 retired: Technomancer
  + Dead Pool: Technomancer, Technomancer
End of Turn 28: P1 board 5, P2 board 8, Dead Pool 32
Turn 29 - P2 acts
  - P2 hand: K-9.0
  + P2 retired: K-9.0
  + Dead Pool: K-9.0, K-9.0
End of Turn 29: P1 board 5, P2 board 8, Dead Pool 34
Turn 30 - P1 acts
  - P1 hand: Käsekobold
  + P1 board: Käsekobold
End of Turn 30: P1 board 6, P2 board 8, Dead Pool 34
Turn 31 - P2 acts
  - P2 hand: Marine Marauder
  + P2 board: Marine Marauder
  - P2 board: Impact Simulant
  + P2 retired: Impact Simulant
  + Dead Pool: Impact Simulant, Impact Simulant
End of Turn 31: P1 board 6, P2 board 8, Dead Pool 36
Turn 32 - P1 acts
  - P1 hand: Primordial Oozer
  + P1 board: Primordial Oozer
End of Turn 32: P1 board 7, P2 board 8, Dead Pool 36
Turn 33 - P2 acts
  - P1 board: Blood Howler
  + P1 retired: Blood Howler
  - P2 hand: Hover Shield
  + P2 board: Hover Shield
  + Dead Pool: Blood Howler
End of Turn 33: P1 board 6, P2 board 9, Dead Pool 37
Turn 34 - P1 acts
  - P1 hand: Restless Natives
  + P1 board: Restless Natives
End of Turn 34: P1 board 7, P2 board 9, Dead Pool 37
Turn 35 - P2 acts
  - P1 board: Local Singularity
  + P1 retired: Local Singularity
  - P2 hand: Nob Lobber
  + P2 board: Nob Lobber
  - P2 board: Dormex Lurker
  + P2 retired: Dormex Lurker
  + Dead Pool: Local Singularity, Dormex Lurker, Dormex Lurker
End of Turn 35: P1 board 6, P2 board 9, Dead Pool 40
Turn 36 - P1 acts
  - P1 hand: Primordial Oozer
  + P1 board: Primordial Oozer
  - P2 board: Marine Marauder
  + P2 retired: Marine Marauder
  + Dead Pool: Marine Marauder
End of Turn 36: P1 board 7, P2 board 8, Dead Pool 41
Turn 37 - P2 acts
  - P2 hand: Task Mistres
  + P2 board: Task Mistres
End of Turn 37: P1 board 7, P2 board 9, Dead Pool 41
Turn 38 - P1 acts
  - P1 hand: Nives
  + P1 board: Nives
  - P1 board: Meat Vegetable
  + P1 retired: Meat Vegetable
  - P2 board: Sentry Node
  + P2 retired: Sentry Node
  + Dead Pool: Meat Vegetable, Meat Vegetable, Sentry Node
End of Turn 38: P1 board 7, P2 board 8, Dead Pool 44
Turn 39 - P2 acts
  - P1 board: Mutt
  + P1 retired: Mutt
  - P2 hand: Dormex Lurker
  + P2 board: Dormex Lurker
  - P2 board: Bruut Enforcer
  + P2 retired: Bruut Enforcer
  + Dead Pool: Bruut Enforcer, Bruut Enforcer, Mutt
End of Turn 39: P1 board 6, P2 board 8, Dead Pool 47
Turn 40 - P1 acts
  - P1 hand: Voidling
  + P1 board: Voidling
End of Turn 40: P1 board 7, P2 board 8, Dead Pool 47
Turn 41 - P2 acts
  - P1 board: Käsekobold
  + P1 retired: Käsekobold
  - P2 hand: Task Mistres
  + P2 board: Task Mistres
  + Dead Pool: Käsekobold
End of Turn 41: P1 board 6, P2 board 9, Dead Pool 48
Turn 42 - P1 acts
  - P1 hand: Dragoon
  + P1 board: Dragoon
  - P1 board: Primordial Oozer
  + P1 retired: Primordial Oozer
  - P2 board: K-9.0
  + P2 retired: K-9.0
  + Dead Pool: Primordial Oozer, Primordial Oozer, K-9.0
End of Turn 42: P1 board 6, P2 board 8, Dead Pool 51
Turn 43 - P2 acts
  - P2 hand: Bruut Enforcer
  + P2 board: Bruut Enforcer
  - P2 board: K-9.0
  + P2 retired: K-9.0
  + Dead Pool: K-9.0, K-9.0
End of Turn 43: P1 board 6, P2 board 8, Dead Pool 53
Turn 44 - P1 acts
  - P1 hand: Käsekobold
  + P1 board: Käsekobold
  - P1 board: Restless Natives
  + P1 retired: Restless Natives
  + Dead Pool: Restless Natives, Restless Natives
End of Turn 44: P1 board 6, P2 board 8, Dead Pool 55
Turn 45 - P2 acts
  - P2 hand: Target Marker Probe
  + P2 board: Target Marker Probe
End of Turn 45: P1 board 6, P2 board 9, Dead Pool 55
Turn 46 - P1 acts
  - P1 hand: Dragoon
  + P1 board: Dragoon
  - P1 board: Primordial Oozer, Nives
  + P1 retired: Primordial Oozer, Nives
  - P2 board: Marine Marauder
  + P2 retired: Marine Marauder
  + Dead Pool: Primordial Oozer, Primordial Oozer, Marine Marauder, Nives, Nives
End of Turn 46: P1 board 5, P2 board 8, Dead Pool 60
Turn 47 - P2 acts
  - P2 hand: Target Marker Probe
  + P2 board: Target Marker Probe
End of Turn 47: P1 board 5, P2 board 9, Dead Pool 60
Turn 48 - P1 acts
  - P1 hand: Mutt
  + P1 board: Mutt
  - P1 board: Voidling
  + P1 retired: Voidling
  + Dead Pool: Voidling, Voidling
End of Turn 48: P1 board 5, P2 board 9, Dead Pool 62
Turn 49 - P2 acts
  - P2 hand: Shield Array Node
  + P2 board: Shield Array Node
End of Turn 49: P1 board 5, P2 board 10, Dead Pool 62
Turn 50 - P1 acts
  - P1 hand: Void Freak
  + P1 board: Void Freak
  - P1 board: Dragoon
  + P1 retired: Dragoon
  - P2 board: Hover Shield
  + P2 retired: Hover Shield
  + Dead Pool: Hover Shield, Dragoon, Dragoon
End of Turn 50: P1 board 5, P2 board 9, Dead Pool 65
Turn 51 - P2 acts
  - P2 hand: Impact Simulant
  + P2 board: Impact Simulant
End of Turn 51: P1 board 5, P2 board 10, Dead Pool 65
Turn 52 - P1 acts
  - P1 hand: Vex
  + P1 board: Vex
  - P1 board: Käsekobold
  + P1 retired: Käsekobold
  + Dead Pool: Käsekobold, Käsekobold
End of Turn 52: P1 board 5, P2 board 10, Dead Pool 67
Turn 53 - P2 acts
  - P2 hand: Target Marker Probe
  + P2 board: Target Marker Probe
End of Turn 53: P1 board 5, P2 board 11, Dead Pool 67
Turn 54 - P1 acts
  - P1 hand: Krax
  + P1 board: Krax
  - P1 board: Dragoon
  + P1 retired: Dragoon
  - P2 board: Lokar Simmons
  + P2 retired: Lokar Simmons
  + Dead Pool: Dragoon, Dragoon, Lokar Simmons
Result: winner P1 | turns 53
Retired: P1 23, P2 18, Dead Pool 70

=== Game seed 11086 ===
Starting: P1 faction PCU vs P2 faction NARC
Turn 1 - P1 acts
  - P1 hand: Meat Vegetable
  + P1 board: Meat Vegetable
End of Turn 1: P1 board 2, P2 board 1, Dead Pool 0
Turn 2 - P2 acts
  - P2 hand: Impact Simulant
  + P2 board: Impact Simulant
End of Turn 2: P1 board 2, P2 board 2, Dead Pool 0
Turn 3 - P1 acts
  - P1 hand: Meat Vegetable
  + P1 board: Meat Vegetable
End of Turn 3: P1 board 3, P2 board 2, Dead Pool 0
Turn 4 - P2 acts
  - P2 hand: Target Marker Probe
  + P2 board: Target Marker Probe
End of Turn 4: P1 board 3, P2 board 3, Dead Pool 0
Turn 5 - P1 acts
  - P1 hand: Void Freak
  + P1 board: Void Freak
End of Turn 5: P1 board 4, P2 board 3, Dead Pool 0
Turn 6 - P2 acts
  - P2 hand: Target Marker Probe
  + P2 board: Target Marker Probe
End of Turn 6: P1 board 4, P2 board 4, Dead Pool 0
Turn 7 - P1 acts
  - P1 hand: Blood Howler
  + P1 board: Blood Howler
  - P2 board: Impact Simulant
  + P2 retired: Impact Simulant
  + Dead Pool: Impact Simulant
End of Turn 7: P1 board 5, P2 board 3, Dead Pool 1
Turn 8 - P2 acts
  - P2 hand: Compliance Auditon
  + P2 board: Compliance Auditon
End of Turn 8: P1 board 5, P2 board 4, Dead Pool 1
Turn 9 - P1 acts
  - P1 hand: Primordial Oozer
  + P1 board: Primordial Oozer
  - P2 board: Target Marker Probe
  + P2 retired: Target Marker Probe
  + Dead Pool: Target Marker Probe
End of Turn 9: P1 board 6, P2 board 3, Dead Pool 2
Turn 10 - P2 acts
  - P2 hand: Detainment Probe
  + P2 board: Detainment Probe
End of Turn 10: P1 board 6, P2 board 4, Dead Pool 2
Turn 11 - P1 acts
  - P1 hand: Vex
  + P1 board: Vex
  - P1 board: Meat Vegetable
  + P1 retired: Meat Vegetable
  - P2 board: Target Marker Probe
  + P2 retired: Target Marker Probe
  + Dead Pool: Target Marker Probe, Meat Vegetable, Meat Vegetable
End of Turn 11: P1 board 6, P2 board 3, Dead Pool 5
Turn 12 - P2 acts
  - P2 hand: Compliance Auditon
  + P2 board: Compliance Auditon
End of Turn 12: P1 board 6, P2 board 4, Dead Pool 5
Turn 13 - P1 acts
  - P1 hand: Restless Natives
  + P1 board: Restless Natives
  - P1 board: Void Freak
  + P1 retired: Void Freak
  - P2 board: Compliance Auditon
  + P2 retired: Compliance Auditon
  + Dead Pool: Void Freak, Void Freak, Compliance Auditon
End of Turn 13: P1 board 6, P2 board 3, Dead Pool 8
Turn 14 - P2 acts
  - P2 hand: MediFlux-1NDS
  + P2 board: MediFlux-1NDS
End of Turn 14: P1 board 6, P2 board 4, Dead Pool 8
Turn 15 - P1 acts
  - P1 hand: Nives
  + P1 board: Nives
  - P1 board: Meat Vegetable
  + P1 retired: Meat Vegetable
  + Dead Pool: Meat Vegetable, Meat Vegetable
End of Turn 15: P1 board 6, P2 board 4, Dead Pool 10
Turn 16 - P2 acts
  - P2 hand: Hover Shield
  + P2 board: Hover Shield
  - P2 board: Detainment Probe
  + P2 retired: Detainment Probe
  + Dead Pool: Detainment Probe, Detainment Probe
End of Turn 16: P1 board 6, P2 board 4, Dead Pool 12
Turn 17 - P1 acts
  - P1 hand: Meat Vegetable
  + P1 board: Meat Vegetable
End of Turn 17: P1 board 7, P2 board 4, Dead Pool 12
Turn 18 - P2 acts
  - P2 hand: Hover Shield
  + P2 board: Hover Shield
  - P2 board: Compliance Auditon
  + P2 retired: Compliance Auditon
  + Dead Pool: Compliance Auditon, Compliance Auditon
End of Turn 18: P1 board 7, P2 board 4, Dead Pool 14
Turn 19 - P1 acts
  - P1 hand: Void Freak
  + P1 board: Void Freak
End of Turn 19: P1 board 8, P2 board 4, Dead Pool 14
Turn 20 - P2 acts
  - P2 hand: MediFlux-1NDS
  + P2 board: MediFlux-1NDS
End of Turn 20: P1 board 8, P2 board 5, Dead Pool 14
Turn 21 - P1 acts
  - P1 hand: Blood Howler
  + P1 board: Blood Howler
  - P2 board: MediFlux-1NDS
  + P2 retired: MediFlux-1NDS
  + Dead Pool: MediFlux-1NDS
End of Turn 21: P1 board 9, P2 board 4, Dead Pool 15
Turn 22 - P2 acts
  - P2 hand: Sausage Droid
  + P2 board: Sausage Droid
End of Turn 22: P1 board 9, P2 board 5, Dead Pool 15
Turn 23 - P1 acts
  - P1 hand: Void Freak
  + P1 board: Void Freak
  - P2 board: Hover Shield
  + P2 retired: Hover Shield
  + Dead Pool: Hover Shield
End of Turn 23: P1 board 10, P2 board 4, Dead Pool 16
Turn 24 - P2 acts
  - P2 hand: Target Marker Probe
  + P2 board: Target Marker Probe
End of Turn 24: P1 board 10, P2 board 5, Dead Pool 16
Turn 25 - P1 acts
  - P1 hand: Voidling
  + P1 board: Voidling
  - P1 board: Blood Howler
  + P1 retired: Blood Howler
  - P2 board: Hover Shield
  + P2 retired: Hover Shield
  + Dead Pool: Hover Shield, Blood Howler, Blood Howler
End of Turn 25: P1 board 10, P2 board 4, Dead Pool 19
Turn 26 - P2 acts
  - P1 board: Void Freak
  + P1 retired: Void Freak
  - P2 hand: Dormex Lurker
  + P2 board: Dormex Lurker
  + Dead Pool: Void Freak
End of Turn 26: P1 board 9, P2 board 5, Dead Pool 20
Turn 27 - P1 acts
  - P1 hand: Krax
  + P1 board: Krax
  - P1 board: Primordial Oozer
  + P1 retired: Primordial Oozer
  - P2 board: MediFlux-1NDS
  + P2 retired: MediFlux-1NDS
  + Dead Pool: MediFlux-1NDS, Primordial Oozer, Primordial Oozer
End of Turn 27: P1 board 9, P2 board 4, Dead Pool 23
Turn 28 - P2 acts
  - P2 hand: Task Mistres
  + P2 board: Task Mistres
End of Turn 28: P1 board 9, P2 board 5, Dead Pool 23
Turn 29 - P1 acts
  - P1 hand: Mutt
  + P1 board: Mutt
  - P1 board: Vex
  + P1 retired: Vex
  - P2 board: Sausage Droid
  + P2 retired: Sausage Droid
  + Dead Pool: Vex, Vex, Sausage Droid
End of Turn 29: P1 board 9, P2 board 4, Dead Pool 26
Turn 30 - P2 acts
  - P2 hand: K-9.0
  + P2 board: K-9.0
End of Turn 30: P1 board 9, P2 board 5, Dead Pool 26
Turn 31 - P1 acts
  - P1 hand: Dragoon
  + P1 board: Dragoon
  - P1 board: Restless Natives, Nives
  + P1 retired: Restless Natives, Nives
  - P2 board: Target Marker Probe
  + P2 retired: Target Marker Probe
  + Dead Pool: Target Marker Probe, Restless Natives, Restless Natives, Nives, Nives
End of Turn 31: P1 board 8, P2 board 4, Dead Pool 31
Turn 32 - P2 acts
  - P1 board: Void Freak
  + P1 retired: Void Freak
  - P2 hand: Hover Shield
  + P2 board: Hover Shield
  + Dead Pool: Void Freak
End of Turn 32: P1 board 7, P2 board 5, Dead Pool 32
Turn 33 - P1 acts
  - P1 hand: Voidling
  + P1 board: Voidling
  - P2 board: Dormex Lurker
  + P2 retired: Dormex Lurker
  + Dead Pool: Dormex Lurker
End of Turn 33: P1 board 8, P2 board 4, Dead Pool 33
Turn 34 - P2 acts
  - P2 hand: Marine Marauder
  + P2 board: Marine Marauder
End of Turn 34: P1 board 8, P2 board 5, Dead Pool 33
Turn 35 - P1 acts
  - P1 hand: Local Singularity
  + P1 board: Local Singularity
  - P1 board: Meat Vegetable
  + P1 retired: Meat Vegetable
  - P2 board: Task Mistres
  + P2 retired: Task Mistres
  + Dead Pool: Meat Vegetable, Meat Vegetable, Task Mistres
End of Turn 35: P1 board 8, P2 board 4, Dead Pool 36
Turn 36 - P2 acts
  - P2 hand: Detainment Probe
  + P2 board: Detainment Probe
End of Turn 36: P1 board 8, P2 board 5, Dead Pool 36
Turn 37 - P1 acts
  - P1 hand: Vex
  + P1 board: Vex
  - P1 board: Blood Howler
  + P1 retired: Blood Howler
  + Dead Pool: Blood Howler, Blood Howler
End of Turn 37: P1 board 8, P2 board 5, Dead Pool 38
Turn 38 - P2 acts
  - P2 hand: Sentry Node
  + P2 board: Sentry Node
  - P2 board: K-9.0
  + P2 retired: K-9.0
  + Dead Pool: K-9.0, K-9.0
End of Turn 38: P1 board 8, P2 board 5, Dead Pool 40
Turn 39 - P1 acts
  - P1 hand: Annihilist Overseer
  + P1 board: Annihilist Overseer
  - P1 board: Voidling
  + P1 retired: Voidling
  - P2 board: Hover Shield
  + P2 retired: Hover Shield
  + Dead Pool: Hover Shield, Voidling, Voidling
End of Turn 39: P1 board 8, P2 board 4, Dead Pool 43
Turn 40 - P2 acts
  - P2 hand: K-9.0
  + P2 board: K-9.0
End of Turn 40: P1 board 8, P2 board 5, Dead Pool 43
Turn 41 - P1 acts
  - P1 hand: Restless Natives
  + P1 board: Restless Natives
  - P1 board: Krax, Annihilist Overseer
  + P1 retired: Krax, Annihilist Overseer
  + Dead Pool: Krax, Krax, Annihilist Overseer, Annihilist Overseer
End of Turn 41: P1 board 7, P2 board 5, Dead Pool 47
Turn 42 - P2 acts
  - P2 hand: Killjoy
  + P2 board: Killjoy
  - P2 board: Marine Marauder
  + P2 retired: Marine Marauder
  + Dead Pool: Marine Marauder, Marine Marauder
End of Turn 42: P1 board 7, P2 board 5, Dead Pool 49
Turn 43 - P1 acts
  - P1 hand: Primordial Oozer
  + P1 board: Primordial Oozer
End of Turn 43: P1 board 8, P2 board 5, Dead Pool 49
Turn 44 - P2 acts
  - P2 hand: Nob Lobber
  + P2 board: Nob Lobber
  - P2 board: Detainment Probe, Sentry Node
  + P2 retired: Detainment Probe, Sentry Node
  + Dead Pool: Detainment Probe, Detainment Probe, Sentry Node, Sentry Node
End of Turn 44: P1 board 8, P2 board 4, Dead Pool 53
Turn 45 - P1 acts
  - P1 hand: Void Freak
  + P1 board: Void Freak
  - P1 board: Vex
  + P1 retired: Vex
  + Dead Pool: Vex, Vex
End of Turn 45: P1 board 8, P2 board 4, Dead Pool 55
Turn 46 - P2 acts
  - P2 hand: Compliance Auditon
  + P2 board: Compliance Auditon
End of Turn 46: P1 board 8, P2 board 5, Dead Pool 55
Turn 47 - P1 acts
  - P1 hand: Annihilist Overseer
  + P1 board: Annihilist Overseer
  - P1 board: Mutt
  + P1 retired: Mutt
  - P2 board: Killjoy
  + P2 retired: Killjoy
  + Dead Pool: Mutt, Mutt, Killjoy
End of Turn 47: P1 board 8, P2 board 4, Dead Pool 58
Turn 48 - P2 acts
  - P2 hand: Sausage Droid
  + P2 board: Sausage Droid
End of Turn 48: P1 board 8, P2 board 5, Dead Pool 58
Turn 49 - P1 acts
  - P1 hand: Voidling
  + P1 board: Voidling
  - P1 board: Dragoon, Annihilist Overseer
  + P1 retired: Annihilist Overseer, Dragoon
  + Dead Pool: Annihilist Overseer, Annihilist Overseer, Dragoon, Dragoon
End of Turn 49: P1 board 7, P2 board 5, Dead Pool 62
Turn 50 - P2 acts
  - P2 hand: Killjoy
  + P2 board: Killjoy
  - P2 board: K-9.0
  + P2 retired: K-9.0
  + Dead Pool: K-9.0, K-9.0
End of Turn 50: P1 board 7, P2 board 5, Dead Pool 64
Turn 51 - P1 acts
  - P1 hand: Krax
  + P1 board: Krax
  - P1 board: Voidling
  + P1 retired: Voidling
  - P2 board: Nob Lobber
  + P2 retired: Nob Lobber
  + Dead Pool: Voidling, Voidling, Nob Lobber
End of Turn 51: P1 board 7, P2 board 4, Dead Pool 67
Turn 52 - P2 acts
  - P1 board: Local Singularity
  + P1 retired: Local Singularity
  - P2 hand: Nob Lobber
  + P2 board: Nob Lobber
  - P2 board: Compliance Auditon
  + P2 retired: Compliance Auditon
  + Dead Pool: Compliance Auditon, Compliance Auditon, Local Singularity
End of Turn 52: P1 board 6, P2 board 4, Dead Pool 70
Turn 53 - P1 acts
  - P1 hand: Helvis
  + P1 board: Helvis
  - P1 board: Restless Natives, Primordial Oozer, Void Freak
  + P1 retired: Void Freak, Primordial Oozer, Restless Natives
  + Dead Pool: Void Freak, Void Freak, Primordial Oozer, Primordial Oozer, Restless Natives, Restless Natives
End of Turn 53: P1 board 4, P2 board 4, Dead Pool 76
Turn 54 - P2 acts
  - P2 hand: Shield Array Node
  + P2 board: Shield Array Node
  - P2 board: Sausage Droid
  + P2 retired: Sausage Droid
  + Dead Pool: Sausage Droid, Sausage Droid
End of Turn 54: P1 board 4, P2 board 4, Dead Pool 78
Turn 55 - P1 acts
  - P1 hand: Käsekobold
  + P1 board: Käsekobold
  - P1 board: Voidling
  + P1 retired: Voidling
  + Dead Pool: Voidling, Voidling
End of Turn 55: P1 board 4, P2 board 4, Dead Pool 80
Turn 56 - P2 acts
  - P2 hand: Sentry Node
  + P2 board: Sentry Node
  - P2 board: Killjoy
  + P2 retired: Killjoy
  + Dead Pool: Killjoy, Killjoy
End of Turn 56: P1 board 4, P2 board 4, Dead Pool 82
Turn 57 - P1 acts
  - P1 hand: Dragoon
  + P1 board: Dragoon
  - P1 board: Krax
  + P1 retired: Krax
  - P2 board: Nob Lobber
  + P2 retired: Nob Lobber
  + Dead Pool: Krax, Krax, Nob Lobber
End of Turn 57: P1 board 4, P2 board 3, Dead Pool 85
Turn 58 - P2 acts
  - P1 board: Helvis
  + P1 retired: Helvis
  - P2 hand: Dormex Lurker
  + P2 board: Dormex Lurker
  + Dead Pool: Helvis
End of Turn 58: P1 board 3, P2 board 4, Dead Pool 86
Turn 59 - P1 acts
  - P1 hand: Mutt
  + P1 board: Mutt
  - P1 board: Käsekobold
  + P1 retired: Käsekobold
  - P2 board: Sentry Node
  + P2 retired: Sentry Node
  + Dead Pool: Sentry Node, Käsekobold, Käsekobold
End of Turn 59: P1 board 3, P2 board 3, Dead Pool 89
Turn 60 - P2 acts
  - P2 hand: Marine Marauder
  + P2 board: Marine Marauder
  - P2 board: Shield Array Node
  + P2 retired: Shield Array Node
  + Dead Pool: Shield Array Node, Shield Array Node
End of Turn 60: P1 board 3, P2 board 3, Dead Pool 91
Turn 61 - P1 acts
  - P1 hand: Restless Natives
  + P1 board: Restless Natives
  - P1 board: Dragoon
  + P1 retired: Dragoon
  + Dead Pool: Dragoon, Dragoon
End of Turn 61: P1 board 3, P2 board 3, Dead Pool 93
Turn 62 - P2 acts
  - P2 hand: Detainment Probe
  + P2 board: Detainment Probe
End of Turn 62: P1 board 3, P2 board 4, Dead Pool 93
Turn 63 - P1 acts
  - P1 hand: Psychodelic Toad
  + P1 board: Psychodelic Toad
  - P2 board: Dormex Lurker
  + P2 retired: Dormex Lurker
  + Dead Pool: Dormex Lurker
End of Turn 63: P1 board 4, P2 board 3, Dead Pool 94
Turn 64 - P2 acts
  - P2 hand: Bruut Enforcer
  + P2 board: Bruut Enforcer
  - P2 board: Marine Marauder
  + P2 retired: Marine Marauder
  + Dead Pool: Marine Marauder, Marine Marauder
End of Turn 64: P1 board 4, P2 board 3, Dead Pool 96
Turn 65 - P1 acts
  - P1 hand: Nives
  + P1 board: Nives
  - P1 board: Mutt
  + P1 retired: Mutt
  + Dead Pool: Mutt, Mutt
End of Turn 65: P1 board 4, P2 board 3, Dead Pool 98
Turn 66 - P2 acts
  - P2 hand: Task Mistres
  + P2 board: Task Mistres
End of Turn 66: P1 board 4, P2 board 4, Dead Pool 98
Turn 67 - P1 acts
  - P1 hand: Primordial Oozer
  + P1 board: Primordial Oozer
  - P2 board: Detainment Probe
  + P2 retired: Detainment Probe
  + Dead Pool: Detainment Probe
End of Turn 67: P1 board 5, P2 board 3, Dead Pool 99
Turn 68 - P2 acts
  - P1 board: Restless Natives
  + P1 retired: Restless Natives
  - P2 hand: K-9.0
  + P2 board: K-9.0
  - P2 board: Bruut Enforcer
  + P2 retired: Bruut Enforcer
  + Dead Pool: Restless Natives, Bruut Enforcer, Bruut Enforcer
End of Turn 68: P1 board 4, P2 board 3, Dead Pool 102
Turn 69 - P1 acts
  - P1 hand: Technomancer
  + P1 board: Technomancer
  - P1 board: Psychodelic Toad
  + P1 retired: Psychodelic Toad
  + Dead Pool: Psychodelic Toad, Psychodelic Toad
End of Turn 69: P1 board 4, P2 board 3, Dead Pool 104
Turn 70 - P2 acts
  - P2 hand: K-9.0
  + P2 board: K-9.0
End of Turn 70: P1 board 4, P2 board 4, Dead Pool 104
Turn 71 - P1 acts
  - P1 hand: Mutt
  + P1 board: Mutt
  - P1 board: Nives
  + P1 retired: Nives
  - P2 board: Task Mistres
  + P2 retired: Task Mistres
  + Dead Pool: Nives, Nives, Task Mistres
End of Turn 71: P1 board 4, P2 board 3, Dead Pool 107
Turn 72 - P2 acts
  - P2 hand: Impact Simulant
  + P2 board: Impact Simulant
End of Turn 72: P1 board 4, P2 board 4, Dead Pool 107
Turn 73 - P1 acts
  - P1 hand: Meat Vegetable
  + P1 board: Meat Vegetable
End of Turn 73: P1 board 5, P2 board 4, Dead Pool 107
Turn 74 - P2 acts
  - P2 hand: Compliance Auditon
  + P2 board: Compliance Auditon
End of Turn 74: P1 board 5, P2 board 5, Dead Pool 107
Turn 75 - P1 acts
  - P1 hand: Technomancer
  + P1 board: Technomancer
  - P1 board: Primordial Oozer
  + P1 retired: Primordial Oozer
  + Dead Pool: Primordial Oozer, Primordial Oozer
End of Turn 75: P1 board 5, P2 board 5, Dead Pool 109
Turn 76 - P2 acts
  - P2 hand: Marine Marauder
  + P2 board: Marine Marauder
  - P2 board: K-9.0
  + P2 retired: K-9.0
  + Dead Pool: K-9.0, K-9.0
End of Turn 76: P1 board 5, P2 board 5, Dead Pool 111
Turn 77 - P1 acts
  - P1 hand: Mutt
  + P1 board: Mutt
  - P1 board: Technomancer
  + P1 retired: Technomancer
  + Dead Pool: Technomancer, Technomancer
End of Turn 77: P1 board 5, P2 board 5, Dead Pool 113
Turn 78 - P2 acts
  - P2 hand: Sausage Droid
  + P2 board: Sausage Droid
End of Turn 78: P1 board 5, P2 board 6, Dead Pool 113
Turn 79 - P1 acts
  - P1 hand: Psychodelic Toad
  + P1 board: Psychodelic Toad
  - P1 board: Mutt
  + P1 retired: Mutt
  + Dead Pool: Mutt, Mutt
End of Turn 79: P1 board 5, P2 board 6, Dead Pool 115
Turn 80 - P2 acts
  - P2 hand: Sentry Node
  + P2 board: Sentry Node
  - P2 board: K-9.0
  + P2 retired: K-9.0
  + Dead Pool: K-9.0, K-9.0
End of Turn 80: P1 board 5, P2 board 6, Dead Pool 117
Turn 81 - P1 acts
  - P1 hand: Technomancer
  + P1 board: Technomancer
  - P1 board: Meat Vegetable
  + P1 retired: Meat Vegetable
  + Dead Pool: Meat Vegetable, Meat Vegetable
End of Turn 81: P1 board 5, P2 board 6, Dead Pool 119
Turn 82 - P2 acts
  - P1 board: Psychodelic Toad
  + P1 retired: Psychodelic Toad
  - P2 hand: Impact Simulant
  + P2 board: Impact Simulant
  + Dead Pool: Psychodelic Toad
End of Turn 82: P1 board 4, P2 board 7, Dead Pool 120
Turn 83 - P1 acts
  - P1 hand: Käsekobold
  + P1 board: Käsekobold
End of Turn 83: P1 board 5, P2 board 7, Dead Pool 120
Turn 84 - P2 acts
  - P1 board: Technomancer
  + P1 retired: Technomancer
  - P2 hand: MediFlux-1NDS
  + P2 board: MediFlux-1NDS
  - P2 board: Sentry Node
  + P2 retired: Sentry Node
  + Dead Pool: Sentry Node, Sentry Node, Technomancer
End of Turn 84: P1 board 4, P2 board 7, Dead Pool 123
Turn 85 - P1 acts
  - P1 hand: Vex
  + P1 board: Vex
  - P1 board: Mutt
  + P1 retired: Mutt
  + Dead Pool: Mutt, Mutt
End of Turn 85: P1 board 4, P2 board 7, Dead Pool 125
Turn 86 - P2 acts
  - P2 hand: MediFlux-1NDS
  + P2 board: MediFlux-1NDS
  - P2 board: Impact Simulant
  + P2 retired: Impact Simulant
  + Dead Pool: Impact Simulant, Impact Simulant
End of Turn 86: P1 board 4, P2 board 7, Dead Pool 127
Turn 87 - P1 acts
  - P1 hand: Annihilist Overseer
  + P1 board: Annihilist Overseer
  - P1 board: Technomancer
  + P1 retired: Technomancer
  + Dead Pool: Technomancer, Technomancer
End of Turn 87: P1 board 4, P2 board 7, Dead Pool 129
Turn 88 - P2 acts
  - P2 hand: Dormex Lurker
  + P2 board: Dormex Lurker
End of Turn 88: P1 board 4, P2 board 8, Dead Pool 129
Turn 89 - P1 acts
  - P1 hand: Voidling
  + P1 board: Voidling
  - P1 board: Annihilist Overseer
  + P1 retired: Annihilist Overseer
  + Dead Pool: Annihilist Overseer, Annihilist Overseer
End of Turn 89: P1 board 4, P2 board 8, Dead Pool 131
Turn 90 - P2 acts
  - P1 board: Käsekobold
  + P1 retired: Käsekobold
  - P2 hand: Nob Lobber
  + P2 board: Nob Lobber
  - P2 board: Compliance Auditon
  + P2 retired: Compliance Auditon
  + Dead Pool: Compliance Auditon, Compliance Auditon, Käsekobold
End of Turn 90: P1 board 3, P2 board 8, Dead Pool 134
Turn 91 - P1 acts
  - P1 hand: Krax
  + P1 board: Krax
  - P1 board: Vex
  + P1 retired: Vex
  + Dead Pool: Vex, Vex
End of Turn 91: P1 board 3, P2 board 8, Dead Pool 136
Turn 92 - P2 acts
  - P1 board: Voidling
  + P1 retired: Voidling
  - P2 hand: Task Mistres
  + P2 board: Task Mistres
  + Dead Pool: Voidling
End of Turn 92: P1 board 2, P2 board 9, Dead Pool 137
Turn 93 - P1 acts
  - P1 hand: Dragoon
  + P1 board: Dragoon
  - P1 board: Krax
  + P1 retired: Krax
  + Dead Pool: Krax, Krax
End of Turn 93: P1 board 2, P2 board 9, Dead Pool 139
Turn 94 - P2 acts
  - P2 hand: Bruut Enforcer
  + P2 board: Bruut Enforcer
  - P2 board: Marine Marauder
  + P2 retired: Marine Marauder
  + Dead Pool: Marine Marauder, Marine Marauder
End of Turn 94: P1 board 2, P2 board 9, Dead Pool 141
Turn 95 - P1 acts
  - P1 hand: Local Singularity
  + P1 board: Local Singularity
End of Turn 95: P1 board 3, P2 board 9, Dead Pool 141
Turn 96 - P2 acts
  - P1 board: Dragoon
  + P1 retired: Dragoon
  - P2 hand: Impact Simulant
  + P2 board: Impact Simulant
  + Dead Pool: Dragoon
End of Turn 96: P1 board 2, P2 board 10, Dead Pool 142
Turn 97 - P1 acts
  - P1 hand: Blood Howler
  + P1 board: Blood Howler
End of Turn 97: P1 board 3, P2 board 10, Dead Pool 142
Turn 98 - P2 acts
  - P2 hand: Sausage Droid
  + P2 board: Sausage Droid
End of Turn 98: P1 board 3, P2 board 11, Dead Pool 142
Turn 99 - P1 acts
  - P1 hand: Käsekobold
  + P1 board: Käsekobold
  - P1 board: Local Singularity
  + P1 retired: Local Singularity
  + Dead Pool: Local Singularity, Local Singularity
End of Turn 99: P1 board 3, P2 board 11, Dead Pool 144
Turn 100 - P2 acts
  - P2 hand: Shield Array Node
  + P2 board: Shield Array Node
End of Turn 100: P1 board 3, P2 board 12, Dead Pool 144
Turn 101 - P1 acts
  - P1 hand: Restless Natives
  + P1 board: Restless Natives
End of Turn 101: P1 board 4, P2 board 12, Dead Pool 144
Turn 102 - P2 acts
  - P1 board: Blood Howler
  + P1 retired: Blood Howler
  - P2 hand: Shield Array Node
  + P2 board: Shield Array Node
  - P2 board: Sausage Droid
  + P2 retired: Sausage Droid
  + Dead Pool: Blood Howler, Sausage Droid, Sausage Droid
End of Turn 102: P1 board 3, P2 board 12, Dead Pool 147
Turn 103 - P1 acts
  - P1 hand: Krax
  + P1 board: Krax
  - P1 board: Käsekobold
  + P1 retired: Käsekobold
  + Dead Pool: Käsekobold, Käsekobold
End of Turn 103: P1 board 3, P2 board 12, Dead Pool 149
Turn 104 - P2 acts
  - P1 board: Restless Natives
  + P1 retired: Restless Natives
  - P2 hand: Hover Shield
  + P2 board: Hover Shield
  + Dead Pool: Restless Natives
End of Turn 104: P1 board 2, P2 board 13, Dead Pool 150
Turn 105 - P1 acts
  - P1 hand: Käsekobold
  + P1 board: Käsekobold
  - P2 board: Impact Simulant
  + P2 retired: Impact Simulant
  + Dead Pool: Impact Simulant
End of Turn 105: P1 board 3, P2 board 12, Dead Pool 151
Turn 106 - P2 acts
  - P2 hand: Task Mistres
  + P2 board: Task Mistres
End of Turn 106: P1 board 3, P2 board 13, Dead Pool 151
Turn 107 - P1 acts
  - P1 hand: Nives
  + P1 board: Nives
  - P1 board: Krax
  + P1 retired: Krax
  + Dead Pool: Krax, Krax
End of Turn 107: P1 board 3, P2 board 13, Dead Pool 153
Result: winner P1 | turns 107
Retired: P1 52, P2 41, Dead Pool 153

=== Game seed 11087 ===
Starting: P1 faction PCU vs P2 faction NARC
Turn 1 - P1 acts
  - P1 hand: Primordial Oozer
  + P1 board: Primordial Oozer
End of Turn 1: P1 board 2, P2 board 1, Dead Pool 0
Turn 2 - P2 acts
  - P2 hand: Impact Simulant
  + P2 board: Impact Simulant
End of Turn 2: P1 board 2, P2 board 2, Dead Pool 0
Turn 3 - P1 acts
  - P1 hand: Local Singularity
  + P1 board: Local Singularity
End of Turn 3: P1 board 3, P2 board 2, Dead Pool 0
Turn 4 - P2 acts
  - P2 hand: Sausage Droid
  + P2 board: Sausage Droid
End of Turn 4: P1 board 3, P2 board 3, Dead Pool 0
Turn 5 - P1 acts
  - P1 hand: Käsekobold
  + P1 board: Käsekobold
  - P1 board: Primordial Oozer
  + P1 retired: Primordial Oozer
  + Dead Pool: Primordial Oozer, Primordial Oozer
End of Turn 5: P1 board 3, P2 board 3, Dead Pool 2
Turn 6 - P2 acts
  - P2 hand: Shield Array Node
  + P2 board: Shield Array Node
End of Turn 6: P1 board 3, P2 board 4, Dead Pool 2
Turn 7 - P1 acts
  - P1 hand: Restless Natives
  + P1 board: Restless Natives
  - P1 board: Local Singularity
  + P1 retired: Local Singularity
  + Dead Pool: Local Singularity, Local Singularity
End of Turn 7: P1 board 3, P2 board 4, Dead Pool 4
Turn 8 - P2 acts
  - P2 hand: MediFlux-1NDS
  + P2 board: MediFlux-1NDS
  - P2 board: Impact Simulant
  + P2 retired: Impact Simulant
  + Dead Pool: Impact Simulant, Impact Simulant
End of Turn 8: P1 board 3, P2 board 4, Dead Pool 6
Turn 9 - P1 acts
  - P1 hand: Voidling
  + P1 board: Voidling
  - P1 board: Käsekobold
  + P1 retired: Käsekobold
  + Dead Pool: Käsekobold, Käsekobold
End of Turn 9: P1 board 3, P2 board 4, Dead Pool 8
Turn 10 - P2 acts
  - P2 hand: Compliance Auditon
  + P2 board: Compliance Auditon
End of Turn 10: P1 board 3, P2 board 5, Dead Pool 8
Turn 11 - P1 acts
  - P1 hand: Void Freak
  + P1 board: Void Freak
  - P1 board: Restless Natives
  + P1 retired: Restless Natives
  - P2 board: Sausage Droid
  + P2 retired: Sausage Droid
  + Dead Pool: Restless Natives, Restless Natives, Sausage Droid
End of Turn 11: P1 board 3, P2 board 4, Dead Pool 11
Turn 12 - P2 acts
  - P2 hand: Hover Shield
  + P2 board: Hover Shield
End of Turn 12: P1 board 3, P2 board 5, Dead Pool 11
Turn 13 - P1 acts
  - P1 hand: Technomancer
  + P1 board: Technomancer
  - P1 board: Voidling
  + P1 retired: Voidling
  - P2 board: Shield Array Node
  + P2 retired: Shield Array Node
  + Dead Pool: Voidling, Voidling, Shield Array Node
End of Turn 13: P1 board 3, P2 board 4, Dead Pool 14
Turn 14 - P2 acts
  - P2 hand: Sausage Droid
  + P2 board: Sausage Droid
End of Turn 14: P1 board 3, P2 board 5, Dead Pool 14
Turn 15 - P1 acts
  - P1 hand: Vex
  + P1 board: Vex
  - P1 board: Void Freak
  + P1 retired: Void Freak
  + Dead Pool: Void Freak, Void Freak
End of Turn 15: P1 board 3, P2 board 5, Dead Pool 16
Turn 16 - P2 acts
  - P2 hand: Task Mistres
  + P2 board: Task Mistres
End of Turn 16: P1 board 3, P2 board 6, Dead Pool 16
Turn 17 - P1 acts
  - P1 hand: Primordial Oozer
  + P1 board: Primordial Oozer
End of Turn 17: P1 board 4, P2 board 6, Dead Pool 16
Turn 18 - P2 acts
  - P2 hand: Compliance Auditon
  + P2 board: Compliance Auditon
End of Turn 18: P1 board 4, P2 board 7, Dead Pool 16
Turn 19 - P1 acts
  - P1 hand: Krax
  + P1 board: Krax
  - P1 board: Technomancer, Vex
  + P1 retired: Technomancer, Vex
  + Dead Pool: Technomancer, Technomancer, Vex, Vex
End of Turn 19: P1 board 3, P2 board 7, Dead Pool 20
Turn 20 - P2 acts
  - P2 hand: Target Marker Probe
  + P2 board: Target Marker Probe
End of Turn 20: P1 board 3, P2 board 8, Dead Pool 20
Turn 21 - P1 acts
  - P1 hand: Dragoon
  + P1 board: Dragoon
  - P1 board: Primordial Oozer, Krax
  + P1 retired: Primordial Oozer, Krax
  + Dead Pool: Primordial Oozer, Primordial Oozer, Krax, Krax
End of Turn 21: P1 board 2, P2 board 8, Dead Pool 24
Turn 22 - P2 acts
  - P2 hand: Hover Shield
  + P2 board: Hover Shield
  - P2 board: MediFlux-1NDS
  + P2 retired: MediFlux-1NDS
  + Dead Pool: MediFlux-1NDS, MediFlux-1NDS
End of Turn 22: P1 board 2, P2 board 8, Dead Pool 26
Turn 23 - P1 acts
  - P1 hand: Mutt
  + P1 board: Mutt
  - P1 board: Dragoon
  + P1 retired: Dragoon
  + Dead Pool: Dragoon, Dragoon
End of Turn 23: P1 board 2, P2 board 8, Dead Pool 28
Turn 24 - P2 acts
  - P2 hand: MediFlux-1NDS
  + P2 board: MediFlux-1NDS
End of Turn 24: P1 board 2, P2 board 9, Dead Pool 28
Turn 25 - P1 acts
  - P1 hand: Käsekobold
  + P1 board: Käsekobold
End of Turn 25: P1 board 3, P2 board 9, Dead Pool 28
Turn 26 - P2 acts
  - P1 board: Mutt
  + P1 retired: Mutt
  - P2 hand: Hover Shield
  + P2 board: Hover Shield
  - P2 board: Compliance Auditon
  + P2 retired: Compliance Auditon
  + Dead Pool: Compliance Auditon, Compliance Auditon, Mutt
End of Turn 26: P1 board 2, P2 board 9, Dead Pool 31
Turn 27 - P1 acts
  - P1 hand: Käsekobold
  + P1 board: Käsekobold
End of Turn 27: P1 board 3, P2 board 9, Dead Pool 31
Turn 28 - P2 acts
  - P1 board: Käsekobold
  + P1 retired: Käsekobold
  - P2 hand: Target Marker Probe
  + P2 board: Target Marker Probe
  + Dead Pool: Käsekobold
End of Turn 28: P1 board 2, P2 board 10, Dead Pool 32
Turn 29 - P1 acts
  - P1 hand: Local Singularity
  + P1 board: Local Singularity
End of Turn 29: P1 board 3, P2 board 10, Dead Pool 32
Turn 30 - P2 acts
  - P1 board: Käsekobold
  + P1 retired: Käsekobold
  - P2 hand: Compliance Auditon
  + P2 board: Compliance Auditon
  + Dead Pool: Käsekobold
End of Turn 30: P1 board 2, P2 board 11, Dead Pool 33
Turn 31 - P1 acts
  - P1 hand: Krax
  + P1 board: Krax
  - P1 board: Grim, Local Singularity
  + P1 retired: Local Singularity, Grim
  + Dead Pool: Local Singularity, Local Singularity, Grim
Result: winner P2 | turns 30
Retired: P1 16, P2 5, Dead Pool 36

=== Game seed 11088 ===
Starting: P1 faction PCU vs P2 faction NARC
Turn 1 - P1 acts
  - P1 hand: Psychodelic Toad
  + P1 board: Psychodelic Toad
End of Turn 1: P1 board 2, P2 board 1, Dead Pool 0
Turn 2 - P2 acts
  - P2 hand: Sausage Droid
  + P2 board: Sausage Droid
End of Turn 2: P1 board 2, P2 board 2, Dead Pool 0
Turn 3 - P1 acts
  - P1 hand: Käsekobold
  + P1 board: Käsekobold
  - P1 board: Psychodelic Toad
  + P1 retired: Psychodelic Toad
  + Dead Pool: Psychodelic Toad, Psychodelic Toad
End of Turn 3: P1 board 2, P2 board 2, Dead Pool 2
Turn 4 - P2 acts
  - P2 hand: Detainment Probe
  + P2 board: Detainment Probe
End of Turn 4: P1 board 2, P2 board 3, Dead Pool 2
Turn 5 - P1 acts
  - P1 hand: Meat Vegetable
  + P1 board: Meat Vegetable
End of Turn 5: P1 board 3, P2 board 3, Dead Pool 2
Turn 6 - P2 acts
  - P2 hand: Impact Simulant
  + P2 board: Impact Simulant
End of Turn 6: P1 board 3, P2 board 4, Dead Pool 2
Turn 7 - P1 acts
  - P1 hand: Voidling
  + P1 board: Voidling
  - P1 board: Käsekobold
  + P1 retired: Käsekobold
  + Dead Pool: Käsekobold, Käsekobold
End of Turn 7: P1 board 3, P2 board 4, Dead Pool 4
Turn 8 - P2 acts
  - P2 hand: Sausage Droid
  + P2 board: Sausage Droid
End of Turn 8: P1 board 3, P2 board 5, Dead Pool 4
Turn 9 - P1 acts
  - P1 hand: Käsekobold
  + P1 board: Käsekobold
End of Turn 9: P1 board 4, P2 board 5, Dead Pool 4
Turn 10 - P2 acts
  - P2 hand: Task Mistres
  + P2 board: Task Mistres
  - P2 board: Sausage Droid
  + P2 retired: Sausage Droid
  + Dead Pool: Sausage Droid, Sausage Droid
End of Turn 10: P1 board 4, P2 board 5, Dead Pool 6
Turn 11 - P1 acts
  - P1 hand: Voidling
  + P1 board: Voidling
  - P1 board: Meat Vegetable
  + P1 retired: Meat Vegetable
  + Dead Pool: Meat Vegetable, Meat Vegetable
End of Turn 11: P1 board 4, P2 board 5, Dead Pool 8
Turn 12 - P2 acts
  - P2 hand: Detainment Probe
  + P2 retired: Detainment Probe
  + Dead Pool: Detainment Probe, Detainment Probe
End of Turn 12: P1 board 4, P2 board 5, Dead Pool 10
Turn 13 - P1 acts
  - P1 hand: Annihilist Overseer
  + P1 board: Annihilist Overseer
  - P1 board: Voidling
  + P1 retired: Voidling
  + Dead Pool: Voidling, Voidling
End of Turn 13: P1 board 4, P2 board 5, Dead Pool 12
Turn 14 - P2 acts
  - P2 hand: Task Mistres
  + P2 board: Task Mistres
End of Turn 14: P1 board 4, P2 board 6, Dead Pool 12
Turn 15 - P1 acts
  - P1 hand: Nives
  + P1 board: Nives
  - P1 board: Käsekobold, Annihilist Overseer
  + P1 retired: Käsekobold, Annihilist Overseer
  + Dead Pool: Käsekobold, Käsekobold, Annihilist Overseer, Annihilist Overseer
End of Turn 15: P1 board 3, P2 board 6, Dead Pool 16
Turn 16 - P2 acts
  - P2 hand: Hover Shield
  + P2 board: Hover Shield
  - P2 board: Impact Simulant
  + P2 retired: Impact Simulant
  + Dead Pool: Impact Simulant, Impact Simulant
End of Turn 16: P1 board 3, P2 board 6, Dead Pool 18
Turn 17 - P1 acts
  - P1 hand: Restless Natives
  + P1 board: Restless Natives
End of Turn 17: P1 board 4, P2 board 6, Dead Pool 18
Turn 18 - P2 acts
  - P2 hand: MediFlux-1NDS
  + P2 board: MediFlux-1NDS
End of Turn 18: P1 board 4, P2 board 7, Dead Pool 18
Turn 19 - P1 acts
  - P1 hand: Meat Vegetable
  + P1 board: Meat Vegetable
  - P2 board: Detainment Probe
  + P2 retired: Detainment Probe
  + Dead Pool: Detainment Probe
End of Turn 19: P1 board 5, P2 board 6, Dead Pool 19
Turn 20 - P2 acts
  - P2 hand: Hover Shield
  + P2 board: Hover Shield
  - P2 board: Sausage Droid
  + P2 retired: Sausage Droid
  + Dead Pool: Sausage Droid, Sausage Droid
End of Turn 20: P1 board 5, P2 board 6, Dead Pool 21
Turn 21 - P1 acts
  - P1 hand: Mutt
  + P1 board: Mutt
  - P1 board: Voidling
  + P1 retired: Voidling
  + Dead Pool: Voidling, Voidling
End of Turn 21: P1 board 5, P2 board 6, Dead Pool 23
Turn 22 - P2 acts
  - P2 hand: K-9.0
  + P2 board: K-9.0
End of Turn 22: P1 board 5, P2 board 7, Dead Pool 23
Turn 23 - P1 acts
  - P1 hand: Restless Natives
  + P1 board: Restless Natives
  - P2 board: Task Mistres
  + P2 retired: Task Mistres
  + Dead Pool: Task Mistres
End of Turn 23: P1 board 6, P2 board 6, Dead Pool 24
Turn 24 - P2 acts
  - P2 hand: K-9.0
  + P2 board: K-9.0
End of Turn 24: P1 board 6, P2 board 7, Dead Pool 24
Turn 25 - P1 acts
  - P1 hand: Mutt
  + P1 board: Mutt
  - P1 board: Nives
  + P1 retired: Nives
  - P2 board: Task Mistres
  + P2 retired: Task Mistres
  + Dead Pool: Task Mistres, Nives, Nives
End of Turn 25: P1 board 6, P2 board 6, Dead Pool 27
Turn 26 - P2 acts
  - P2 hand: Compliance Auditon
  + P2 board: Compliance Auditon
End of Turn 26: P1 board 6, P2 board 7, Dead Pool 27
Turn 27 - P1 acts
  - P1 hand: Mutt
  + P1 board: Mutt
  - P1 board: Restless Natives
  + P1 retired: Restless Natives
  + Dead Pool: Restless Natives, Restless Natives
End of Turn 27: P1 board 6, P2 board 7, Dead Pool 29
Turn 28 - P2 acts
  - P2 hand: Task Mistres
  + P2 board: Task Mistres
End of Turn 28: P1 board 6, P2 board 8, Dead Pool 29
Turn 29 - P1 acts
  - P1 hand: Technomancer
  + P1 board: Technomancer
  - P1 board: Meat Vegetable
  + P1 retired: Meat Vegetable
  - P2 board: Hover Shield
  + P2 retired: Hover Shield
  + Dead Pool: Meat Vegetable, Meat Vegetable, Hover Shield
End of Turn 29: P1 board 6, P2 board 7, Dead Pool 32
Turn 30 - P2 acts
  - P2 hand: Compliance Auditon
  + P2 board: Compliance Auditon
End of Turn 30: P1 board 6, P2 board 8, Dead Pool 32
Turn 31 - P1 acts
  - P1 hand: Vex
  + P1 board: Vex
  - P1 board: Mutt
  + P1 retired: Mutt
  + Dead Pool: Mutt, Mutt
End of Turn 31: P1 board 6, P2 board 8, Dead Pool 34
Turn 32 - P2 acts
  - P2 hand: Target Marker Probe
  + P2 board: Target Marker Probe
End of Turn 32: P1 board 6, P2 board 9, Dead Pool 34
Turn 33 - P1 acts
  - P1 hand: Annihilist Overseer
  + P1 board: Annihilist Overseer
  - P1 board: Restless Natives
  + P1 retired: Restless Natives
  + Dead Pool: Restless Natives, Restless Natives
End of Turn 33: P1 board 6, P2 board 9, Dead Pool 36
Turn 34 - P2 acts
  - P2 hand: MediFlux-1NDS
  + P2 board: MediFlux-1NDS
End of Turn 34: P1 board 6, P2 board 10, Dead Pool 36
Turn 35 - P1 acts
  - P1 hand: Dragoon
  + P1 board: Dragoon
  - P1 board: Mutt, Mutt, Annihilist Overseer
  + P1 retired: Annihilist Overseer, Mutt, Mutt
  + Dead Pool: Annihilist Overseer, Annihilist Overseer, Mutt, Mutt, Mutt, Mutt
End of Turn 35: P1 board 4, P2 board 10, Dead Pool 42
Turn 36 - P2 acts
  - P2 hand: Hover Shield
  + P2 board: Hover Shield
  - P2 board: MediFlux-1NDS
  + P2 retired: MediFlux-1NDS
  + Dead Pool: MediFlux-1NDS, MediFlux-1NDS
End of Turn 36: P1 board 4, P2 board 10, Dead Pool 44
Turn 37 - P1 acts
  - P1 hand: Meat Vegetable
  + P1 board: Meat Vegetable
  - P1 board: Vex
  + P1 retired: Vex
  + Dead Pool: Vex, Vex
End of Turn 37: P1 board 4, P2 board 10, Dead Pool 46
Turn 38 - P2 acts
  - P2 hand: Compliance Auditon
  + P2 board: Compliance Auditon
End of Turn 38: P1 board 4, P2 board 11, Dead Pool 46
Turn 39 - P1 acts
  - P1 hand: Nives
  + P1 board: Nives
  - P1 board: Technomancer
  + P1 retired: Technomancer
  + Dead Pool: Technomancer, Technomancer
End of Turn 39: P1 board 4, P2 board 11, Dead Pool 48
Turn 40 - P2 acts
  - P2 hand: Marine Marauder
  + P2 board: Marine Marauder
  - P2 board: Hover Shield
  + P2 retired: Hover Shield
  + Dead Pool: Hover Shield, Hover Shield
End of Turn 40: P1 board 4, P2 board 11, Dead Pool 50
Turn 41 - P1 acts
  - P1 hand: Primordial Oozer
  + P1 board: Primordial Oozer
End of Turn 41: P1 board 5, P2 board 11, Dead Pool 50
Turn 42 - P2 acts
  - P2 hand: Bruut Enforcer
  + P2 board: Bruut Enforcer
  - P2 board: K-9.0
  + P2 retired: K-9.0
  + Dead Pool: K-9.0, K-9.0
End of Turn 42: P1 board 5, P2 board 11, Dead Pool 52
Turn 43 - P1 acts
  - P1 hand: Primordial Oozer
  + P1 board: Primordial Oozer
End of Turn 43: P1 board 6, P2 board 11, Dead Pool 52
Turn 44 - P2 acts
  - P2 hand: Dormex Lurker
  + P2 board: Dormex Lurker
End of Turn 44: P1 board 6, P2 board 12, Dead Pool 52
Turn 45 - P1 acts
  - P1 hand: Psychodelic Toad
  + P1 board: Psychodelic Toad
  - P1 board: Dragoon
  + P1 retired: Dragoon
  - P2 board: Lokar Simmons
  + P2 retired: Lokar Simmons
  + Dead Pool: Dragoon, Dragoon, Lokar Simmons
Result: winner P1 | turns 44
Retired: P1 18, P2 12, Dead Pool 55

=== Game seed 11089 ===
Starting: P1 faction PCU vs P2 faction NARC
Turn 1 - P1 acts
  - P1 hand: Restless Natives
  + P1 board: Restless Natives
End of Turn 1: P1 board 2, P2 board 1, Dead Pool 0
Turn 2 - P2 acts
  - P2 hand: MediFlux-1NDS
  + P2 board: MediFlux-1NDS
End of Turn 2: P1 board 2, P2 board 2, Dead Pool 0
Turn 3 - P1 acts
  - P1 hand: Void Freak
  + P1 board: Void Freak
End of Turn 3: P1 board 3, P2 board 2, Dead Pool 0
Turn 4 - P2 acts
  - P2 hand: Dormex Lurker
  + P2 board: Dormex Lurker
End of Turn 4: P1 board 3, P2 board 3, Dead Pool 0
Turn 5 - P1 acts
  - P1 hand: Käsekobold
  + P1 board: Käsekobold
  - P1 board: Restless Natives
  + P1 retired: Restless Natives
  - P2 board: MediFlux-1NDS
  + P2 retired: MediFlux-1NDS
  + Dead Pool: Restless Natives, Restless Natives, MediFlux-1NDS
End of Turn 5: P1 board 3, P2 board 2, Dead Pool 3
Turn 6 - P2 acts
  - P2 hand: Hover Shield
  + P2 board: Hover Shield
End of Turn 6: P1 board 3, P2 board 3, Dead Pool 3
Turn 7 - P1 acts
  - P1 hand: Restless Natives
  + P1 board: Restless Natives
  - P1 board: Void Freak
  + P1 retired: Void Freak
  - P2 board: Dormex Lurker
  + P2 retired: Dormex Lurker
  + Dead Pool: Void Freak, Void Freak, Void Freak, Dormex Lurker
End of Turn 7: P1 board 3, P2 board 2, Dead Pool 7
Turn 8 - P2 acts
  - P2 hand: Task Mistres
  + P2 board: Task Mistres
End of Turn 8: P1 board 3, P2 board 3, Dead Pool 7
Turn 9 - P1 acts
  - P1 hand: Restless Natives
  + P1 board: Restless Natives
End of Turn 9: P1 board 4, P2 board 3, Dead Pool 7
Turn 10 - P2 acts
  - P2 hand: MediFlux-1NDS
  + P2 board: MediFlux-1NDS
  - P2 board: Hover Shield
  + P2 retired: Hover Shield
  + Dead Pool: Hover Shield, Hover Shield
End of Turn 10: P1 board 4, P2 board 3, Dead Pool 9
Turn 11 - P1 acts
  - P1 hand: Meat Vegetable
  + P1 board: Meat Vegetable
End of Turn 11: P1 board 5, P2 board 3, Dead Pool 9
Turn 12 - P2 acts
  - P2 hand: Killjoy
  + P2 board: Killjoy
  - P2 board: Task Mistres
  + P2 retired: Task Mistres
  + Dead Pool: Task Mistres, Task Mistres
End of Turn 12: P1 board 5, P2 board 3, Dead Pool 11
Turn 13 - P1 acts
  - P1 hand: Local Singularity
  + P1 board: Local Singularity
  - P1 board: Käsekobold
  + P1 retired: Käsekobold
  + Dead Pool: Käsekobold, Käsekobold
End of Turn 13: P1 board 5, P2 board 3, Dead Pool 13
Turn 14 - P2 acts
  - P2 hand: Target Marker Probe
  + P2 board: Target Marker Probe
End of Turn 14: P1 board 5, P2 board 4, Dead Pool 13
Turn 15 - P1 acts
  - P1 hand: Primordial Oozer
  + P1 board: Primordial Oozer
  - P1 board: Restless Natives
  + P1 retired: Restless Natives
  + Dead Pool: Restless Natives, Restless Natives
End of Turn 15: P1 board 5, P2 board 4, Dead Pool 15
Turn 16 - P2 acts
  - P2 hand: Dormex Lurker
  + P2 board: Dormex Lurker
End of Turn 16: P1 board 5, P2 board 5, Dead Pool 15
Turn 17 - P1 acts
  - P1 hand: Blood Howler
  + P1 board: Blood Howler
End of Turn 17: P1 board 6, P2 board 5, Dead Pool 15
Turn 18 - P2 acts
  - P1 board: Restless Natives
  + P1 retired: Restless Natives
  - P2 hand: K-9.0
  + P2 board: K-9.0
  - P2 board: MediFlux-1NDS
  + P2 retired: MediFlux-1NDS
  + Dead Pool: Restless Natives, MediFlux-1NDS, MediFlux-1NDS
End of Turn 18: P1 board 5, P2 board 5, Dead Pool 18
Turn 19 - P1 acts
  - P1 hand: Void Freak
  + P1 board: Void Freak
End of Turn 19: P1 board 6, P2 board 5, Dead Pool 18
Turn 20 - P2 acts
  - P2 hand: Target Marker Probe
  + P2 board: Target Marker Probe
End of Turn 20: P1 board 6, P2 board 6, Dead Pool 18
Turn 21 - P1 acts
  - P1 hand: Primordial Oozer
  + P1 board: Primordial Oozer
  - P2 board: Killjoy
  + P2 retired: Killjoy
  + Dead Pool: Killjoy
End of Turn 21: P1 board 7, P2 board 5, Dead Pool 19
Turn 22 - P2 acts
  - P2 hand: Detainment Probe
  + P2 board: Detainment Probe
End of Turn 22: P1 board 7, P2 board 6, Dead Pool 19
Turn 23 - P1 acts
  - P1 hand: Meat Vegetable
  + P1 board: Meat Vegetable
  - P2 board: Target Marker Probe
  + P2 retired: Target Marker Probe
  + Dead Pool: Target Marker Probe
End of Turn 23: P1 board 8, P2 board 5, Dead Pool 20
Turn 24 - P2 acts
  - P2 hand: Compliance Auditon
  + P2 board: Compliance Auditon
End of Turn 24: P1 board 8, P2 board 6, Dead Pool 20
Turn 25 - P1 acts
  - P1 hand: Nives
  + P1 board: Nives
  - P1 board: Meat Vegetable
  + P1 retired: Meat Vegetable
  - P2 board: Dormex Lurker
  + P2 retired: Dormex Lurker
  + Dead Pool: Dormex Lurker, Meat Vegetable, Meat Vegetable
End of Turn 25: P1 board 8, P2 board 5, Dead Pool 23
Turn 26 - P2 acts
  - P2 hand: Sausage Droid
  + P2 board: Sausage Droid
End of Turn 26: P1 board 8, P2 board 6, Dead Pool 23
Turn 27 - P1 acts
  - P1 hand: Käsekobold
  + P1 board: Käsekobold
  - P1 board: Void Freak
  + P1 retired: Void Freak
  - P2 board: K-9.0
  + P2 retired: K-9.0
  + Dead Pool: Void Freak, Void Freak, K-9.0
End of Turn 27: P1 board 8, P2 board 5, Dead Pool 26
Turn 28 - P2 acts
  - P2 hand: Bruut Enforcer
  + P2 board: Bruut Enforcer
  - P2 board: Target Marker Probe
  + P2 retired: Target Marker Probe
  + Dead Pool: Target Marker Probe, Target Marker Probe
End of Turn 28: P1 board 8, P2 board 5, Dead Pool 28
Turn 29 - P1 acts
  - P1 hand: Mutt
  + P1 board: Mutt
  - P1 board: Local Singularity
  + P1 retired: Local Singularity
  + Dead Pool: Local Singularity, Local Singularity
End of Turn 29: P1 board 8, P2 board 5, Dead Pool 30
Turn 30 - P2 acts
  - P2 hand: Task Mistres
  + P2 board: Task Mistres
  - P2 board: Detainment Probe
  + P2 retired: Detainment Probe
  + Dead Pool: Detainment Probe, Detainment Probe
End of Turn 30: P1 board 8, P2 board 5, Dead Pool 32
Turn 31 - P1 acts
  - P1 hand: Psychodelic Toad
  + P1 board: Psychodelic Toad
  - P1 board: Primordial Oozer
  + P1 retired: Primordial Oozer
  + Dead Pool: Primordial Oozer, Primordial Oozer
End of Turn 31: P1 board 8, P2 board 5, Dead Pool 34
Turn 32 - P2 acts
  - P2 hand: K-9.0
  + P2 board: K-9.0
End of Turn 32: P1 board 8, P2 board 6, Dead Pool 34
Turn 33 - P1 acts
  - P1 hand: Nives
  + P1 board: Nives
  - P1 board: Blood Howler
  + P1 retired: Blood Howler
  - P2 board: Compliance Auditon
  + P2 retired: Compliance Auditon
  + Dead Pool: Blood Howler, Blood Howler, Compliance Auditon
End of Turn 33: P1 board 8, P2 board 5, Dead Pool 37
Turn 34 - P2 acts
  - P2 hand: Sentry Node
  + P2 board: Sentry Node
  - P2 board: Sausage Droid
  + P2 retired: Sausage Droid
  + Dead Pool: Sausage Droid, Sausage Droid
End of Turn 34: P1 board 8, P2 board 5, Dead Pool 39
Turn 35 - P1 acts
  - P1 hand: Technomancer
  + P1 board: Technomancer
  - P1 board: Primordial Oozer
  + P1 retired: Primordial Oozer
  - P2 board: Bruut Enforcer
  + P2 retired: Bruut Enforcer
  + Dead Pool: Primordial Oozer, Primordial Oozer, Bruut Enforcer
End of Turn 35: P1 board 8, P2 board 4, Dead Pool 42
Turn 36 - P2 acts
  - P1 board: Nives
  + P1 retired: Nives
  - P2 hand: Sausage Droid
  + P2 board: Sausage Droid
  + Dead Pool: Nives
End of Turn 36: P1 board 7, P2 board 5, Dead Pool 43
Turn 37 - P1 acts
  - P1 hand: Voidling
  + P1 board: Voidling
  - P2 board: Sentry Node
  + P2 retired: Sentry Node
  + Dead Pool: Sentry Node
End of Turn 37: P1 board 8, P2 board 4, Dead Pool 44
Turn 38 - P2 acts
  - P1 board: Meat Vegetable
  + P1 retired: Meat Vegetable
  - P2 hand: Impact Simulant
  + P2 board: Impact Simulant
  + Dead Pool: Meat Vegetable
End of Turn 38: P1 board 7, P2 board 5, Dead Pool 45
Turn 39 - P1 acts
  - P1 hand: Käsekobold
  + P1 board: Käsekobold
End of Turn 39: P1 board 8, P2 board 5, Dead Pool 45
Turn 40 - P2 acts
  - P2 hand: Compliance Auditon
  + P2 board: Compliance Auditon
End of Turn 40: P1 board 8, P2 board 6, Dead Pool 45
Turn 41 - P1 acts
  - P1 hand: Psychodelic Toad
  + P1 board: Psychodelic Toad
  - P1 board: Käsekobold
  + P1 retired: Käsekobold
  - P2 board: Sausage Droid
  + P2 retired: Sausage Droid
  + Dead Pool: Käsekobold, Käsekobold, Sausage Droid
End of Turn 41: P1 board 8, P2 board 5, Dead Pool 48
Turn 42 - P2 acts
  - P2 hand: Marine Marauder
  + P2 board: Marine Marauder
End of Turn 42: P1 board 8, P2 board 6, Dead Pool 48
Turn 43 - P1 acts
  - P1 hand: Blood Howler
  + P1 board: Blood Howler
  - P2 board: Task Mistres
  + P2 retired: Task Mistres
  + Dead Pool: Task Mistres
End of Turn 43: P1 board 9, P2 board 5, Dead Pool 49
Turn 44 - P2 acts
  - P2 hand: Impact Simulant
  + P2 board: Impact Simulant
End of Turn 44: P1 board 9, P2 board 6, Dead Pool 49
Turn 45 - P1 acts
  - P1 hand: Annihilist Overseer
  + P1 board: Annihilist Overseer
  - P1 board: Mutt
  + P1 retired: Mutt
  + Dead Pool: Mutt, Mutt
End of Turn 45: P1 board 9, P2 board 6, Dead Pool 51
Turn 46 - P2 acts
  - P2 hand: Hover Shield
  + P2 board: Hover Shield
End of Turn 46: P1 board 9, P2 board 7, Dead Pool 51
Turn 47 - P1 acts
  - P1 hand: Vex
  + P1 board: Vex
  - P1 board: Psychodelic Toad, Annihilist Overseer
  + P1 retired: Psychodelic Toad, Annihilist Overseer
  + Dead Pool: Psychodelic Toad, Psychodelic Toad, Annihilist Overseer, Annihilist Overseer
End of Turn 47: P1 board 8, P2 board 7, Dead Pool 55
Turn 48 - P2 acts
  - P2 hand: Target Marker Probe
  + P2 board: Target Marker Probe
End of Turn 48: P1 board 8, P2 board 8, Dead Pool 55
Turn 49 - P1 acts
  - P1 hand: Voidling
  + P1 board: Voidling
  - P1 board: Nives
  + P1 retired: Nives
  + Dead Pool: Nives, Nives
End of Turn 49: P1 board 8, P2 board 8, Dead Pool 57
Turn 50 - P2 acts
  - P2 hand: Marine Marauder
  + P2 board: Marine Marauder
  - P2 board: K-9.0
  + P2 retired: K-9.0
  + Dead Pool: K-9.0, K-9.0
End of Turn 50: P1 board 8, P2 board 8, Dead Pool 59
Turn 51 - P1 acts
  - P1 hand: Meat Vegetable
  + P1 board: Meat Vegetable
  - P1 board: Psychodelic Toad
  + P1 retired: Psychodelic Toad
  + Dead Pool: Psychodelic Toad, Psychodelic Toad
End of Turn 51: P1 board 8, P2 board 8, Dead Pool 61
Turn 52 - P2 acts
  - P2 hand: Nob Lobber
  + P2 board: Nob Lobber
  - P2 board: Impact Simulant
  + P2 retired: Impact Simulant
  + Dead Pool: Impact Simulant, Impact Simulant
End of Turn 52: P1 board 8, P2 board 8, Dead Pool 63
Turn 53 - P1 acts
  - P1 hand: Void Freak
  + P1 board: Void Freak
End of Turn 53: P1 board 9, P2 board 8, Dead Pool 63
Turn 54 - P2 acts
  - P2 hand: Sentry Node
  + P2 board: Sentry Node
  - P2 board: Compliance Auditon
  + P2 retired: Compliance Auditon
  + Dead Pool: Compliance Auditon, Compliance Auditon
End of Turn 54: P1 board 9, P2 board 8, Dead Pool 65
Turn 55 - P1 acts
  - P1 hand: Krax
  + P1 board: Krax
  - P1 board: Technomancer
  + P1 retired: Technomancer
  - P2 board: Marine Marauder
  + P2 retired: Marine Marauder
  + Dead Pool: Technomancer, Technomancer, Marine Marauder
End of Turn 55: P1 board 9, P2 board 7, Dead Pool 68
Turn 56 - P2 acts
  - P1 board: Grim
  + P1 retired: Grim
  - P2 hand: K-9.0
  + P2 board: K-9.0
  + Dead Pool: Grim
Result: winner P2 | turns 55
Retired: P1 21, P2 21, Dead Pool 69

=== Game seed 11090 ===
Starting: P1 faction PCU vs P2 faction NARC
Turn 1 - P1 acts
  - P1 hand: Restless Natives
  + P1 board: Restless Natives
End of Turn 1: P1 board 2, P2 board 1, Dead Pool 0
Turn 2 - P2 acts
  - P2 hand: Sausage Droid
  + P2 board: Sausage Droid
End of Turn 2: P1 board 2, P2 board 2, Dead Pool 0
Turn 3 - P1 acts
  - P1 hand: Blood Howler
  + P1 board: Blood Howler
End of Turn 3: P1 board 3, P2 board 2, Dead Pool 0
Turn 4 - P2 acts
  - P1 board: Restless Natives
  + P1 retired: Restless Natives
  - P2 hand: Target Marker Probe
  + P2 board: Target Marker Probe
  + Dead Pool: Restless Natives
End of Turn 4: P1 board 2, P2 board 3, Dead Pool 1
Turn 5 - P1 acts
  - P1 hand: Blood Howler
  + P1 board: Blood Howler
End of Turn 5: P1 board 3, P2 board 3, Dead Pool 1
Turn 6 - P2 acts
  - P2 hand: Detainment Probe
  + P2 board: Detainment Probe
End of Turn 6: P1 board 3, P2 board 4, Dead Pool 1
Turn 7 - P1 acts
  - P1 hand: Primordial Oozer
  + P1 board: Primordial Oozer
End of Turn 7: P1 board 4, P2 board 4, Dead Pool 1
Turn 8 - P2 acts
  - P2 hand: Compliance Auditon
  + P2 board: Compliance Auditon
End of Turn 8: P1 board 4, P2 board 5, Dead Pool 1
Turn 9 - P1 acts
  - P1 hand: Void Freak
  + P1 board: Void Freak
  - P2 board: Sausage Droid
  + P2 retired: Sausage Droid
  + Dead Pool: Sausage Droid
End of Turn 9: P1 board 5, P2 board 4, Dead Pool 2
Turn 10 - P2 acts
  - P2 hand: Compliance Auditon
  + P2 board: Compliance Auditon
End of Turn 10: P1 board 5, P2 board 5, Dead Pool 2
Turn 11 - P1 acts
  - P1 hand: Primordial Oozer
  + P1 board: Primordial Oozer
  - P2 board: Target Marker Probe
  + P2 retired: Target Marker Probe
  + Dead Pool: Target Marker Probe
End of Turn 11: P1 board 6, P2 board 4, Dead Pool 3
Turn 12 - P2 acts
  - P2 hand: Hover Shield
  + P2 board: Hover Shield
End of Turn 12: P1 board 6, P2 board 5, Dead Pool 3
Turn 13 - P1 acts
  - P1 hand: Nives
  + P1 board: Nives
  - P1 board: Blood Howler
  + P1 retired: Blood Howler
  - P2 board: Detainment Probe
  + P2 retired: Detainment Probe
  + Dead Pool: Blood Howler, Blood Howler, Detainment Probe
End of Turn 13: P1 board 6, P2 board 4, Dead Pool 6
Turn 14 - P2 acts
  - P2 hand: Task Mistres
  + P2 board: Task Mistres
End of Turn 14: P1 board 6, P2 board 5, Dead Pool 6
Turn 15 - P1 acts
  - P1 hand: Annihilist Overseer
  + P1 board: Annihilist Overseer
  - P1 board: Blood Howler
  + P1 retired: Blood Howler
  - P2 board: Compliance Auditon
  + P2 retired: Compliance Auditon
  + Dead Pool: Blood Howler, Blood Howler, Compliance Auditon
End of Turn 15: P1 board 6, P2 board 4, Dead Pool 9
Turn 16 - P2 acts
  - P2 hand: Dormex Lurker
  + P2 board: Dormex Lurker
End of Turn 16: P1 board 6, P2 board 5, Dead Pool 9
Turn 17 - P1 acts
  - P1 hand: Vex
  + P1 board: Vex
  - P1 board: Primordial Oozer, Annihilist Overseer
  + P1 retired: Primordial Oozer, Annihilist Overseer
  + Dead Pool: Primordial Oozer, Primordial Oozer, Annihilist Overseer, Annihilist Overseer
End of Turn 17: P1 board 5, P2 board 5, Dead Pool 13
Turn 18 - P2 acts
  - P1 board: Void Freak
  + P1 retired: Void Freak
  - P2 hand: Sausage Droid
  + P2 board: Sausage Droid
  + Dead Pool: Void Freak
End of Turn 18: P1 board 4, P2 board 6, Dead Pool 14
Turn 19 - P1 acts
  - P1 hand: Voidling
  + P1 board: Voidling
  - P2 board: Compliance Auditon
  + P2 retired: Compliance Auditon
  + Dead Pool: Compliance Auditon
End of Turn 19: P1 board 5, P2 board 5, Dead Pool 15
Turn 20 - P2 acts
  - P1 board: Primordial Oozer
  + P1 retired: Primordial Oozer
  - P2 hand: MediFlux-1NDS
  + P2 board: MediFlux-1NDS
  + Dead Pool: Primordial Oozer
End of Turn 20: P1 board 4, P2 board 6, Dead Pool 16
Turn 21 - P1 acts
  - P1 hand: Annihilist Overseer
  + P1 board: Annihilist Overseer
  - P1 board: Nives
  + P1 retired: Nives
  + Dead Pool: Nives, Nives
End of Turn 21: P1 board 4, P2 board 6, Dead Pool 18
Turn 22 - P2 acts
  - P2 hand: Marine Marauder
  + P2 board: Marine Marauder
  - P2 board: Hover Shield
  + P2 retired: Hover Shield
  + Dead Pool: Hover Shield, Hover Shield
End of Turn 22: P1 board 4, P2 board 6, Dead Pool 20
Turn 23 - P1 acts
  - P1 hand: Psychodelic Toad
  + P1 board: Psychodelic Toad
  - P1 board: Vex, Annihilist Overseer
  + P1 retired: Annihilist Overseer, Vex
  + Dead Pool: Annihilist Overseer, Annihilist Overseer, Vex, Vex
End of Turn 23: P1 board 3, P2 board 6, Dead Pool 24
Turn 24 - P2 acts
  - P2 hand: Dormex Lurker
  + P2 board: Dormex Lurker
End of Turn 24: P1 board 3, P2 board 7, Dead Pool 24
Turn 25 - P1 acts
  - P1 hand: Void Freak
  + P1 board: Void Freak
End of Turn 25: P1 board 4, P2 board 7, Dead Pool 24
Turn 26 - P2 acts
  - P2 hand: Shield Array Node
  + P2 board: Shield Array Node
End of Turn 26: P1 board 4, P2 board 8, Dead Pool 24
Turn 27 - P1 acts
  - P1 hand: Meat Vegetable
  + P1 board: Meat Vegetable
  - P2 board: Task Mistres
  + P2 retired: Task Mistres
  + Dead Pool: Task Mistres
End of Turn 27: P1 board 5, P2 board 7, Dead Pool 25
Turn 28 - P2 acts
  - P2 hand: Sausage Droid
  + P2 board: Sausage Droid
End of Turn 28: P1 board 5, P2 board 8, Dead Pool 25
Turn 29 - P1 acts
  - P1 hand: Meat Vegetable
  + P1 board: Meat Vegetable
  - P2 board: Dormex Lurker
  + P2 retired: Dormex Lurker
  + Dead Pool: Dormex Lurker
End of Turn 29: P1 board 6, P2 board 7, Dead Pool 26
Turn 30 - P2 acts
  - P2 hand: Sausage Droid
  + P2 board: Sausage Droid
End of Turn 30: P1 board 6, P2 board 8, Dead Pool 26
Turn 31 - P1 acts
  - P1 hand: Psychodelic Toad
  + P1 board: Psychodelic Toad
  - P2 board: Sausage Droid
  + P2 retired: Sausage Droid
  + Dead Pool: Sausage Droid
End of Turn 31: P1 board 7, P2 board 7, Dead Pool 27
Turn 32 - P2 acts
  - P1 board: Void Freak
  + P1 retired: Void Freak
  - P2 hand: Task Mistres
  + P2 board: Task Mistres
  + Dead Pool: Void Freak
End of Turn 32: P1 board 6, P2 board 8, Dead Pool 28
Turn 33 - P1 acts
  - P1 hand: Local Singularity
  + P1 board: Local Singularity
End of Turn 33: P1 board 7, P2 board 8, Dead Pool 28
Turn 34 - P2 acts
  - P1 board: Voidling
  + P1 retired: Voidling
  - P2 hand: Hover Shield
  + P2 board: Hover Shield
  + Dead Pool: Voidling
End of Turn 34: P1 board 6, P2 board 9, Dead Pool 29
Turn 35 - P1 acts
  - P1 hand: Technomancer
  + P1 board: Technomancer
  - P1 board: Psychodelic Toad
  + P1 retired: Psychodelic Toad
  + Dead Pool: Psychodelic Toad, Psychodelic Toad
End of Turn 35: P1 board 6, P2 board 9, Dead Pool 31
Turn 36 - P2 acts
  - P2 hand: Bruut Enforcer
  + P2 board: Bruut Enforcer
  - P2 board: MediFlux-1NDS
  + P2 retired: MediFlux-1NDS
  + Dead Pool: MediFlux-1NDS, MediFlux-1NDS
End of Turn 36: P1 board 6, P2 board 9, Dead Pool 33
Turn 37 - P1 acts
  - P1 hand: Mutt
  + P1 board: Mutt
  - P1 board: Meat Vegetable, Psychodelic Toad
  + P1 retired: Psychodelic Toad, Meat Vegetable
  + Dead Pool: Psychodelic Toad, Psychodelic Toad, Meat Vegetable, Meat Vegetable
End of Turn 37: P1 board 5, P2 board 9, Dead Pool 37
Turn 38 - P2 acts
  - P2 hand: K-9.0
  + P2 board: K-9.0
  - P2 board: Marine Marauder
  + P2 retired: Marine Marauder
  + Dead Pool: Marine Marauder, Marine Marauder
End of Turn 38: P1 board 5, P2 board 9, Dead Pool 39
Turn 39 - P1 acts
  - P1 hand: Restless Natives
  + P1 board: Restless Natives
End of Turn 39: P1 board 6, P2 board 9, Dead Pool 39
Turn 40 - P2 acts
  - P1 board: Meat Vegetable
  + P1 retired: Meat Vegetable
  - P2 hand: Impact Simulant
  + P2 board: Impact Simulant
  + Dead Pool: Meat Vegetable
End of Turn 40: P1 board 5, P2 board 10, Dead Pool 40
Turn 41 - P1 acts
  - P1 hand: Primordial Oozer
  + P1 board: Primordial Oozer
End of Turn 41: P1 board 6, P2 board 10, Dead Pool 40
Turn 42 - P2 acts
  - P2 hand: Killjoy
  + P2 board: Killjoy
  - P2 board: Dormex Lurker
  + P2 retired: Dormex Lurker
  + Dead Pool: Dormex Lurker, Dormex Lurker
End of Turn 42: P1 board 6, P2 board 10, Dead Pool 42
Turn 43 - P1 acts
  - P1 hand: Vex
  + P1 board: Vex
  - P1 board: Local Singularity
  + P1 retired: Local Singularity
  + Dead Pool: Local Singularity, Local Singularity
End of Turn 43: P1 board 6, P2 board 10, Dead Pool 44
Turn 44 - P2 acts
  - P2 hand: MediFlux-1NDS
  + P2 board: MediFlux-1NDS
End of Turn 44: P1 board 6, P2 board 11, Dead Pool 44
Turn 45 - P1 acts
  - P1 hand: Käsekobold
  + P1 board: Käsekobold
End of Turn 45: P1 board 7, P2 board 11, Dead Pool 44
Turn 46 - P2 acts
  - P2 hand: Target Marker Probe
  + P2 board: Target Marker Probe
End of Turn 46: P1 board 7, P2 board 12, Dead Pool 44
Turn 47 - P1 acts
  - P1 hand: Nives
  + P1 board: Nives
  - P1 board: Technomancer, Vex
  + P1 retired: Vex, Technomancer
  + Dead Pool: Vex, Vex, Technomancer, Technomancer
End of Turn 47: P1 board 6, P2 board 12, Dead Pool 48
Turn 48 - P2 acts
  - P1 board: Mutt
  + P1 retired: Mutt
  - P2 hand: Nob Lobber
  + P2 board: Nob Lobber
  - P2 board: Shield Array Node, Sausage Droid
  + P2 retired: Sausage Droid, Shield Array Node
  + Dead Pool: Sausage Droid, Sausage Droid, Shield Array Node, Shield Array Node, Mutt
End of Turn 48: P1 board 5, P2 board 11, Dead Pool 53
Turn 49 - P1 acts
  - P1 hand: Krax
  + P1 board: Krax
  - P1 board: Restless Natives
  + P1 retired: Restless Natives
  + Dead Pool: Restless Natives, Restless Natives
End of Turn 49: P1 board 5, P2 board 11, Dead Pool 55
Turn 50 - P2 acts
  - P2 hand: Compliance Auditon
  + P2 board: Compliance Auditon
End of Turn 50: P1 board 5, P2 board 12, Dead Pool 55
Turn 51 - P1 acts
  - P1 hand: Annihilist Overseer
  + P1 board: Annihilist Overseer
  - P1 board: Primordial Oozer
  + P1 retired: Primordial Oozer
  - P2 board: Sausage Droid
  + P2 retired: Sausage Droid
  + Dead Pool: Sausage Droid, Primordial Oozer, Primordial Oozer
End of Turn 51: P1 board 5, P2 board 11, Dead Pool 58
Turn 52 - P2 acts
  - P2 hand: Dormex Lurker
  + P2 board: Dormex Lurker
End of Turn 52: P1 board 5, P2 board 12, Dead Pool 58
Turn 53 - P1 acts
  - P1 hand: Technomancer
  + P1 board: Technomancer
  - P1 board: Käsekobold, Annihilist Overseer
  + P1 retired: Annihilist Overseer, Käsekobold
  + Dead Pool: Annihilist Overseer, Annihilist Overseer, Käsekobold, Käsekobold
End of Turn 53: P1 board 4, P2 board 12, Dead Pool 62
Turn 54 - P2 acts
  - P2 hand: Marine Marauder
  + P2 board: Marine Marauder
  - P2 board: Task Mistres
  + P2 retired: Task Mistres
  + Dead Pool: Task Mistres, Task Mistres
End of Turn 54: P1 board 4, P2 board 12, Dead Pool 64
Turn 55 - P1 acts
  - P1 hand: Käsekobold
  + P1 board: Käsekobold
  - P1 board: Nives
  + P1 retired: Nives
  + Dead Pool: Nives, Nives
End of Turn 55: P1 board 4, P2 board 12, Dead Pool 66
Turn 56 - P2 acts
  - P2 hand: Nob Lobber
  + P2 board: Nob Lobber
  - P2 board: Hover Shield
  + P2 retired: Hover Shield
  + Dead Pool: Hover Shield, Hover Shield
End of Turn 56: P1 board 4, P2 board 12, Dead Pool 68
Turn 57 - P1 acts
  - P1 hand: Mutt
  + P1 board: Mutt
  - P1 board: Krax
  + P1 retired: Krax
  + Dead Pool: Krax, Krax
End of Turn 57: P1 board 4, P2 board 12, Dead Pool 70
Turn 58 - P2 acts
  - P2 hand: Detainment Probe
  + P2 board: Detainment Probe
  - P2 board: Bruut Enforcer
  + P2 retired: Bruut Enforcer
  + Dead Pool: Bruut Enforcer, Bruut Enforcer
End of Turn 58: P1 board 4, P2 board 12, Dead Pool 72
Turn 59 - P1 acts
  - P1 hand: Mutt
  + P1 board: Mutt
  - P1 board: Technomancer
  + P1 retired: Technomancer
  + Dead Pool: Technomancer, Technomancer
End of Turn 59: P1 board 4, P2 board 12, Dead Pool 74
Turn 60 - P2 acts
  - P2 hand: Shield Array Node
  + P2 board: Shield Array Node
End of Turn 60: P1 board 4, P2 board 13, Dead Pool 74
Turn 61 - P1 acts
  - P1 hand: Restless Natives
  + P1 board: Restless Natives
  - P1 board: Käsekobold
  + P1 retired: Käsekobold
  + Dead Pool: Käsekobold, Käsekobold
End of Turn 61: P1 board 4, P2 board 13, Dead Pool 76
Turn 62 - P2 acts
  - P2 hand: Nob Lobber
  + P2 board: Nob Lobber
  - P2 board: K-9.0
  + P2 retired: K-9.0
  + Dead Pool: K-9.0, K-9.0
End of Turn 62: P1 board 4, P2 board 13, Dead Pool 78
Turn 63 - P1 acts
  - P1 hand: Vex
  + P1 board: Vex
  - P1 board: Mutt
  + P1 retired: Mutt
  + Dead Pool: Mutt, Mutt
End of Turn 63: P1 board 4, P2 board 13, Dead Pool 80
Turn 64 - P2 acts
  - P2 hand: Sentry Node
  + P2 board: Sentry Node
  - P2 board: Impact Simulant
  + P2 retired: Impact Simulant
  + Dead Pool: Impact Simulant, Impact Simulant
End of Turn 64: P1 board 4, P2 board 13, Dead Pool 82
Turn 65 - P1 acts
  - P1 hand: Technomancer
  + P1 board: Technomancer
  - P1 board: Mutt
  + P1 retired: Mutt
  + Dead Pool: Mutt, Mutt
End of Turn 65: P1 board 4, P2 board 13, Dead Pool 84
Turn 66 - P2 acts
  - P2 hand: Hover Shield
  + P2 board: Hover Shield
End of Turn 66: P1 board 4, P2 board 14, Dead Pool 84
Turn 67 - P1 acts
  - P1 hand: Blood Howler
  + P1 board: Blood Howler
  - P1 board: Restless Natives, Vex
  + P1 retired: Restless Natives, Vex
  + Dead Pool: Restless Natives, Restless Natives, Vex, Vex
End of Turn 67: P1 board 3, P2 board 14, Dead Pool 88
Turn 68 - P2 acts
  - P2 hand: Sentry Node
  + P2 board: Sentry Node
  - P2 board: Killjoy
  + P2 retired: Killjoy
  + Dead Pool: Killjoy, Killjoy
End of Turn 68: P1 board 3, P2 board 14, Dead Pool 90
Turn 69 - P1 acts
  - P1 hand: Dragoon
  + P1 board: Dragoon
  - P1 board: Technomancer
  + P1 retired: Technomancer
  + Dead Pool: Technomancer, Technomancer
End of Turn 69: P1 board 3, P2 board 14, Dead Pool 92
Turn 70 - P2 acts
  - P2 hand: Killjoy
  + P2 board: Killjoy
  - P2 board: MediFlux-1NDS
  + P2 retired: MediFlux-1NDS
  + Dead Pool: MediFlux-1NDS, MediFlux-1NDS
End of Turn 70: P1 board 3, P2 board 14, Dead Pool 94
Turn 71 - P1 acts
  - P1 hand: Nives
  + P1 board: Nives
  - P1 board: Blood Howler
  + P1 retired: Blood Howler
  + Dead Pool: Blood Howler, Blood Howler
End of Turn 71: P1 board 3, P2 board 14, Dead Pool 96
Turn 72 - P2 acts
  - P1 board: Dragoon
  + P1 retired: Dragoon
  - P2 hand: Shield Array Node
  + P2 board: Shield Array Node
  + Dead Pool: Dragoon
End of Turn 72: P1 board 2, P2 board 15, Dead Pool 97
Turn 73 - P1 acts
  - P1 hand: Dragoon
  + P1 board: Dragoon
  - P1 board: Nives
  + P1 retired: Nives
  + Dead Pool: Nives, Nives
End of Turn 73: P1 board 2, P2 board 15, Dead Pool 99
Turn 74 - P2 acts
  - P2 hand: Impact Simulant
  + P2 board: Impact Simulant
End of Turn 74: P1 board 2, P2 board 16, Dead Pool 99
Turn 75 - P1 acts
  - P1 hand: Voidling
  + P1 board: Voidling
  - P1 board: Dragoon
  + P1 retired: Dragoon
  + Dead Pool: Dragoon, Dragoon
End of Turn 75: P1 board 2, P2 board 16, Dead Pool 101
Turn 76 - P2 acts
  - P2 hand: Detainment Probe
  + P2 board: Detainment Probe
End of Turn 76: P1 board 2, P2 board 17, Dead Pool 101
Turn 77 - P1 acts
  - P1 hand: Local Singularity
  + P1 board: Local Singularity
End of Turn 77: P1 board 3, P2 board 17, Dead Pool 101
Turn 78 - P2 acts
  - P2 hand: Bruut Enforcer
  + P2 board: Bruut Enforcer
  - P2 board: Target Marker Probe
  + P2 retired: Target Marker Probe
  + Dead Pool: Target Marker Probe, Target Marker Probe
End of Turn 78: P1 board 3, P2 board 17, Dead Pool 103
Turn 79 - P1 acts
  - P1 hand: Voidling
  + P1 retired: Voidling
  + Dead Pool: Voidling, Voidling
End of Turn 79: P1 board 3, P2 board 17, Dead Pool 105
Turn 80 - P2 acts
  - P2 hand: Impact Simulant
  + P2 board: Impact Simulant
End of Turn 80: P1 board 3, P2 board 18, Dead Pool 105
Turn 81 - P1 acts
  - P1 hand: Restless Natives
  + P1 board: Restless Natives
  - P1 board: Local Singularity
  + P1 retired: Local Singularity
  + Dead Pool: Local Singularity, Local Singularity
End of Turn 81: P1 board 3, P2 board 18, Dead Pool 107
Turn 82 - P2 acts
  - P2 hand: Compliance Auditon
  + P2 board: Compliance Auditon
End of Turn 82: P1 board 3, P2 board 19, Dead Pool 107
Turn 83 - P1 acts
  - P1 hand: Krax
  + P1 board: Krax
  - P1 board: Voidling
  + P1 retired: Voidling
  + Dead Pool: Voidling, Voidling
End of Turn 83: P1 board 3, P2 board 19, Dead Pool 109
Turn 84 - P2 acts
  - P1 board: Restless Natives
  + P1 retired: Restless Natives
  - P2 hand: MediFlux-1NDS
  + P2 board: MediFlux-1NDS
  + Dead Pool: Restless Natives
End of Turn 84: P1 board 2, P2 board 20, Dead Pool 110
Turn 85 - P1 acts
  - P1 hand: Dragoon
  + P1 board: Dragoon
  - P1 board: Krax
  + P1 retired: Krax
  + Dead Pool: Krax, Krax
End of Turn 85: P1 board 2, P2 board 20, Dead Pool 112
Turn 86 - P2 acts
  - P2 hand: K-9.0
  + P2 board: K-9.0
  - P2 board: Nob Lobber
  + P2 retired: Nob Lobber
  + Dead Pool: Nob Lobber, Nob Lobber
End of Turn 86: P1 board 2, P2 board 20, Dead Pool 114
Turn 87 - P1 acts
  - P1 hand: Käsekobold
  + P1 board: Käsekobold
End of Turn 87: P1 board 3, P2 board 20, Dead Pool 114
Turn 88 - P2 acts
  - P1 board: Dragoon
  + P1 retired: Dragoon
  - P2 hand: Sentry Node
  + P2 board: Sentry Node
  - P2 board: Compliance Auditon
  + P2 retired: Compliance Auditon
  + Dead Pool: Compliance Auditon, Compliance Auditon, Dragoon
End of Turn 88: P1 board 2, P2 board 20, Dead Pool 117
Turn 89 - P1 acts
  - P1 hand: Void Freak
  + P1 board: Void Freak
End of Turn 89: P1 board 3, P2 board 20, Dead Pool 117
Turn 90 - P2 acts
  - P2 hand: Target Marker Probe
  + P2 board: Target Marker Probe
End of Turn 90: P1 board 3, P2 board 21, Dead Pool 117
Turn 91 - P1 acts
  - P1 hand: Krax
  + P1 board: Krax
  - P1 board: Käsekobold, Void Freak
  + P1 retired: Void Freak, Käsekobold
  + Dead Pool: Void Freak, Void Freak, Käsekobold, Käsekobold
End of Turn 91: P1 board 2, P2 board 21, Dead Pool 121
Turn 92 - P2 acts
  - P2 hand: K-9.0
  + P2 board: K-9.0
  - P2 board: Dormex Lurker
  + P2 retired: Dormex Lurker
  + Dead Pool: Dormex Lurker, Dormex Lurker
End of Turn 92: P1 board 2, P2 board 21, Dead Pool 123
Turn 93 - P1 acts
  - P1 hand: Käsekobold
  + P1 board: Käsekobold
  - P2 board: Sentry Node
  + P2 retired: Sentry Node
  + Dead Pool: Sentry Node
End of Turn 93: P1 board 3, P2 board 20, Dead Pool 124
Turn 94 - P2 acts
  - P1 board: Krax
  + P1 retired: Krax
  - P2 hand: Marine Marauder
  + P2 retired: Marine Marauder
  + Dead Pool: Marine Marauder, Marine Marauder, Krax
End of Turn 94: P1 board 2, P2 board 20, Dead Pool 127
Turn 95 - P1 acts
  - P1 hand: Dragoon
  + P1 board: Dragoon
  - P1 board: Käsekobold
  + P1 retired: Käsekobold
  + Dead Pool: Käsekobold, Käsekobold
End of Turn 95: P1 board 2, P2 board 20, Dead Pool 129
Turn 96 - P2 acts
  - P1 board: Grim
  + P1 retired: Grim
  - P2 hand: Hover Shield
  + P2 board: Hover Shield
  + Dead Pool: Grim
Result: winner P2 | turns 95
Retired: P1 48, P2 28, Dead Pool 130

=== Game seed 11091 ===
Starting: P1 faction PCU vs P2 faction NARC
Turn 1 - P1 acts
  - P1 hand: Voidling
  + P1 board: Voidling
End of Turn 1: P1 board 2, P2 board 1, Dead Pool 0
Turn 2 - P2 acts
  - P2 hand: Impact Simulant
  + P2 board: Impact Simulant
End of Turn 2: P1 board 2, P2 board 2, Dead Pool 0
Turn 3 - P1 acts
  - P1 hand: Void Freak
  + P1 board: Void Freak
End of Turn 3: P1 board 3, P2 board 2, Dead Pool 0
Turn 4 - P2 acts
  - P2 hand: Sausage Droid
  + P2 board: Sausage Droid
End of Turn 4: P1 board 3, P2 board 3, Dead Pool 0
Turn 5 - P1 acts
  - P1 hand: Voidling
  + P1 board: Voidling
  - P2 board: Impact Simulant
  + P2 retired: Impact Simulant
  + Dead Pool: Impact Simulant
End of Turn 5: P1 board 4, P2 board 2, Dead Pool 1
Turn 6 - P2 acts
  - P1 board: Voidling
  + P1 retired: Voidling
  - P2 hand: Compliance Auditon
  + P2 board: Compliance Auditon
  + Dead Pool: Voidling
End of Turn 6: P1 board 3, P2 board 3, Dead Pool 2
Turn 7 - P1 acts
  - P1 hand: Voidling
  + P1 board: Voidling
  - P1 board: Void Freak
  + P1 retired: Void Freak
  + Dead Pool: Void Freak, Void Freak
End of Turn 7: P1 board 3, P2 board 3, Dead Pool 4
Turn 8 - P2 acts
  - P2 hand: Target Marker Probe
  + P2 board: Target Marker Probe
End of Turn 8: P1 board 3, P2 board 4, Dead Pool 4
Turn 9 - P1 acts
  - P1 hand: Technomancer
  + P1 board: Technomancer
  - P1 board: Voidling
  + P1 retired: Voidling
  + Dead Pool: Voidling, Voidling
End of Turn 9: P1 board 3, P2 board 4, Dead Pool 6
Turn 10 - P2 acts
  - P2 hand: Compliance Auditon
  + P2 board: Compliance Auditon
  - P2 board: Sausage Droid
  + P2 retired: Sausage Droid
  + Dead Pool: Sausage Droid, Sausage Droid
End of Turn 10: P1 board 3, P2 board 4, Dead Pool 8
Turn 11 - P1 acts
  - P1 hand: Annihilist Overseer
  + P1 board: Annihilist Overseer
  - P1 board: Voidling
  + P1 retired: Voidling
  + Dead Pool: Voidling, Voidling
End of Turn 11: P1 board 3, P2 board 4, Dead Pool 10
Turn 12 - P2 acts
  - P2 hand: Sausage Droid
  + P2 board: Sausage Droid
End of Turn 12: P1 board 3, P2 board 5, Dead Pool 10
Turn 13 - P1 acts
  - P1 hand: Mutt
  + P1 board: Mutt
  - P1 board: Technomancer, Annihilist Overseer
  + P1 retired: Technomancer, Annihilist Overseer
  + Dead Pool: Technomancer, Technomancer, Annihilist Overseer, Annihilist Overseer
End of Turn 13: P1 board 2, P2 board 5, Dead Pool 14
Turn 14 - P2 acts
  - P2 hand: MediFlux-1NDS
  + P2 board: MediFlux-1NDS
End of Turn 14: P1 board 2, P2 board 6, Dead Pool 14
Turn 15 - P1 acts
  - P1 hand: Void Freak
  + P1 board: Void Freak
End of Turn 15: P1 board 3, P2 board 6, Dead Pool 14
Turn 16 - P2 acts
  - P2 hand: Target Marker Probe
  + P2 board: Target Marker Probe
End of Turn 16: P1 board 3, P2 board 7, Dead Pool 14
Turn 17 - P1 acts
  - P1 hand: Primordial Oozer
  + P1 board: Primordial Oozer
  - P2 board: Compliance Auditon
  + P2 retired: Compliance Auditon
  + Dead Pool: Compliance Auditon
End of Turn 17: P1 board 4, P2 board 6, Dead Pool 15
Turn 18 - P2 acts
  - P1 board: Mutt
  + P1 retired: Mutt
  - P2 hand: Sausage Droid
  + P2 board: Sausage Droid
  + Dead Pool: Mutt
End of Turn 18: P1 board 3, P2 board 7, Dead Pool 16
Turn 19 - P1 acts
  - P1 hand: Vex
  + P1 board: Vex
  - P1 board: Void Freak
  + P1 retired: Void Freak
  + Dead Pool: Void Freak, Void Freak
End of Turn 19: P1 board 3, P2 board 7, Dead Pool 18
Turn 20 - P2 acts
  - P2 hand: MediFlux-1NDS
  + P2 board: MediFlux-1NDS
End of Turn 20: P1 board 3, P2 board 8, Dead Pool 18
Turn 21 - P1 acts
  - P1 hand: Annihilist Overseer
  + P1 board: Annihilist Overseer
  - P1 board: Primordial Oozer, Vex
  + P1 retired: Primordial Oozer, Vex
  - P2 board: Target Marker Probe
  + P2 retired: Target Marker Probe
  + Dead Pool: Primordial Oozer, Primordial Oozer, Vex, Vex, Target Marker Probe
End of Turn 21: P1 board 2, P2 board 7, Dead Pool 23
Turn 22 - P2 acts
  - P2 hand: Task Mistres
  + P2 board: Task Mistres
End of Turn 22: P1 board 2, P2 board 8, Dead Pool 23
Turn 23 - P1 acts
  - P1 hand: Technomancer
  + P1 board: Technomancer
  - P1 board: Annihilist Overseer
  + P1 retired: Annihilist Overseer
  + Dead Pool: Annihilist Overseer, Annihilist Overseer
End of Turn 23: P1 board 2, P2 board 8, Dead Pool 25
Turn 24 - P2 acts
  - P2 hand: Target Marker Probe
  + P2 board: Target Marker Probe
End of Turn 24: P1 board 2, P2 board 9, Dead Pool 25
Turn 25 - P1 acts
  - P1 hand: Dragoon
  + P1 board: Dragoon
  - P1 board: Technomancer
  + P1 retired: Technomancer
  + Dead Pool: Technomancer, Technomancer
End of Turn 25: P1 board 2, P2 board 9, Dead Pool 27
Turn 26 - P2 acts
  - P2 hand: Shield Array Node
  + P2 board: Shield Array Node
End of Turn 26: P1 board 2, P2 board 10, Dead Pool 27
Turn 27 - P1 acts
  - P1 hand: Local Singularity
  + P1 board: Local Singularity
  - P2 board: Compliance Auditon
  + P2 retired: Compliance Auditon
  + Dead Pool: Compliance Auditon
End of Turn 27: P1 board 3, P2 board 9, Dead Pool 28
Turn 28 - P2 acts
  - P1 board: Dragoon
  + P1 retired: Dragoon
  - P2 hand: MediFlux-1NDS
  + P2 board: MediFlux-1NDS
  + Dead Pool: Dragoon
End of Turn 28: P1 board 2, P2 board 10, Dead Pool 29
Turn 29 - P1 acts
  - P1 hand: Blood Howler
  + P1 board: Blood Howler
End of Turn 29: P1 board 3, P2 board 10, Dead Pool 29
Turn 30 - P2 acts
  - P2 hand: K-9.0
  + P2 board: K-9.0
  - P2 board: Sausage Droid
  + P2 retired: Sausage Droid
  + Dead Pool: Sausage Droid, Sausage Droid
End of Turn 30: P1 board 3, P2 board 10, Dead Pool 31
Turn 31 - P1 acts
  - P1 hand: Vex
  + P1 board: Vex
  - P1 board: Local Singularity
  + P1 retired: Local Singularity
  + Dead Pool: Local Singularity, Local Singularity
End of Turn 31: P1 board 3, P2 board 10, Dead Pool 33
Turn 32 - P2 acts
  - P1 board: Blood Howler
  + P1 retired: Blood Howler
  - P2 hand: Impact Simulant
  + P2 board: Impact Simulant
  + Dead Pool: Blood Howler
End of Turn 32: P1 board 2, P2 board 11, Dead Pool 34
Turn 33 - P1 acts
  - P1 hand: Krax
  + P1 board: Krax
  - P1 board: Grim, Vex
  + P1 retired: Vex, Grim
  + Dead Pool: Vex, Vex, Grim
Result: winner P2 | turns 32
Retired: P1 17, P2 6, Dead Pool 37

=== Game seed 11092 ===
Starting: P1 faction PCU vs P2 faction NARC
Turn 1 - P1 acts
  - P1 hand: Primordial Oozer
  + P1 board: Primordial Oozer
End of Turn 1: P1 board 2, P2 board 1, Dead Pool 0
Turn 2 - P2 acts
  - P2 hand: Impact Simulant
  + P2 board: Impact Simulant
End of Turn 2: P1 board 2, P2 board 2, Dead Pool 0
Turn 3 - P1 acts
  - P1 hand: Restless Natives
  + P1 board: Restless Natives
End of Turn 3: P1 board 3, P2 board 2, Dead Pool 0
Turn 4 - P2 acts
  - P2 hand: Compliance Auditon
  + P2 board: Compliance Auditon
End of Turn 4: P1 board 3, P2 board 3, Dead Pool 0
Turn 5 - P1 acts
  - P1 hand: Void Freak
  + P1 board: Void Freak
  - P1 board: Primordial Oozer
  + P1 retired: Primordial Oozer
  + Dead Pool: Primordial Oozer, Primordial Oozer
End of Turn 5: P1 board 3, P2 board 3, Dead Pool 2
Turn 6 - P2 acts
  - P2 hand: Sausage Droid
  + P2 board: Sausage Droid
End of Turn 6: P1 board 3, P2 board 4, Dead Pool 2
Turn 7 - P1 acts
  - P1 hand: Blood Howler
  + P1 board: Blood Howler
  - P2 board: Impact Simulant
  + P2 retired: Impact Simulant
  + Dead Pool: Impact Simulant
End of Turn 7: P1 board 4, P2 board 3, Dead Pool 3
Turn 8 - P2 acts
  - P1 board: Restless Natives
  + P1 retired: Restless Natives
  - P2 hand: Compliance Auditon
  + P2 board: Compliance Auditon
  + Dead Pool: Restless Natives
End of Turn 8: P1 board 3, P2 board 4, Dead Pool 4
Turn 9 - P1 acts
  - P1 hand: Vex
  + P1 board: Vex
  - P1 board: Void Freak
  + P1 retired: Void Freak
  + Dead Pool: Void Freak, Void Freak
End of Turn 9: P1 board 3, P2 board 4, Dead Pool 6
Turn 10 - P2 acts
  - P2 hand: Sausage Droid
  + P2 board: Sausage Droid
End of Turn 10: P1 board 3, P2 board 5, Dead Pool 6
Turn 11 - P1 acts
  - P1 hand: Meat Vegetable
  + P1 board: Meat Vegetable
End of Turn 11: P1 board 4, P2 board 5, Dead Pool 6
Turn 12 - P2 acts
  - P2 hand: MediFlux-1NDS
  + P2 board: MediFlux-1NDS
End of Turn 12: P1 board 4, P2 board 6, Dead Pool 6
Turn 13 - P1 acts
  - P1 hand: Void Freak
  + P1 board: Void Freak
  - P1 board: Vex
  + P1 retired: Vex
  + Dead Pool: Vex, Vex
End of Turn 13: P1 board 4, P2 board 6, Dead Pool 8
Turn 14 - P2 acts
  - P2 hand: Task Mistres
  + P2 board: Task Mistres
  - P2 board: Compliance Auditon
  + P2 retired: Compliance Auditon
  + Dead Pool: Compliance Auditon, Compliance Auditon
End of Turn 14: P1 board 4, P2 board 6, Dead Pool 10
Turn 15 - P1 acts
  - P1 hand: Annihilist Overseer
  + P1 board: Annihilist Overseer
  - P1 board: Blood Howler
  + P1 retired: Blood Howler
  - P2 board: Sausage Droid
  + P2 retired: Sausage Droid
  + Dead Pool: Blood Howler, Blood Howler, Sausage Droid
End of Turn 15: P1 board 4, P2 board 5, Dead Pool 13
Turn 16 - P2 acts
  - P2 hand: Shield Array Node
  + P2 board: Shield Array Node
End of Turn 16: P1 board 4, P2 board 6, Dead Pool 13
Turn 17 - P1 acts
  - P1 hand: Käsekobold
  + P1 board: Käsekobold
  - P1 board: Annihilist Overseer
  + P1 retired: Annihilist Overseer
  + Dead Pool: Annihilist Overseer, Annihilist Overseer
End of Turn 17: P1 board 4, P2 board 6, Dead Pool 15
Turn 18 - P2 acts
  - P2 hand: Impact Simulant
  + P2 board: Impact Simulant
End of Turn 18: P1 board 4, P2 board 7, Dead Pool 15
Turn 19 - P1 acts
  - P1 hand: Nives
  + P1 board: Nives
  - P1 board: Meat Vegetable, Void Freak
  + P1 retired: Void Freak, Meat Vegetable
  + Dead Pool: Void Freak, Void Freak, Meat Vegetable, Meat Vegetable
End of Turn 19: P1 board 3, P2 board 7, Dead Pool 19
Turn 20 - P2 acts
  - P2 hand: Target Marker Probe
  + P2 board: Target Marker Probe
End of Turn 20: P1 board 3, P2 board 8, Dead Pool 19
Turn 21 - P1 acts
  - P1 hand: Blood Howler
  + P1 board: Blood Howler
  - P2 board: Compliance Auditon
  + P2 retired: Compliance Auditon
  + Dead Pool: Compliance Auditon
End of Turn 21: P1 board 4, P2 board 7, Dead Pool 20
Turn 22 - P2 acts
  - P1 board: Käsekobold
  + P1 retired: Käsekobold
  - P2 hand: MediFlux-1NDS
  + P2 board: MediFlux-1NDS
  + Dead Pool: Käsekobold
End of Turn 22: P1 board 3, P2 board 8, Dead Pool 21
Turn 23 - P1 acts
  - P1 hand: Restless Natives
  + P1 board: Restless Natives
  - P2 board: Sausage Droid
  + P2 retired: Sausage Droid
  + Dead Pool: Sausage Droid
End of Turn 23: P1 board 4, P2 board 7, Dead Pool 22
Turn 24 - P2 acts
  - P2 hand: Detainment Probe
  + P2 board: Detainment Probe
End of Turn 24: P1 board 4, P2 board 8, Dead Pool 22
Turn 25 - P1 acts
  - P1 hand: Technomancer
  + P1 board: Technomancer
  - P1 board: Nives
  + P1 retired: Nives
  + Dead Pool: Nives, Nives
End of Turn 25: P1 board 4, P2 board 8, Dead Pool 24
Turn 26 - P2 acts
  - P2 hand: MediFlux-1NDS
  + P2 board: MediFlux-1NDS
End of Turn 26: P1 board 4, P2 board 9, Dead Pool 24
Turn 27 - P1 acts
  - P1 hand: Nives
  + P1 board: Nives
  - P1 board: Blood Howler
  + P1 retired: Blood Howler
  - P2 board: MediFlux-1NDS
  + P2 retired: MediFlux-1NDS
  + Dead Pool: Blood Howler, Blood Howler, MediFlux-1NDS
End of Turn 27: P1 board 4, P2 board 8, Dead Pool 27
Turn 28 - P2 acts
  - P2 hand: Marine Marauder
  + P2 board: Marine Marauder
End of Turn 28: P1 board 4, P2 board 9, Dead Pool 27
Turn 29 - P1 acts
  - P1 hand: Mutt
  + P1 board: Mutt
  - P1 board: Restless Natives
  + P1 retired: Restless Natives
  - P2 board: Task Mistres
  + P2 retired: Task Mistres
  + Dead Pool: Restless Natives, Restless Natives, Task Mistres
End of Turn 29: P1 board 4, P2 board 8, Dead Pool 30
Turn 30 - P2 acts
  - P2 hand: Sentry Node
  + P2 board: Sentry Node
  - P2 board: Shield Array Node
  + P2 retired: Shield Array Node
  + Dead Pool: Shield Array Node, Shield Array Node
End of Turn 30: P1 board 4, P2 board 8, Dead Pool 32
Turn 31 - P1 acts
  - P1 hand: Psychodelic Toad
  + P1 board: Psychodelic Toad
  - P1 board: Technomancer
  + P1 retired: Technomancer
  + Dead Pool: Technomancer, Technomancer
End of Turn 31: P1 board 4, P2 board 8, Dead Pool 34
Turn 32 - P2 acts
  - P2 hand: Dormex Lurker
  + P2 board: Dormex Lurker
End of Turn 32: P1 board 4, P2 board 9, Dead Pool 34
Turn 33 - P1 acts
  - P1 hand: Void Freak
  + P1 board: Void Freak
  - P1 board: Nives
  + P1 retired: Nives
  - P2 board: Sentry Node
  + P2 retired: Sentry Node
  + Dead Pool: Nives, Nives, Sentry Node
End of Turn 33: P1 board 4, P2 board 8, Dead Pool 37
Turn 34 - P2 acts
  - P2 hand: Target Marker Probe
  + P2 board: Target Marker Probe
End of Turn 34: P1 board 4, P2 board 9, Dead Pool 37
Turn 35 - P1 acts
  - P1 hand: Dragoon
  + P1 board: Dragoon
  - P1 board: Mutt
  + P1 retired: Mutt
  - P2 board: Impact Simulant
  + P2 retired: Impact Simulant
  + Dead Pool: Impact Simulant, Mutt, Mutt
End of Turn 35: P1 board 4, P2 board 8, Dead Pool 40
Turn 36 - P2 acts
  - P2 hand: Task Mistres
  + P2 board: Task Mistres
End of Turn 36: P1 board 4, P2 board 9, Dead Pool 40
Turn 37 - P1 acts
  - P1 hand: Restless Natives
  + P1 board: Restless Natives
  - P1 board: Psychodelic Toad
  + P1 retired: Psychodelic Toad
  - P2 board: Target Marker Probe
  + P2 retired: Target Marker Probe
  + Dead Pool: Psychodelic Toad, Psychodelic Toad, Target Marker Probe
End of Turn 37: P1 board 4, P2 board 8, Dead Pool 43
Turn 38 - P2 acts
  - P2 hand: Sentry Node
  + P2 board: Sentry Node
  - P2 board: MediFlux-1NDS
  + P2 retired: MediFlux-1NDS
  + Dead Pool: MediFlux-1NDS, MediFlux-1NDS
End of Turn 38: P1 board 4, P2 board 8, Dead Pool 45
Turn 39 - P1 acts
  - P1 hand: Nives
  + P1 board: Nives
  - P1 board: Void Freak, Dragoon
  + P1 retired: Void Freak, Dragoon
  + Dead Pool: Void Freak, Void Freak, Dragoon, Dragoon
End of Turn 39: P1 board 3, P2 board 8, Dead Pool 49
Turn 40 - P2 acts
  - P2 hand: Task Mistres
  + P2 board: Task Mistres
End of Turn 40: P1 board 3, P2 board 9, Dead Pool 49
Turn 41 - P1 acts
  - P1 hand: Annihilist Overseer
  + P1 board: Annihilist Overseer
  - P1 board: Restless Natives
  + P1 retired: Restless Natives
  - P2 board: Detainment Probe
  + P2 retired: Detainment Probe
  + Dead Pool: Restless Natives, Restless Natives, Detainment Probe
End of Turn 41: P1 board 3, P2 board 8, Dead Pool 52
Turn 42 - P2 acts
  - P2 hand: Hover Shield
  + P2 board: Hover Shield
End of Turn 42: P1 board 3, P2 board 9, Dead Pool 52
Turn 43 - P1 acts
  - P1 hand: Voidling
  + P1 board: Voidling
  - P1 board: Nives, Annihilist Overseer
  + P1 retired: Annihilist Overseer, Nives
  + Dead Pool: Annihilist Overseer, Annihilist Overseer, Nives, Nives
End of Turn 43: P1 board 2, P2 board 9, Dead Pool 56
Turn 44 - P2 acts
  - P2 hand: K-9.0
  + P2 board: K-9.0
  - P2 board: MediFlux-1NDS
  + P2 retired: MediFlux-1NDS
  + Dead Pool: MediFlux-1NDS, MediFlux-1NDS
End of Turn 44: P1 board 2, P2 board 9, Dead Pool 58
Turn 45 - P1 acts
  - P1 hand: Mutt
  + P1 board: Mutt
  - P1 board: Voidling
  + P1 retired: Voidling
  + Dead Pool: Voidling, Voidling
End of Turn 45: P1 board 2, P2 board 9, Dead Pool 60
Turn 46 - P2 acts
  - P2 hand: Impact Simulant
  + P2 board: Impact Simulant
End of Turn 46: P1 board 2, P2 board 10, Dead Pool 60
Turn 47 - P1 acts
  - P1 hand: Käsekobold
  + P1 board: Käsekobold
End of Turn 47: P1 board 3, P2 board 10, Dead Pool 60
Turn 48 - P2 acts
  - P1 board: Mutt
  + P1 retired: Mutt
  - P2 hand: Marine Marauder
  + P2 board: Marine Marauder
  + Dead Pool: Mutt
End of Turn 48: P1 board 2, P2 board 11, Dead Pool 61
Turn 49 - P1 acts
  - P1 hand: Restless Natives
  + P1 board: Restless Natives
  - P2 board: Marine Marauder
  + P2 retired: Marine Marauder
  + Dead Pool: Marine Marauder
End of Turn 49: P1 board 3, P2 board 10, Dead Pool 62
Turn 50 - P2 acts
  - P1 board: Käsekobold
  + P1 retired: Käsekobold
  - P2 hand: Killjoy
  + P2 board: Killjoy
  - P2 board: Dormex Lurker
  + P2 retired: Dormex Lurker
  + Dead Pool: Käsekobold, Dormex Lurker, Dormex Lurker
End of Turn 50: P1 board 2, P2 board 10, Dead Pool 65
Turn 51 - P1 acts
  - P1 hand: Vex
  + P1 board: Vex
  - P1 board: Restless Natives
  + P1 retired: Restless Natives
  + Dead Pool: Restless Natives, Restless Natives
End of Turn 51: P1 board 2, P2 board 10, Dead Pool 67
Turn 52 - P2 acts
  - P2 hand: Shield Array Node
  + P2 board: Shield Array Node
End of Turn 52: P1 board 2, P2 board 11, Dead Pool 67
Turn 53 - P1 acts
  - P1 hand: Primordial Oozer
  + P1 board: Primordial Oozer
  - P1 board: Vex
  + P1 retired: Vex
  + Dead Pool: Vex, Vex
End of Turn 53: P1 board 2, P2 board 11, Dead Pool 69
Turn 54 - P2 acts
  - P2 hand: Hover Shield
  + P2 board: Hover Shield
  - P2 board: Sentry Node
  + P2 retired: Sentry Node
  + Dead Pool: Sentry Node, Sentry Node
End of Turn 54: P1 board 2, P2 board 11, Dead Pool 71
Turn 55 - P1 acts
  - P1 hand: Psychodelic Toad
  + P1 board: Psychodelic Toad
  - P2 board: Target Marker Probe
  + P2 retired: Target Marker Probe
  + Dead Pool: Target Marker Probe
End of Turn 55: P1 board 3, P2 board 10, Dead Pool 72
Turn 56 - P2 acts
  - P1 board: Primordial Oozer
  + P1 retired: Primordial Oozer
  - P2 hand: Impact Simulant
  + P2 board: Impact Simulant
  + Dead Pool: Primordial Oozer
End of Turn 56: P1 board 2, P2 board 11, Dead Pool 73
Turn 57 - P1 acts
  - P1 hand: Meat Vegetable
  + P1 board: Meat Vegetable
End of Turn 57: P1 board 3, P2 board 11, Dead Pool 73
Turn 58 - P2 acts
  - P2 hand: Dormex Lurker
  + P2 board: Dormex Lurker
End of Turn 58: P1 board 3, P2 board 12, Dead Pool 73
Turn 59 - P1 acts
  - P1 hand: Käsekobold
  + P1 board: Käsekobold
  - P1 board: Psychodelic Toad
  + P1 retired: Psychodelic Toad
  + Dead Pool: Psychodelic Toad, Psychodelic Toad
End of Turn 59: P1 board 3, P2 board 12, Dead Pool 75
Turn 60 - P2 acts
  - P2 hand: Marine Marauder
  + P2 board: Marine Marauder
  - P2 board: Task Mistres
  + P2 retired: Task Mistres
  + Dead Pool: Task Mistres, Task Mistres
End of Turn 60: P1 board 3, P2 board 12, Dead Pool 77
Turn 61 - P1 acts
  - P1 hand: Technomancer
  + P1 board: Technomancer
  - P1 board: Meat Vegetable
  + P1 retired: Meat Vegetable
  + Dead Pool: Meat Vegetable, Meat Vegetable
End of Turn 61: P1 board 3, P2 board 12, Dead Pool 79
Turn 62 - P2 acts
  - P2 hand: Dormex Lurker
  + P2 board: Dormex Lurker
End of Turn 62: P1 board 3, P2 board 13, Dead Pool 79
Turn 63 - P1 acts
  - P1 hand: Annihilist Overseer
  + P1 board: Annihilist Overseer
  - P1 board: Käsekobold
  + P1 retired: Käsekobold
  + Dead Pool: Käsekobold, Käsekobold
End of Turn 63: P1 board 3, P2 board 13, Dead Pool 81
Turn 64 - P2 acts
  - P2 hand: Bruut Enforcer
  + P2 board: Bruut Enforcer
  - P2 board: Task Mistres
  + P2 retired: Task Mistres
  + Dead Pool: Task Mistres, Task Mistres
End of Turn 64: P1 board 3, P2 board 13, Dead Pool 83
Turn 65 - P1 acts
  - P1 hand: Voidling
  + P1 board: Voidling
  - P1 board: Technomancer, Annihilist Overseer
  + P1 retired: Annihilist Overseer, Technomancer
  + Dead Pool: Annihilist Overseer, Annihilist Overseer, Technomancer, Technomancer
End of Turn 65: P1 board 2, P2 board 13, Dead Pool 87
Turn 66 - P2 acts
  - P2 hand: Detainment Probe
  + P2 board: Detainment Probe
End of Turn 66: P1 board 2, P2 board 14, Dead Pool 87
Turn 67 - P1 acts
  - P1 hand: Dragoon
  + P1 board: Dragoon
  - P1 board: Voidling
  + P1 retired: Voidling
  + Dead Pool: Voidling, Voidling
End of Turn 67: P1 board 2, P2 board 14, Dead Pool 89
Turn 68 - P2 acts
  - P2 hand: Sausage Droid
  + P2 board: Sausage Droid
End of Turn 68: P1 board 2, P2 board 15, Dead Pool 89
Turn 69 - P1 acts
  - P1 hand: Meat Vegetable
  + P1 board: Meat Vegetable
End of Turn 69: P1 board 3, P2 board 15, Dead Pool 89
Turn 70 - P2 acts
  - P2 hand: Hover Shield
  + P2 board: Hover Shield
End of Turn 70: P1 board 3, P2 board 16, Dead Pool 89
Turn 71 - P1 acts
  - P1 hand: Voidling
  + P1 board: Voidling
  - P1 board: Dragoon
  + P1 retired: Dragoon
  + Dead Pool: Dragoon, Dragoon
End of Turn 71: P1 board 3, P2 board 16, Dead Pool 91
Turn 72 - P2 acts
  - P2 hand: Shield Array Node
  + P2 board: Shield Array Node
  - P2 board: Hover Shield
  + P2 retired: Hover Shield
  + Dead Pool: Hover Shield, Hover Shield
End of Turn 72: P1 board 3, P2 board 16, Dead Pool 93
Turn 73 - P1 acts
  - P1 hand: Void Freak
  + P1 board: Void Freak
End of Turn 73: P1 board 4, P2 board 16, Dead Pool 93
Turn 74 - P2 acts
  - P2 hand: Hover Shield
  + P2 board: Hover Shield
End of Turn 74: P1 board 4, P2 board 17, Dead Pool 93
Turn 75 - P1 acts
  - P1 hand: Krax
  + P1 board: Krax
  - P1 board: Meat Vegetable
  + P1 retired: Meat Vegetable
  - P2 board: K-9.0
  + P2 retired: K-9.0
  + Dead Pool: Meat Vegetable, Meat Vegetable, K-9.0
End of Turn 75: P1 board 4, P2 board 16, Dead Pool 96
Turn 76 - P2 acts
  - P1 board: Voidling
  + P1 retired: Voidling
  - P2 hand: Compliance Auditon
  + P2 board: Compliance Auditon
  + Dead Pool: Voidling
End of Turn 76: P1 board 3, P2 board 17, Dead Pool 97
Turn 77 - P1 acts
  - P1 hand: Local Singularity
  + P1 board: Local Singularity
  - P1 board: Void Freak
  + P1 retired: Void Freak
  - P2 board: Impact Simulant
  + P2 retired: Impact Simulant
  + Dead Pool: Impact Simulant, Void Freak, Void Freak
End of Turn 77: P1 board 3, P2 board 16, Dead Pool 100
Turn 78 - P2 acts
  - P2 hand: K-9.0
  + P2 board: K-9.0
End of Turn 78: P1 board 3, P2 board 17, Dead Pool 100
Turn 79 - P1 acts
  - P1 hand: Blood Howler
  + P1 board: Blood Howler
  - P2 board: Marine Marauder
  + P2 retired: Marine Marauder
  + Dead Pool: Marine Marauder
End of Turn 79: P1 board 4, P2 board 16, Dead Pool 101
Turn 80 - P2 acts
  - P2 hand: Task Mistres
  + P2 board: Task Mistres
End of Turn 80: P1 board 4, P2 board 17, Dead Pool 101
Turn 81 - P1 acts
  - P1 hand: Local Singularity
  + P1 board: Local Singularity
  - P1 board: Krax
  + P1 retired: Krax
  + Dead Pool: Krax, Krax
End of Turn 81: P1 board 4, P2 board 17, Dead Pool 103
Turn 82 - P2 acts
  - P2 hand: Target Marker Probe
  + P2 board: Target Marker Probe
End of Turn 82: P1 board 4, P2 board 18, Dead Pool 103
Turn 83 - P1 acts
  - P1 hand: Technomancer
  + P1 board: Technomancer
  - P1 board: Local Singularity
  + P1 retired: Local Singularity
  + Dead Pool: Local Singularity, Local Singularity
End of Turn 83: P1 board 4, P2 board 18, Dead Pool 105
Turn 84 - P2 acts
  - P2 hand: Sentry Node
  + P2 board: Sentry Node
  - P2 board: Killjoy
  + P2 retired: Killjoy
  + Dead Pool: Killjoy, Killjoy
End of Turn 84: P1 board 4, P2 board 18, Dead Pool 107
Turn 85 - P1 acts
  - P1 hand: Dragoon
  + P1 board: Dragoon
  - P1 board: Blood Howler
  + P1 retired: Blood Howler
  + Dead Pool: Blood Howler, Blood Howler
End of Turn 85: P1 board 4, P2 board 18, Dead Pool 109
Turn 86 - P2 acts
  - P2 hand: Compliance Auditon
  + P2 board: Compliance Auditon
End of Turn 86: P1 board 4, P2 board 19, Dead Pool 109
Turn 87 - P1 acts
  - P1 hand: Käsekobold
  + P1 board: Käsekobold
  - P1 board: Local Singularity
  + P1 retired: Local Singularity
  + Dead Pool: Local Singularity, Local Singularity
End of Turn 87: P1 board 4, P2 board 19, Dead Pool 111
Turn 88 - P2 acts
  - P2 hand: Killjoy
  + P2 board: Killjoy
  - P2 board: Shield Array Node
  + P2 retired: Shield Array Node
  + Dead Pool: Shield Array Node, Shield Array Node
End of Turn 88: P1 board 4, P2 board 19, Dead Pool 113
Turn 89 - P1 acts
  - P1 hand: Krax
  + P1 board: Krax
  - P1 board: Technomancer, Dragoon
  + P1 retired: Technomancer, Dragoon
  + Dead Pool: Technomancer, Technomancer, Dragoon, Dragoon
End of Turn 89: P1 board 3, P2 board 19, Dead Pool 117
Turn 90 - P2 acts
  - P2 hand: Nob Lobber
  + P2 board: Nob Lobber
  - P2 board: Hover Shield
  + P2 retired: Hover Shield
  + Dead Pool: Hover Shield, Hover Shield
End of Turn 90: P1 board 3, P2 board 19, Dead Pool 119
Turn 91 - P1 acts
  (no visible card state changes)
End of Turn 91: P1 board 3, P2 board 19, Dead Pool 119
Turn 92 - P2 acts
  - P2 hand: Nob Lobber
  + P2 board: Nob Lobber
  - P2 board: Impact Simulant
  + P2 retired: Impact Simulant
  + Dead Pool: Impact Simulant, Impact Simulant
End of Turn 92: P1 board 3, P2 board 19, Dead Pool 121
Turn 93 - P1 acts
  - P1 hand: Mutt
  + P1 board: Mutt
  - P1 board: Käsekobold
  + P1 retired: Käsekobold
  - P2 board: Dormex Lurker
  + P2 retired: Dormex Lurker
  + Dead Pool: Käsekobold, Käsekobold, Dormex Lurker
End of Turn 93: P1 board 3, P2 board 18, Dead Pool 124
Turn 94 - P2 acts
  - P2 hand: K-9.0
  + P2 board: K-9.0
End of Turn 94: P1 board 3, P2 board 19, Dead Pool 124
Turn 95 - P1 acts
  - P1 hand: Voidling
  + P1 board: Voidling
  - P1 board: Krax
  + P1 retired: Krax
  - P2 board: Marine Marauder
  + P2 retired: Marine Marauder
  + Dead Pool: Marine Marauder, Krax, Krax
End of Turn 95: P1 board 3, P2 board 18, Dead Pool 127
Turn 96 - P2 acts
  - P2 hand: MediFlux-1NDS
  + P2 board: MediFlux-1NDS
End of Turn 96: P1 board 3, P2 board 19, Dead Pool 127
Turn 97 - P1 acts
  - P1 hand: Mutt
  + P1 retired: Mutt
  + Dead Pool: Mutt, Mutt
End of Turn 97: P1 board 3, P2 board 19, Dead Pool 129
Turn 98 - P2 acts
  - P2 hand: Detainment Probe
  + P2 board: Detainment Probe
End of Turn 98: P1 board 3, P2 board 20, Dead Pool 129
Turn 99 - P1 acts
  - P1 hand: Vex
  + P1 board: Vex
  - P1 board: Voidling
  + P1 retired: Voidling
  - P2 board: Dormex Lurker
  + P2 retired: Dormex Lurker
  + Dead Pool: Voidling, Voidling, Dormex Lurker
End of Turn 99: P1 board 3, P2 board 19, Dead Pool 132
Turn 100 - P2 acts
  - P2 hand: Nob Lobber
  + P2 board: Nob Lobber
  - P2 board: Bruut Enforcer
  + P2 retired: Bruut Enforcer
  + Dead Pool: Bruut Enforcer, Bruut Enforcer
End of Turn 100: P1 board 3, P2 board 19, Dead Pool 134
Turn 101 - P1 acts
  - P1 hand: Primordial Oozer
  + P1 board: Primordial Oozer
End of Turn 101: P1 board 4, P2 board 19, Dead Pool 134
Turn 102 - P2 acts
  - P1 board: Vex
  + P1 retired: Vex
  - P2 hand: Bruut Enforcer
  + P2 board: Bruut Enforcer
  - P2 board: Detainment Probe
  + P2 retired: Detainment Probe
  + Dead Pool: Vex, Detainment Probe, Detainment Probe
End of Turn 102: P1 board 3, P2 board 19, Dead Pool 137
Turn 103 - P1 acts
  - P1 hand: Krax
  + P1 board: Krax
  - P1 board: Mutt, Primordial Oozer
  + P1 retired: Primordial Oozer, Mutt
  + Dead Pool: Primordial Oozer, Primordial Oozer, Mutt, Mutt
End of Turn 103: P1 board 2, P2 board 19, Dead Pool 141
Turn 104 - P2 acts
  - P2 hand: Sausage Droid
  + P2 board: Sausage Droid
  - P2 board: Sentry Node
  + P2 retired: Sentry Node
  + Dead Pool: Sentry Node, Sentry Node
End of Turn 104: P1 board 2, P2 board 19, Dead Pool 143
Turn 105 - P1 acts
  - P1 hand: Meat Vegetable
  + P1 board: Meat Vegetable
End of Turn 105: P1 board 3, P2 board 19, Dead Pool 143
Turn 106 - P2 acts
  - P2 hand: K-9.0
  + P2 board: K-9.0
  - P2 board: Sausage Droid
  + P2 retired: Sausage Droid
  + Dead Pool: Sausage Droid, Sausage Droid
End of Turn 106: P1 board 3, P2 board 19, Dead Pool 145
Turn 107 - P1 acts
  - P1 hand: Dragoon
  + P1 board: Dragoon
  - P1 board: Krax
  + P1 retired: Krax
  + Dead Pool: Krax, Krax
End of Turn 107: P1 board 3, P2 board 19, Dead Pool 147
Result: winner P1 | turns 107
Retired: P1 51, P2 35, Dead Pool 147

=== Game seed 11093 ===
Starting: P1 faction PCU vs P2 faction NARC
Turn 1 - P1 acts
  - P1 hand: Meat Vegetable
  + P1 board: Meat Vegetable
End of Turn 1: P1 board 2, P2 board 1, Dead Pool 0
Turn 2 - P2 acts
  - P2 hand: Sausage Droid
  + P2 board: Sausage Droid
End of Turn 2: P1 board 2, P2 board 2, Dead Pool 0
Turn 3 - P1 acts
  - P1 hand: Primordial Oozer
  + P1 board: Primordial Oozer
End of Turn 3: P1 board 3, P2 board 2, Dead Pool 0
Turn 4 - P2 acts
  - P2 hand: Compliance Auditon
  + P2 board: Compliance Auditon
End of Turn 4: P1 board 3, P2 board 3, Dead Pool 0
Turn 5 - P1 acts
  - P1 hand: Käsekobold
  + P1 board: Käsekobold
End of Turn 5: P1 board 4, P2 board 3, Dead Pool 0
Turn 6 - P2 acts
  - P1 board: Meat Vegetable
  + P1 retired: Meat Vegetable
  - P2 hand: Impact Simulant
  + P2 board: Impact Simulant
  + Dead Pool: Meat Vegetable
End of Turn 6: P1 board 3, P2 board 4, Dead Pool 1
Turn 7 - P1 acts
  - P1 hand: Restless Natives
  + P1 board: Restless Natives
  - P1 board: Primordial Oozer
  + P1 retired: Primordial Oozer
  - P2 board: Sausage Droid
  + P2 retired: Sausage Droid
  + Dead Pool: Primordial Oozer, Primordial Oozer, Sausage Droid
End of Turn 7: P1 board 3, P2 board 3, Dead Pool 4
Turn 8 - P2 acts
  - P2 hand: Detainment Probe
  + P2 board: Detainment Probe
End of Turn 8: P1 board 3, P2 board 4, Dead Pool 4
Turn 9 - P1 acts
  - P1 hand: Psychodelic Toad
  + P1 board: Psychodelic Toad
End of Turn 9: P1 board 4, P2 board 4, Dead Pool 4
Turn 10 - P2 acts
  - P2 hand: Hover Shield
  + P2 board: Hover Shield
End of Turn 10: P1 board 4, P2 board 5, Dead Pool 4
Turn 11 - P1 acts
  - P1 hand: Meat Vegetable
  + P1 board: Meat Vegetable
End of Turn 11: P1 board 5, P2 board 5, Dead Pool 4
Turn 12 - P2 acts
  - P2 hand: Task Mistres
  + P2 board: Task Mistres
  - P2 board: Compliance Auditon
  + P2 retired: Compliance Auditon
  + Dead Pool: Compliance Auditon, Compliance Auditon
End of Turn 12: P1 board 5, P2 board 5, Dead Pool 6
Turn 13 - P1 acts
  - P1 hand: Primordial Oozer
  + P1 board: Primordial Oozer
End of Turn 13: P1 board 6, P2 board 5, Dead Pool 6
Turn 14 - P2 acts
  - P2 hand: Shield Array Node
  + P2 board: Shield Array Node
End of Turn 14: P1 board 6, P2 board 6, Dead Pool 6
Turn 15 - P1 acts
  - P1 hand: Mutt
  + P1 board: Mutt
  - P1 board: Käsekobold, Psychodelic Toad
  + P1 retired: Käsekobold, Psychodelic Toad
  + Dead Pool: Käsekobold, Käsekobold, Psychodelic Toad, Psychodelic Toad
End of Turn 15: P1 board 5, P2 board 6, Dead Pool 10
Turn 16 - P2 acts
  - P2 hand: MediFlux-1NDS
  + P2 board: MediFlux-1NDS
  - P2 board: Impact Simulant
  + P2 retired: Impact Simulant
  + Dead Pool: Impact Simulant, Impact Simulant
End of Turn 16: P1 board 5, P2 board 6, Dead Pool 12
Turn 17 - P1 acts
  - P1 hand: Käsekobold
  + P1 board: Käsekobold
  - P1 board: Restless Natives
  + P1 retired: Restless Natives
  + Dead Pool: Restless Natives, Restless Natives
End of Turn 17: P1 board 5, P2 board 6, Dead Pool 14
Turn 18 - P2 acts
  - P2 hand: Hover Shield
  + P2 board: Hover Shield
  - P2 board: Detainment Probe
  + P2 retired: Detainment Probe
  + Dead Pool: Detainment Probe, Detainment Probe
End of Turn 18: P1 board 5, P2 board 6, Dead Pool 16
Turn 19 - P1 acts
  - P1 hand: Blood Howler
  + P1 board: Blood Howler
End of Turn 19: P1 board 6, P2 board 6, Dead Pool 16
Turn 20 - P2 acts
  - P2 hand: Compliance Auditon
  + P2 board: Compliance Auditon
End of Turn 20: P1 board 6, P2 board 7, Dead Pool 16
Turn 21 - P1 acts
  - P1 hand: Vex
  + P1 board: Vex
  - P1 board: Meat Vegetable
  + P1 retired: Meat Vegetable
  + Dead Pool: Meat Vegetable, Meat Vegetable
End of Turn 21: P1 board 6, P2 board 7, Dead Pool 18
Turn 22 - P2 acts
  - P2 hand: K-9.0
  + P2 board: K-9.0
  - P2 board: Hover Shield
  + P2 retired: Hover Shield
  + Dead Pool: Hover Shield, Hover Shield
End of Turn 22: P1 board 6, P2 board 7, Dead Pool 20
Turn 23 - P1 acts
  - P1 hand: Technomancer
  + P1 board: Technomancer
  - P1 board: Primordial Oozer
  + P1 retired: Primordial Oozer
  + Dead Pool: Primordial Oozer, Primordial Oozer
End of Turn 23: P1 board 6, P2 board 7, Dead Pool 22
Turn 24 - P2 acts
  - P2 hand: Sausage Droid
  + P2 board: Sausage Droid
End of Turn 24: P1 board 6, P2 board 8, Dead Pool 22
Turn 25 - P1 acts
  - P1 hand: Restless Natives
  + P1 board: Restless Natives
  - P1 board: Mutt, Vex
  + P1 retired: Vex, Mutt
  + Dead Pool: Vex, Vex, Mutt, Mutt
End of Turn 25: P1 board 5, P2 board 8, Dead Pool 26
Turn 26 - P2 acts
  - P2 hand: Compliance Auditon
  + P2 board: Compliance Auditon
End of Turn 26: P1 board 5, P2 board 9, Dead Pool 26
Turn 27 - P1 acts
  - P1 hand: Technomancer
  + P1 board: Technomancer
  - P1 board: Käsekobold
  + P1 retired: Käsekobold
  + Dead Pool: Käsekobold, Käsekobold
End of Turn 27: P1 board 5, P2 board 9, Dead Pool 28
Turn 28 - P2 acts
  - P2 hand: Marine Marauder
  + P2 board: Marine Marauder
  - P2 board: Task Mistres
  + P2 retired: Task Mistres
  + Dead Pool: Task Mistres, Task Mistres
End of Turn 28: P1 board 5, P2 board 9, Dead Pool 30
Turn 29 - P1 acts
  - P1 hand: Voidling
  + P1 board: Voidling
End of Turn 29: P1 board 6, P2 board 9, Dead Pool 30
Turn 30 - P2 acts
  - P1 board: Blood Howler
  + P1 retired: Blood Howler
  - P2 hand: Impact Simulant
  + P2 board: Impact Simulant
  + Dead Pool: Blood Howler
End of Turn 30: P1 board 5, P2 board 10, Dead Pool 31
Turn 31 - P1 acts
  - P1 hand: Restless Natives
  + P1 retired: Restless Natives
  + Dead Pool: Restless Natives, Restless Natives
End of Turn 31: P1 board 5, P2 board 10, Dead Pool 33
Turn 32 - P2 acts
  - P2 hand: Shield Array Node
  + P2 board: Shield Array Node
End of Turn 32: P1 board 5, P2 board 11, Dead Pool 33
Turn 33 - P1 acts
  - P1 hand: Annihilist Overseer
  + P1 board: Annihilist Overseer
  - P1 board: Technomancer
  + P1 retired: Technomancer
  - P2 board: Shield Array Node
  + P2 retired: Shield Array Node
  + Dead Pool: Technomancer, Technomancer, Shield Array Node
End of Turn 33: P1 board 5, P2 board 10, Dead Pool 36
Turn 34 - P2 acts
  - P2 hand: Task Mistres
  + P2 board: Task Mistres
End of Turn 34: P1 board 5, P2 board 11, Dead Pool 36
Turn 35 - P1 acts
  - P1 hand: Mutt
  + P1 board: Mutt
  - P1 board: Technomancer, Annihilist Overseer
  + P1 retired: Technomancer, Annihilist Overseer
  + Dead Pool: Technomancer, Technomancer, Annihilist Overseer, Annihilist Overseer
End of Turn 35: P1 board 4, P2 board 11, Dead Pool 40
Turn 36 - P2 acts
  - P2 hand: Target Marker Probe
  + P2 board: Target Marker Probe
End of Turn 36: P1 board 4, P2 board 12, Dead Pool 40
Turn 37 - P1 acts
  - P1 hand: Nives
  + P1 board: Nives
  - P1 board: Voidling, Restless Natives
  + P1 retired: Restless Natives, Voidling
  + Dead Pool: Restless Natives, Restless Natives, Voidling, Voidling
End of Turn 37: P1 board 3, P2 board 12, Dead Pool 44
Turn 38 - P2 acts
  - P2 hand: Shield Array Node
  + P2 board: Shield Array Node
  - P2 board: MediFlux-1NDS
  + P2 retired: MediFlux-1NDS
  + Dead Pool: MediFlux-1NDS, MediFlux-1NDS
End of Turn 38: P1 board 3, P2 board 12, Dead Pool 46
Turn 39 - P1 acts
  - P1 hand: Local Singularity
  + P1 board: Local Singularity
End of Turn 39: P1 board 4, P2 board 12, Dead Pool 46
Turn 40 - P2 acts
  - P2 hand: MediFlux-1NDS
  + P2 board: MediFlux-1NDS
End of Turn 40: P1 board 4, P2 board 13, Dead Pool 46
Turn 41 - P1 acts
  - P1 hand: Annihilist Overseer
  + P1 board: Annihilist Overseer
  - P1 board: Mutt
  + P1 retired: Mutt
  - P2 board: Sausage Droid
  + P2 retired: Sausage Droid
  + Dead Pool: Sausage Droid, Mutt, Mutt
End of Turn 41: P1 board 4, P2 board 12, Dead Pool 49
Turn 42 - P2 acts
  - P1 board: Nives
  + P1 retired: Nives
  - P2 hand: Marine Marauder
  + P2 board: Marine Marauder
  - P2 board: Hover Shield
  + P2 retired: Hover Shield
  + Dead Pool: Hover Shield, Hover Shield, Nives
End of Turn 42: P1 board 3, P2 board 12, Dead Pool 52
Turn 43 - P1 acts
  - P1 hand: Local Singularity
  + P1 board: Local Singularity
  - P1 board: Annihilist Overseer
  + P1 retired: Annihilist Overseer
  + Dead Pool: Annihilist Overseer, Annihilist Overseer
End of Turn 43: P1 board 3, P2 board 12, Dead Pool 54
Turn 44 - P2 acts
  - P2 hand: K-9.0
  + P2 board: K-9.0
End of Turn 44: P1 board 3, P2 board 13, Dead Pool 54
Turn 45 - P1 acts
  - P1 hand: Käsekobold
  + P1 board: Käsekobold
  - P1 board: Local Singularity
  + P1 retired: Local Singularity
  + Dead Pool: Local Singularity, Local Singularity
End of Turn 45: P1 board 3, P2 board 13, Dead Pool 56
Turn 46 - P2 acts
  - P2 hand: Bruut Enforcer
  + P2 board: Bruut Enforcer
  - P2 board: Compliance Auditon
  + P2 retired: Compliance Auditon
  + Dead Pool: Compliance Auditon, Compliance Auditon
End of Turn 46: P1 board 3, P2 board 13, Dead Pool 58
Turn 47 - P1 acts
  - P1 hand: Blood Howler
  + P1 board: Blood Howler
  - P1 board: Local Singularity
  + P1 retired: Local Singularity
  + Dead Pool: Local Singularity, Local Singularity
End of Turn 47: P1 board 3, P2 board 13, Dead Pool 60
Turn 48 - P2 acts
  - P2 hand: Detainment Probe
  + P2 board: Detainment Probe
End of Turn 48: P1 board 3, P2 board 14, Dead Pool 60
Turn 49 - P1 acts
  - P1 hand: Restless Natives
  + P1 board: Restless Natives
  - P1 board: Käsekobold
  + P1 retired: Käsekobold
  - P2 board: K-9.0
  + P2 retired: K-9.0
  + Dead Pool: Käsekobold, Käsekobold, K-9.0
End of Turn 49: P1 board 3, P2 board 13, Dead Pool 63
Turn 50 - P2 acts
  - P2 hand: Killjoy
  + P2 board: Killjoy
  - P2 board: Compliance Auditon
  + P2 retired: Compliance Auditon
  + Dead Pool: Compliance Auditon, Compliance Auditon
End of Turn 50: P1 board 3, P2 board 13, Dead Pool 65
Turn 51 - P1 acts
  - P1 hand: Nives
  + P1 board: Nives
  - P1 board: Blood Howler
  + P1 retired: Blood Howler
  + Dead Pool: Blood Howler, Blood Howler
End of Turn 51: P1 board 3, P2 board 13, Dead Pool 67
Turn 52 - P2 acts
  - P2 hand: Impact Simulant
  + P2 board: Impact Simulant
End of Turn 52: P1 board 3, P2 board 14, Dead Pool 67
Turn 53 - P1 acts
  - P1 hand: Krax
  + P1 board: Krax
  - P1 board: Restless Natives, Nives
  + P1 retired: Restless Natives, Nives
  - P2 board: Detainment Probe
  + P2 retired: Detainment Probe
  + Dead Pool: Restless Natives, Restless Natives, Detainment Probe, Nives, Nives
End of Turn 53: P1 board 2, P2 board 13, Dead Pool 72
Turn 54 - P2 acts
  - P2 hand: K-9.0
  + P2 board: K-9.0
  - P2 board: Marine Marauder
  + P2 retired: Marine Marauder
  + Dead Pool: Marine Marauder, Marine Marauder
End of Turn 54: P1 board 2, P2 board 13, Dead Pool 74
Turn 55 - P1 acts
  - P1 hand: Voidling
  + P1 board: Voidling
  - P1 board: Krax
  + P1 retired: Krax
  + Dead Pool: Krax, Krax
End of Turn 55: P1 board 2, P2 board 13, Dead Pool 76
Turn 56 - P2 acts
  - P2 hand: Task Mistres
  + P2 board: Task Mistres
End of Turn 56: P1 board 2, P2 board 14, Dead Pool 76
Turn 57 - P1 acts
  - P1 hand: Krax
  + P1 board: Krax
  - P1 board: Grim, Voidling
  + P1 retired: Voidling, Grim
  + Dead Pool: Voidling, Voidling, Grim
Result: winner P2 | turns 56
Retired: P1 29, P2 15, Dead Pool 79

=== Game seed 11094 ===
Starting: P1 faction PCU vs P2 faction NARC
Turn 1 - P1 acts
  - P1 hand: Meat Vegetable
  + P1 board: Meat Vegetable
End of Turn 1: P1 board 2, P2 board 1, Dead Pool 0
Turn 2 - P2 acts
  - P2 hand: Target Marker Probe
  + P2 board: Target Marker Probe
End of Turn 2: P1 board 2, P2 board 2, Dead Pool 0
Turn 3 - P1 acts
  - P1 hand: Käsekobold
  + P1 board: Käsekobold
End of Turn 3: P1 board 3, P2 board 2, Dead Pool 0
Turn 4 - P2 acts
  - P2 hand: Detainment Probe
  + P2 board: Detainment Probe
End of Turn 4: P1 board 3, P2 board 3, Dead Pool 0
Turn 5 - P1 acts
  - P1 hand: Voidling
  + P1 board: Voidling
  - P1 board: Meat Vegetable
  + P1 retired: Meat Vegetable
  + Dead Pool: Meat Vegetable, Meat Vegetable
End of Turn 5: P1 board 3, P2 board 3, Dead Pool 2
Turn 6 - P2 acts
  - P2 hand: MediFlux-1NDS
  + P2 board: MediFlux-1NDS
End of Turn 6: P1 board 3, P2 board 4, Dead Pool 2
Turn 7 - P1 acts
  - P1 hand: Voidling
  + P1 board: Voidling
  - P1 board: Käsekobold
  + P1 retired: Käsekobold
  - P2 board: Target Marker Probe
  + P2 retired: Target Marker Probe
  + Dead Pool: Käsekobold, Käsekobold, Target Marker Probe
End of Turn 7: P1 board 3, P2 board 3, Dead Pool 5
Turn 8 - P2 acts
  - P2 hand: Sausage Droid
  + P2 board: Sausage Droid
End of Turn 8: P1 board 3, P2 board 4, Dead Pool 5
Turn 9 - P1 acts
  - P1 hand: Vex
  + P1 board: Vex
  - P1 board: Voidling
  + P1 retired: Voidling
  + Dead Pool: Voidling, Voidling
End of Turn 9: P1 board 3, P2 board 4, Dead Pool 7
Turn 10 - P2 acts
  - P2 hand: Shield Array Node
  + P2 board: Shield Array Node
  - P2 board: Detainment Probe
  + P2 retired: Detainment Probe
  + Dead Pool: Detainment Probe, Detainment Probe
End of Turn 10: P1 board 3, P2 board 4, Dead Pool 9
Turn 11 - P1 acts
  - P1 hand: Restless Natives
  + P1 board: Restless Natives
End of Turn 11: P1 board 4, P2 board 4, Dead Pool 9
Turn 12 - P2 acts
  - P2 hand: Dormex Lurker
  + P2 board: Dormex Lurker
End of Turn 12: P1 board 4, P2 board 5, Dead Pool 9
Turn 13 - P1 acts
  - P1 hand: Local Singularity
  + P1 board: Local Singularity
  - P1 board: Vex
  + P1 retired: Vex
  + Dead Pool: Vex, Vex
End of Turn 13: P1 board 4, P2 board 5, Dead Pool 11
Turn 14 - P2 acts
  - P1 board: Voidling
  + P1 retired: Voidling
  - P2 hand: Compliance Auditon
  + P2 board: Compliance Auditon
  + Dead Pool: Voidling
End of Turn 14: P1 board 3, P2 board 6, Dead Pool 12
Turn 15 - P1 acts
  - P1 hand: Void Freak
  + P1 board: Void Freak
  - P2 board: MediFlux-1NDS
  + P2 retired: MediFlux-1NDS
  + Dead Pool: MediFlux-1NDS
End of Turn 15: P1 board 4, P2 board 5, Dead Pool 13
Turn 16 - P2 acts
  - P2 hand: K-9.0
  + P2 board: K-9.0
End of Turn 16: P1 board 4, P2 board 6, Dead Pool 13
Turn 17 - P1 acts
  - P1 hand: Vex
  + P1 board: Vex
  - P1 board: Restless Natives
  + P1 retired: Restless Natives
  - P2 board: Sausage Droid
  + P2 retired: Sausage Droid
  + Dead Pool: Restless Natives, Restless Natives, Sausage Droid
End of Turn 17: P1 board 4, P2 board 5, Dead Pool 16
Turn 18 - P2 acts
  - P1 board: Local Singularity
  + P1 retired: Local Singularity
  - P2 hand: Target Marker Probe
  + P2 board: Target Marker Probe
  + Dead Pool: Local Singularity
End of Turn 18: P1 board 3, P2 board 6, Dead Pool 17
Turn 19 - P1 acts
  - P1 hand: Annihilist Overseer
  + P1 board: Annihilist Overseer
  - P1 board: Void Freak, Vex
  + P1 retired: Vex, Void Freak
  + Dead Pool: Vex, Vex, Void Freak, Void Freak
End of Turn 19: P1 board 2, P2 board 6, Dead Pool 21
Turn 20 - P2 acts
  - P2 hand: Marine Marauder
  + P2 board: Marine Marauder
End of Turn 20: P1 board 2, P2 board 7, Dead Pool 21
Turn 21 - P1 acts
  - P1 hand: Käsekobold
  + P1 board: Käsekobold
  - P1 board: Annihilist Overseer
  + P1 retired: Annihilist Overseer
  + Dead Pool: Annihilist Overseer, Annihilist Overseer
End of Turn 21: P1 board 2, P2 board 7, Dead Pool 23
Turn 22 - P2 acts
  - P2 hand: Marine Marauder
  + P2 board: Marine Marauder
  - P2 board: Shield Array Node
  + P2 retired: Shield Array Node
  + Dead Pool: Shield Array Node, Shield Array Node
End of Turn 22: P1 board 2, P2 board 7, Dead Pool 25
Turn 23 - P1 acts
  - P1 hand: Technomancer
  + P1 board: Technomancer
  - P1 board: Käsekobold
  + P1 retired: Käsekobold
  + Dead Pool: Käsekobold, Käsekobold
End of Turn 23: P1 board 2, P2 board 7, Dead Pool 27
Turn 24 - P2 acts
  - P2 hand: K-9.0
  + P2 board: K-9.0
  - P2 board: Dormex Lurker
  + P2 retired: Dormex Lurker
  + Dead Pool: Dormex Lurker, Dormex Lurker
End of Turn 24: P1 board 2, P2 board 7, Dead Pool 29
Turn 25 - P1 acts
  - P1 hand: Krax
  + P1 board: Krax
  - P1 board: Grim, Technomancer
  + P1 retired: Technomancer, Grim
  + Dead Pool: Technomancer, Technomancer, Grim
Result: winner P2 | turns 24
Retired: P1 13, P2 6, Dead Pool 32

=== Game seed 11095 ===
Starting: P1 faction PCU vs P2 faction NARC
Turn 1 - P1 acts
  - P1 hand: Void Freak
  + P1 board: Void Freak
End of Turn 1: P1 board 2, P2 board 1, Dead Pool 0
Turn 2 - P2 acts
  - P2 hand: Impact Simulant
  + P2 board: Impact Simulant
End of Turn 2: P1 board 2, P2 board 2, Dead Pool 0
Turn 3 - P1 acts
  - P1 hand: Meat Vegetable
  + P1 board: Meat Vegetable
End of Turn 3: P1 board 3, P2 board 2, Dead Pool 0
Turn 4 - P2 acts
  - P2 hand: Impact Simulant
  + P2 board: Impact Simulant
End of Turn 4: P1 board 3, P2 board 3, Dead Pool 0
Turn 5 - P1 acts
  - P1 hand: Meat Vegetable
  + P1 board: Meat Vegetable
  - P2 board: Lokar Simmons
  + P2 retired: Lokar Simmons
  + Dead Pool: Lokar Simmons
Result: winner P1 | turns 4
Retired: P1 0, P2 1, Dead Pool 1

=== Game seed 11096 ===
Starting: P1 faction PCU vs P2 faction NARC
Turn 1 - P2 acts
  - P2 hand: Compliance Auditon
  + P2 board: Compliance Auditon
End of Turn 1: P1 board 1, P2 board 2, Dead Pool 0
Turn 2 - P1 acts
  - P1 hand: Void Freak
  + P1 board: Void Freak
End of Turn 2: P1 board 2, P2 board 2, Dead Pool 0
Turn 3 - P2 acts
  - P2 hand: Hover Shield
  + P2 board: Hover Shield
End of Turn 3: P1 board 2, P2 board 3, Dead Pool 0
Turn 4 - P1 acts
  - P1 hand: Blood Howler
  + P1 board: Blood Howler
  - P2 board: Compliance Auditon
  + P2 retired: Compliance Auditon
  + Dead Pool: Compliance Auditon
End of Turn 4: P1 board 3, P2 board 2, Dead Pool 1
Turn 5 - P2 acts
  - P2 hand: Hover Shield
  + P2 board: Hover Shield
End of Turn 5: P1 board 3, P2 board 3, Dead Pool 1
Turn 6 - P1 acts
  - P1 hand: Blood Howler
  + P1 board: Blood Howler
  - P1 board: Void Freak
  + P1 retired: Void Freak
  + Dead Pool: Void Freak, Void Freak
End of Turn 6: P1 board 3, P2 board 3, Dead Pool 3
Turn 7 - P2 acts
  - P2 hand: Impact Simulant
  + P2 board: Impact Simulant
End of Turn 7: P1 board 3, P2 board 4, Dead Pool 3
Turn 8 - P1 acts
  - P1 hand: Primordial Oozer
  + P1 board: Primordial Oozer
End of Turn 8: P1 board 4, P2 board 4, Dead Pool 3
Turn 9 - P2 acts
  - P2 hand: Impact Simulant
  + P2 board: Impact Simulant
End of Turn 9: P1 board 4, P2 board 5, Dead Pool 3
Turn 10 - P1 acts
  - P1 hand: Käsekobold
  + P1 board: Käsekobold
End of Turn 10: P1 board 5, P2 board 5, Dead Pool 3
Turn 11 - P2 acts
  - P2 hand: Target Marker Probe
  + P2 board: Target Marker Probe
End of Turn 11: P1 board 5, P2 board 6, Dead Pool 3
Turn 12 - P1 acts
  - P1 hand: Primordial Oozer
  + P1 board: Primordial Oozer
End of Turn 12: P1 board 6, P2 board 6, Dead Pool 3
Turn 13 - P2 acts
  - P2 hand: MediFlux-1NDS
  + P2 board: MediFlux-1NDS
End of Turn 13: P1 board 6, P2 board 7, Dead Pool 3
Turn 14 - P1 acts
  - P1 hand: Käsekobold
  + P1 board: Käsekobold
  - P2 board: Hover Shield
  + P2 retired: Hover Shield
  + Dead Pool: Hover Shield
End of Turn 14: P1 board 7, P2 board 6, Dead Pool 4
Turn 15 - P2 acts
  - P2 hand: Dormex Lurker
  + P2 board: Dormex Lurker
End of Turn 15: P1 board 7, P2 board 7, Dead Pool 4
Turn 16 - P1 acts
  - P1 hand: Restless Natives
  + P1 board: Restless Natives
  - P1 board: Blood Howler
  + P1 retired: Blood Howler
  + Dead Pool: Blood Howler, Blood Howler
End of Turn 16: P1 board 7, P2 board 7, Dead Pool 6
Turn 17 - P2 acts
  - P2 hand: Hover Shield
  + P2 retired: Hover Shield
  + Dead Pool: Hover Shield, Hover Shield
End of Turn 17: P1 board 7, P2 board 7, Dead Pool 8
Turn 18 - P1 acts
  - P1 hand: Vex
  + P1 board: Vex
  - P1 board: Blood Howler
  + P1 retired: Blood Howler
  + Dead Pool: Blood Howler, Blood Howler
End of Turn 18: P1 board 7, P2 board 7, Dead Pool 10
Turn 19 - P2 acts
  - P1 board: Primordial Oozer
  + P1 retired: Primordial Oozer
  - P2 hand: K-9.0
  + P2 board: K-9.0
  + Dead Pool: Primordial Oozer
End of Turn 19: P1 board 6, P2 board 8, Dead Pool 11
Turn 20 - P1 acts
  - P1 hand: Technomancer
  + P1 board: Technomancer
  - P1 board: Käsekobold
  + P1 retired: Käsekobold
  + Dead Pool: Käsekobold, Käsekobold
End of Turn 20: P1 board 6, P2 board 8, Dead Pool 13
Turn 21 - P2 acts
  - P2 hand: Shield Array Node
  + P2 board: Shield Array Node
  - P2 board: Impact Simulant
  + P2 retired: Impact Simulant
  + Dead Pool: Impact Simulant, Impact Simulant
End of Turn 21: P1 board 6, P2 board 8, Dead Pool 15
Turn 22 - P1 acts
  - P1 hand: Local Singularity
  + P1 board: Local Singularity
  - P1 board: Vex
  + P1 retired: Vex
  + Dead Pool: Vex, Vex
End of Turn 22: P1 board 6, P2 board 8, Dead Pool 17
Turn 23 - P2 acts
  - P1 board: Primordial Oozer
  + P1 retired: Primordial Oozer
  - P2 hand: Impact Simulant
  + P2 board: Impact Simulant
  + Dead Pool: Primordial Oozer
End of Turn 23: P1 board 5, P2 board 9, Dead Pool 18
Turn 24 - P1 acts
  - P1 hand: Local Singularity
  + P1 board: Local Singularity
End of Turn 24: P1 board 6, P2 board 9, Dead Pool 18
Turn 25 - P2 acts
  - P1 board: Käsekobold
  + P1 retired: Käsekobold
  - P2 hand: Compliance Auditon
  + P2 board: Compliance Auditon
  + Dead Pool: Käsekobold
End of Turn 25: P1 board 5, P2 board 10, Dead Pool 19
Turn 26 - P1 acts
  - P1 hand: Vex
  + P1 board: Vex
  - P1 board: Restless Natives
  + P1 retired: Restless Natives
  + Dead Pool: Restless Natives, Restless Natives
End of Turn 26: P1 board 5, P2 board 10, Dead Pool 21
Turn 27 - P2 acts
  - P2 hand: Sausage Droid
  + P2 board: Sausage Droid
End of Turn 27: P1 board 5, P2 board 11, Dead Pool 21
Turn 28 - P1 acts
  - P1 hand: Meat Vegetable
  + P1 board: Meat Vegetable
End of Turn 28: P1 board 6, P2 board 11, Dead Pool 21
Turn 29 - P2 acts
  - P2 hand: K-9.0
  + P2 board: K-9.0
End of Turn 29: P1 board 6, P2 board 12, Dead Pool 21
Turn 30 - P1 acts
  - P1 hand: Meat Vegetable
  + P1 board: Meat Vegetable
  - P1 board: Vex
  + P1 retired: Vex
  - P2 board: Impact Simulant
  + P2 retired: Impact Simulant
  + Dead Pool: Impact Simulant, Vex, Vex
End of Turn 30: P1 board 6, P2 board 11, Dead Pool 24
Turn 31 - P2 acts
  - P2 hand: K-9.0
  + P2 board: K-9.0
End of Turn 31: P1 board 6, P2 board 12, Dead Pool 24
Turn 32 - P1 acts
  - P1 hand: Psychodelic Toad
  + P1 board: Psychodelic Toad
End of Turn 32: P1 board 7, P2 board 12, Dead Pool 24
Turn 33 - P2 acts
  - P2 hand: Dormex Lurker
  + P2 board: Dormex Lurker
  - P2 board: Target Marker Probe
  + P2 retired: Target Marker Probe
  + Dead Pool: Target Marker Probe, Target Marker Probe
End of Turn 33: P1 board 7, P2 board 12, Dead Pool 26
Turn 34 - P1 acts
  - P1 hand: Technomancer
  + P1 retired: Technomancer
  + Dead Pool: Technomancer, Technomancer
End of Turn 34: P1 board 7, P2 board 12, Dead Pool 28
Turn 35 - P2 acts
  - P2 hand: Compliance Auditon
  + P2 board: Compliance Auditon
End of Turn 35: P1 board 7, P2 board 13, Dead Pool 28
Turn 36 - P1 acts
  - P1 hand: Primordial Oozer
  + P1 board: Primordial Oozer
  - P1 board: Local Singularity
  + P1 retired: Local Singularity
  + Dead Pool: Local Singularity, Local Singularity
End of Turn 36: P1 board 7, P2 board 13, Dead Pool 30
Turn 37 - P2 acts
  - P1 board: Psychodelic Toad
  + P1 retired: Psychodelic Toad
  - P2 hand: Task Mistres
  + P2 board: Task Mistres
  + Dead Pool: Psychodelic Toad
End of Turn 37: P1 board 6, P2 board 14, Dead Pool 31
Turn 38 - P1 acts
  - P1 hand: Technomancer
  + P1 board: Technomancer
  - P1 board: Local Singularity
  + P1 retired: Local Singularity
  + Dead Pool: Local Singularity, Local Singularity
End of Turn 38: P1 board 6, P2 board 14, Dead Pool 33
Turn 39 - P2 acts
  - P2 hand: Marine Marauder
  + P2 board: Marine Marauder
  - P2 board: MediFlux-1NDS
  + P2 retired: MediFlux-1NDS
  + Dead Pool: MediFlux-1NDS, MediFlux-1NDS
End of Turn 39: P1 board 6, P2 board 14, Dead Pool 35
Turn 40 - P1 acts
  - P1 hand: Voidling
  + P1 board: Voidling
End of Turn 40: P1 board 7, P2 board 14, Dead Pool 35
Turn 41 - P2 acts
  - P1 board: Primordial Oozer
  + P1 retired: Primordial Oozer
  - P2 hand: Sentry Node
  + P2 board: Sentry Node
  - P2 board: Dormex Lurker
  + P2 retired: Dormex Lurker
  + Dead Pool: Primordial Oozer, Dormex Lurker, Dormex Lurker
End of Turn 41: P1 board 6, P2 board 14, Dead Pool 38
Turn 42 - P1 acts
  - P1 hand: Nives
  + P1 board: Nives
  - P1 board: Meat Vegetable
  + P1 retired: Meat Vegetable
  + Dead Pool: Meat Vegetable, Meat Vegetable
End of Turn 42: P1 board 6, P2 board 14, Dead Pool 40
Turn 43 - P2 acts
  - P2 hand: Marine Marauder
  + P2 board: Marine Marauder
  - P2 board: Hover Shield
  + P2 retired: Hover Shield
  + Dead Pool: Hover Shield, Hover Shield
End of Turn 43: P1 board 6, P2 board 14, Dead Pool 42
Turn 44 - P1 acts
  - P1 hand: Mutt
  + P1 board: Mutt
  - P1 board: Meat Vegetable
  + P1 retired: Meat Vegetable
  + Dead Pool: Meat Vegetable, Meat Vegetable
End of Turn 44: P1 board 6, P2 board 14, Dead Pool 44
Turn 45 - P2 acts
  - P2 hand: Sentry Node
  + P2 board: Sentry Node
  - P2 board: K-9.0
  + P2 retired: K-9.0
  + Dead Pool: K-9.0, K-9.0
End of Turn 45: P1 board 6, P2 board 14, Dead Pool 46
Turn 46 - P1 acts
  - P1 hand: Annihilist Overseer
  + P1 board: Annihilist Overseer
  - P1 board: Technomancer
  + P1 retired: Technomancer
  + Dead Pool: Technomancer, Technomancer
End of Turn 46: P1 board 6, P2 board 14, Dead Pool 48
Turn 47 - P2 acts
  - P2 hand: Dormex Lurker
  + P2 board: Dormex Lurker
End of Turn 47: P1 board 6, P2 board 15, Dead Pool 48
Turn 48 - P1 acts
  - P1 hand: Void Freak
  + P1 board: Void Freak
  - P1 board: Annihilist Overseer
  + P1 retired: Annihilist Overseer
  + Dead Pool: Annihilist Overseer, Annihilist Overseer
End of Turn 48: P1 board 6, P2 board 15, Dead Pool 50
Turn 49 - P2 acts
  - P1 board: Technomancer
  + P1 retired: Technomancer
  - P2 hand: Killjoy
  + P2 board: Killjoy
  - P2 board: Shield Array Node
  + P2 retired: Shield Array Node
  + Dead Pool: Technomancer, Shield Array Node, Shield Array Node
End of Turn 49: P1 board 5, P2 board 15, Dead Pool 53
Turn 50 - P1 acts
  - P1 hand: Meat Vegetable
  + P1 board: Meat Vegetable
  - P2 board: Lokar Simmons
  + P2 retired: Lokar Simmons
  + Dead Pool: Lokar Simmons
Result: winner P1 | turns 49
Retired: P1 20, P2 12, Dead Pool 54

=== Game seed 11097 ===
Starting: P1 faction PCU vs P2 faction NARC
Turn 1 - P2 acts
  - P2 hand: Impact Simulant
  + P2 board: Impact Simulant
End of Turn 1: P1 board 1, P2 board 2, Dead Pool 0
Turn 2 - P1 acts
  - P1 hand: Restless Natives
  + P1 board: Restless Natives
End of Turn 2: P1 board 2, P2 board 2, Dead Pool 0
Turn 3 - P2 acts
  - P2 hand: Sausage Droid
  + P2 board: Sausage Droid
End of Turn 3: P1 board 2, P2 board 3, Dead Pool 0
Turn 4 - P1 acts
  - P1 hand: Käsekobold
  + P1 board: Käsekobold
End of Turn 4: P1 board 3, P2 board 3, Dead Pool 0
Turn 5 - P2 acts
  - P1 board: Restless Natives
  + P1 retired: Restless Natives
  - P2 hand: Target Marker Probe
  + P2 board: Target Marker Probe
  + Dead Pool: Restless Natives
End of Turn 5: P1 board 2, P2 board 4, Dead Pool 1
Turn 6 - P1 acts
  - P1 hand: Primordial Oozer
  + P1 board: Primordial Oozer
End of Turn 6: P1 board 3, P2 board 4, Dead Pool 1
Turn 7 - P2 acts
  - P2 hand: Compliance Auditon
  + P2 board: Compliance Auditon
End of Turn 7: P1 board 3, P2 board 5, Dead Pool 1
Turn 8 - P1 acts
  - P1 hand: Käsekobold
  + P1 retired: Käsekobold
  - P2 board: Impact Simulant
  + P2 retired: Impact Simulant
  + Dead Pool: Käsekobold, Käsekobold, Impact Simulant
End of Turn 8: P1 board 3, P2 board 4, Dead Pool 4
Turn 9 - P2 acts
  - P2 hand: Sausage Droid
  + P2 board: Sausage Droid
End of Turn 9: P1 board 3, P2 board 5, Dead Pool 4
Turn 10 - P1 acts
  - P1 hand: Vex
  + P1 board: Vex
  - P1 board: Primordial Oozer
  + P1 retired: Primordial Oozer
  + Dead Pool: Primordial Oozer, Primordial Oozer
End of Turn 10: P1 board 3, P2 board 5, Dead Pool 6
Turn 11 - P2 acts
  - P1 board: Käsekobold
  + P1 retired: Käsekobold
  - P2 hand: Target Marker Probe
  + P2 board: Target Marker Probe
  - P2 board: Sausage Droid
  + P2 retired: Sausage Droid
  + Dead Pool: Käsekobold, Sausage Droid, Sausage Droid
End of Turn 11: P1 board 2, P2 board 5, Dead Pool 9
Turn 12 - P1 acts
  - P1 hand: Annihilist Overseer
  + P1 board: Annihilist Overseer
  - P1 board: Vex
  + P1 retired: Vex
  + Dead Pool: Vex, Vex
End of Turn 12: P1 board 2, P2 board 5, Dead Pool 11
Turn 13 - P2 acts
  - P2 hand: Dormex Lurker
  + P2 board: Dormex Lurker
End of Turn 13: P1 board 2, P2 board 6, Dead Pool 11
Turn 14 - P1 acts
  - P1 hand: Mutt
  + P1 board: Mutt
  - P1 board: Annihilist Overseer
  + P1 retired: Annihilist Overseer
  + Dead Pool: Annihilist Overseer, Annihilist Overseer
End of Turn 14: P1 board 2, P2 board 6, Dead Pool 13
Turn 15 - P2 acts
  - P2 hand: Hover Shield
  + P2 board: Hover Shield
End of Turn 15: P1 board 2, P2 board 7, Dead Pool 13
Turn 16 - P1 acts
  - P1 hand: Vex
  + P1 board: Vex
  - P1 board: Mutt
  + P1 retired: Mutt
  + Dead Pool: Mutt, Mutt
End of Turn 16: P1 board 2, P2 board 7, Dead Pool 15
Turn 17 - P2 acts
  - P2 hand: Compliance Auditon
  + P2 board: Compliance Auditon
End of Turn 17: P1 board 2, P2 board 8, Dead Pool 15
Turn 18 - P1 acts
  - P1 hand: Nives
  + P1 board: Nives
  - P1 board: Vex
  + P1 retired: Vex
  + Dead Pool: Vex, Vex
End of Turn 18: P1 board 2, P2 board 8, Dead Pool 17
Turn 19 - P2 acts
  - P2 hand: Dormex Lurker
  + P2 board: Dormex Lurker
  - P2 board: Target Marker Probe
  + P2 retired: Target Marker Probe
  + Dead Pool: Target Marker Probe, Target Marker Probe
End of Turn 19: P1 board 2, P2 board 8, Dead Pool 19
Turn 20 - P1 acts
  - P1 hand: Technomancer
  + P1 board: Technomancer
  - P1 board: Nives
  + P1 retired: Nives
  + Dead Pool: Nives, Nives
End of Turn 20: P1 board 2, P2 board 8, Dead Pool 21
Turn 21 - P2 acts
  - P2 hand: Task Mistres
  + P2 board: Task Mistres
End of Turn 21: P1 board 2, P2 board 9, Dead Pool 21
Turn 22 - P1 acts
  - P1 hand: Nives
  + P1 board: Nives
  - P1 board: Technomancer
  + P1 retired: Technomancer
  + Dead Pool: Technomancer, Technomancer
End of Turn 22: P1 board 2, P2 board 9, Dead Pool 23
Turn 23 - P2 acts
  - P2 hand: MediFlux-1NDS
  + P2 board: MediFlux-1NDS
End of Turn 23: P1 board 2, P2 board 10, Dead Pool 23
Turn 24 - P1 acts
  - P1 hand: Local Singularity
  + P1 board: Local Singularity
  - P2 board: Compliance Auditon
  + P2 retired: Compliance Auditon
  + Dead Pool: Compliance Auditon
End of Turn 24: P1 board 3, P2 board 9, Dead Pool 24
Turn 25 - P2 acts
  - P1 board: Nives
  + P1 retired: Nives
  - P2 hand: MediFlux-1NDS
  + P2 board: MediFlux-1NDS
  + Dead Pool: Nives
End of Turn 25: P1 board 2, P2 board 10, Dead Pool 25
Turn 26 - P1 acts
  - P1 hand: Meat Vegetable
  + P1 board: Meat Vegetable
End of Turn 26: P1 board 3, P2 board 10, Dead Pool 25
Turn 27 - P2 acts
  - P2 hand: MediFlux-1NDS
  + P2 board: MediFlux-1NDS
End of Turn 27: P1 board 3, P2 board 11, Dead Pool 25
Turn 28 - P1 acts
  - P1 hand: Blood Howler
  + P1 board: Blood Howler
End of Turn 28: P1 board 4, P2 board 11, Dead Pool 25
Turn 29 - P2 acts
  - P2 hand: K-9.0
  + P2 board: K-9.0
  - P2 board: Sausage Droid
  + P2 retired: Sausage Droid
  + Dead Pool: Sausage Droid, Sausage Droid
End of Turn 29: P1 board 4, P2 board 11, Dead Pool 27
Turn 30 - P1 acts
  - P1 hand: Voidling
  + P1 board: Voidling
  - P1 board: Local Singularity
  + P1 retired: Local Singularity
  + Dead Pool: Local Singularity, Local Singularity
End of Turn 30: P1 board 4, P2 board 11, Dead Pool 29
Turn 31 - P2 acts
  - P2 hand: Marine Marauder
  + P2 board: Marine Marauder
End of Turn 31: P1 board 4, P2 board 12, Dead Pool 29
Turn 32 - P1 acts
  - P1 hand: Krax
  + P1 board: Krax
  - P1 board: Meat Vegetable, Blood Howler
  + P1 retired: Meat Vegetable, Blood Howler
  + Dead Pool: Meat Vegetable, Meat Vegetable, Blood Howler, Blood Howler
End of Turn 32: P1 board 3, P2 board 12, Dead Pool 33
Turn 33 - P2 acts
  - P2 hand: Sausage Droid
  + P2 board: Sausage Droid
End of Turn 33: P1 board 3, P2 board 13, Dead Pool 33
Turn 34 - P1 acts
  - P1 hand: Mutt
  + P1 board: Mutt
  - P1 board: Voidling
  + P1 retired: Voidling
  - P2 board: Target Marker Probe
  + P2 retired: Target Marker Probe
  + Dead Pool: Target Marker Probe, Voidling, Voidling
End of Turn 34: P1 board 3, P2 board 12, Dead Pool 36
Turn 35 - P2 acts
  - P2 hand: Shield Array Node
  + P2 board: Shield Array Node
End of Turn 35: P1 board 3, P2 board 13, Dead Pool 36
Turn 36 - P1 acts
  - P1 hand: Restless Natives
  + P1 board: Restless Natives
  - P2 board: Dormex Lurker
  + P2 retired: Dormex Lurker
  + Dead Pool: Dormex Lurker
End of Turn 36: P1 board 4, P2 board 12, Dead Pool 37
Turn 37 - P2 acts
  - P2 hand: Killjoy
  + P2 board: Killjoy
  - P2 board: Hover Shield
  + P2 retired: Hover Shield
  + Dead Pool: Hover Shield, Hover Shield
End of Turn 37: P1 board 4, P2 board 12, Dead Pool 39
Turn 38 - P1 acts
  - P1 hand: Annihilist Overseer
  + P1 board: Annihilist Overseer
  - P1 board: Krax
  + P1 retired: Krax
  + Dead Pool: Krax, Krax
End of Turn 38: P1 board 4, P2 board 12, Dead Pool 41
Turn 39 - P2 acts
  - P1 board: Mutt
  + P1 retired: Mutt
  - P2 hand: Compliance Auditon
  + P2 board: Compliance Auditon
  + Dead Pool: Mutt
End of Turn 39: P1 board 3, P2 board 13, Dead Pool 42
Turn 40 - P1 acts
  - P1 hand: Restless Natives
  + P1 board: Restless Natives
  - P1 board: Annihilist Overseer
  + P1 retired: Annihilist Overseer
  + Dead Pool: Annihilist Overseer, Annihilist Overseer
End of Turn 40: P1 board 3, P2 board 13, Dead Pool 44
Turn 41 - P2 acts
  - P2 hand: Bruut Enforcer
  + P2 board: Bruut Enforcer
  - P2 board: Compliance Auditon
  + P2 retired: Compliance Auditon
  + Dead Pool: Compliance Auditon, Compliance Auditon
End of Turn 41: P1 board 3, P2 board 13, Dead Pool 46
Turn 42 - P1 acts
  - P1 hand: Void Freak
  + P1 board: Void Freak
  - P1 board: Restless Natives
  + P1 retired: Restless Natives
  + Dead Pool: Restless Natives, Restless Natives
End of Turn 42: P1 board 3, P2 board 13, Dead Pool 48
Turn 43 - P2 acts
  - P2 hand: Nob Lobber
  + P2 board: Nob Lobber
  - P2 board: Dormex Lurker
  + P2 retired: Dormex Lurker
  + Dead Pool: Dormex Lurker, Dormex Lurker
End of Turn 43: P1 board 3, P2 board 13, Dead Pool 50
Turn 44 - P1 acts
  - P1 hand: Annihilist Overseer
  + P1 board: Annihilist Overseer
  - P1 board: Restless Natives
  + P1 retired: Restless Natives
  - P2 board: Marine Marauder
  + P2 retired: Marine Marauder
  + Dead Pool: Restless Natives, Restless Natives, Marine Marauder
End of Turn 44: P1 board 3, P2 board 12, Dead Pool 53
Turn 45 - P2 acts
  - P1 board: Void Freak
  + P1 retired: Void Freak
  - P2 hand: Nob Lobber
  + P2 board: Nob Lobber
  - P2 board: Task Mistres
  + P2 retired: Task Mistres
  + Dead Pool: Task Mistres, Task Mistres, Void Freak
End of Turn 45: P1 board 2, P2 board 12, Dead Pool 56
Turn 46 - P1 acts
  - P1 hand: Mutt
  + P1 board: Mutt
  - P1 board: Annihilist Overseer
  + P1 retired: Annihilist Overseer
  + Dead Pool: Annihilist Overseer, Annihilist Overseer
End of Turn 46: P1 board 2, P2 board 12, Dead Pool 58
Turn 47 - P2 acts
  - P2 hand: Buzzkill
  + P2 board: Buzzkill
  - P2 board: MediFlux-1NDS
  + P2 retired: MediFlux-1NDS
  + Dead Pool: MediFlux-1NDS, MediFlux-1NDS
End of Turn 47: P1 board 2, P2 board 12, Dead Pool 60
Turn 48 - P1 acts
  - P1 hand: Void Freak
  + P1 board: Void Freak
End of Turn 48: P1 board 3, P2 board 12, Dead Pool 60
Turn 49 - P2 acts
  - P1 board: Mutt
  + P1 retired: Mutt
  - P2 hand: Detainment Probe
  + P2 board: Detainment Probe
  + Dead Pool: Mutt
End of Turn 49: P1 board 2, P2 board 13, Dead Pool 61
Turn 50 - P1 acts
  - P1 hand: Primordial Oozer
  + P1 board: Primordial Oozer
  - P2 board: MediFlux-1NDS
  + P2 retired: MediFlux-1NDS
  + Dead Pool: MediFlux-1NDS
End of Turn 50: P1 board 3, P2 board 12, Dead Pool 62
Turn 51 - P2 acts
  - P1 board: Void Freak
  + P1 retired: Void Freak
  - P2 hand: Impact Simulant
  + P2 board: Impact Simulant
  + Dead Pool: Void Freak
End of Turn 51: P1 board 2, P2 board 13, Dead Pool 63
Turn 52 - P1 acts
  - P1 hand: Void Freak
  + P1 board: Void Freak
End of Turn 52: P1 board 3, P2 board 13, Dead Pool 63
Turn 53 - P2 acts
  - P1 board: Primordial Oozer
  + P1 retired: Primordial Oozer
  - P2 hand: Shield Array Node
  + P2 board: Shield Array Node
  + Dead Pool: Primordial Oozer
End of Turn 53: P1 board 2, P2 board 14, Dead Pool 64
Turn 54 - P1 acts
  - P1 hand: Restless Natives
  + P1 board: Restless Natives
  - P2 board: MediFlux-1NDS
  + P2 retired: MediFlux-1NDS
  + Dead Pool: MediFlux-1NDS
End of Turn 54: P1 board 3, P2 board 13, Dead Pool 65
Turn 55 - P2 acts
  - P1 board: Void Freak
  + P1 retired: Void Freak
  - P2 hand: K-9.0
  + P2 board: K-9.0
  + Dead Pool: Void Freak
End of Turn 55: P1 board 2, P2 board 14, Dead Pool 66
Turn 56 - P1 acts
  - P1 hand: Nives
  + P1 board: Nives
  - P1 board: Restless Natives
  + P1 retired: Restless Natives
  + Dead Pool: Restless Natives, Restless Natives
End of Turn 56: P1 board 2, P2 board 14, Dead Pool 68
Turn 57 - P2 acts
  - P1 board: Grim
  + P1 retired: Grim
  - P2 hand: Sentry Node
  + P2 board: Sentry Node
  - P2 board: K-9.0
  + P2 retired: K-9.0
  + Dead Pool: K-9.0, K-9.0, Grim
Result: winner P2 | turns 56
Retired: P1 28, P2 16, Dead Pool 71

=== Game seed 11098 ===
Starting: P1 faction PCU vs P2 faction NARC
Turn 1 - P1 acts
  - P1 hand: Primordial Oozer
  + P1 board: Primordial Oozer
End of Turn 1: P1 board 2, P2 board 1, Dead Pool 0
Turn 2 - P2 acts
  - P2 hand: Impact Simulant
  + P2 board: Impact Simulant
End of Turn 2: P1 board 2, P2 board 2, Dead Pool 0
Turn 3 - P1 acts
  - P1 hand: Voidling
  + P1 board: Voidling
  - P1 board: Primordial Oozer
  + P1 retired: Primordial Oozer
  + Dead Pool: Primordial Oozer, Primordial Oozer
End of Turn 3: P1 board 2, P2 board 2, Dead Pool 2
Turn 4 - P2 acts
  - P2 hand: Impact Simulant
  + P2 board: Impact Simulant
End of Turn 4: P1 board 2, P2 board 3, Dead Pool 2
Turn 5 - P1 acts
  - P1 hand: Voidling
  + P1 board: Voidling
End of Turn 5: P1 board 3, P2 board 3, Dead Pool 2
Turn 6 - P2 acts
  - P2 hand: Sausage Droid
  + P2 board: Sausage Droid
End of Turn 6: P1 board 3, P2 board 4, Dead Pool 2
Turn 7 - P1 acts
  - P1 hand: Mutt
  + P1 board: Mutt
  - P1 board: Voidling
  + P1 retired: Voidling
  + Dead Pool: Voidling, Voidling
End of Turn 7: P1 board 3, P2 board 4, Dead Pool 4
Turn 8 - P2 acts
  - P2 hand: Target Marker Probe
  + P2 board: Target Marker Probe
End of Turn 8: P1 board 3, P2 board 5, Dead Pool 4
Turn 9 - P1 acts
  - P1 hand: Meat Vegetable
  + P1 board: Meat Vegetable
End of Turn 9: P1 board 4, P2 board 5, Dead Pool 4
Turn 10 - P2 acts
  - P2 hand: Target Marker Probe
  + P2 board: Target Marker Probe
End of Turn 10: P1 board 4, P2 board 6, Dead Pool 4
Turn 11 - P1 acts
  - P1 hand: Technomancer
  + P1 board: Technomancer
  - P1 board: Voidling
  + P1 retired: Voidling
  + Dead Pool: Voidling, Voidling
End of Turn 11: P1 board 4, P2 board 6, Dead Pool 6
Turn 12 - P2 acts
  - P1 board: Mutt
  + P1 retired: Mutt
  - P2 hand: Sausage Droid
  + P2 board: Sausage Droid
  + Dead Pool: Mutt
End of Turn 12: P1 board 3, P2 board 7, Dead Pool 7
Turn 13 - P1 acts
  - P1 hand: Restless Natives
  + P1 board: Restless Natives
End of Turn 13: P1 board 4, P2 board 7, Dead Pool 7
Turn 14 - P2 acts
  - P2 hand: Impact Simulant
  + P2 board: Impact Simulant
End of Turn 14: P1 board 4, P2 board 8, Dead Pool 7
Turn 15 - P1 acts
  - P1 hand: Meat Vegetable
  + P1 board: Meat Vegetable
  - P2 board: Sausage Droid
  + P2 retired: Sausage Droid
  + Dead Pool: Sausage Droid
End of Turn 15: P1 board 5, P2 board 7, Dead Pool 8
Turn 16 - P2 acts
  - P2 hand: Sausage Droid
  + P2 board: Sausage Droid
End of Turn 16: P1 board 5, P2 board 8, Dead Pool 8
Turn 17 - P1 acts
  - P1 hand: Voidling
  + P1 board: Voidling
  - P1 board: Meat Vegetable
  + P1 retired: Meat Vegetable
  + Dead Pool: Meat Vegetable, Meat Vegetable
End of Turn 17: P1 board 5, P2 board 8, Dead Pool 10
Turn 18 - P2 acts
  - P2 hand: Task Mistres
  + P2 board: Task Mistres
End of Turn 18: P1 board 5, P2 board 9, Dead Pool 10
Turn 19 - P1 acts
  - P1 hand: Local Singularity
  + P1 board: Local Singularity
  - P1 board: Restless Natives
  + P1 retired: Restless Natives
  + Dead Pool: Restless Natives, Restless Natives
End of Turn 19: P1 board 5, P2 board 9, Dead Pool 12
Turn 20 - P2 acts
  - P2 hand: Detainment Probe
  + P2 board: Detainment Probe
End of Turn 20: P1 board 5, P2 board 10, Dead Pool 12
Turn 21 - P1 acts
  - P1 hand: Käsekobold
  + P1 board: Käsekobold
  - P1 board: Technomancer
  + P1 retired: Technomancer
  + Dead Pool: Technomancer, Technomancer
End of Turn 21: P1 board 5, P2 board 10, Dead Pool 14
Turn 22 - P2 acts
  - P2 hand: MediFlux-1NDS
  + P2 board: MediFlux-1NDS
End of Turn 22: P1 board 5, P2 board 11, Dead Pool 14
Turn 23 - P1 acts
  - P1 hand: Mutt
  + P1 board: Mutt
  - P1 board: Meat Vegetable
  + P1 retired: Meat Vegetable
  - P2 board: Impact Simulant
  + P2 retired: Impact Simulant
  + Dead Pool: Meat Vegetable, Meat Vegetable, Impact Simulant
End of Turn 23: P1 board 5, P2 board 10, Dead Pool 17
Turn 24 - P2 acts
  - P2 hand: Dormex Lurker
  + P2 board: Dormex Lurker
End of Turn 24: P1 board 5, P2 board 11, Dead Pool 17
Turn 25 - P1 acts
  - P1 hand: Restless Natives
  + P1 board: Restless Natives
End of Turn 25: P1 board 6, P2 board 11, Dead Pool 17
Turn 26 - P2 acts
  - P2 hand: Hover Shield
  + P2 board: Hover Shield
  - P2 board: Impact Simulant
  + P2 retired: Impact Simulant
  + Dead Pool: Impact Simulant, Impact Simulant
End of Turn 26: P1 board 6, P2 board 11, Dead Pool 19
Turn 27 - P1 acts
  - P1 hand: Blood Howler
  + P1 board: Blood Howler
  - P1 board: Voidling
  + P1 retired: Voidling
  + Dead Pool: Voidling, Voidling
End of Turn 27: P1 board 6, P2 board 11, Dead Pool 21
Turn 28 - P2 acts
  - P2 hand: K-9.0
  + P2 board: K-9.0
  - P2 board: Target Marker Probe
  + P2 retired: Target Marker Probe
  + Dead Pool: Target Marker Probe, Target Marker Probe
End of Turn 28: P1 board 6, P2 board 11, Dead Pool 23
Turn 29 - P1 acts
  - P1 hand: Blood Howler
  + P1 board: Blood Howler
End of Turn 29: P1 board 7, P2 board 11, Dead Pool 23
Turn 30 - P2 acts
  - P2 hand: Marine Marauder
  + P2 board: Marine Marauder
End of Turn 30: P1 board 7, P2 board 12, Dead Pool 23
Turn 31 - P1 acts
  - P1 hand: Nives
  + P1 board: Nives
  - P1 board: Local Singularity, Käsekobold
  + P1 retired: Local Singularity, Käsekobold
  - P2 board: Target Marker Probe
  + P2 retired: Target Marker Probe
  + Dead Pool: Target Marker Probe, Local Singularity, Local Singularity, Käsekobold, Käsekobold
End of Turn 31: P1 board 6, P2 board 11, Dead Pool 28
Turn 32 - P2 acts
  - P2 hand: Compliance Auditon
  + P2 board: Compliance Auditon
End of Turn 32: P1 board 6, P2 board 12, Dead Pool 28
Turn 33 - P1 acts
  - P1 hand: Vex
  + P1 board: Vex
  - P1 board: Mutt
  + P1 retired: Mutt
  + Dead Pool: Mutt, Mutt
End of Turn 33: P1 board 6, P2 board 12, Dead Pool 30
Turn 34 - P2 acts
  - P2 hand: Marine Marauder
  + P2 board: Marine Marauder
  - P2 board: Sausage Droid
  + P2 retired: Sausage Droid
  + Dead Pool: Sausage Droid, Sausage Droid
End of Turn 34: P1 board 6, P2 board 12, Dead Pool 32
Turn 35 - P1 acts
  - P1 hand: Meat Vegetable
  + P1 board: Meat Vegetable
End of Turn 35: P1 board 7, P2 board 12, Dead Pool 32
Turn 36 - P2 acts
  - P2 hand: Detainment Probe
  + P2 board: Detainment Probe
End of Turn 36: P1 board 7, P2 board 13, Dead Pool 32
Turn 37 - P1 acts
  - P1 hand: Void Freak
  + P1 board: Void Freak
  - P2 board: Impact Simulant
  + P2 retired: Impact Simulant
  + Dead Pool: Impact Simulant
End of Turn 37: P1 board 8, P2 board 12, Dead Pool 33
Turn 38 - P2 acts
  - P1 board: Nives
  + P1 retired: Nives
  - P2 hand: MediFlux-1NDS
  + P2 board: MediFlux-1NDS
  + Dead Pool: Nives
End of Turn 38: P1 board 7, P2 board 13, Dead Pool 34
Turn 39 - P1 acts
  - P1 hand: Restless Natives
  + P1 retired: Restless Natives
  - P2 board: Sausage Droid
  + P2 retired: Sausage Droid
  + Dead Pool: Sausage Droid, Restless Natives, Restless Natives
End of Turn 39: P1 board 7, P2 board 12, Dead Pool 37
Turn 40 - P2 acts
  - P2 hand: Shield Array Node
  + P2 board: Shield Array Node
End of Turn 40: P1 board 7, P2 board 13, Dead Pool 37
Turn 41 - P1 acts
  - P1 hand: Void Freak
  + P1 board: Void Freak
  - P2 board: Task Mistres
  + P2 retired: Task Mistres
  + Dead Pool: Task Mistres
End of Turn 41: P1 board 8, P2 board 12, Dead Pool 38
Turn 42 - P2 acts
  - P1 board: Void Freak
  + P1 retired: Void Freak
  - P2 hand: K-9.0
  + P2 board: K-9.0
  + Dead Pool: Void Freak
End of Turn 42: P1 board 7, P2 board 13, Dead Pool 39
Turn 43 - P1 acts
  - P1 hand: Void Freak
  + P1 board: Void Freak
  - P2 board: Detainment Probe
  + P2 retired: Detainment Probe
  + Dead Pool: Detainment Probe
End of Turn 43: P1 board 8, P2 board 12, Dead Pool 40
Turn 44 - P2 acts
  - P2 hand: Compliance Auditon
  + P2 board: Compliance Auditon
End of Turn 44: P1 board 8, P2 board 13, Dead Pool 40
Turn 45 - P1 acts
  - P1 hand: Primordial Oozer
  + P1 board: Primordial Oozer
  - P2 board: MediFlux-1NDS
  + P2 retired: MediFlux-1NDS
  + Dead Pool: MediFlux-1NDS
End of Turn 45: P1 board 9, P2 board 12, Dead Pool 41
Turn 46 - P2 acts
  - P2 hand: Bruut Enforcer
  + P2 board: Bruut Enforcer
  - P2 board: Dormex Lurker
  + P2 retired: Dormex Lurker
  + Dead Pool: Dormex Lurker, Dormex Lurker
End of Turn 46: P1 board 9, P2 board 12, Dead Pool 43
Turn 47 - P1 acts
  - P1 hand: Nives
  + P1 board: Nives
  - P1 board: Blood Howler
  + P1 retired: Blood Howler
  - P2 board: Detainment Probe
  + P2 retired: Detainment Probe
  + Dead Pool: Detainment Probe, Blood Howler, Blood Howler
End of Turn 47: P1 board 9, P2 board 11, Dead Pool 46
Turn 48 - P2 acts
  - P1 board: Void Freak
  + P1 retired: Void Freak
  - P2 hand: Sentry Node
  + P2 board: Sentry Node
  - P2 board: Hover Shield
  + P2 retired: Hover Shield
  + Dead Pool: Void Freak, Hover Shield, Hover Shield
End of Turn 48: P1 board 8, P2 board 11, Dead Pool 49
Turn 49 - P1 acts
  - P1 hand: Restless Natives
  + P1 board: Restless Natives
  - P2 board: Marine Marauder
  + P2 retired: Marine Marauder
  + Dead Pool: Marine Marauder
End of Turn 49: P1 board 9, P2 board 10, Dead Pool 50
Turn 50 - P2 acts
  - P1 board: Blood Howler
  + P1 retired: Blood Howler
  - P2 hand: Sentry Node
  + P2 board: Sentry Node
  - P2 board: K-9.0
  + P2 retired: K-9.0
  + Dead Pool: Blood Howler, K-9.0, K-9.0
End of Turn 50: P1 board 8, P2 board 10, Dead Pool 53
Turn 51 - P1 acts
  - P1 hand: Annihilist Overseer
  + P1 board: Annihilist Overseer
  - P1 board: Vex
  + P1 retired: Vex
  - P2 board: Sentry Node
  + P2 retired: Sentry Node
  + Dead Pool: Vex, Vex, Sentry Node
End of Turn 51: P1 board 8, P2 board 9, Dead Pool 56
Turn 52 - P2 acts
  - P1 board: Void Freak
  + P1 retired: Void Freak
  - P2 hand: MediFlux-1NDS
  + P2 board: MediFlux-1NDS
  + Dead Pool: Void Freak
End of Turn 52: P1 board 7, P2 board 10, Dead Pool 57
Turn 53 - P1 acts
  - P1 hand: Dragoon
  + P1 board: Dragoon
  - P1 board: Meat Vegetable, Annihilist Overseer
  + P1 retired: Meat Vegetable, Annihilist Overseer
  + Dead Pool: Meat Vegetable, Meat Vegetable, Annihilist Overseer, Annihilist Overseer
End of Turn 53: P1 board 6, P2 board 10, Dead Pool 61
Turn 54 - P2 acts
  - P1 board: Restless Natives
  + P1 retired: Restless Natives
  - P2 hand: Sentry Node
  + P2 board: Sentry Node
  - P2 board: Compliance Auditon
  + P2 retired: Compliance Auditon
  + Dead Pool: Restless Natives, Compliance Auditon, Compliance Auditon
End of Turn 54: P1 board 5, P2 board 10, Dead Pool 64
Turn 55 - P1 acts
  - P1 hand: Krax
  + P1 board: Krax
  - P1 board: Primordial Oozer
  + P1 retired: Primordial Oozer
  - P2 board: Sentry Node
  + P2 retired: Sentry Node
  + Dead Pool: Primordial Oozer, Primordial Oozer, Sentry Node
End of Turn 55: P1 board 5, P2 board 9, Dead Pool 67
Turn 56 - P2 acts
  - P1 board: Nives
  + P1 retired: Nives
  - P2 hand: Target Marker Probe
  + P2 board: Target Marker Probe
  + Dead Pool: Nives
End of Turn 56: P1 board 4, P2 board 10, Dead Pool 68
Turn 57 - P1 acts
  - P1 hand: Local Singularity
  + P1 board: Local Singularity
  - P2 board: Sentry Node
  + P2 retired: Sentry Node
  + Dead Pool: Sentry Node
End of Turn 57: P1 board 5, P2 board 9, Dead Pool 69
Turn 58 - P2 acts
  - P2 hand: K-9.0
  + P2 board: K-9.0
  - P2 board: Marine Marauder
  + P2 retired: Marine Marauder
  + Dead Pool: Marine Marauder, Marine Marauder
End of Turn 58: P1 board 5, P2 board 9, Dead Pool 71
Turn 59 - P1 acts
  - P1 hand: Käsekobold
  + P1 board: Käsekobold
  - P1 board: Restless Natives
  + P1 retired: Restless Natives
  + Dead Pool: Restless Natives, Restless Natives
End of Turn 59: P1 board 5, P2 board 9, Dead Pool 73
Turn 60 - P2 acts
  - P2 hand: Shield Array Node
  + P2 board: Shield Array Node
End of Turn 60: P1 board 5, P2 board 10, Dead Pool 73
Turn 61 - P1 acts
  - P1 hand: Mutt
  + P1 board: Mutt
  - P1 board: Dragoon
  + P1 retired: Dragoon
  - P2 board: Lokar Simmons
  + P2 retired: Lokar Simmons
  + Dead Pool: Dragoon, Dragoon, Lokar Simmons
Result: winner P1 | turns 60
Retired: P1 27, P2 22, Dead Pool 76

=== Game seed 11099 ===
Starting: P1 faction PCU vs P2 faction NARC
Turn 1 - P1 acts
  - P1 hand: Meat Vegetable
  + P1 board: Meat Vegetable
End of Turn 1: P1 board 2, P2 board 1, Dead Pool 0
Turn 2 - P2 acts
  - P2 hand: Target Marker Probe
  + P2 board: Target Marker Probe
End of Turn 2: P1 board 2, P2 board 2, Dead Pool 0
Turn 3 - P1 acts
  - P1 hand: Void Freak
  + P1 board: Void Freak
End of Turn 3: P1 board 3, P2 board 2, Dead Pool 0
Turn 4 - P2 acts
  - P2 hand: Compliance Auditon
  + P2 board: Compliance Auditon
End of Turn 4: P1 board 3, P2 board 3, Dead Pool 0
Turn 5 - P1 acts
  - P1 hand: Käsekobold
  + P1 board: Käsekobold
  - P2 board: Target Marker Probe
  + P2 retired: Target Marker Probe
  + Dead Pool: Target Marker Probe
End of Turn 5: P1 board 4, P2 board 2, Dead Pool 1
Turn 6 - P2 acts
  - P2 hand: Dormex Lurker
  + P2 board: Dormex Lurker
End of Turn 6: P1 board 4, P2 board 3, Dead Pool 1
Turn 7 - P1 acts
  - P1 hand: Käsekobold
  + P1 board: Käsekobold
  - P2 board: Compliance Auditon
  + P2 retired: Compliance Auditon
  + Dead Pool: Compliance Auditon
End of Turn 7: P1 board 5, P2 board 2, Dead Pool 2
Turn 8 - P2 acts
  - P1 board: Meat Vegetable
  + P1 retired: Meat Vegetable
  - P2 hand: Hover Shield
  + P2 board: Hover Shield
  + Dead Pool: Meat Vegetable
End of Turn 8: P1 board 4, P2 board 3, Dead Pool 3
Turn 9 - P1 acts
  - P1 hand: Meat Vegetable
  + P1 board: Meat Vegetable
  - P2 board: Dormex Lurker
  + P2 retired: Dormex Lurker
  + Dead Pool: Dormex Lurker
End of Turn 9: P1 board 5, P2 board 2, Dead Pool 4
Turn 10 - P2 acts
  - P2 hand: MediFlux-1NDS
  + P2 board: MediFlux-1NDS
End of Turn 10: P1 board 5, P2 board 3, Dead Pool 4
Turn 11 - P1 acts
  - P1 hand: Meat Vegetable
  + P1 board: Meat Vegetable
  - P1 board: Void Freak
  + P1 retired: Void Freak
  - P2 board: Hover Shield
  + P2 retired: Hover Shield
  + Dead Pool: Void Freak, Void Freak, Hover Shield
End of Turn 11: P1 board 5, P2 board 2, Dead Pool 7
Turn 12 - P2 acts
  - P2 hand: Shield Array Node
  + P2 board: Shield Array Node
End of Turn 12: P1 board 5, P2 board 3, Dead Pool 7
Turn 13 - P1 acts
  - P1 hand: Restless Natives
  + P1 board: Restless Natives
End of Turn 13: P1 board 6, P2 board 3, Dead Pool 7
Turn 14 - P2 acts
  - P2 hand: Hover Shield
  + P2 board: Hover Shield
  - P2 board: MediFlux-1NDS
  + P2 retired: MediFlux-1NDS
  + Dead Pool: MediFlux-1NDS, MediFlux-1NDS
End of Turn 14: P1 board 6, P2 board 3, Dead Pool 9
Turn 15 - P1 acts
  - P1 hand: Voidling
  + P1 board: Voidling
  - P1 board: Käsekobold
  + P1 retired: Käsekobold
  + Dead Pool: Käsekobold, Käsekobold
End of Turn 15: P1 board 6, P2 board 3, Dead Pool 11
Turn 16 - P2 acts
  - P2 hand: Task Mistres
  + P2 board: Task Mistres
End of Turn 16: P1 board 6, P2 board 4, Dead Pool 11
Turn 17 - P1 acts
  - P1 hand: Primordial Oozer
  + P1 board: Primordial Oozer
End of Turn 17: P1 board 7, P2 board 4, Dead Pool 11
Turn 18 - P2 acts
  - P2 hand: Task Mistres
  + P2 board: Task Mistres
  - P2 board: Shield Array Node
  + P2 retired: Shield Array Node
  + Dead Pool: Shield Array Node, Shield Array Node
End of Turn 18: P1 board 7, P2 board 4, Dead Pool 13
Turn 19 - P1 acts
  - P1 hand: Käsekobold
  + P1 retired: Käsekobold
  + Dead Pool: Käsekobold, Käsekobold
End of Turn 19: P1 board 7, P2 board 4, Dead Pool 15
Turn 20 - P2 acts
  - P2 hand: Impact Simulant
  + P2 board: Impact Simulant
End of Turn 20: P1 board 7, P2 board 5, Dead Pool 15
Turn 21 - P1 acts
  - P1 hand: Voidling
  + P1 board: Voidling
End of Turn 21: P1 board 8, P2 board 5, Dead Pool 15
Turn 22 - P2 acts
  - P2 hand: K-9.0
  + P2 board: K-9.0
End of Turn 22: P1 board 8, P2 board 6, Dead Pool 15
Turn 23 - P1 acts
  - P1 hand: Mutt
  + P1 board: Mutt
  - P1 board: Meat Vegetable
  + P1 retired: Meat Vegetable
  - P2 board: Hover Shield
  + P2 retired: Hover Shield
  + Dead Pool: Meat Vegetable, Meat Vegetable, Hover Shield
End of Turn 23: P1 board 8, P2 board 5, Dead Pool 18
Turn 24 - P2 acts
  - P2 hand: Sausage Droid
  + P2 board: Sausage Droid
End of Turn 24: P1 board 8, P2 board 6, Dead Pool 18
Turn 25 - P1 acts
  - P1 hand: Psychodelic Toad
  + P1 board: Psychodelic Toad
  - P1 board: Restless Natives
  + P1 retired: Restless Natives
  + Dead Pool: Restless Natives, Restless Natives
End of Turn 25: P1 board 8, P2 board 6, Dead Pool 20
Turn 26 - P2 acts
  - P1 board: Meat Vegetable
  + P1 retired: Meat Vegetable
  - P2 hand: Killjoy
  + P2 board: Killjoy
  - P2 board: Task Mistres
  + P2 retired: Task Mistres
  + Dead Pool: Meat Vegetable, Task Mistres, Task Mistres
End of Turn 26: P1 board 7, P2 board 6, Dead Pool 23
Turn 27 - P1 acts
  - P1 hand: Primordial Oozer
  + P1 board: Primordial Oozer
End of Turn 27: P1 board 8, P2 board 6, Dead Pool 23
Turn 28 - P2 acts
  - P2 hand: Sentry Node
  + P2 board: Sentry Node
  - P2 board: Task Mistres
  + P2 retired: Task Mistres
  + Dead Pool: Task Mistres, Task Mistres
End of Turn 28: P1 board 8, P2 board 6, Dead Pool 25
Turn 29 - P1 acts
  - P1 hand: Technomancer
  + P1 board: Technomancer
  - P1 board: Voidling, Psychodelic Toad
  + P1 retired: Voidling, Psychodelic Toad
  + Dead Pool: Voidling, Voidling, Psychodelic Toad, Psychodelic Toad
End of Turn 29: P1 board 7, P2 board 6, Dead Pool 29
Turn 30 - P2 acts
  - P2 hand: Sausage Droid
  + P2 board: Sausage Droid
End of Turn 30: P1 board 7, P2 board 7, Dead Pool 29
Turn 31 - P1 acts
  - P1 hand: Mutt
  + P1 board: Mutt
  - P1 board: Primordial Oozer
  + P1 retired: Primordial Oozer
  + Dead Pool: Primordial Oozer, Primordial Oozer
End of Turn 31: P1 board 7, P2 board 7, Dead Pool 31
Turn 32 - P2 acts
  - P2 hand: Target Marker Probe
  + P2 board: Target Marker Probe
  - P2 board: Sentry Node
  + P2 retired: Sentry Node
  + Dead Pool: Sentry Node, Sentry Node
End of Turn 32: P1 board 7, P2 board 7, Dead Pool 33
Turn 33 - P1 acts
  - P1 hand: Technomancer
  + P1 board: Technomancer
  - P1 board: Käsekobold
  + P1 retired: Käsekobold
  + Dead Pool: Käsekobold, Käsekobold
End of Turn 33: P1 board 7, P2 board 7, Dead Pool 35
Turn 34 - P2 acts
  - P2 hand: Sausage Droid
  + P2 board: Sausage Droid
End of Turn 34: P1 board 7, P2 board 8, Dead Pool 35
Turn 35 - P1 acts
  - P1 hand: Restless Natives
  + P1 board: Restless Natives
End of Turn 35: P1 board 8, P2 board 8, Dead Pool 35
Turn 36 - P2 acts
  - P2 hand: Marine Marauder
  + P2 board: Marine Marauder
  - P2 board: Impact Simulant
  + P2 retired: Impact Simulant
  + Dead Pool: Impact Simulant, Impact Simulant
End of Turn 36: P1 board 8, P2 board 8, Dead Pool 37
Turn 37 - P1 acts
  - P1 hand: Mutt
  + P1 board: Mutt
  - P1 board: Voidling
  + P1 retired: Voidling
  + Dead Pool: Voidling, Voidling
End of Turn 37: P1 board 8, P2 board 8, Dead Pool 39
Turn 38 - P2 acts
  - P1 board: Mutt
  + P1 retired: Mutt
  - P2 hand: Compliance Auditon
  + P2 board: Compliance Auditon
  + Dead Pool: Mutt
End of Turn 38: P1 board 7, P2 board 9, Dead Pool 40
Turn 39 - P1 acts
  - P1 hand: Meat Vegetable
  + P1 board: Meat Vegetable
End of Turn 39: P1 board 8, P2 board 9, Dead Pool 40
Turn 40 - P2 acts
  - P2 hand: Sentry Node
  + P2 board: Sentry Node
  - P2 board: K-9.0
  + P2 retired: K-9.0
  + Dead Pool: K-9.0, K-9.0
End of Turn 40: P1 board 8, P2 board 9, Dead Pool 42
Turn 41 - P1 acts
  - P1 hand: Nives
  + P1 board: Nives
  - P1 board: Primordial Oozer
  + P1 retired: Primordial Oozer
  - P2 board: Sausage Droid
  + P2 retired: Sausage Droid
  + Dead Pool: Primordial Oozer, Primordial Oozer, Sausage Droid
End of Turn 41: P1 board 8, P2 board 8, Dead Pool 45
Turn 42 - P2 acts
  - P1 board: Technomancer
  + P1 retired: Technomancer
  - P2 hand: K-9.0
  + P2 board: K-9.0
  + Dead Pool: Technomancer
End of Turn 42: P1 board 7, P2 board 9, Dead Pool 46
Turn 43 - P1 acts
  - P1 hand: Blood Howler
  + P1 board: Blood Howler
  - P2 board: Killjoy
  + P2 retired: Killjoy
  + Dead Pool: Killjoy
End of Turn 43: P1 board 8, P2 board 8, Dead Pool 47
Turn 44 - P2 acts
  - P1 board: Mutt
  + P1 retired: Mutt
  - P2 hand: K-9.0
  + P2 board: K-9.0
  + Dead Pool: Mutt
End of Turn 44: P1 board 7, P2 board 9, Dead Pool 48
Turn 45 - P1 acts
  - P1 hand: Vex
  + P1 board: Vex
  - P1 board: Technomancer
  + P1 retired: Technomancer
  - P2 board: Sentry Node
  + P2 retired: Sentry Node
  + Dead Pool: Sentry Node, Technomancer, Technomancer
End of Turn 45: P1 board 7, P2 board 8, Dead Pool 51
Turn 46 - P2 acts
  - P2 hand: MediFlux-1NDS
  + P2 board: MediFlux-1NDS
  - P2 board: Sausage Droid
  + P2 retired: Sausage Droid
  + Dead Pool: Sausage Droid, Sausage Droid
End of Turn 46: P1 board 7, P2 board 8, Dead Pool 53
Turn 47 - P1 acts
  - P1 hand: Blood Howler
  + P1 board: Blood Howler
End of Turn 47: P1 board 8, P2 board 8, Dead Pool 53
Turn 48 - P2 acts
  - P2 hand: Detainment Probe
  + P2 board: Detainment Probe
End of Turn 48: P1 board 8, P2 board 9, Dead Pool 53
Turn 49 - P1 acts
  - P1 hand: Nives
  + P1 board: Nives
  - P1 board: Restless Natives
  + P1 retired: Restless Natives
  - P2 board: Sausage Droid
  + P2 retired: Sausage Droid
  + Dead Pool: Restless Natives, Restless Natives, Sausage Droid
End of Turn 49: P1 board 8, P2 board 8, Dead Pool 56
Turn 50 - P2 acts
  - P2 hand: Hover Shield
  + P2 board: Hover Shield
End of Turn 50: P1 board 8, P2 board 9, Dead Pool 56
Turn 51 - P1 acts
  - P1 hand: Krax
  + P1 board: Krax
  - P1 board: Mutt
  + P1 retired: Mutt
  - P2 board: Target Marker Probe
  + P2 retired: Target Marker Probe
  + Dead Pool: Target Marker Probe, Mutt, Mutt
End of Turn 51: P1 board 8, P2 board 8, Dead Pool 59
Turn 52 - P2 acts
  - P2 hand: Task Mistres
  + P2 board: Task Mistres
End of Turn 52: P1 board 8, P2 board 9, Dead Pool 59
Turn 53 - P1 acts
  - P1 hand: Dragoon
  + P1 board: Dragoon
  - P1 board: Meat Vegetable, Nives
  + P1 retired: Meat Vegetable, Nives
  - P2 board: Marine Marauder
  + P2 retired: Marine Marauder
  + Dead Pool: Meat Vegetable, Meat Vegetable, Nives, Nives, Marine Marauder
End of Turn 53: P1 board 7, P2 board 8, Dead Pool 64
Turn 54 - P2 acts
  - P2 hand: Target Marker Probe
  + P2 board: Target Marker Probe
End of Turn 54: P1 board 7, P2 board 9, Dead Pool 64
Turn 55 - P1 acts
  - P1 hand: Dragoon
  + P1 board: Dragoon
  - P1 board: Blood Howler
  + P1 retired: Blood Howler
  + Dead Pool: Blood Howler, Blood Howler
End of Turn 55: P1 board 7, P2 board 9, Dead Pool 66
Turn 56 - P2 acts
  - P2 hand: Sausage Droid
  + P2 board: Sausage Droid
  - P2 board: Compliance Auditon
  + P2 retired: Compliance Auditon
  + Dead Pool: Compliance Auditon, Compliance Auditon
End of Turn 56: P1 board 7, P2 board 9, Dead Pool 68
Turn 57 - P1 acts
  - P1 hand: Annihilist Overseer
  + P1 board: Annihilist Overseer
  - P1 board: Vex
  + P1 retired: Vex
  + Dead Pool: Vex, Vex
End of Turn 57: P1 board 7, P2 board 9, Dead Pool 70
Turn 58 - P2 acts
  - P2 hand: Shield Array Node
  + P2 board: Shield Array Node
End of Turn 58: P1 board 7, P2 board 10, Dead Pool 70
Turn 59 - P1 acts
  - P1 hand: Vex
  + P1 board: Vex
  - P1 board: Blood Howler, Annihilist Overseer
  + P1 retired: Blood Howler, Annihilist Overseer
  + Dead Pool: Blood Howler, Blood Howler, Annihilist Overseer, Annihilist Overseer
End of Turn 59: P1 board 6, P2 board 10, Dead Pool 74
Turn 60 - P2 acts
  - P2 hand: Marine Marauder
  + P2 board: Marine Marauder
  - P2 board: K-9.0
  + P2 retired: K-9.0
  + Dead Pool: K-9.0, K-9.0
End of Turn 60: P1 board 6, P2 board 10, Dead Pool 76
Turn 61 - P1 acts
  - P1 hand: Blood Howler
  + P1 board: Blood Howler
  - P2 board: Detainment Probe
  + P2 retired: Detainment Probe
  + Dead Pool: Detainment Probe
End of Turn 61: P1 board 7, P2 board 9, Dead Pool 77
Turn 62 - P2 acts
  - P1 board: Nives
  + P1 retired: Nives
  - P2 hand: Compliance Auditon
  + P2 board: Compliance Auditon
  + Dead Pool: Nives
End of Turn 62: P1 board 6, P2 board 10, Dead Pool 78
Turn 63 - P1 acts
  - P1 hand: Käsekobold
  + P1 board: Käsekobold
End of Turn 63: P1 board 7, P2 board 10, Dead Pool 78
Turn 64 - P2 acts
  - P2 hand: K-9.0
  + P2 retired: K-9.0
  + Dead Pool: K-9.0, K-9.0
End of Turn 64: P1 board 7, P2 board 10, Dead Pool 80
Turn 65 - P1 acts
  - P1 hand: Nives
  + P1 board: Nives
  - P1 board: Krax
  + P1 retired: Krax
  + Dead Pool: Krax, Krax
End of Turn 65: P1 board 7, P2 board 10, Dead Pool 82
Turn 66 - P2 acts
  - P2 hand: Shield Array Node
  + P2 board: Shield Array Node
End of Turn 66: P1 board 7, P2 board 11, Dead Pool 82
Turn 67 - P1 acts
  - P1 hand: Annihilist Overseer
  + P1 board: Annihilist Overseer
  - P1 board: Dragoon
  + P1 retired: Dragoon
  - P2 board: MediFlux-1NDS
  + P2 retired: MediFlux-1NDS
  + Dead Pool: MediFlux-1NDS, Dragoon, Dragoon
End of Turn 67: P1 board 7, P2 board 10, Dead Pool 85
Turn 68 - P2 acts
  - P2 hand: Dormex Lurker
  + P2 board: Dormex Lurker
End of Turn 68: P1 board 7, P2 board 11, Dead Pool 85
Turn 69 - P1 acts
  - P1 hand: Void Freak
  + P1 board: Void Freak
  - P1 board: Annihilist Overseer
  + P1 retired: Annihilist Overseer
  + Dead Pool: Annihilist Overseer, Annihilist Overseer
End of Turn 69: P1 board 7, P2 board 11, Dead Pool 87
Turn 70 - P2 acts
  - P2 hand: Nob Lobber
  + P2 board: Nob Lobber
  - P2 board: Hover Shield
  + P2 retired: Hover Shield
  + Dead Pool: Hover Shield, Hover Shield
End of Turn 70: P1 board 7, P2 board 11, Dead Pool 89
Turn 71 - P1 acts
  - P1 hand: Void Freak
  + P1 board: Void Freak
  - P2 board: Task Mistres
  + P2 retired: Task Mistres
  + Dead Pool: Task Mistres
End of Turn 71: P1 board 8, P2 board 10, Dead Pool 90
Turn 72 - P2 acts
  - P2 hand: Compliance Auditon
  + P2 board: Compliance Auditon
End of Turn 72: P1 board 8, P2 board 11, Dead Pool 90
Turn 73 - P1 acts
  - P1 hand: Krax
  + P1 board: Krax
  - P1 board: Dragoon
  + P1 retired: Dragoon
  - P2 board: Target Marker Probe
  + P2 retired: Target Marker Probe
  + Dead Pool: Target Marker Probe, Dragoon, Dragoon
End of Turn 73: P1 board 8, P2 board 10, Dead Pool 93
Turn 74 - P2 acts
  - P2 hand: MediFlux-1NDS
  + P2 board: MediFlux-1NDS
End of Turn 74: P1 board 8, P2 board 11, Dead Pool 93
Turn 75 - P1 acts
  - P1 hand: Voidling
  + P1 board: Voidling
  - P1 board: Vex
  + P1 retired: Vex
  - P2 board: Sausage Droid
  + P2 retired: Sausage Droid
  + Dead Pool: Sausage Droid, Vex, Vex
End of Turn 75: P1 board 8, P2 board 10, Dead Pool 96
Turn 76 - P2 acts
  - P1 board: Void Freak
  + P1 retired: Void Freak
  - P2 hand: Detainment Probe
  + P2 board: Detainment Probe
  + Dead Pool: Void Freak
End of Turn 76: P1 board 7, P2 board 11, Dead Pool 97
Turn 77 - P1 acts
  - P1 hand: Mutt
  + P1 board: Mutt
  - P1 board: Blood Howler
  + P1 retired: Blood Howler
  - P2 board: Shield Array Node
  + P2 retired: Shield Array Node
  + Dead Pool: Shield Array Node, Blood Howler, Blood Howler
End of Turn 77: P1 board 7, P2 board 10, Dead Pool 100
Turn 78 - P2 acts
  - P2 hand: Bruut Enforcer
  + P2 board: Bruut Enforcer
  - P2 board: Marine Marauder
  + P2 retired: Marine Marauder
  + Dead Pool: Marine Marauder, Marine Marauder
End of Turn 78: P1 board 7, P2 board 10, Dead Pool 102
Turn 79 - P1 acts
  - P1 hand: Psychodelic Toad
  + P1 board: Psychodelic Toad
End of Turn 79: P1 board 8, P2 board 10, Dead Pool 102
Turn 80 - P2 acts
  - P1 board: Void Freak
  + P1 retired: Void Freak
  - P2 hand: Killjoy
  + P2 board: Killjoy
  - P2 board: Compliance Auditon
  + P2 retired: Compliance Auditon
  + Dead Pool: Compliance Auditon, Compliance Auditon, Void Freak
End of Turn 80: P1 board 7, P2 board 10, Dead Pool 105
Turn 81 - P1 acts
  - P1 hand: Local Singularity
  + P1 board: Local Singularity
  - P2 board: Lokar Simmons
  + P2 retired: Lokar Simmons
  + Dead Pool: Lokar Simmons
Result: winner P1 | turns 80
Retired: P1 34, P2 32, Dead Pool 106

=== Game seed 11100 ===
Starting: P1 faction PCU vs P2 faction NARC
Turn 1 - P2 acts
  - P2 hand: Impact Simulant
  + P2 board: Impact Simulant
End of Turn 1: P1 board 1, P2 board 2, Dead Pool 0
Turn 2 - P1 acts
  - P1 hand: Primordial Oozer
  + P1 board: Primordial Oozer
End of Turn 2: P1 board 2, P2 board 2, Dead Pool 0
Turn 3 - P2 acts
  - P2 hand: Impact Simulant
  + P2 board: Impact Simulant
End of Turn 3: P1 board 2, P2 board 3, Dead Pool 0
Turn 4 - P1 acts
  - P1 hand: Void Freak
  + P1 board: Void Freak
End of Turn 4: P1 board 3, P2 board 3, Dead Pool 0
Turn 5 - P2 acts
  - P2 hand: Compliance Auditon
  + P2 board: Compliance Auditon
End of Turn 5: P1 board 3, P2 board 4, Dead Pool 0
Turn 6 - P1 acts
  - P1 hand: Restless Natives
  + P1 board: Restless Natives
  - P1 board: Primordial Oozer
  + P1 retired: Primordial Oozer
  - P2 board: Impact Simulant
  + P2 retired: Impact Simulant
  + Dead Pool: Primordial Oozer, Primordial Oozer, Impact Simulant
End of Turn 6: P1 board 3, P2 board 3, Dead Pool 3
Turn 7 - P2 acts
  - P2 hand: Target Marker Probe
  + P2 board: Target Marker Probe
End of Turn 7: P1 board 3, P2 board 4, Dead Pool 3
Turn 8 - P1 acts
  - P1 hand: Nives
  + P1 board: Nives
  - P1 board: Void Freak
  + P1 retired: Void Freak
  + Dead Pool: Void Freak, Void Freak
End of Turn 8: P1 board 3, P2 board 4, Dead Pool 5
Turn 9 - P2 acts
  - P2 hand: Shield Array Node
  + P2 board: Shield Array Node
End of Turn 9: P1 board 3, P2 board 5, Dead Pool 5
Turn 10 - P1 acts
  - P1 hand: Void Freak
  + P1 board: Void Freak
  - P2 board: Impact Simulant
  + P2 retired: Impact Simulant
  + Dead Pool: Impact Simulant
End of Turn 10: P1 board 4, P2 board 4, Dead Pool 6
Turn 11 - P2 acts
  - P2 hand: Hover Shield
  + P2 board: Hover Shield
End of Turn 11: P1 board 4, P2 board 5, Dead Pool 6
Turn 12 - P1 acts
  - P1 hand: Mutt
  + P1 board: Mutt
  - P1 board: Restless Natives
  + P1 retired: Restless Natives
  - P2 board: Compliance Auditon
  + P2 retired: Compliance Auditon
  + Dead Pool: Restless Natives, Restless Natives, Compliance Auditon
End of Turn 12: P1 board 4, P2 board 4, Dead Pool 9
Turn 13 - P2 acts
  - P2 hand: Hover Shield
  + P2 board: Hover Shield
End of Turn 13: P1 board 4, P2 board 5, Dead Pool 9
Turn 14 - P1 acts
  - P1 hand: Annihilist Overseer
  + P1 board: Annihilist Overseer
  - P1 board: Nives, Void Freak
  + P1 retired: Void Freak, Nives
  - P2 board: Target Marker Probe
  + P2 retired: Target Marker Probe
  + Dead Pool: Void Freak, Void Freak, Nives, Nives, Target Marker Probe
End of Turn 14: P1 board 3, P2 board 4, Dead Pool 14
Turn 15 - P2 acts
  - P2 hand: Dormex Lurker
  + P2 board: Dormex Lurker
End of Turn 15: P1 board 3, P2 board 5, Dead Pool 14
Turn 16 - P1 acts
  - P1 hand: Restless Natives
  + P1 board: Restless Natives
  - P1 board: Annihilist Overseer
  + P1 retired: Annihilist Overseer
  + Dead Pool: Annihilist Overseer, Annihilist Overseer
End of Turn 16: P1 board 3, P2 board 5, Dead Pool 16
Turn 17 - P2 acts
  - P2 hand: MediFlux-1NDS
  + P2 board: MediFlux-1NDS
End of Turn 17: P1 board 3, P2 board 6, Dead Pool 16
Turn 18 - P1 acts
  - P1 hand: Mutt
  + P1 retired: Mutt
  - P2 board: Shield Array Node
  + P2 retired: Shield Array Node
  + Dead Pool: Mutt, Mutt, Shield Array Node
End of Turn 18: P1 board 3, P2 board 5, Dead Pool 19
Turn 19 - P2 acts
  - P1 board: Restless Natives
  + P1 retired: Restless Natives
  - P2 hand: MediFlux-1NDS
  + P2 board: MediFlux-1NDS
  + Dead Pool: Restless Natives
End of Turn 19: P1 board 2, P2 board 6, Dead Pool 20
Turn 20 - P1 acts
  - P1 hand: Annihilist Overseer
  + P1 board: Annihilist Overseer
  - P1 board: Mutt
  + P1 retired: Mutt
  + Dead Pool: Mutt, Mutt
End of Turn 20: P1 board 2, P2 board 6, Dead Pool 22
Turn 21 - P2 acts
  - P2 hand: MediFlux-1NDS
  + P2 board: MediFlux-1NDS
End of Turn 21: P1 board 2, P2 board 7, Dead Pool 22
Turn 22 - P1 acts
  - P1 hand: Nives
  + P1 board: Nives
  - P1 board: Annihilist Overseer
  + P1 retired: Annihilist Overseer
  + Dead Pool: Annihilist Overseer, Annihilist Overseer
End of Turn 22: P1 board 2, P2 board 7, Dead Pool 24
Turn 23 - P2 acts
  - P2 hand: Marine Marauder
  + P2 board: Marine Marauder
  - P2 board: Hover Shield
  + P2 retired: Hover Shield
  + Dead Pool: Hover Shield, Hover Shield
End of Turn 23: P1 board 2, P2 board 7, Dead Pool 26
Turn 24 - P1 acts
  - P1 hand: Vex
  + P1 board: Vex
  - P1 board: Nives
  + P1 retired: Nives
  + Dead Pool: Nives, Nives
End of Turn 24: P1 board 2, P2 board 7, Dead Pool 28
Turn 25 - P2 acts
  - P2 hand: Shield Array Node
  + P2 board: Shield Array Node
End of Turn 25: P1 board 2, P2 board 8, Dead Pool 28
Turn 26 - P1 acts
  - P1 hand: Blood Howler
  + P1 board: Blood Howler
  - P1 board: Vex
  + P1 retired: Vex
  + Dead Pool: Vex, Vex
End of Turn 26: P1 board 2, P2 board 8, Dead Pool 30
Turn 27 - P2 acts
  - P2 hand: MediFlux-1NDS
  + P2 board: MediFlux-1NDS
  - P2 board: Hover Shield
  + P2 retired: Hover Shield
  + Dead Pool: Hover Shield, Hover Shield
End of Turn 27: P1 board 2, P2 board 8, Dead Pool 32
Turn 28 - P1 acts
  - P1 hand: Psychodelic Toad
  + P1 board: Psychodelic Toad
End of Turn 28: P1 board 3, P2 board 8, Dead Pool 32
Turn 29 - P2 acts
  - P2 hand: Task Mistres
  + P2 board: Task Mistres
End of Turn 29: P1 board 3, P2 board 9, Dead Pool 32
Turn 30 - P1 acts
  - P1 hand: Voidling
  + P1 board: Voidling
  - P1 board: Blood Howler
  + P1 retired: Blood Howler
  + Dead Pool: Blood Howler, Blood Howler
End of Turn 30: P1 board 3, P2 board 9, Dead Pool 34
Turn 31 - P2 acts
  - P1 board: Psychodelic Toad
  + P1 retired: Psychodelic Toad
  - P2 hand: Marine Marauder
  + P2 board: Marine Marauder
  - P2 board: Dormex Lurker
  + P2 retired: Dormex Lurker
  + Dead Pool: Dormex Lurker, Dormex Lurker, Psychodelic Toad
End of Turn 31: P1 board 2, P2 board 9, Dead Pool 37
Turn 32 - P1 acts
  - P1 hand: Mutt
  + P1 board: Mutt
  - P1 board: Voidling
  + P1 retired: Voidling
  + Dead Pool: Voidling, Voidling
End of Turn 32: P1 board 2, P2 board 9, Dead Pool 39
Turn 33 - P2 acts
  - P2 hand: Sausage Droid
  + P2 board: Sausage Droid
End of Turn 33: P1 board 2, P2 board 10, Dead Pool 39
Turn 34 - P1 acts
  - P1 hand: Nives
  + P1 board: Nives
  - P1 board: Mutt
  + P1 retired: Mutt
  + Dead Pool: Mutt, Mutt
End of Turn 34: P1 board 2, P2 board 10, Dead Pool 41
Turn 35 - P2 acts
  - P2 hand: Task Mistres
  + P2 board: Task Mistres
End of Turn 35: P1 board 2, P2 board 11, Dead Pool 41
Turn 36 - P1 acts
  - P1 hand: Void Freak
  + P1 board: Void Freak
  - P2 board: MediFlux-1NDS
  + P2 retired: MediFlux-1NDS
  + Dead Pool: MediFlux-1NDS
End of Turn 36: P1 board 3, P2 board 10, Dead Pool 42
Turn 37 - P2 acts
  - P2 hand: Impact Simulant
  + P2 board: Impact Simulant
End of Turn 37: P1 board 3, P2 board 11, Dead Pool 42
Turn 38 - P1 acts
  - P1 hand: Voidling
  + P1 board: Voidling
  - P1 board: Nives
  + P1 retired: Nives
  - P2 board: Marine Marauder
  + P2 retired: Marine Marauder
  + Dead Pool: Nives, Nives, Marine Marauder
End of Turn 38: P1 board 3, P2 board 10, Dead Pool 45
Turn 39 - P2 acts
  - P2 hand: Detainment Probe
  + P2 board: Detainment Probe
End of Turn 39: P1 board 3, P2 board 11, Dead Pool 45
Turn 40 - P1 acts
  - P1 hand: Restless Natives
  + P1 board: Restless Natives
  - P1 board: Void Freak
  + P1 retired: Void Freak
  + Dead Pool: Void Freak, Void Freak
End of Turn 40: P1 board 3, P2 board 11, Dead Pool 47
Turn 41 - P2 acts
  - P2 hand: Task Mistres
  + P2 board: Task Mistres
End of Turn 41: P1 board 3, P2 board 12, Dead Pool 47
Turn 42 - P1 acts
  - P1 hand: Dragoon
  + P1 board: Dragoon
  - P1 board: Voidling
  + P1 retired: Voidling
  + Dead Pool: Voidling, Voidling
End of Turn 42: P1 board 3, P2 board 12, Dead Pool 49
Turn 43 - P2 acts
  - P2 hand: Marine Marauder
  + P2 board: Marine Marauder
  - P2 board: MediFlux-1NDS
  + P2 retired: MediFlux-1NDS
  + Dead Pool: MediFlux-1NDS, MediFlux-1NDS
End of Turn 43: P1 board 3, P2 board 12, Dead Pool 51
Turn 44 - P1 acts
  - P1 hand: Dragoon
  - P1 board: Restless Natives
  + P1 retired: Restless Natives, Dragoon
  + Dead Pool: Restless Natives, Restless Natives, Dragoon, Dragoon
End of Turn 44: P1 board 2, P2 board 12, Dead Pool 55
Turn 45 - P2 acts
  - P2 hand: Hover Shield
  + P2 board: Hover Shield
  - P2 board: MediFlux-1NDS
  + P2 retired: MediFlux-1NDS
  + Dead Pool: MediFlux-1NDS, MediFlux-1NDS
End of Turn 45: P1 board 2, P2 board 12, Dead Pool 57
Turn 46 - P1 acts
  - P1 hand: Primordial Oozer
  + P1 board: Primordial Oozer
End of Turn 46: P1 board 3, P2 board 12, Dead Pool 57
Turn 47 - P2 acts
  - P2 hand: Sausage Droid
  + P2 board: Sausage Droid
End of Turn 47: P1 board 3, P2 board 13, Dead Pool 57
Turn 48 - P1 acts
  - P1 hand: Void Freak
  + P1 board: Void Freak
End of Turn 48: P1 board 4, P2 board 13, Dead Pool 57
Turn 49 - P2 acts
  - P2 hand: K-9.0
  + P2 board: K-9.0
  - P2 board: Shield Array Node
  + P2 retired: Shield Array Node
  + Dead Pool: Shield Array Node, Shield Array Node
End of Turn 49: P1 board 4, P2 board 13, Dead Pool 59
Turn 50 - P1 acts
  - P1 hand: Primordial Oozer
  + P1 board: Primordial Oozer
  - P2 board: Detainment Probe
  + P2 retired: Detainment Probe
  + Dead Pool: Detainment Probe
End of Turn 50: P1 board 5, P2 board 12, Dead Pool 60
Turn 51 - P2 acts
  - P1 board: Dragoon
  + P1 retired: Dragoon
  - P2 hand: Sentry Node
  + P2 board: Sentry Node
  - P2 board: MediFlux-1NDS
  + P2 retired: MediFlux-1NDS
  + Dead Pool: MediFlux-1NDS, MediFlux-1NDS, Dragoon
End of Turn 51: P1 board 4, P2 board 12, Dead Pool 63
Turn 52 - P1 acts
  - P1 hand: Käsekobold
  + P1 board: Käsekobold
  - P2 board: Marine Marauder
  + P2 retired: Marine Marauder
  + Dead Pool: Marine Marauder
End of Turn 52: P1 board 5, P2 board 11, Dead Pool 64
Turn 53 - P2 acts
  - P1 board: Primordial Oozer
  + P1 retired: Primordial Oozer
  - P2 hand: Detainment Probe
  + P2 board: Detainment Probe
  + Dead Pool: Primordial Oozer
End of Turn 53: P1 board 4, P2 board 12, Dead Pool 65
Turn 54 - P1 acts
  - P1 hand: Restless Natives
  + P1 board: Restless Natives
  - P1 board: Void Freak
  + P1 retired: Void Freak
  + Dead Pool: Void Freak, Void Freak
End of Turn 54: P1 board 4, P2 board 12, Dead Pool 67
Turn 55 - P2 acts
  - P2 hand: Killjoy
  + P2 board: Killjoy
  - P2 board: Task Mistres, Sentry Node
  + P2 retired: Task Mistres, Sentry Node
  + Dead Pool: Task Mistres, Task Mistres, Sentry Node, Sentry Node
End of Turn 55: P1 board 4, P2 board 11, Dead Pool 71
Turn 56 - P1 acts
  - P1 hand: Käsekobold
  + P1 board: Käsekobold
  - P1 board: Primordial Oozer
  + P1 retired: Primordial Oozer
  + Dead Pool: Primordial Oozer, Primordial Oozer
End of Turn 56: P1 board 4, P2 board 11, Dead Pool 73
Turn 57 - P2 acts
  - P2 hand: Target Marker Probe
  + P2 board: Target Marker Probe
End of Turn 57: P1 board 4, P2 board 12, Dead Pool 73
Turn 58 - P1 acts
  - P1 hand: Voidling
  + P1 board: Voidling
  - P1 board: Käsekobold
  + P1 retired: Käsekobold
  + Dead Pool: Käsekobold, Käsekobold
End of Turn 58: P1 board 4, P2 board 12, Dead Pool 75
Turn 59 - P2 acts
  - P2 hand: Bruut Enforcer
  + P2 board: Bruut Enforcer
  - P2 board: Sausage Droid
  + P2 retired: Sausage Droid
  + Dead Pool: Sausage Droid, Sausage Droid
End of Turn 59: P1 board 4, P2 board 12, Dead Pool 77
Turn 60 - P1 acts
  - P1 hand: Mutt
  + P1 board: Mutt
  - P1 board: Restless Natives
  + P1 retired: Restless Natives
  + Dead Pool: Restless Natives, Restless Natives
End of Turn 60: P1 board 4, P2 board 12, Dead Pool 79
Turn 61 - P2 acts
  - P2 hand: Task Mistres
  + P2 retired: Task Mistres
  + Dead Pool: Task Mistres, Task Mistres
End of Turn 61: P1 board 4, P2 board 12, Dead Pool 81
Turn 62 - P1 acts
  - P1 hand: Blood Howler
  + P1 board: Blood Howler
  - P1 board: Käsekobold
  + P1 retired: Käsekobold
  + Dead Pool: Käsekobold, Käsekobold
End of Turn 62: P1 board 4, P2 board 12, Dead Pool 83
Turn 63 - P2 acts
  - P2 hand: K-9.0
  + P2 board: K-9.0
  - P2 board: Impact Simulant
  + P2 retired: Impact Simulant
  + Dead Pool: Impact Simulant, Impact Simulant
End of Turn 63: P1 board 4, P2 board 12, Dead Pool 85
Turn 64 - P1 acts
  - P1 hand: Meat Vegetable
  + P1 board: Meat Vegetable
End of Turn 64: P1 board 5, P2 board 12, Dead Pool 85
Turn 65 - P2 acts
  - P2 hand: Detainment Probe
  + P2 retired: Detainment Probe
  + Dead Pool: Detainment Probe, Detainment Probe
End of Turn 65: P1 board 5, P2 board 12, Dead Pool 87
Turn 66 - P1 acts
  - P1 hand: Local Singularity
  + P1 board: Local Singularity
End of Turn 66: P1 board 6, P2 board 12, Dead Pool 87
Turn 67 - P2 acts
  - P2 hand: Sentry Node
  + P2 board: Sentry Node
  - P2 board: Task Mistres
  + P2 retired: Task Mistres
  + Dead Pool: Task Mistres, Task Mistres
End of Turn 67: P1 board 6, P2 board 12, Dead Pool 89
Turn 68 - P1 acts
  - P1 hand: Käsekobold
  + P1 board: Käsekobold
End of Turn 68: P1 board 7, P2 board 12, Dead Pool 89
Turn 69 - P2 acts
  - P1 board: Voidling
  + P1 retired: Voidling
  - P2 hand: Compliance Auditon
  + P2 board: Compliance Auditon
  + Dead Pool: Voidling
End of Turn 69: P1 board 6, P2 board 13, Dead Pool 90
Turn 70 - P1 acts
  - P1 hand: Annihilist Overseer
  + P1 board: Annihilist Overseer
  - P1 board: Mutt
  + P1 retired: Mutt
  - P2 board: Marine Marauder
  + P2 retired: Marine Marauder
  + Dead Pool: Mutt, Mutt, Marine Marauder
End of Turn 70: P1 board 6, P2 board 12, Dead Pool 93
Turn 71 - P2 acts
  - P2 hand: K-9.0
  + P2 board: K-9.0
End of Turn 71: P1 board 6, P2 board 13, Dead Pool 93
Turn 72 - P1 acts
  - P1 hand: Meat Vegetable
  + P1 board: Meat Vegetable
  - P1 board: Annihilist Overseer
  + P1 retired: Annihilist Overseer
  + Dead Pool: Annihilist Overseer, Annihilist Overseer
End of Turn 72: P1 board 6, P2 board 13, Dead Pool 95
Turn 73 - P2 acts
  - P1 board: Käsekobold
  + P1 retired: Käsekobold
  - P2 hand: Nob Lobber
  + P2 board: Nob Lobber
  - P2 board: Hover Shield, Sentry Node
  + P2 retired: Hover Shield, Sentry Node
  + Dead Pool: Hover Shield, Hover Shield, Sentry Node, Sentry Node, Käsekobold
End of Turn 73: P1 board 5, P2 board 12, Dead Pool 100
Turn 74 - P1 acts
  - P1 hand: Blood Howler
  + P1 board: Blood Howler
End of Turn 74: P1 board 6, P2 board 12, Dead Pool 100
Turn 75 - P2 acts
  - P2 hand: Sausage Droid
  + P2 board: Sausage Droid
End of Turn 75: P1 board 6, P2 board 13, Dead Pool 100
Turn 76 - P1 acts
  - P1 hand: Local Singularity
  + P1 board: Local Singularity
End of Turn 76: P1 board 7, P2 board 13, Dead Pool 100
Turn 77 - P2 acts
  - P2 hand: Compliance Auditon
  + P2 board: Compliance Auditon
End of Turn 77: P1 board 7, P2 board 14, Dead Pool 100
Turn 78 - P1 acts
  - P1 hand: Vex
  + P1 board: Vex
  - P1 board: Blood Howler
  + P1 retired: Blood Howler
  + Dead Pool: Blood Howler, Blood Howler
End of Turn 78: P1 board 7, P2 board 14, Dead Pool 102
Turn 79 - P2 acts
  - P2 hand: Target Marker Probe
  + P2 board: Target Marker Probe
  - P2 board: Sausage Droid
  + P2 retired: Sausage Droid
  + Dead Pool: Sausage Droid, Sausage Droid
End of Turn 79: P1 board 7, P2 board 14, Dead Pool 104
Turn 80 - P1 acts
  - P1 hand: Käsekobold
  + P1 board: Käsekobold
End of Turn 80: P1 board 8, P2 board 14, Dead Pool 104
Turn 81 - P2 acts
  - P2 hand: Nob Lobber
  + P2 board: Nob Lobber
  - P2 board: K-9.0
  + P2 retired: K-9.0
  + Dead Pool: K-9.0, K-9.0
End of Turn 81: P1 board 8, P2 board 14, Dead Pool 106
Turn 82 - P1 acts
  - P1 hand: Krax
  + P1 board: Krax
  - P1 board: Meat Vegetable, Local Singularity, Vex
  + P1 retired: Vex, Meat Vegetable, Local Singularity
  + Dead Pool: Vex, Vex, Meat Vegetable, Meat Vegetable, Local Singularity, Local Singularity
End of Turn 82: P1 board 6, P2 board 14, Dead Pool 112
Turn 83 - P2 acts
  - P2 hand: K-9.0
  + P2 board: K-9.0
End of Turn 83: P1 board 6, P2 board 15, Dead Pool 112
Turn 84 - P1 acts
  - P1 hand: Psychodelic Toad
  + P1 board: Psychodelic Toad
  - P2 board: Killjoy
  + P2 retired: Killjoy
  + Dead Pool: Killjoy
End of Turn 84: P1 board 7, P2 board 14, Dead Pool 113
Turn 85 - P2 acts
  - P2 hand: Dormex Lurker
  + P2 board: Dormex Lurker
End of Turn 85: P1 board 7, P2 board 15, Dead Pool 113
Turn 86 - P1 acts
  - P1 hand: Technomancer
  + P1 board: Technomancer
  - P1 board: Meat Vegetable
  + P1 retired: Meat Vegetable
  - P2 board: Target Marker Probe
  + P2 retired: Target Marker Probe
  + Dead Pool: Target Marker Probe, Meat Vegetable, Meat Vegetable
End of Turn 86: P1 board 7, P2 board 14, Dead Pool 116
Turn 87 - P2 acts
  - P2 hand: Killjoy
  + P2 board: Killjoy
  - P2 board: Bruut Enforcer
  + P2 retired: Bruut Enforcer
  + Dead Pool: Bruut Enforcer, Bruut Enforcer
End of Turn 87: P1 board 7, P2 board 14, Dead Pool 118
Turn 88 - P1 acts
  - P1 hand: Vex
  + P1 board: Vex
  - P1 board: Blood Howler
  + P1 retired: Blood Howler
  + Dead Pool: Blood Howler, Blood Howler
End of Turn 88: P1 board 7, P2 board 14, Dead Pool 120
Turn 89 - P2 acts
  - P2 hand: Shield Array Node
  + P2 board: Shield Array Node
End of Turn 89: P1 board 7, P2 board 15, Dead Pool 120
Turn 90 - P1 acts
  - P1 hand: Voidling
  + P1 board: Voidling
  - P2 board: Task Mistres
  + P2 retired: Task Mistres
  + Dead Pool: Task Mistres
End of Turn 90: P1 board 8, P2 board 14, Dead Pool 121
Turn 91 - P2 acts
  - P1 board: Local Singularity
  + P1 retired: Local Singularity
  - P2 hand: Bruut Enforcer
  + P2 board: Bruut Enforcer
  - P2 board: K-9.0
  + P2 retired: K-9.0
  + Dead Pool: K-9.0, K-9.0, Local Singularity
End of Turn 91: P1 board 7, P2 board 14, Dead Pool 124
Turn 92 - P1 acts
  - P1 hand: Dragoon
  + P1 board: Dragoon
  - P1 board: Käsekobold
  + P1 retired: Käsekobold
  + Dead Pool: Käsekobold, Käsekobold
End of Turn 92: P1 board 7, P2 board 14, Dead Pool 126
Turn 93 - P2 acts
  - P2 hand: Compliance Auditon
  + P2 board: Compliance Auditon
End of Turn 93: P1 board 7, P2 board 15, Dead Pool 126
Turn 94 - P1 acts
  - P2 board: Detainment Probe
  + P2 retired: Detainment Probe
  + Dead Pool: Detainment Probe
End of Turn 94: P1 board 7, P2 board 14, Dead Pool 127
Turn 95 - P2 acts
  - P2 hand: Sentry Node
  + P2 board: Sentry Node
  - P2 board: Compliance Auditon
  + P2 retired: Compliance Auditon
  + Dead Pool: Compliance Auditon, Compliance Auditon
End of Turn 95: P1 board 7, P2 board 14, Dead Pool 129
Turn 96 - P1 acts
  - P1 hand: Meat Vegetable
  + P1 board: Meat Vegetable
End of Turn 96: P1 board 8, P2 board 14, Dead Pool 129
Turn 97 - P2 acts
  - P2 hand: Dormex Lurker
  + P2 board: Dormex Lurker
End of Turn 97: P1 board 8, P2 board 15, Dead Pool 129
Turn 98 - P1 acts
  - P1 hand: Technomancer
  + P1 board: Technomancer
  - P1 board: Krax, Psychodelic Toad
  + P1 retired: Psychodelic Toad, Krax
  + Dead Pool: Psychodelic Toad, Psychodelic Toad, Krax, Krax
End of Turn 98: P1 board 7, P2 board 15, Dead Pool 133
Turn 99 - P2 acts
  - P2 hand: Sausage Droid
  + P2 board: Sausage Droid
End of Turn 99: P1 board 7, P2 board 16, Dead Pool 133
Turn 100 - P1 acts
  - P1 hand: Krax
  + P1 board: Krax
  - P1 board: Technomancer, Vex
  + P1 retired: Vex, Technomancer
  + Dead Pool: Vex, Vex, Technomancer, Technomancer
End of Turn 100: P1 board 6, P2 board 16, Dead Pool 137
Turn 101 - P2 acts
  - P2 hand: Buzzkill
  + P2 board: Buzzkill
  - P2 board: K-9.0
  + P2 retired: K-9.0
  + Dead Pool: K-9.0, K-9.0
End of Turn 101: P1 board 6, P2 board 16, Dead Pool 139
Turn 102 - P1 acts
  - P1 hand: Technomancer
  + P1 board: Technomancer
  - P1 board: Voidling
  + P1 retired: Voidling
  - P2 board: Lokar Simmons
  + P2 retired: Lokar Simmons
  + Dead Pool: Voidling, Voidling, Lokar Simmons
Result: winner P1 | turns 101
Retired: P1 45, P2 37, Dead Pool 142

=== Game seed 11101 ===
Starting: P1 faction PCU vs P2 faction NARC
Turn 1 - P2 acts
  - P2 hand: Target Marker Probe
  + P2 board: Target Marker Probe
End of Turn 1: P1 board 1, P2 board 2, Dead Pool 0
Turn 2 - P1 acts
  - P1 hand: Void Freak
  + P1 board: Void Freak
End of Turn 2: P1 board 2, P2 board 2, Dead Pool 0
Turn 3 - P2 acts
  - P2 hand: Shield Array Node
  + P2 board: Shield Array Node
End of Turn 3: P1 board 2, P2 board 3, Dead Pool 0
Turn 4 - P1 acts
  - P1 hand: Meat Vegetable
  + P1 board: Meat Vegetable
  - P2 board: Target Marker Probe
  + P2 retired: Target Marker Probe
  + Dead Pool: Target Marker Probe
End of Turn 4: P1 board 3, P2 board 2, Dead Pool 1
Turn 5 - P2 acts
  - P2 hand: Dormex Lurker
  + P2 board: Dormex Lurker
End of Turn 5: P1 board 3, P2 board 3, Dead Pool 1
Turn 6 - P1 acts
  - P1 hand: Blood Howler
  + P1 board: Blood Howler
  - P1 board: Void Freak
  + P1 retired: Void Freak
  - P2 board: Shield Array Node
  + P2 retired: Shield Array Node
  + Dead Pool: Void Freak, Void Freak, Shield Array Node
End of Turn 6: P1 board 3, P2 board 2, Dead Pool 4
Turn 7 - P2 acts
  - P2 hand: MediFlux-1NDS
  + P2 board: MediFlux-1NDS
End of Turn 7: P1 board 3, P2 board 3, Dead Pool 4
Turn 8 - P1 acts
  - P1 hand: Void Freak
  + P1 board: Void Freak
End of Turn 8: P1 board 4, P2 board 3, Dead Pool 4
Turn 9 - P2 acts
  - P2 hand: Hover Shield
  + P2 board: Hover Shield
  - P2 board: Dormex Lurker
  + P2 retired: Dormex Lurker
  + Dead Pool: Dormex Lurker, Dormex Lurker
End of Turn 9: P1 board 4, P2 board 3, Dead Pool 6
Turn 10 - P1 acts
  - P1 hand: Local Singularity
  + P1 board: Local Singularity
End of Turn 10: P1 board 5, P2 board 3, Dead Pool 6
Turn 11 - P2 acts
  - P2 hand: Task Mistres
  + P2 board: Task Mistres
End of Turn 11: P1 board 5, P2 board 4, Dead Pool 6
Turn 12 - P1 acts
  - P1 hand: Restless Natives
  + P1 board: Restless Natives
  - P2 board: Lokar Simmons
  + P2 retired: Lokar Simmons
  + Dead Pool: Lokar Simmons
Result: winner P1 | turns 11
Retired: P1 1, P2 4, Dead Pool 7

=== Game seed 11102 ===
Starting: P1 faction PCU vs P2 faction NARC
Turn 1 - P1 acts
  - P1 hand: Primordial Oozer
  + P1 board: Primordial Oozer
End of Turn 1: P1 board 2, P2 board 1, Dead Pool 0
Turn 2 - P2 acts
  - P2 hand: Impact Simulant
  + P2 board: Impact Simulant
End of Turn 2: P1 board 2, P2 board 2, Dead Pool 0
Turn 3 - P1 acts
  - P1 hand: Void Freak
  + P1 board: Void Freak
End of Turn 3: P1 board 3, P2 board 2, Dead Pool 0
Turn 4 - P2 acts
  - P2 hand: Detainment Probe
  + P2 board: Detainment Probe
End of Turn 4: P1 board 3, P2 board 3, Dead Pool 0
Turn 5 - P1 acts
  - P1 hand: Void Freak
  + P1 board: Void Freak
  - P2 board: Impact Simulant
  + P2 retired: Impact Simulant
  + Dead Pool: Impact Simulant
End of Turn 5: P1 board 4, P2 board 2, Dead Pool 1
Turn 6 - P2 acts
  - P2 hand: Dormex Lurker
  + P2 board: Dormex Lurker
End of Turn 6: P1 board 4, P2 board 3, Dead Pool 1
Turn 7 - P1 acts
  - P1 hand: Meat Vegetable
  + P1 board: Meat Vegetable
  - P2 board: Detainment Probe
  + P2 retired: Detainment Probe
  + Dead Pool: Detainment Probe
End of Turn 7: P1 board 5, P2 board 2, Dead Pool 2
Turn 8 - P2 acts
  - P2 hand: Marine Marauder
  + P2 board: Marine Marauder
End of Turn 8: P1 board 5, P2 board 3, Dead Pool 2
Turn 9 - P1 acts
  - P1 hand: Vex
  + P1 board: Vex
  - P1 board: Primordial Oozer, Void Freak
  + P1 retired: Primordial Oozer, Void Freak
  - P2 board: Dormex Lurker
  + P2 retired: Dormex Lurker
  + Dead Pool: Primordial Oozer, Primordial Oozer, Void Freak, Void Freak, Dormex Lurker
End of Turn 9: P1 board 4, P2 board 2, Dead Pool 7
Turn 10 - P2 acts
  - P2 hand: K-9.0
  + P2 board: K-9.0
  - P2 board: Marine Marauder
  + P2 retired: Marine Marauder
  + Dead Pool: Marine Marauder, Marine Marauder
End of Turn 10: P1 board 4, P2 board 2, Dead Pool 9
Turn 11 - P1 acts
  - P1 hand: Technomancer
  + P1 board: Technomancer
  - P1 board: Void Freak
  + P1 retired: Void Freak
  + Dead Pool: Void Freak, Void Freak
End of Turn 11: P1 board 4, P2 board 2, Dead Pool 11
Turn 12 - P2 acts
  - P2 hand: K-9.0
  + P2 board: K-9.0
End of Turn 12: P1 board 4, P2 board 3, Dead Pool 11
Turn 13 - P1 acts
  - P1 hand: Annihilist Overseer
  + P1 board: Annihilist Overseer
  - P1 board: Meat Vegetable, Vex
  + P1 retired: Meat Vegetable, Vex
  - P2 board: K-9.0
  + P2 retired: K-9.0
  + Dead Pool: Meat Vegetable, Meat Vegetable, Vex, Vex, K-9.0
End of Turn 13: P1 board 3, P2 board 2, Dead Pool 16
Turn 14 - P2 acts
  - P2 hand: Sausage Droid
  + P2 board: Sausage Droid
End of Turn 14: P1 board 3, P2 board 3, Dead Pool 16
Turn 15 - P1 acts
  - P1 hand: Voidling
  + P1 board: Voidling
  - P1 board: Annihilist Overseer
  + P1 retired: Annihilist Overseer
  + Dead Pool: Annihilist Overseer, Annihilist Overseer
End of Turn 15: P1 board 3, P2 board 3, Dead Pool 18
Turn 16 - P2 acts
  - P1 board: Technomancer
  + P1 retired: Technomancer
  - P2 hand: Task Mistres
  + P2 board: Task Mistres
  + Dead Pool: Technomancer
End of Turn 16: P1 board 2, P2 board 4, Dead Pool 19
Turn 17 - P1 acts
  - P1 hand: Mutt
  + P1 board: Mutt
  - P1 board: Voidling
  + P1 retired: Voidling
  + Dead Pool: Voidling, Voidling
End of Turn 17: P1 board 2, P2 board 4, Dead Pool 21
Turn 18 - P2 acts
  - P2 hand: Target Marker Probe
  + P2 board: Target Marker Probe
End of Turn 18: P1 board 2, P2 board 5, Dead Pool 21
Turn 19 - P1 acts
  - P1 hand: Primordial Oozer
  + P1 board: Primordial Oozer
End of Turn 19: P1 board 3, P2 board 5, Dead Pool 21
Turn 20 - P2 acts
  - P2 hand: Marine Marauder
  + P2 board: Marine Marauder
  - P2 board: K-9.0
  + P2 retired: K-9.0
  + Dead Pool: K-9.0, K-9.0
End of Turn 20: P1 board 3, P2 board 5, Dead Pool 23
Turn 21 - P1 acts
  - P1 hand: Käsekobold
  + P1 board: Käsekobold
  - P1 board: Mutt
  + P1 retired: Mutt
  + Dead Pool: Mutt, Mutt
End of Turn 21: P1 board 3, P2 board 5, Dead Pool 25
Turn 22 - P2 acts
  - P2 hand: K-9.0
  + P2 board: K-9.0
  - P2 board: Sausage Droid
  + P2 retired: Sausage Droid
  + Dead Pool: Sausage Droid, Sausage Droid
End of Turn 22: P1 board 3, P2 board 5, Dead Pool 27
Turn 23 - P1 acts
  - P1 hand: Voidling
  + P1 board: Voidling
  - P1 board: Primordial Oozer
  + P1 retired: Primordial Oozer
  + Dead Pool: Primordial Oozer, Primordial Oozer
End of Turn 23: P1 board 3, P2 board 5, Dead Pool 29
Turn 24 - P2 acts
  - P2 hand: Hover Shield
  + P2 board: Hover Shield
End of Turn 24: P1 board 3, P2 board 6, Dead Pool 29
Turn 25 - P1 acts
  - P1 hand: Nives
  + P1 board: Nives
  - P1 board: Käsekobold
  + P1 retired: Käsekobold
  + Dead Pool: Käsekobold, Käsekobold
End of Turn 25: P1 board 3, P2 board 6, Dead Pool 31
Turn 26 - P2 acts
  - P2 hand: Sentry Node
  + P2 board: Sentry Node
  - P2 board: Task Mistres
  + P2 retired: Task Mistres
  + Dead Pool: Task Mistres, Task Mistres
End of Turn 26: P1 board 3, P2 board 6, Dead Pool 33
Turn 27 - P1 acts
  - P1 hand: Käsekobold
  + P1 board: Käsekobold
  - P1 board: Voidling
  + P1 retired: Voidling
  - P2 board: Marine Marauder
  + P2 retired: Marine Marauder
  + Dead Pool: Marine Marauder, Voidling, Voidling
End of Turn 27: P1 board 3, P2 board 5, Dead Pool 36
Turn 28 - P2 acts
  - P2 hand: Task Mistres
  + P2 board: Task Mistres
End of Turn 28: P1 board 3, P2 board 6, Dead Pool 36
Turn 29 - P1 acts
  - P1 hand: Restless Natives
  + P1 board: Restless Natives
  - P1 board: Nives
  + P1 retired: Nives
  + Dead Pool: Nives, Nives
End of Turn 29: P1 board 3, P2 board 6, Dead Pool 38
Turn 30 - P2 acts
  - P2 hand: Impact Simulant
  + P2 board: Impact Simulant
  - P2 board: Sentry Node
  + P2 retired: Sentry Node
  + Dead Pool: Sentry Node, Sentry Node
End of Turn 30: P1 board 3, P2 board 6, Dead Pool 40
Turn 31 - P1 acts
  - P1 hand: Mutt
  + P1 board: Mutt
  - P1 board: Käsekobold
  + P1 retired: Käsekobold
  + Dead Pool: Käsekobold, Käsekobold
End of Turn 31: P1 board 3, P2 board 6, Dead Pool 42
Turn 32 - P2 acts
  - P2 hand: MediFlux-1NDS
  + P2 board: MediFlux-1NDS
End of Turn 32: P1 board 3, P2 board 7, Dead Pool 42
Turn 33 - P1 acts
  - P1 hand: Primordial Oozer
  + P1 board: Primordial Oozer
  - P1 board: Restless Natives
  + P1 retired: Restless Natives
  - P2 board: Target Marker Probe
  + P2 retired: Target Marker Probe
  + Dead Pool: Restless Natives, Restless Natives, Target Marker Probe
End of Turn 33: P1 board 3, P2 board 6, Dead Pool 45
Turn 34 - P2 acts
  - P2 hand: Killjoy
  + P2 board: Killjoy
  - P2 board: K-9.0
  + P2 retired: K-9.0
  + Dead Pool: K-9.0, K-9.0
End of Turn 34: P1 board 3, P2 board 6, Dead Pool 47
Turn 35 - P1 acts
  - P1 hand: Nives
  + P1 board: Nives
  - P1 board: Mutt
  + P1 retired: Mutt
  + Dead Pool: Mutt, Mutt
End of Turn 35: P1 board 3, P2 board 6, Dead Pool 49
Turn 36 - P2 acts
  - P2 hand: Nob Lobber
  + P2 board: Nob Lobber
  - P2 board: Hover Shield
  + P2 retired: Hover Shield
  + Dead Pool: Hover Shield, Hover Shield
End of Turn 36: P1 board 3, P2 board 6, Dead Pool 51
Turn 37 - P1 acts
  - P1 hand: Annihilist Overseer
  + P1 board: Annihilist Overseer
  - P1 board: Primordial Oozer
  + P1 retired: Primordial Oozer
  + Dead Pool: Primordial Oozer, Primordial Oozer
End of Turn 37: P1 board 3, P2 board 6, Dead Pool 53
Turn 38 - P2 acts
  - P1 board: Nives
  + P1 retired: Nives
  - P2 hand: Hover Shield
  + P2 board: Hover Shield
  + Dead Pool: Nives
End of Turn 38: P1 board 2, P2 board 7, Dead Pool 54
Turn 39 - P1 acts
  - P1 hand: Meat Vegetable
  + P1 board: Meat Vegetable
  - P1 board: Annihilist Overseer
  + P1 retired: Annihilist Overseer
  + Dead Pool: Annihilist Overseer, Annihilist Overseer
End of Turn 39: P1 board 2, P2 board 7, Dead Pool 56
Turn 40 - P2 acts
  - P2 hand: Impact Simulant
  + P2 board: Impact Simulant
End of Turn 40: P1 board 2, P2 board 8, Dead Pool 56
Turn 41 - P1 acts
  - P1 hand: Void Freak
  + P1 board: Void Freak
End of Turn 41: P1 board 3, P2 board 8, Dead Pool 56
Turn 42 - P2 acts
  - P2 hand: Sausage Droid
  + P2 board: Sausage Droid
End of Turn 42: P1 board 3, P2 board 9, Dead Pool 56
Turn 43 - P1 acts
  - P1 hand: Krax
  + P1 board: Krax
  - P1 board: Meat Vegetable, Void Freak
  + P1 retired: Void Freak, Meat Vegetable
  - P2 board: Killjoy
  + P2 retired: Killjoy
  + Dead Pool: Void Freak, Void Freak, Meat Vegetable, Meat Vegetable, Killjoy
End of Turn 43: P1 board 2, P2 board 8, Dead Pool 61
Turn 44 - P2 acts
  - P2 hand: Shield Array Node
  + P2 board: Shield Array Node
End of Turn 44: P1 board 2, P2 board 9, Dead Pool 61
Turn 45 - P1 acts
  - P1 hand: Voidling
  + P1 board: Voidling
  - P1 board: Krax
  + P1 retired: Krax
  - P2 board: Task Mistres
  + P2 retired: Task Mistres
  + Dead Pool: Task Mistres, Krax, Krax
End of Turn 45: P1 board 2, P2 board 8, Dead Pool 64
Turn 46 - P2 acts
  - P2 hand: Compliance Auditon
  + P2 board: Compliance Auditon
End of Turn 46: P1 board 2, P2 board 9, Dead Pool 64
Turn 47 - P1 acts
  - P1 hand: Psychodelic Toad
  + P1 board: Psychodelic Toad
End of Turn 47: P1 board 3, P2 board 9, Dead Pool 64
Turn 48 - P2 acts
  - P2 hand: Compliance Auditon
  + P2 board: Compliance Auditon
End of Turn 48: P1 board 3, P2 board 10, Dead Pool 64
Turn 49 - P1 acts
  - P1 hand: Krax
  + P1 board: Krax
  - P1 board: Voidling, Psychodelic Toad
  + P1 retired: Voidling, Psychodelic Toad
  + Dead Pool: Voidling, Voidling, Psychodelic Toad, Psychodelic Toad
End of Turn 49: P1 board 2, P2 board 10, Dead Pool 68
Turn 50 - P2 acts
  - P2 hand: Marine Marauder
  + P2 board: Marine Marauder
End of Turn 50: P1 board 2, P2 board 11, Dead Pool 68
Turn 51 - P1 acts
  - P1 hand: Mutt
  + P1 board: Mutt
  - P1 board: Krax
  + P1 retired: Krax
  + Dead Pool: Krax, Krax
End of Turn 51: P1 board 2, P2 board 11, Dead Pool 70
Turn 52 - P2 acts
  - P2 hand: Compliance Auditon
  + P2 board: Compliance Auditon
End of Turn 52: P1 board 2, P2 board 12, Dead Pool 70
Turn 53 - P1 acts
  - P1 hand: Annihilist Overseer
  + P1 board: Annihilist Overseer
  - P1 board: Mutt
  + P1 retired: Mutt
  + Dead Pool: Mutt, Mutt
End of Turn 53: P1 board 2, P2 board 12, Dead Pool 72
Turn 54 - P2 acts
  - P2 hand: Detainment Probe
  + P2 board: Detainment Probe
End of Turn 54: P1 board 2, P2 board 13, Dead Pool 72
Turn 55 - P1 acts
  - P1 hand: Dragoon
  + P1 board: Dragoon
  - P1 board: Annihilist Overseer
  + P1 retired: Annihilist Overseer
  + Dead Pool: Annihilist Overseer, Annihilist Overseer
End of Turn 55: P1 board 2, P2 board 13, Dead Pool 74
Turn 56 - P2 acts
  - P2 hand: Bruut Enforcer
  + P2 board: Bruut Enforcer
  - P2 board: Impact Simulant
  + P2 retired: Impact Simulant
  + Dead Pool: Impact Simulant, Impact Simulant
End of Turn 56: P1 board 2, P2 board 13, Dead Pool 76
Turn 57 - P1 acts
  - P1 hand: Dragoon
  + P1 retired: Dragoon
  + Dead Pool: Dragoon, Dragoon
End of Turn 57: P1 board 2, P2 board 13, Dead Pool 78
Turn 58 - P2 acts
  - P2 hand: MediFlux-1NDS
  + P2 retired: MediFlux-1NDS
  + Dead Pool: MediFlux-1NDS, MediFlux-1NDS
End of Turn 58: P1 board 2, P2 board 13, Dead Pool 80
Turn 59 - P1 acts
  - P1 hand: Mutt
  + P1 board: Mutt
  - P1 board: Dragoon
  + P1 retired: Dragoon
  + Dead Pool: Dragoon, Dragoon
End of Turn 59: P1 board 2, P2 board 13, Dead Pool 82
Turn 60 - P2 acts
  - P2 hand: Sausage Droid
  + P2 board: Sausage Droid
End of Turn 60: P1 board 2, P2 board 14, Dead Pool 82
Turn 61 - P1 acts
  - P1 hand: Blood Howler
  + P1 board: Blood Howler
End of Turn 61: P1 board 3, P2 board 14, Dead Pool 82
Turn 62 - P2 acts
  - P2 hand: Sentry Node
  + P2 board: Sentry Node
  - P2 board: Nob Lobber
  + P2 retired: Nob Lobber
  + Dead Pool: Nob Lobber, Nob Lobber
End of Turn 62: P1 board 3, P2 board 14, Dead Pool 84
Turn 63 - P1 acts
  - P1 hand: Local Singularity
  + P1 board: Local Singularity
  - P1 board: Mutt
  + P1 retired: Mutt
  + Dead Pool: Mutt, Mutt
End of Turn 63: P1 board 3, P2 board 14, Dead Pool 86
Turn 64 - P2 acts
  - P2 hand: Shield Array Node
  + P2 board: Shield Array Node
  - P2 board: Hover Shield
  + P2 retired: Hover Shield
  + Dead Pool: Hover Shield, Hover Shield
End of Turn 64: P1 board 3, P2 board 14, Dead Pool 88
Turn 65 - P1 acts
  - P1 hand: Krax
  + P1 board: Krax
  - P1 board: Blood Howler
  + P1 retired: Blood Howler
  + Dead Pool: Blood Howler, Blood Howler
End of Turn 65: P1 board 3, P2 board 14, Dead Pool 90
Turn 66 - P2 acts
  - P1 board: Grim
  + P1 retired: Grim
  - P2 hand: Target Marker Probe
  + P2 board: Target Marker Probe
  + Dead Pool: Grim
Result: winner P2 | turns 65
Retired: P1 32, P2 19, Dead Pool 91

=== Game seed 11103 ===
Starting: P1 faction PCU vs P2 faction NARC
Turn 1 - P1 acts
  - P1 hand: Primordial Oozer
  + P1 board: Primordial Oozer
End of Turn 1: P1 board 2, P2 board 1, Dead Pool 0
Turn 2 - P2 acts
  - P2 hand: Sausage Droid
  + P2 board: Sausage Droid
End of Turn 2: P1 board 2, P2 board 2, Dead Pool 0
Turn 3 - P1 acts
  - P1 hand: Blood Howler
  + P1 board: Blood Howler
End of Turn 3: P1 board 3, P2 board 2, Dead Pool 0
Turn 4 - P2 acts
  - P1 board: Primordial Oozer
  + P1 retired: Primordial Oozer
  - P2 hand: Sausage Droid
  + P2 board: Sausage Droid
  + Dead Pool: Primordial Oozer
End of Turn 4: P1 board 2, P2 board 3, Dead Pool 1
Turn 5 - P1 acts
  - P1 hand: Voidling
  + P1 board: Voidling
End of Turn 5: P1 board 3, P2 board 3, Dead Pool 1
Turn 6 - P2 acts
  - P1 board: Blood Howler
  + P1 retired: Blood Howler
  - P2 hand: Detainment Probe
  + P2 board: Detainment Probe
  + Dead Pool: Blood Howler
End of Turn 6: P1 board 2, P2 board 4, Dead Pool 2
Turn 7 - P1 acts
  - P1 hand: Nives
  + P1 board: Nives
  - P1 board: Voidling
  + P1 retired: Voidling
  + Dead Pool: Voidling, Voidling
End of Turn 7: P1 board 2, P2 board 4, Dead Pool 4
Turn 8 - P2 acts
  - P2 hand: Detainment Probe
  + P2 board: Detainment Probe
End of Turn 8: P1 board 2, P2 board 5, Dead Pool 4
Turn 9 - P1 acts
  - P1 hand: Voidling
  + P1 board: Voidling
  - P1 board: Nives
  + P1 retired: Nives
  - P2 board: Sausage Droid
  + P2 retired: Sausage Droid
  + Dead Pool: Nives, Nives, Sausage Droid
End of Turn 9: P1 board 2, P2 board 4, Dead Pool 7
Turn 10 - P2 acts
  - P2 hand: Detainment Probe
  + P2 board: Detainment Probe
End of Turn 10: P1 board 2, P2 board 5, Dead Pool 7
Turn 11 - P1 acts
  - P1 hand: Technomancer
  + P1 board: Technomancer
  - P1 board: Voidling
  + P1 retired: Voidling
  + Dead Pool: Voidling, Voidling
End of Turn 11: P1 board 2, P2 board 5, Dead Pool 9
Turn 12 - P2 acts
  - P2 hand: Compliance Auditon
  + P2 board: Compliance Auditon
End of Turn 12: P1 board 2, P2 board 6, Dead Pool 9
Turn 13 - P1 acts
  - P1 hand: Annihilist Overseer
  + P1 board: Annihilist Overseer
  - P1 board: Technomancer
  + P1 retired: Technomancer
  + Dead Pool: Technomancer, Technomancer
End of Turn 13: P1 board 2, P2 board 6, Dead Pool 11
Turn 14 - P2 acts
  - P2 hand: Impact Simulant
  + P2 board: Impact Simulant
End of Turn 14: P1 board 2, P2 board 7, Dead Pool 11
Turn 15 - P1 acts
  - P1 hand: Vex
  + P1 board: Vex
  - P1 board: Annihilist Overseer
  + P1 retired: Annihilist Overseer
  + Dead Pool: Annihilist Overseer, Annihilist Overseer
End of Turn 15: P1 board 2, P2 board 7, Dead Pool 13
Turn 16 - P2 acts
  - P2 hand: Impact Simulant
  + P2 board: Impact Simulant
End of Turn 16: P1 board 2, P2 board 8, Dead Pool 13
Turn 17 - P1 acts
  - P1 hand: Mutt
  + P1 board: Mutt
  - P1 board: Vex
  + P1 retired: Vex
  + Dead Pool: Vex, Vex
End of Turn 17: P1 board 2, P2 board 8, Dead Pool 15
Turn 18 - P2 acts
  - P2 hand: K-9.0
  + P2 board: K-9.0
  - P2 board: Sausage Droid
  + P2 retired: Sausage Droid
  + Dead Pool: Sausage Droid, Sausage Droid
End of Turn 18: P1 board 2, P2 board 8, Dead Pool 17
Turn 19 - P1 acts
  - P1 hand: Krax
  + P1 board: Krax
  - P1 board: Grim, Mutt
  + P1 retired: Mutt, Grim
  + Dead Pool: Mutt, Mutt, Grim
Result: winner P2 | turns 18
Retired: P1 10, P2 2, Dead Pool 20

=== Game seed 11104 ===
Starting: P1 faction PCU vs P2 faction NARC
Turn 1 - P2 acts
  - P2 hand: Compliance Auditon
  + P2 board: Compliance Auditon
End of Turn 1: P1 board 1, P2 board 2, Dead Pool 0
Turn 2 - P1 acts
  - P1 hand: Meat Vegetable
  + P1 board: Meat Vegetable
End of Turn 2: P1 board 2, P2 board 2, Dead Pool 0
Turn 3 - P2 acts
  - P2 hand: Sausage Droid
  + P2 board: Sausage Droid
End of Turn 3: P1 board 2, P2 board 3, Dead Pool 0
Turn 4 - P1 acts
  - P1 hand: Void Freak
  + P1 board: Void Freak
End of Turn 4: P1 board 3, P2 board 3, Dead Pool 0
Turn 5 - P2 acts
  - P2 hand: Detainment Probe
  + P2 board: Detainment Probe
End of Turn 5: P1 board 3, P2 board 4, Dead Pool 0
Turn 6 - P1 acts
  - P1 hand: Primordial Oozer
  + P1 board: Primordial Oozer
  - P2 board: Compliance Auditon
  + P2 retired: Compliance Auditon
  + Dead Pool: Compliance Auditon
End of Turn 6: P1 board 4, P2 board 3, Dead Pool 1
Turn 7 - P2 acts
  - P2 hand: Compliance Auditon
  + P2 board: Compliance Auditon
End of Turn 7: P1 board 4, P2 board 4, Dead Pool 1
Turn 8 - P1 acts
  - P1 hand: Blood Howler
  + P1 board: Blood Howler
  - P2 board: Sausage Droid
  + P2 retired: Sausage Droid
  + Dead Pool: Sausage Droid
End of Turn 8: P1 board 5, P2 board 3, Dead Pool 2
Turn 9 - P2 acts
  - P2 hand: Hover Shield
  + P2 board: Hover Shield
End of Turn 9: P1 board 5, P2 board 4, Dead Pool 2
Turn 10 - P1 acts
  - P1 hand: Local Singularity
  + P1 board: Local Singularity
  - P1 board: Meat Vegetable
  + P1 retired: Meat Vegetable
  - P2 board: Detainment Probe
  + P2 retired: Detainment Probe
  + Dead Pool: Meat Vegetable, Meat Vegetable, Detainment Probe
End of Turn 10: P1 board 5, P2 board 3, Dead Pool 5
Turn 11 - P2 acts
  - P2 hand: MediFlux-1NDS
  + P2 board: MediFlux-1NDS
End of Turn 11: P1 board 5, P2 board 4, Dead Pool 5
Turn 12 - P1 acts
  - P1 hand: Mutt
  + P1 board: Mutt
  - P1 board: Void Freak, Primordial Oozer
  + P1 retired: Void Freak, Primordial Oozer
  + Dead Pool: Void Freak, Void Freak, Primordial Oozer, Primordial Oozer
End of Turn 12: P1 board 4, P2 board 4, Dead Pool 9
Turn 13 - P2 acts
  - P2 hand: MediFlux-1NDS
  + P2 board: MediFlux-1NDS
  - P2 board: Compliance Auditon
  + P2 retired: Compliance Auditon
  + Dead Pool: Compliance Auditon, Compliance Auditon
End of Turn 13: P1 board 4, P2 board 4, Dead Pool 11
Turn 14 - P1 acts
  - P1 hand: Nives
  + P1 board: Nives
  - P1 board: Blood Howler
  + P1 retired: Blood Howler
  + Dead Pool: Blood Howler, Blood Howler
End of Turn 14: P1 board 4, P2 board 4, Dead Pool 13
Turn 15 - P2 acts
  - P2 hand: Impact Simulant
  + P2 board: Impact Simulant
End of Turn 15: P1 board 4, P2 board 5, Dead Pool 13
Turn 16 - P1 acts
  - P1 hand: Technomancer
  + P1 board: Technomancer
  - P1 board: Local Singularity
  + P1 retired: Local Singularity
  + Dead Pool: Local Singularity, Local Singularity
End of Turn 16: P1 board 4, P2 board 5, Dead Pool 15
Turn 17 - P2 acts
  - P2 hand: Hover Shield
  + P2 board: Hover Shield
End of Turn 17: P1 board 4, P2 board 6, Dead Pool 15
Turn 18 - P1 acts
  - P1 hand: Voidling
  + P1 board: Voidling
  - P2 board: Hover Shield
  + P2 retired: Hover Shield
  + Dead Pool: Hover Shield
End of Turn 18: P1 board 5, P2 board 5, Dead Pool 16
Turn 19 - P2 acts
  - P2 hand: Hover Shield
  + P2 board: Hover Shield
End of Turn 19: P1 board 5, P2 board 6, Dead Pool 16
Turn 20 - P1 acts
  - P1 hand: Käsekobold
  + P1 board: Käsekobold
  - P1 board: Mutt
  + P1 retired: Mutt
  - P2 board: MediFlux-1NDS
  + P2 retired: MediFlux-1NDS
  + Dead Pool: Mutt, Mutt, MediFlux-1NDS
End of Turn 20: P1 board 5, P2 board 5, Dead Pool 19
Turn 21 - P2 acts
  - P2 hand: K-9.0
  + P2 board: K-9.0
End of Turn 21: P1 board 5, P2 board 6, Dead Pool 19
Turn 22 - P1 acts
  - P1 hand: Mutt
  + P1 board: Mutt
  - P1 board: Nives
  + P1 retired: Nives
  - P2 board: MediFlux-1NDS
  + P2 retired: MediFlux-1NDS
  + Dead Pool: MediFlux-1NDS, Nives, Nives
End of Turn 22: P1 board 5, P2 board 5, Dead Pool 22
Turn 23 - P2 acts
  - P2 hand: K-9.0
  + P2 board: K-9.0
End of Turn 23: P1 board 5, P2 board 6, Dead Pool 22
Turn 24 - P1 acts
  - P1 hand: Mutt
  + P1 board: Mutt
  - P1 board: Technomancer
  + P1 retired: Technomancer
  - P2 board: Impact Simulant
  + P2 retired: Impact Simulant
  + Dead Pool: Technomancer, Technomancer, Impact Simulant
End of Turn 24: P1 board 5, P2 board 5, Dead Pool 25
Turn 25 - P2 acts
  - P2 hand: MediFlux-1NDS
  + P2 board: MediFlux-1NDS
End of Turn 25: P1 board 5, P2 board 6, Dead Pool 25
Turn 26 - P1 acts
  - P1 hand: Krax
  + P1 board: Krax
  - P1 board: Voidling
  + P1 retired: Voidling
  + Dead Pool: Voidling, Voidling
End of Turn 26: P1 board 5, P2 board 6, Dead Pool 27
Turn 27 - P2 acts
  - P2 hand: Killjoy
  + P2 board: Killjoy
  - P2 board: Hover Shield
  + P2 retired: Hover Shield
  + Dead Pool: Hover Shield, Hover Shield
End of Turn 27: P1 board 5, P2 board 6, Dead Pool 29
Turn 28 - P1 acts
  - P1 hand: Vex
  + P1 board: Vex
  - P1 board: Käsekobold
  + P1 retired: Käsekobold
  - P2 board: Hover Shield
  + P2 retired: Hover Shield
  + Dead Pool: Hover Shield, Käsekobold, Käsekobold
End of Turn 28: P1 board 5, P2 board 5, Dead Pool 32
Turn 29 - P2 acts
  - P2 hand: Compliance Auditon
  + P2 board: Compliance Auditon
End of Turn 29: P1 board 5, P2 board 6, Dead Pool 32
Turn 30 - P1 acts
  - P1 hand: Käsekobold
  + P1 board: Käsekobold
  - P1 board: Mutt
  + P1 retired: Mutt
  + Dead Pool: Mutt, Mutt
End of Turn 30: P1 board 5, P2 board 6, Dead Pool 34
Turn 31 - P2 acts
  - P2 hand: Sentry Node
  + P2 board: Sentry Node
  - P2 board: K-9.0
  + P2 retired: K-9.0
  + Dead Pool: K-9.0, K-9.0
End of Turn 31: P1 board 5, P2 board 6, Dead Pool 36
Turn 32 - P1 acts
  - P1 hand: Dragoon
  + P1 board: Dragoon
  - P1 board: Mutt
  + P1 retired: Mutt
  - P2 board: Killjoy
  + P2 retired: Killjoy
  + Dead Pool: Mutt, Mutt, Killjoy
End of Turn 32: P1 board 5, P2 board 5, Dead Pool 39
Turn 33 - P2 acts
  - P1 board: Krax
  + P1 retired: Krax
  - P2 hand: Marine Marauder
  + P2 board: Marine Marauder
  + Dead Pool: Krax
End of Turn 33: P1 board 4, P2 board 6, Dead Pool 40
Turn 34 - P1 acts
  - P1 hand: Nives
  + P1 board: Nives
  - P1 board: Vex
  + P1 retired: Vex
  - P2 board: K-9.0
  + P2 retired: K-9.0
  + Dead Pool: K-9.0, Vex, Vex
End of Turn 34: P1 board 4, P2 board 5, Dead Pool 43
Turn 35 - P2 acts
  - P2 hand: Task Mistres
  + P2 board: Task Mistres
End of Turn 35: P1 board 4, P2 board 6, Dead Pool 43
Turn 36 - P1 acts
  - P1 hand: Voidling
  + P1 board: Voidling
  - P1 board: Käsekobold
  + P1 retired: Käsekobold
  - P2 board: Sentry Node
  + P2 retired: Sentry Node
  + Dead Pool: Käsekobold, Käsekobold, Sentry Node
End of Turn 36: P1 board 4, P2 board 5, Dead Pool 46
Turn 37 - P2 acts
  - P2 hand: Task Mistres
  + P2 board: Task Mistres
End of Turn 37: P1 board 4, P2 board 6, Dead Pool 46
Turn 38 - P1 acts
  - P1 hand: Restless Natives
  + P1 board: Restless Natives
  - P2 board: MediFlux-1NDS
  + P2 retired: MediFlux-1NDS
  + Dead Pool: MediFlux-1NDS
End of Turn 38: P1 board 5, P2 board 5, Dead Pool 47
Turn 39 - P2 acts
  - P1 board: Dragoon
  + P1 retired: Dragoon
  - P2 hand: Detainment Probe
  + P2 board: Detainment Probe
  + Dead Pool: Dragoon
End of Turn 39: P1 board 4, P2 board 6, Dead Pool 48
Turn 40 - P1 acts
  - P1 hand: Void Freak
  + P1 board: Void Freak
End of Turn 40: P1 board 5, P2 board 6, Dead Pool 48
Turn 41 - P2 acts
  - P2 hand: Task Mistres
  + P2 board: Task Mistres
End of Turn 41: P1 board 5, P2 board 7, Dead Pool 48
Turn 42 - P1 acts
  - P1 hand: Vex
  + P1 board: Vex
  - P1 board: Nives
  + P1 retired: Nives
  - P2 board: Marine Marauder
  + P2 retired: Marine Marauder
  + Dead Pool: Nives, Nives, Marine Marauder
End of Turn 42: P1 board 5, P2 board 6, Dead Pool 51
Turn 43 - P2 acts
  - P2 hand: Killjoy
  + P2 board: Killjoy
  - P2 board: Compliance Auditon
  + P2 retired: Compliance Auditon
  + Dead Pool: Compliance Auditon, Compliance Auditon
End of Turn 43: P1 board 5, P2 board 6, Dead Pool 53
Turn 44 - P1 acts
  - P1 hand: Annihilist Overseer
  + P1 board: Annihilist Overseer
  - P1 board: Voidling
  + P1 retired: Voidling
  - P2 board: Task Mistres
  + P2 retired: Task Mistres
  + Dead Pool: Voidling, Voidling, Task Mistres
End of Turn 44: P1 board 5, P2 board 5, Dead Pool 56
Turn 45 - P2 acts
  - P2 hand: Nob Lobber
  + P2 board: Nob Lobber
  - P2 board: Task Mistres
  + P2 retired: Task Mistres
  + Dead Pool: Task Mistres, Task Mistres
End of Turn 45: P1 board 5, P2 board 5, Dead Pool 58
Turn 46 - P1 acts
  - P1 hand: Psychodelic Toad
  + P1 board: Psychodelic Toad
  - P1 board: Annihilist Overseer
  + P1 retired: Annihilist Overseer
  + Dead Pool: Annihilist Overseer, Annihilist Overseer
End of Turn 46: P1 board 5, P2 board 5, Dead Pool 60
Turn 47 - P2 acts
  - P2 hand: Sausage Droid
  + P2 board: Sausage Droid
End of Turn 47: P1 board 5, P2 board 6, Dead Pool 60
Turn 48 - P1 acts
  - P1 hand: Käsekobold
  + P1 board: Käsekobold
  - P1 board: Restless Natives
  + P1 retired: Restless Natives
  - P2 board: Detainment Probe
  + P2 retired: Detainment Probe
  + Dead Pool: Detainment Probe, Restless Natives, Restless Natives
End of Turn 48: P1 board 5, P2 board 5, Dead Pool 63
Turn 49 - P2 acts
  - P1 board: Void Freak
  + P1 retired: Void Freak
  - P2 hand: K-9.0
  + P2 board: K-9.0
  + Dead Pool: Void Freak
End of Turn 49: P1 board 4, P2 board 6, Dead Pool 64
Turn 50 - P1 acts
  - P1 hand: Dragoon
  + P1 board: Dragoon
  - P1 board: Vex, Psychodelic Toad
  + P1 retired: Vex, Psychodelic Toad
  + Dead Pool: Vex, Vex, Psychodelic Toad, Psychodelic Toad
End of Turn 50: P1 board 3, P2 board 6, Dead Pool 68
Turn 51 - P2 acts
  - P2 hand: Nob Lobber
  + P2 board: Nob Lobber
  - P2 board: Task Mistres
  + P2 retired: Task Mistres
  + Dead Pool: Task Mistres, Task Mistres
End of Turn 51: P1 board 3, P2 board 6, Dead Pool 70
Turn 52 - P1 acts
  - P1 hand: Dragoon
  + P1 board: Dragoon
  - P1 board: Käsekobold
  + P1 retired: Käsekobold
  + Dead Pool: Käsekobold, Käsekobold
End of Turn 52: P1 board 3, P2 board 6, Dead Pool 72
Turn 53 - P2 acts
  - P1 board: Dragoon
  + P1 retired: Dragoon
  - P2 hand: Bruut Enforcer
  + P2 board: Bruut Enforcer
  - P2 board: Killjoy
  + P2 retired: Killjoy
  + Dead Pool: Killjoy, Killjoy, Dragoon
End of Turn 53: P1 board 2, P2 board 6, Dead Pool 75
Turn 54 - P1 acts
  - P1 hand: Voidling
  + P1 board: Voidling
  - P1 board: Dragoon
  + P1 retired: Dragoon
  - P2 board: Nob Lobber
  + P2 retired: Nob Lobber
  + Dead Pool: Dragoon, Dragoon, Nob Lobber
End of Turn 54: P1 board 2, P2 board 5, Dead Pool 78
Turn 55 - P2 acts
  - P2 hand: Hover Shield
  + P2 board: Hover Shield
End of Turn 55: P1 board 2, P2 board 6, Dead Pool 78
Turn 56 - P1 acts
  - P1 hand: Käsekobold
  + P1 board: Käsekobold
End of Turn 56: P1 board 3, P2 board 6, Dead Pool 78
Turn 57 - P2 acts
  - P2 hand: Target Marker Probe
  + P2 board: Target Marker Probe
  - P2 board: Sausage Droid
  + P2 retired: Sausage Droid
  + Dead Pool: Sausage Droid, Sausage Droid
End of Turn 57: P1 board 3, P2 board 6, Dead Pool 80
Turn 58 - P1 acts
  - P1 hand: Technomancer
  + P1 board: Technomancer
  - P1 board: Voidling
  + P1 retired: Voidling
  + Dead Pool: Voidling, Voidling
End of Turn 58: P1 board 3, P2 board 6, Dead Pool 82
Turn 59 - P2 acts
  - P1 board: Käsekobold
  + P1 retired: Käsekobold
  - P2 hand: Killjoy
  + P2 board: Killjoy
  - P2 board: K-9.0
  + P2 retired: K-9.0
  + Dead Pool: Käsekobold, K-9.0, K-9.0
End of Turn 59: P1 board 2, P2 board 6, Dead Pool 85
Turn 60 - P1 acts
  - P1 hand: Krax
  + P1 board: Krax
  - P1 board: Grim, Technomancer
  + P1 retired: Technomancer, Grim
  + Dead Pool: Technomancer, Technomancer, Grim
Result: winner P2 | turns 59
Retired: P1 30, P2 25, Dead Pool 88

=== Game seed 11105 ===
Starting: P1 faction PCU vs P2 faction NARC
Turn 1 - P2 acts
  - P2 hand: Detainment Probe
  + P2 board: Detainment Probe
End of Turn 1: P1 board 1, P2 board 2, Dead Pool 0
Turn 2 - P1 acts
  - P1 hand: Void Freak
  + P1 board: Void Freak
End of Turn 2: P1 board 2, P2 board 2, Dead Pool 0
Turn 3 - P2 acts
  - P2 hand: Hover Shield
  + P2 board: Hover Shield
End of Turn 3: P1 board 2, P2 board 3, Dead Pool 0
Turn 4 - P1 acts
  - P1 hand: Local Singularity
  + P1 board: Local Singularity
  - P2 board: Detainment Probe
  + P2 retired: Detainment Probe
  + Dead Pool: Detainment Probe
End of Turn 4: P1 board 3, P2 board 2, Dead Pool 1
Turn 5 - P2 acts
  - P2 hand: Detainment Probe
  + P2 board: Detainment Probe
End of Turn 5: P1 board 3, P2 board 3, Dead Pool 1
Turn 6 - P1 acts
  - P1 hand: Local Singularity
  + P1 board: Local Singularity
  - P1 board: Void Freak
  + P1 retired: Void Freak
  + Dead Pool: Void Freak, Void Freak
End of Turn 6: P1 board 3, P2 board 3, Dead Pool 3
Turn 7 - P2 acts
  - P2 hand: Task Mistres
  + P2 board: Task Mistres
End of Turn 7: P1 board 3, P2 board 4, Dead Pool 3
Turn 8 - P1 acts
  - P1 hand: Blood Howler
  + P1 board: Blood Howler
End of Turn 8: P1 board 4, P2 board 4, Dead Pool 3
Turn 9 - P2 acts
  - P2 hand: Compliance Auditon
  + P2 board: Compliance Auditon
End of Turn 9: P1 board 4, P2 board 5, Dead Pool 3
Turn 10 - P1 acts
  - P1 hand: Void Freak
  + P1 board: Void Freak
  - P1 board: Local Singularity
  + P1 retired: Local Singularity
  + Dead Pool: Local Singularity, Local Singularity
End of Turn 10: P1 board 4, P2 board 5, Dead Pool 5
Turn 11 - P2 acts
  - P2 hand: Compliance Auditon
  + P2 board: Compliance Auditon
  - P2 board: Hover Shield
  + P2 retired: Hover Shield
  + Dead Pool: Hover Shield, Hover Shield
End of Turn 11: P1 board 4, P2 board 5, Dead Pool 7
Turn 12 - P1 acts
  - P1 hand: Psychodelic Toad
  + P1 board: Psychodelic Toad
  - P2 board: Detainment Probe
  + P2 retired: Detainment Probe
  + Dead Pool: Detainment Probe
End of Turn 12: P1 board 5, P2 board 4, Dead Pool 8
Turn 13 - P2 acts
  - P2 hand: Impact Simulant
  + P2 board: Impact Simulant
End of Turn 13: P1 board 5, P2 board 5, Dead Pool 8
Turn 14 - P1 acts
  - P1 hand: Meat Vegetable
  + P1 board: Meat Vegetable
End of Turn 14: P1 board 6, P2 board 5, Dead Pool 8
Turn 15 - P2 acts
  - P2 hand: K-9.0
  + P2 board: K-9.0
End of Turn 15: P1 board 6, P2 board 6, Dead Pool 8
Turn 16 - P1 acts
  - P1 hand: Restless Natives
  + P1 board: Restless Natives
  - P1 board: Local Singularity
  + P1 retired: Local Singularity
  - P2 board: Lokar Simmons
  + P2 retired: Lokar Simmons
  + Dead Pool: Local Singularity, Local Singularity, Lokar Simmons
Result: winner P1 | turns 15
Retired: P1 3, P2 4, Dead Pool 11

=== Game seed 11106 ===
Starting: P1 faction PCU vs P2 faction NARC
Turn 1 - P1 acts
  - P1 hand: Blood Howler
  + P1 board: Blood Howler
End of Turn 1: P1 board 2, P2 board 1, Dead Pool 0
Turn 2 - P2 acts
  - P2 hand: Sausage Droid
  + P2 board: Sausage Droid
End of Turn 2: P1 board 2, P2 board 2, Dead Pool 0
Turn 3 - P1 acts
  - P1 hand: Käsekobold
  + P1 board: Käsekobold
End of Turn 3: P1 board 3, P2 board 2, Dead Pool 0
Turn 4 - P2 acts
  - P2 hand: Compliance Auditon
  + P2 board: Compliance Auditon
End of Turn 4: P1 board 3, P2 board 3, Dead Pool 0
Turn 5 - P1 acts
  - P1 hand: Meat Vegetable
  + P1 board: Meat Vegetable
End of Turn 5: P1 board 4, P2 board 3, Dead Pool 0
Turn 6 - P2 acts
  - P2 hand: Hover Shield
  + P2 board: Hover Shield
  - P2 board: Sausage Droid
  + P2 retired: Sausage Droid
  + Dead Pool: Sausage Droid, Sausage Droid
End of Turn 6: P1 board 4, P2 board 3, Dead Pool 2
Turn 7 - P1 acts
  - P1 hand: Psychodelic Toad
  + P1 board: Psychodelic Toad
End of Turn 7: P1 board 5, P2 board 3, Dead Pool 2
Turn 8 - P2 acts
  - P2 hand: Dormex Lurker
  + P2 board: Dormex Lurker
End of Turn 8: P1 board 5, P2 board 4, Dead Pool 2
Turn 9 - P1 acts
  - P1 hand: Primordial Oozer
  + P1 board: Primordial Oozer
End of Turn 9: P1 board 6, P2 board 4, Dead Pool 2
Turn 10 - P2 acts
  - P1 board: Blood Howler
  + P1 retired: Blood Howler
  - P2 hand: Target Marker Probe
  + P2 board: Target Marker Probe
  + Dead Pool: Blood Howler
End of Turn 10: P1 board 5, P2 board 5, Dead Pool 3
Turn 11 - P1 acts
  - P1 hand: Käsekobold
  + P1 board: Käsekobold
End of Turn 11: P1 board 6, P2 board 5, Dead Pool 3
Turn 12 - P2 acts
  - P1 board: Psychodelic Toad
  + P1 retired: Psychodelic Toad
  - P2 hand: Impact Simulant
  + P2 board: Impact Simulant
  + Dead Pool: Psychodelic Toad
End of Turn 12: P1 board 5, P2 board 6, Dead Pool 4
Turn 13 - P1 acts
  - P1 hand: Restless Natives
  + P1 board: Restless Natives
  - P1 board: Käsekobold
  + P1 retired: Käsekobold
  + Dead Pool: Käsekobold, Käsekobold
End of Turn 13: P1 board 5, P2 board 6, Dead Pool 6
Turn 14 - P2 acts
  - P2 hand: Task Mistres
  + P2 board: Task Mistres
End of Turn 14: P1 board 5, P2 board 7, Dead Pool 6
Turn 15 - P1 acts
  - P1 hand: Technomancer
  + P1 board: Technomancer
  - P1 board: Meat Vegetable
  + P1 retired: Meat Vegetable
  - P2 board: Compliance Auditon
  + P2 retired: Compliance Auditon
  + Dead Pool: Meat Vegetable, Meat Vegetable, Compliance Auditon
End of Turn 15: P1 board 5, P2 board 6, Dead Pool 9
Turn 16 - P2 acts
  - P2 hand: K-9.0
  + P2 board: K-9.0
End of Turn 16: P1 board 5, P2 board 7, Dead Pool 9
Turn 17 - P1 acts
  - P1 hand: Mutt
  + P1 board: Mutt
  - P1 board: Primordial Oozer
  + P1 retired: Primordial Oozer
  - P2 board: Hover Shield
  + P2 retired: Hover Shield
  + Dead Pool: Primordial Oozer, Primordial Oozer, Hover Shield
End of Turn 17: P1 board 5, P2 board 6, Dead Pool 12
Turn 18 - P2 acts
  - P1 board: Käsekobold
  + P1 retired: Käsekobold
  - P2 hand: Marine Marauder
  + P2 board: Marine Marauder
  + Dead Pool: Käsekobold
End of Turn 18: P1 board 4, P2 board 7, Dead Pool 13
Turn 19 - P1 acts
  - P1 hand: Primordial Oozer
  + P1 board: Primordial Oozer
  - P2 board: Dormex Lurker
  + P2 retired: Dormex Lurker
  + Dead Pool: Dormex Lurker
End of Turn 19: P1 board 5, P2 board 6, Dead Pool 14
Turn 20 - P2 acts
  - P2 hand: Task Mistres
  + P2 board: Task Mistres
End of Turn 20: P1 board 5, P2 board 7, Dead Pool 14
Turn 21 - P1 acts
  - P1 hand: Void Freak
  + P1 board: Void Freak
  - P1 board: Restless Natives
  + P1 retired: Restless Natives
  + Dead Pool: Restless Natives, Restless Natives
End of Turn 21: P1 board 5, P2 board 7, Dead Pool 16
Turn 22 - P2 acts
  - P2 hand: Bruut Enforcer
  + P2 board: Bruut Enforcer
  - P2 board: Target Marker Probe
  + P2 retired: Target Marker Probe
  + Dead Pool: Target Marker Probe, Target Marker Probe
End of Turn 22: P1 board 5, P2 board 7, Dead Pool 18
Turn 23 - P1 acts
  - P1 hand: Void Freak
  + P1 board: Void Freak
  - P2 board: Impact Simulant
  + P2 retired: Impact Simulant
  + Dead Pool: Impact Simulant
End of Turn 23: P1 board 6, P2 board 6, Dead Pool 19
Turn 24 - P2 acts
  - P2 hand: Nob Lobber
  + P2 board: Nob Lobber
  - P2 board: Task Mistres
  + P2 retired: Task Mistres
  + Dead Pool: Task Mistres, Task Mistres
End of Turn 24: P1 board 6, P2 board 6, Dead Pool 21
Turn 25 - P1 acts
  - P1 hand: Meat Vegetable
  + P1 board: Meat Vegetable
  - P2 board: Marine Marauder
  + P2 retired: Marine Marauder
  + Dead Pool: Marine Marauder
End of Turn 25: P1 board 7, P2 board 5, Dead Pool 22
Turn 26 - P2 acts
  - P2 hand: Killjoy
  + P2 board: Killjoy
  - P2 board: K-9.0
  + P2 retired: K-9.0
  + Dead Pool: K-9.0, K-9.0
End of Turn 26: P1 board 7, P2 board 5, Dead Pool 24
Turn 27 - P1 acts
  - P1 hand: Voidling
  + P1 board: Voidling
  - P1 board: Void Freak
  + P1 retired: Void Freak
  - P2 board: Bruut Enforcer
  + P2 retired: Bruut Enforcer
  + Dead Pool: Void Freak, Void Freak, Bruut Enforcer
End of Turn 27: P1 board 7, P2 board 4, Dead Pool 27
Turn 28 - P2 acts
  - P1 board: Technomancer
  + P1 retired: Technomancer
  - P2 hand: Target Marker Probe
  + P2 board: Target Marker Probe
  + Dead Pool: Technomancer
End of Turn 28: P1 board 6, P2 board 5, Dead Pool 28
Turn 29 - P1 acts
  - P1 hand: Voidling
  + P1 board: Voidling
  - P2 board: Nob Lobber
  + P2 retired: Nob Lobber
  + Dead Pool: Nob Lobber
End of Turn 29: P1 board 7, P2 board 4, Dead Pool 29
Turn 30 - P2 acts
  - P1 board: Mutt
  + P1 retired: Mutt
  - P2 hand: Bruut Enforcer
  + P2 board: Bruut Enforcer
  - P2 board: Task Mistres
  + P2 retired: Task Mistres
  + Dead Pool: Task Mistres, Task Mistres, Mutt
End of Turn 30: P1 board 6, P2 board 4, Dead Pool 32
Turn 31 - P1 acts
  - P1 hand: Vex
  + P1 board: Vex
  - P1 board: Primordial Oozer
  + P1 retired: Primordial Oozer
  - P2 board: Killjoy
  + P2 retired: Killjoy
  + Dead Pool: Primordial Oozer, Primordial Oozer, Killjoy
End of Turn 31: P1 board 6, P2 board 3, Dead Pool 35
Turn 32 - P2 acts
  - P2 hand: K-9.0
  + P2 board: K-9.0
End of Turn 32: P1 board 6, P2 board 4, Dead Pool 35
Turn 33 - P1 acts
  - P1 hand: Annihilist Overseer
  + P1 board: Annihilist Overseer
  - P1 board: Void Freak
  + P1 retired: Void Freak
  + Dead Pool: Void Freak, Void Freak
End of Turn 33: P1 board 6, P2 board 4, Dead Pool 37
Turn 34 - P2 acts
  - P2 hand: Sentry Node
  + P2 board: Sentry Node
  - P2 board: Target Marker Probe, Bruut Enforcer
  + P2 retired: Target Marker Probe, Bruut Enforcer
  + Dead Pool: Target Marker Probe, Target Marker Probe, Bruut Enforcer, Bruut Enforcer
End of Turn 34: P1 board 6, P2 board 3, Dead Pool 41
Turn 35 - P1 acts
  - P1 hand: Nives
  + P1 board: Nives
  - P1 board: Meat Vegetable, Annihilist Overseer
  + P1 retired: Meat Vegetable, Annihilist Overseer
  + Dead Pool: Meat Vegetable, Meat Vegetable, Annihilist Overseer, Annihilist Overseer
End of Turn 35: P1 board 5, P2 board 3, Dead Pool 45
Turn 36 - P2 acts
  - P1 board: Vex
  + P1 retired: Vex
  - P2 hand: Impact Simulant
  + P2 board: Impact Simulant
  + Dead Pool: Vex
End of Turn 36: P1 board 4, P2 board 4, Dead Pool 46
Turn 37 - P1 acts
  - P1 hand: Mutt
  + P1 board: Mutt
  - P1 board: Voidling
  + P1 retired: Voidling
  - P2 board: Sentry Node
  + P2 retired: Sentry Node
  + Dead Pool: Voidling, Voidling, Sentry Node
End of Turn 37: P1 board 4, P2 board 3, Dead Pool 49
Turn 38 - P2 acts
  - P2 hand: Bruut Enforcer
  + P2 board: Bruut Enforcer
  - P2 board: K-9.0
  + P2 retired: K-9.0
  + Dead Pool: K-9.0, K-9.0
End of Turn 38: P1 board 4, P2 board 3, Dead Pool 51
Turn 39 - P1 acts
  - P1 hand: Psychodelic Toad
  + P1 board: Psychodelic Toad
End of Turn 39: P1 board 5, P2 board 3, Dead Pool 51
Turn 40 - P2 acts
  - P2 hand: Compliance Auditon
  + P2 board: Compliance Auditon
End of Turn 40: P1 board 5, P2 board 4, Dead Pool 51
Turn 41 - P1 acts
  - P1 hand: Käsekobold
  + P1 board: Käsekobold
  - P1 board: Voidling
  + P1 retired: Voidling
  + Dead Pool: Voidling, Voidling
End of Turn 41: P1 board 5, P2 board 4, Dead Pool 53
Turn 42 - P2 acts
  - P2 hand: Hover Shield
  + P2 board: Hover Shield
End of Turn 42: P1 board 5, P2 board 5, Dead Pool 53
Turn 43 - P1 acts
  - P1 hand: Mutt
  + P1 board: Mutt
  - P1 board: Nives
  + P1 retired: Nives
  + Dead Pool: Nives, Nives
End of Turn 43: P1 board 5, P2 board 5, Dead Pool 55
Turn 44 - P2 acts
  - P2 hand: Hover Shield
  + P2 board: Hover Shield
End of Turn 44: P1 board 5, P2 board 6, Dead Pool 55
Turn 45 - P1 acts
  - P1 hand: Dragoon
  + P1 board: Dragoon
  - P1 board: Mutt, Psychodelic Toad
  + P1 retired: Psychodelic Toad, Mutt
  + Dead Pool: Psychodelic Toad, Psychodelic Toad, Mutt, Mutt
End of Turn 45: P1 board 4, P2 board 6, Dead Pool 59
Turn 46 - P2 acts
  - P2 hand: Task Mistres
  + P2 board: Task Mistres
  - P2 board: Impact Simulant, Bruut Enforcer
  + P2 retired: Impact Simulant, Bruut Enforcer
  + Dead Pool: Impact Simulant, Impact Simulant, Bruut Enforcer, Bruut Enforcer
End of Turn 46: P1 board 4, P2 board 5, Dead Pool 63
Turn 47 - P1 acts
  - P1 hand: Krax
  + P1 board: Krax
  - P1 board: Käsekobold, Mutt
  + P1 retired: Käsekobold, Mutt
  + Dead Pool: Käsekobold, Käsekobold, Mutt, Mutt
End of Turn 47: P1 board 3, P2 board 5, Dead Pool 67
Turn 48 - P2 acts
  - P2 hand: Marine Marauder
  + P2 board: Marine Marauder
End of Turn 48: P1 board 3, P2 board 6, Dead Pool 67
Turn 49 - P1 acts
  - P1 hand: Restless Natives
  + P1 board: Restless Natives
  - P2 board: Compliance Auditon
  + P2 retired: Compliance Auditon
  + Dead Pool: Compliance Auditon
End of Turn 49: P1 board 4, P2 board 5, Dead Pool 68
Turn 50 - P2 acts
  - P2 hand: Detainment Probe
  + P2 board: Detainment Probe
End of Turn 50: P1 board 4, P2 board 6, Dead Pool 68
Turn 51 - P1 acts
  - P1 hand: Dragoon
  - P1 board: Krax
  + P1 retired: Dragoon, Krax
  + Dead Pool: Dragoon, Dragoon, Krax, Krax
End of Turn 51: P1 board 3, P2 board 6, Dead Pool 72
Turn 52 - P2 acts
  - P2 hand: Hover Shield
  + P2 board: Hover Shield
End of Turn 52: P1 board 3, P2 board 7, Dead Pool 72
Turn 53 - P1 acts
  - P1 hand: Voidling
  + P1 board: Voidling
  - P1 board: Restless Natives
  + P1 retired: Restless Natives
  + Dead Pool: Restless Natives, Restless Natives
End of Turn 53: P1 board 3, P2 board 7, Dead Pool 74
Turn 54 - P2 acts
  - P2 hand: Task Mistres
  + P2 board: Task Mistres
  - P2 board: Hover Shield
  + P2 retired: Hover Shield
  + Dead Pool: Hover Shield, Hover Shield
End of Turn 54: P1 board 3, P2 board 7, Dead Pool 76
Turn 55 - P1 acts
  - P1 hand: Annihilist Overseer
  + P1 board: Annihilist Overseer
  - P1 board: Dragoon
  + P1 retired: Dragoon
  + Dead Pool: Dragoon, Dragoon
End of Turn 55: P1 board 3, P2 board 7, Dead Pool 78
Turn 56 - P2 acts
  - P2 hand: Shield Array Node
  + P2 board: Shield Array Node
End of Turn 56: P1 board 3, P2 board 8, Dead Pool 78
Turn 57 - P1 acts
  - P1 hand: Vex
  + P1 board: Vex
  - P1 board: Voidling, Annihilist Overseer
  + P1 retired: Annihilist Overseer, Voidling
  + Dead Pool: Annihilist Overseer, Annihilist Overseer, Voidling, Voidling
End of Turn 57: P1 board 2, P2 board 8, Dead Pool 82
Turn 58 - P2 acts
  - P2 hand: MediFlux-1NDS
  + P2 board: MediFlux-1NDS
  - P2 board: Hover Shield
  + P2 retired: Hover Shield
  + Dead Pool: Hover Shield, Hover Shield
End of Turn 58: P1 board 2, P2 board 8, Dead Pool 84
Turn 59 - P1 acts
  - P1 hand: Krax
  + P1 board: Krax
  - P1 board: Grim, Vex
  + P1 retired: Vex, Grim
  + Dead Pool: Vex, Vex, Grim
Result: winner P2 | turns 58
Retired: P1 30, P2 22, Dead Pool 87

=== Game seed 11107 ===
Starting: P1 faction PCU vs P2 faction NARC
Turn 1 - P1 acts
  - P1 hand: Primordial Oozer
  + P1 board: Primordial Oozer
End of Turn 1: P1 board 2, P2 board 1, Dead Pool 0
Turn 2 - P2 acts
  - P2 hand: Impact Simulant
  + P2 board: Impact Simulant
End of Turn 2: P1 board 2, P2 board 2, Dead Pool 0
Turn 3 - P1 acts
  - P1 hand: Käsekobold
  + P1 board: Käsekobold
End of Turn 3: P1 board 3, P2 board 2, Dead Pool 0
Turn 4 - P2 acts
  - P2 hand: Target Marker Probe
  + P2 board: Target Marker Probe
End of Turn 4: P1 board 3, P2 board 3, Dead Pool 0
Turn 5 - P1 acts
  - P1 hand: Psychodelic Toad
  + P1 board: Psychodelic Toad
  - P1 board: Primordial Oozer
  + P1 retired: Primordial Oozer
  + Dead Pool: Primordial Oozer, Primordial Oozer
End of Turn 5: P1 board 3, P2 board 3, Dead Pool 2
Turn 6 - P2 acts
  - P2 hand: Compliance Auditon
  + P2 board: Compliance Auditon
End of Turn 6: P1 board 3, P2 board 4, Dead Pool 2
Turn 7 - P1 acts
  - P1 hand: Voidling
  + P1 board: Voidling
  - P1 board: Käsekobold
  + P1 retired: Käsekobold
  + Dead Pool: Käsekobold, Käsekobold
End of Turn 7: P1 board 3, P2 board 4, Dead Pool 4
Turn 8 - P2 acts
  - P2 hand: Dormex Lurker
  + P2 board: Dormex Lurker
End of Turn 8: P1 board 3, P2 board 5, Dead Pool 4
Turn 9 - P1 acts
  - P1 hand: Vex
  + P1 board: Vex
  - P1 board: Psychodelic Toad
  + P1 retired: Psychodelic Toad
  + Dead Pool: Psychodelic Toad, Psychodelic Toad
End of Turn 9: P1 board 3, P2 board 5, Dead Pool 6
Turn 10 - P2 acts
  - P2 hand: Dormex Lurker
  + P2 board: Dormex Lurker
  - P2 board: Impact Simulant
  + P2 retired: Impact Simulant
  + Dead Pool: Impact Simulant, Impact Simulant
End of Turn 10: P1 board 3, P2 board 5, Dead Pool 8
Turn 11 - P1 acts
  - P1 hand: Voidling
  + P1 retired: Voidling
  + Dead Pool: Voidling, Voidling
End of Turn 11: P1 board 3, P2 board 5, Dead Pool 10
Turn 12 - P2 acts
  - P2 hand: MediFlux-1NDS
  + P2 board: MediFlux-1NDS
End of Turn 12: P1 board 3, P2 board 6, Dead Pool 10
Turn 13 - P1 acts
  - P1 hand: Nives
  + P1 board: Nives
  - P1 board: Vex
  + P1 retired: Vex
  + Dead Pool: Vex, Vex
End of Turn 13: P1 board 3, P2 board 6, Dead Pool 12
Turn 14 - P2 acts
  - P2 hand: Hover Shield
  + P2 board: Hover Shield
End of Turn 14: P1 board 3, P2 board 7, Dead Pool 12
Turn 15 - P1 acts
  - P1 hand: Nives
  + P1 board: Nives
  - P1 board: Voidling
  + P1 retired: Voidling
  - P2 board: Target Marker Probe
  + P2 retired: Target Marker Probe
  + Dead Pool: Voidling, Voidling, Target Marker Probe
End of Turn 15: P1 board 3, P2 board 6, Dead Pool 15
Turn 16 - P2 acts
  - P1 board: Nives
  + P1 retired: Nives
  - P2 hand: Task Mistres
  + P2 board: Task Mistres
  + Dead Pool: Nives
End of Turn 16: P1 board 2, P2 board 7, Dead Pool 16
Turn 17 - P1 acts
  - P1 hand: Void Freak
  + P1 board: Void Freak
  - P2 board: Compliance Auditon
  + P2 retired: Compliance Auditon
  + Dead Pool: Compliance Auditon
End of Turn 17: P1 board 3, P2 board 6, Dead Pool 17
Turn 18 - P2 acts
  - P2 hand: Task Mistres
  + P2 board: Task Mistres
End of Turn 18: P1 board 3, P2 board 7, Dead Pool 17
Turn 19 - P1 acts
  - P1 hand: Blood Howler
  + P1 board: Blood Howler
  - P1 board: Nives
  + P1 retired: Nives
  - P2 board: Dormex Lurker
  + P2 retired: Dormex Lurker
  + Dead Pool: Nives, Nives, Dormex Lurker
End of Turn 19: P1 board 3, P2 board 6, Dead Pool 20
Turn 20 - P2 acts
  - P2 hand: Shield Array Node
  + P2 board: Shield Array Node
End of Turn 20: P1 board 3, P2 board 7, Dead Pool 20
Turn 21 - P1 acts
  - P1 hand: Psychodelic Toad
  + P1 board: Psychodelic Toad
  - P1 board: Void Freak
  + P1 retired: Void Freak
  + Dead Pool: Void Freak, Void Freak
End of Turn 21: P1 board 3, P2 board 7, Dead Pool 22
Turn 22 - P2 acts
  - P2 hand: Impact Simulant
  + P2 board: Impact Simulant
End of Turn 22: P1 board 3, P2 board 8, Dead Pool 22
Turn 23 - P1 acts
  - P1 hand: Käsekobold
  + P1 board: Käsekobold
End of Turn 23: P1 board 4, P2 board 8, Dead Pool 22
Turn 24 - P2 acts
  - P2 hand: Marine Marauder
  + P2 board: Marine Marauder
  - P2 board: Dormex Lurker
  + P2 retired: Dormex Lurker
  + Dead Pool: Dormex Lurker, Dormex Lurker
End of Turn 24: P1 board 4, P2 board 8, Dead Pool 24
Turn 25 - P1 acts
  - P1 hand: Nives
  + P1 board: Nives
  - P1 board: Blood Howler, Psychodelic Toad
  + P1 retired: Psychodelic Toad, Blood Howler
  + Dead Pool: Psychodelic Toad, Psychodelic Toad, Blood Howler, Blood Howler
End of Turn 25: P1 board 3, P2 board 8, Dead Pool 28
Turn 26 - P2 acts
  - P2 hand: Marine Marauder
  + P2 board: Marine Marauder
End of Turn 26: P1 board 3, P2 board 9, Dead Pool 28
Turn 27 - P1 acts
  - P1 hand: Meat Vegetable
  + P1 board: Meat Vegetable
  - P2 board: MediFlux-1NDS
  + P2 retired: MediFlux-1NDS
  + Dead Pool: MediFlux-1NDS
End of Turn 27: P1 board 4, P2 board 8, Dead Pool 29
Turn 28 - P2 acts
  - P2 hand: Sentry Node
  + P2 board: Sentry Node
  - P2 board: Hover Shield
  + P2 retired: Hover Shield
  + Dead Pool: Hover Shield, Hover Shield
End of Turn 28: P1 board 4, P2 board 8, Dead Pool 31
Turn 29 - P1 acts
  - P1 hand: Annihilist Overseer
  + P1 board: Annihilist Overseer
  - P1 board: Käsekobold
  + P1 retired: Käsekobold
  + Dead Pool: Käsekobold, Käsekobold
End of Turn 29: P1 board 4, P2 board 8, Dead Pool 33
Turn 30 - P2 acts
  - P1 board: Nives
  + P1 retired: Nives
  - P2 hand: K-9.0
  + P2 board: K-9.0
  + Dead Pool: Nives
End of Turn 30: P1 board 3, P2 board 9, Dead Pool 34
Turn 31 - P1 acts
  - P1 hand: Primordial Oozer
  + P1 board: Primordial Oozer
  - P1 board: Annihilist Overseer
  + P1 retired: Annihilist Overseer
  + Dead Pool: Annihilist Overseer, Annihilist Overseer
End of Turn 31: P1 board 3, P2 board 9, Dead Pool 36
Turn 32 - P2 acts
  - P2 hand: Compliance Auditon
  + P2 board: Compliance Auditon
End of Turn 32: P1 board 3, P2 board 10, Dead Pool 36
Turn 33 - P1 acts
  - P1 hand: Mutt
  + P1 board: Mutt
  - P1 board: Meat Vegetable
  + P1 retired: Meat Vegetable
  - P2 board: Sentry Node
  + P2 retired: Sentry Node
  + Dead Pool: Meat Vegetable, Meat Vegetable, Sentry Node
End of Turn 33: P1 board 3, P2 board 9, Dead Pool 39
Turn 34 - P2 acts
  - P1 board: Primordial Oozer
  + P1 retired: Primordial Oozer
  - P2 hand: Impact Simulant
  + P2 board: Impact Simulant
  + Dead Pool: Primordial Oozer
End of Turn 34: P1 board 2, P2 board 10, Dead Pool 40
Turn 35 - P1 acts
  - P1 hand: Restless Natives
  + P1 board: Restless Natives
End of Turn 35: P1 board 3, P2 board 10, Dead Pool 40
Turn 36 - P2 acts
  - P1 board: Mutt
  + P1 retired: Mutt
  - P2 hand: K-9.0
  + P2 board: K-9.0
  - P2 board: Task Mistres
  + P2 retired: Task Mistres
  + Dead Pool: Task Mistres, Task Mistres, Mutt
End of Turn 36: P1 board 2, P2 board 10, Dead Pool 43
Turn 37 - P1 acts
  - P1 hand: Void Freak
  + P1 board: Void Freak
End of Turn 37: P1 board 3, P2 board 10, Dead Pool 43
Turn 38 - P2 acts
  - P2 hand: Sausage Droid
  + P2 board: Sausage Droid
End of Turn 38: P1 board 3, P2 board 11, Dead Pool 43
Turn 39 - P1 acts
  - P1 hand: Local Singularity
  + P1 board: Local Singularity
  - P1 board: Restless Natives
  + P1 retired: Restless Natives
  - P2 board: Marine Marauder
  + P2 retired: Marine Marauder
  + Dead Pool: Restless Natives, Restless Natives, Marine Marauder
End of Turn 39: P1 board 3, P2 board 10, Dead Pool 46
Turn 40 - P2 acts
  - P2 hand: Dormex Lurker
  + P2 board: Dormex Lurker
End of Turn 40: P1 board 3, P2 board 11, Dead Pool 46
Turn 41 - P1 acts
  - P1 hand: Restless Natives
  + P1 board: Restless Natives
  - P1 board: Void Freak
  + P1 retired: Void Freak
  + Dead Pool: Void Freak, Void Freak
End of Turn 41: P1 board 3, P2 board 11, Dead Pool 48
Turn 42 - P2 acts
  - P2 hand: Killjoy
  + P2 board: Killjoy
  - P2 board: Task Mistres
  + P2 retired: Task Mistres
  + Dead Pool: Task Mistres, Task Mistres
End of Turn 42: P1 board 3, P2 board 11, Dead Pool 50
Turn 43 - P1 acts
  - P1 hand: Voidling
  + P1 board: Voidling
  - P1 board: Local Singularity
  + P1 retired: Local Singularity
  + Dead Pool: Local Singularity, Local Singularity
End of Turn 43: P1 board 3, P2 board 11, Dead Pool 52
Turn 44 - P2 acts
  - P2 hand: MediFlux-1NDS
  + P2 board: MediFlux-1NDS
End of Turn 44: P1 board 3, P2 board 12, Dead Pool 52
Turn 45 - P1 acts
  - P1 hand: Void Freak
  + P1 board: Void Freak
  - P1 board: Restless Natives
  + P1 retired: Restless Natives
  + Dead Pool: Restless Natives, Restless Natives
End of Turn 45: P1 board 3, P2 board 12, Dead Pool 54
Turn 46 - P2 acts
  - P2 hand: Detainment Probe
  + P2 board: Detainment Probe
End of Turn 46: P1 board 3, P2 board 13, Dead Pool 54
Turn 47 - P1 acts
  - P1 hand: Restless Natives
  + P1 board: Restless Natives
  - P2 board: Shield Array Node
  + P2 retired: Shield Array Node
  + Dead Pool: Shield Array Node
End of Turn 47: P1 board 4, P2 board 12, Dead Pool 55
Turn 48 - P2 acts
  - P2 hand: Nob Lobber
  + P2 board: Nob Lobber
  - P2 board: Impact Simulant
  + P2 retired: Impact Simulant
  + Dead Pool: Impact Simulant, Impact Simulant
End of Turn 48: P1 board 4, P2 board 12, Dead Pool 57
Turn 49 - P1 acts
  - P1 hand: Blood Howler
  + P1 board: Blood Howler
  - P1 board: Voidling
  + P1 retired: Voidling
  + Dead Pool: Voidling, Voidling
End of Turn 49: P1 board 4, P2 board 12, Dead Pool 59
Turn 50 - P2 acts
  - P2 hand: Task Mistres
  + P2 board: Task Mistres
End of Turn 50: P1 board 4, P2 board 13, Dead Pool 59
Turn 51 - P1 acts
  - P1 hand: Technomancer
  + P1 board: Technomancer
  - P1 board: Void Freak, Restless Natives
  + P1 retired: Void Freak, Restless Natives
  + Dead Pool: Void Freak, Void Freak, Restless Natives, Restless Natives
End of Turn 51: P1 board 3, P2 board 13, Dead Pool 63
Turn 52 - P2 acts
  - P2 hand: Impact Simulant
  + P2 board: Impact Simulant
End of Turn 52: P1 board 3, P2 board 14, Dead Pool 63
Turn 53 - P1 acts
  - P1 hand: Mutt
  + P1 board: Mutt
  - P1 board: Blood Howler
  + P1 retired: Blood Howler
  + Dead Pool: Blood Howler, Blood Howler
End of Turn 53: P1 board 3, P2 board 14, Dead Pool 65
Turn 54 - P2 acts
  - P2 hand: Detainment Probe
  + P2 board: Detainment Probe
End of Turn 54: P1 board 3, P2 board 15, Dead Pool 65
Turn 55 - P1 acts
  - P1 hand: Mutt
  + P1 board: Mutt
  - P1 board: Technomancer
  + P1 retired: Technomancer
  + Dead Pool: Technomancer, Technomancer
End of Turn 55: P1 board 3, P2 board 15, Dead Pool 67
Turn 56 - P2 acts
  - P2 hand: Sausage Droid
  + P2 board: Sausage Droid
End of Turn 56: P1 board 3, P2 board 16, Dead Pool 67
Turn 57 - P1 acts
  - P1 hand: Annihilist Overseer
  + P1 board: Annihilist Overseer
  - P1 board: Mutt
  + P1 retired: Mutt
  + Dead Pool: Mutt, Mutt
End of Turn 57: P1 board 3, P2 board 16, Dead Pool 69
Turn 58 - P2 acts
  - P2 hand: K-9.0
  + P2 board: K-9.0
  - P2 board: Marine Marauder
  + P2 retired: Marine Marauder
  + Dead Pool: Marine Marauder, Marine Marauder
End of Turn 58: P1 board 3, P2 board 16, Dead Pool 71
Turn 59 - P1 acts
  - P1 hand: Voidling
  + P1 board: Voidling
  - P1 board: Mutt, Annihilist Overseer
  + P1 retired: Annihilist Overseer, Mutt
  + Dead Pool: Annihilist Overseer, Annihilist Overseer, Mutt, Mutt
End of Turn 59: P1 board 2, P2 board 16, Dead Pool 75
Turn 60 - P2 acts
  - P2 hand: MediFlux-1NDS
  + P2 board: MediFlux-1NDS
End of Turn 60: P1 board 2, P2 board 17, Dead Pool 75
Turn 61 - P1 acts
  - P1 hand: Käsekobold
  + P1 board: Käsekobold
End of Turn 61: P1 board 3, P2 board 17, Dead Pool 75
Turn 62 - P2 acts
  - P2 hand: Detainment Probe
  + P2 board: Detainment Probe
End of Turn 62: P1 board 3, P2 board 18, Dead Pool 75
Turn 63 - P1 acts
  - P1 hand: Krax
  + P1 board: Krax
  - P1 board: Voidling, Käsekobold
  + P1 retired: Käsekobold, Voidling
  + Dead Pool: Käsekobold, Käsekobold, Voidling, Voidling
End of Turn 63: P1 board 2, P2 board 18, Dead Pool 79
Turn 64 - P2 acts
  - P2 hand: Bruut Enforcer
  + P2 board: Bruut Enforcer
  - P2 board: K-9.0
  + P2 retired: K-9.0
  + Dead Pool: K-9.0, K-9.0
End of Turn 64: P1 board 2, P2 board 18, Dead Pool 81
Turn 65 - P1 acts
  - P1 hand: Meat Vegetable
  + P1 board: Meat Vegetable
End of Turn 65: P1 board 3, P2 board 18, Dead Pool 81
Turn 66 - P2 acts
  - P2 hand: Target Marker Probe
  + P2 board: Target Marker Probe
End of Turn 66: P1 board 3, P2 board 19, Dead Pool 81
Turn 67 - P1 acts
  - P1 hand: Käsekobold
  + P1 board: Käsekobold
  - P2 board: Compliance Auditon
  + P2 retired: Compliance Auditon
  + Dead Pool: Compliance Auditon
End of Turn 67: P1 board 4, P2 board 18, Dead Pool 82
Turn 68 - P2 acts
  - P2 hand: Compliance Auditon
  + P2 board: Compliance Auditon
End of Turn 68: P1 board 4, P2 board 19, Dead Pool 82
Turn 69 - P1 acts
  - P1 hand: Dragoon
  + P1 board: Dragoon
  - P1 board: Krax, Meat Vegetable
  + P1 retired: Meat Vegetable, Krax
  + Dead Pool: Meat Vegetable, Meat Vegetable, Krax, Krax
End of Turn 69: P1 board 3, P2 board 19, Dead Pool 86
Turn 70 - P2 acts
  - P2 hand: Hover Shield
  + P2 board: Hover Shield
End of Turn 70: P1 board 3, P2 board 20, Dead Pool 86
Turn 71 - P1 acts
  - P1 hand: Krax
  + P1 board: Krax
  - P1 board: Käsekobold, Dragoon
  + P1 retired: Käsekobold, Dragoon
  - P2 board: Impact Simulant
  + P2 retired: Impact Simulant
  + Dead Pool: Käsekobold, Käsekobold, Impact Simulant, Dragoon, Dragoon
End of Turn 71: P1 board 2, P2 board 19, Dead Pool 91
Turn 72 - P2 acts
  - P2 hand: Nob Lobber
  + P2 board: Nob Lobber
  - P2 board: K-9.0
  + P2 retired: K-9.0
  + Dead Pool: K-9.0, K-9.0
End of Turn 72: P1 board 2, P2 board 19, Dead Pool 93
Turn 73 - P1 acts
  - P1 hand: Technomancer
  + P1 board: Technomancer
  - P1 board: Krax
  + P1 retired: Krax
  + Dead Pool: Krax, Krax
End of Turn 73: P1 board 2, P2 board 19, Dead Pool 95
Turn 74 - P2 acts
  - P2 hand: Sentry Node
  + P2 board: Sentry Node
  - P2 board: Sausage Droid
  + P2 retired: Sausage Droid
  + Dead Pool: Sausage Droid, Sausage Droid
End of Turn 74: P1 board 2, P2 board 19, Dead Pool 97
Turn 75 - P1 acts
  - P1 hand: Annihilist Overseer
  + P1 board: Annihilist Overseer
  - P1 board: Technomancer
  + P1 retired: Technomancer
  + Dead Pool: Technomancer, Technomancer
End of Turn 75: P1 board 2, P2 board 19, Dead Pool 99
Turn 76 - P2 acts
  - P2 hand: Nob Lobber
  + P2 board: Nob Lobber
  - P2 board: Dormex Lurker
  + P2 retired: Dormex Lurker
  + Dead Pool: Dormex Lurker, Dormex Lurker
End of Turn 76: P1 board 2, P2 board 19, Dead Pool 101
Turn 77 - P1 acts
  - P1 hand: Primordial Oozer
  + P1 board: Primordial Oozer
  - P1 board: Annihilist Overseer
  + P1 retired: Annihilist Overseer
  + Dead Pool: Annihilist Overseer, Annihilist Overseer
End of Turn 77: P1 board 2, P2 board 19, Dead Pool 103
Turn 78 - P2 acts
  - P2 hand: Sentry Node
  + P2 board: Sentry Node
  - P2 board: Killjoy
  + P2 retired: Killjoy
  + Dead Pool: Killjoy, Killjoy
End of Turn 78: P1 board 2, P2 board 19, Dead Pool 105
Turn 79 - P1 acts
  - P1 hand: Mutt
  + P1 board: Mutt
  - P1 board: Primordial Oozer
  + P1 retired: Primordial Oozer
  + Dead Pool: Primordial Oozer, Primordial Oozer
End of Turn 79: P1 board 2, P2 board 19, Dead Pool 107
Turn 80 - P2 acts
  - P2 hand: Killjoy
  + P2 board: Killjoy
  - P2 board: MediFlux-1NDS, Sentry Node
  + P2 retired: MediFlux-1NDS, Sentry Node
  + Dead Pool: MediFlux-1NDS, MediFlux-1NDS, Sentry Node, Sentry Node
End of Turn 80: P1 board 2, P2 board 18, Dead Pool 111
Turn 81 - P1 acts
  - P1 hand: Vex
  + P1 board: Vex
  - P1 board: Mutt
  + P1 retired: Mutt
  + Dead Pool: Mutt, Mutt
End of Turn 81: P1 board 2, P2 board 18, Dead Pool 113
Turn 82 - P2 acts
  - P2 hand: Marine Marauder
  + P2 board: Marine Marauder
End of Turn 82: P1 board 2, P2 board 19, Dead Pool 113
Turn 83 - P1 acts
  - P1 hand: Krax
  + P1 board: Krax
  - P1 board: Grim, Vex
  + P1 retired: Vex, Grim
  + Dead Pool: Vex, Vex, Grim, Grim
Result: winner P2 | turns 82
Retired: P1 42, P2 23, Dead Pool 117

=== Game seed 11108 ===
Starting: P1 faction PCU vs P2 faction NARC
Turn 1 - P1 acts
  - P1 hand: Void Freak
  + P1 board: Void Freak
End of Turn 1: P1 board 2, P2 board 1, Dead Pool 0
Turn 2 - P2 acts
  - P2 hand: Impact Simulant
  + P2 board: Impact Simulant
End of Turn 2: P1 board 2, P2 board 2, Dead Pool 0
Turn 3 - P1 acts
  - P1 hand: Void Freak
  + P1 board: Void Freak
End of Turn 3: P1 board 3, P2 board 2, Dead Pool 0
Turn 4 - P2 acts
  - P2 hand: Impact Simulant
  + P2 board: Impact Simulant
End of Turn 4: P1 board 3, P2 board 3, Dead Pool 0
Turn 5 - P1 acts
  - P1 hand: Käsekobold
  + P1 board: Käsekobold
  - P1 board: Void Freak
  + P1 retired: Void Freak
  - P2 board: Lokar Simmons
  + P2 retired: Lokar Simmons
  + Dead Pool: Void Freak, Void Freak, Lokar Simmons
Result: winner P1 | turns 4
Retired: P1 1, P2 1, Dead Pool 3

=== Game seed 11109 ===
Starting: P1 faction PCU vs P2 faction NARC
Turn 1 - P2 acts
  - P2 hand: Sausage Droid
  + P2 board: Sausage Droid
End of Turn 1: P1 board 1, P2 board 2, Dead Pool 0
Turn 2 - P1 acts
  - P1 hand: Primordial Oozer
  + P1 board: Primordial Oozer
End of Turn 2: P1 board 2, P2 board 2, Dead Pool 0
Turn 3 - P2 acts
  - P2 hand: Task Mistres
  + P2 board: Task Mistres
End of Turn 3: P1 board 2, P2 board 3, Dead Pool 0
Turn 4 - P1 acts
  - P1 hand: Restless Natives
  + P1 board: Restless Natives
  - P2 board: Sausage Droid
  + P2 retired: Sausage Droid
  + Dead Pool: Sausage Droid
End of Turn 4: P1 board 3, P2 board 2, Dead Pool 1
Turn 5 - P2 acts
  - P2 hand: Compliance Auditon
  + P2 board: Compliance Auditon
End of Turn 5: P1 board 3, P2 board 3, Dead Pool 1
Turn 6 - P1 acts
  - P1 hand: Local Singularity
  + P1 board: Local Singularity
  - P1 board: Primordial Oozer
  + P1 retired: Primordial Oozer
  + Dead Pool: Primordial Oozer, Primordial Oozer
End of Turn 6: P1 board 3, P2 board 3, Dead Pool 3
Turn 7 - P2 acts
  - P2 hand: Hover Shield
  + P2 board: Hover Shield
End of Turn 7: P1 board 3, P2 board 4, Dead Pool 3
Turn 8 - P1 acts
  - P1 hand: Käsekobold
  + P1 board: Käsekobold
  - P1 board: Restless Natives
  + P1 retired: Restless Natives
  + Dead Pool: Restless Natives, Restless Natives
End of Turn 8: P1 board 3, P2 board 4, Dead Pool 5
Turn 9 - P2 acts
  - P2 hand: Shield Array Node
  + P2 board: Shield Array Node
  - P2 board: Task Mistres
  + P2 retired: Task Mistres
  + Dead Pool: Task Mistres, Task Mistres
End of Turn 9: P1 board 3, P2 board 4, Dead Pool 7
Turn 10 - P1 acts
  - P1 hand: Restless Natives
  + P1 board: Restless Natives
End of Turn 10: P1 board 4, P2 board 4, Dead Pool 7
Turn 11 - P2 acts
  - P2 hand: Dormex Lurker
  + P2 board: Dormex Lurker
End of Turn 11: P1 board 4, P2 board 5, Dead Pool 7
Turn 12 - P1 acts
  - P1 hand: Voidling
  + P1 board: Voidling
  - P1 board: Local Singularity
  + P1 retired: Local Singularity
  + Dead Pool: Local Singularity, Local Singularity
End of Turn 12: P1 board 4, P2 board 5, Dead Pool 9
Turn 13 - P2 acts
  - P2 hand: MediFlux-1NDS
  + P2 board: MediFlux-1NDS
  - P2 board: Compliance Auditon
  + P2 retired: Compliance Auditon
  + Dead Pool: Compliance Auditon, Compliance Auditon
End of Turn 13: P1 board 4, P2 board 5, Dead Pool 11
Turn 14 - P1 acts
  - P1 hand: Voidling
  + P1 board: Voidling
  - P1 board: Käsekobold
  + P1 retired: Käsekobold
  + Dead Pool: Käsekobold, Käsekobold
End of Turn 14: P1 board 4, P2 board 5, Dead Pool 13
Turn 15 - P2 acts
  - P2 hand: Hover Shield
  + P2 board: Hover Shield
End of Turn 15: P1 board 4, P2 board 6, Dead Pool 13
Turn 16 - P1 acts
  - P1 hand: Mutt
  + P1 board: Mutt
  - P1 board: Restless Natives
  + P1 retired: Restless Natives
  + Dead Pool: Restless Natives, Restless Natives
End of Turn 16: P1 board 4, P2 board 6, Dead Pool 15
Turn 17 - P2 acts
  - P1 board: Voidling
  + P1 retired: Voidling
  - P2 hand: Target Marker Probe
  + P2 board: Target Marker Probe
  + Dead Pool: Voidling
End of Turn 17: P1 board 3, P2 board 7, Dead Pool 16
Turn 18 - P1 acts
  - P1 hand: Restless Natives
  + P1 board: Restless Natives
End of Turn 18: P1 board 4, P2 board 7, Dead Pool 16
Turn 19 - P2 acts
  - P2 hand: Task Mistres
  + P2 board: Task Mistres
  - P2 board: Hover Shield
  + P2 retired: Hover Shield
  + Dead Pool: Hover Shield, Hover Shield
End of Turn 19: P1 board 4, P2 board 7, Dead Pool 18
Turn 20 - P1 acts
  - P1 hand: Nives
  + P1 board: Nives
  - P1 board: Voidling
  + P1 retired: Voidling
  + Dead Pool: Voidling, Voidling
End of Turn 20: P1 board 4, P2 board 7, Dead Pool 20
Turn 21 - P2 acts
  - P1 board: Mutt
  + P1 retired: Mutt
  - P2 hand: Sausage Droid
  + P2 board: Sausage Droid
  + Dead Pool: Mutt
End of Turn 21: P1 board 3, P2 board 8, Dead Pool 21
Turn 22 - P1 acts
  - P1 hand: Annihilist Overseer
  + P1 board: Annihilist Overseer
  - P1 board: Restless Natives
  + P1 retired: Restless Natives
  + Dead Pool: Restless Natives, Restless Natives
End of Turn 22: P1 board 3, P2 board 8, Dead Pool 23
Turn 23 - P2 acts
  - P2 hand: Task Mistres
  + P2 board: Task Mistres
  - P2 board: Shield Array Node
  + P2 retired: Shield Array Node
  + Dead Pool: Shield Array Node, Shield Array Node
End of Turn 23: P1 board 3, P2 board 8, Dead Pool 25
Turn 24 - P1 acts
  - P1 hand: Meat Vegetable
  + P1 board: Meat Vegetable
  - P1 board: Annihilist Overseer
  + P1 retired: Annihilist Overseer
  + Dead Pool: Annihilist Overseer, Annihilist Overseer
End of Turn 24: P1 board 3, P2 board 8, Dead Pool 27
Turn 25 - P2 acts
  - P2 hand: Marine Marauder
  + P2 board: Marine Marauder
End of Turn 25: P1 board 3, P2 board 9, Dead Pool 27
Turn 26 - P1 acts
  - P1 hand: Technomancer
  + P1 board: Technomancer
  - P1 board: Nives
  + P1 retired: Nives
  + Dead Pool: Nives, Nives
End of Turn 26: P1 board 3, P2 board 9, Dead Pool 29
Turn 27 - P2 acts
  - P2 hand: Sentry Node
  + P2 board: Sentry Node
  - P2 board: Dormex Lurker
  + P2 retired: Dormex Lurker
  + Dead Pool: Dormex Lurker, Dormex Lurker
End of Turn 27: P1 board 3, P2 board 9, Dead Pool 31
Turn 28 - P1 acts
  - P1 hand: Technomancer
  + P1 board: Technomancer
  - P1 board: Meat Vegetable
  + P1 retired: Meat Vegetable
  + Dead Pool: Meat Vegetable, Meat Vegetable
End of Turn 28: P1 board 3, P2 board 9, Dead Pool 33
Turn 29 - P2 acts
  - P2 hand: Task Mistres
  + P2 board: Task Mistres
  - P2 board: MediFlux-1NDS
  + P2 retired: MediFlux-1NDS
  + Dead Pool: MediFlux-1NDS, MediFlux-1NDS
End of Turn 29: P1 board 3, P2 board 9, Dead Pool 35
Turn 30 - P1 acts
  - P1 hand: Voidling
  + P1 board: Voidling
  - P1 board: Technomancer
  + P1 retired: Technomancer
  + Dead Pool: Technomancer, Technomancer
End of Turn 30: P1 board 3, P2 board 9, Dead Pool 37
Turn 31 - P2 acts
  - P2 hand: K-9.0
  + P2 board: K-9.0
End of Turn 31: P1 board 3, P2 board 10, Dead Pool 37
Turn 32 - P1 acts
  - P1 hand: Mutt
  + P1 board: Mutt
  - P1 board: Technomancer
  + P1 retired: Technomancer
  + Dead Pool: Technomancer, Technomancer
End of Turn 32: P1 board 3, P2 board 10, Dead Pool 39
Turn 33 - P2 acts
  - P1 board: Voidling
  + P1 retired: Voidling
  - P2 hand: Nob Lobber
  + P2 board: Nob Lobber
  - P2 board: Hover Shield, Sentry Node
  + P2 retired: Hover Shield, Sentry Node
  + Dead Pool: Voidling, Hover Shield, Hover Shield, Sentry Node, Sentry Node
End of Turn 33: P1 board 2, P2 board 9, Dead Pool 44
Turn 34 - P1 acts
  - P1 hand: Mutt
  + P1 retired: Mutt
  + Dead Pool: Mutt, Mutt
End of Turn 34: P1 board 2, P2 board 9, Dead Pool 46
Turn 35 - P2 acts
  - P2 hand: Sausage Droid
  + P2 board: Sausage Droid
End of Turn 35: P1 board 2, P2 board 10, Dead Pool 46
Turn 36 - P1 acts
  - P1 hand: Psychodelic Toad
  + P1 board: Psychodelic Toad
End of Turn 36: P1 board 3, P2 board 10, Dead Pool 46
Turn 37 - P2 acts
  - P1 board: Mutt
  + P1 retired: Mutt
  - P2 hand: Impact Simulant
  + P2 board: Impact Simulant
  + Dead Pool: Mutt
End of Turn 37: P1 board 2, P2 board 11, Dead Pool 47
Turn 38 - P1 acts
  - P1 hand: Vex
  + P1 board: Vex
  - P1 board: Psychodelic Toad
  + P1 retired: Psychodelic Toad
  + Dead Pool: Psychodelic Toad, Psychodelic Toad
End of Turn 38: P1 board 2, P2 board 11, Dead Pool 49
Turn 39 - P2 acts
  - P2 hand: Compliance Auditon
  + P2 board: Compliance Auditon
End of Turn 39: P1 board 2, P2 board 12, Dead Pool 49
Turn 40 - P1 acts
  - P1 hand: Krax
  + P1 board: Krax
  - P1 board: Grim, Vex
  + P1 retired: Vex, Grim
  + Dead Pool: Vex, Vex, Grim
Result: winner P2 | turns 39
Retired: P1 20, P2 9, Dead Pool 52

=== Game seed 11110 ===
Starting: P1 faction PCU vs P2 faction NARC
Turn 1 - P1 acts
  - P1 hand: Void Freak
  + P1 board: Void Freak
End of Turn 1: P1 board 2, P2 board 1, Dead Pool 0
Turn 2 - P2 acts
  - P2 hand: Compliance Auditon
  + P2 board: Compliance Auditon
End of Turn 2: P1 board 2, P2 board 2, Dead Pool 0
Turn 3 - P1 acts
  - P1 hand: Primordial Oozer
  + P1 board: Primordial Oozer
  - P2 board: Lokar Simmons
  + P2 retired: Lokar Simmons
  + Dead Pool: Lokar Simmons
Result: winner P1 | turns 2
Retired: P1 0, P2 1, Dead Pool 1

=== Game seed 11111 ===
Starting: P1 faction PCU vs P2 faction NARC
Turn 1 - P1 acts
  - P1 hand: Local Singularity
  + P1 board: Local Singularity
End of Turn 1: P1 board 2, P2 board 1, Dead Pool 0
Turn 2 - P2 acts
  - P2 hand: Target Marker Probe
  + P2 board: Target Marker Probe
End of Turn 2: P1 board 2, P2 board 2, Dead Pool 0
Turn 3 - P1 acts
  - P1 hand: Voidling
  + P1 board: Voidling
End of Turn 3: P1 board 3, P2 board 2, Dead Pool 0
Turn 4 - P2 acts
  - P2 hand: Target Marker Probe
  + P2 board: Target Marker Probe
End of Turn 4: P1 board 3, P2 board 3, Dead Pool 0
Turn 5 - P1 acts
  - P1 hand: Voidling
  + P1 board: Voidling
  - P1 board: Local Singularity
  + P1 retired: Local Singularity
  + Dead Pool: Local Singularity, Local Singularity
End of Turn 5: P1 board 3, P2 board 3, Dead Pool 2
Turn 6 - P2 acts
  - P2 hand: Shield Array Node
  + P2 board: Shield Array Node
End of Turn 6: P1 board 3, P2 board 4, Dead Pool 2
Turn 7 - P1 acts
  - P1 hand: Annihilist Overseer
  + P1 board: Annihilist Overseer
  - P1 board: Voidling
  + P1 retired: Voidling
  + Dead Pool: Voidling, Voidling
End of Turn 7: P1 board 3, P2 board 4, Dead Pool 4
Turn 8 - P2 acts
  - P2 hand: Shield Array Node
  + P2 board: Shield Array Node
End of Turn 8: P1 board 3, P2 board 5, Dead Pool 4
Turn 9 - P1 acts
  - P1 hand: Technomancer
  + P1 board: Technomancer
  - P1 board: Voidling, Annihilist Overseer
  + P1 retired: Voidling, Annihilist Overseer
  + Dead Pool: Voidling, Voidling, Annihilist Overseer, Annihilist Overseer
End of Turn 9: P1 board 2, P2 board 5, Dead Pool 8
Turn 10 - P2 acts
  - P2 hand: Task Mistres
  + P2 board: Task Mistres
  - P2 board: Target Marker Probe
  + P2 retired: Target Marker Probe
  + Dead Pool: Target Marker Probe, Target Marker Probe
End of Turn 10: P1 board 2, P2 board 5, Dead Pool 10
Turn 11 - P1 acts
  - P1 hand: Mutt
  + P1 board: Mutt
  - P1 board: Technomancer
  + P1 retired: Technomancer
  + Dead Pool: Technomancer, Technomancer
End of Turn 11: P1 board 2, P2 board 5, Dead Pool 12
Turn 12 - P2 acts
  - P2 hand: Detainment Probe
  + P2 board: Detainment Probe
End of Turn 12: P1 board 2, P2 board 6, Dead Pool 12
Turn 13 - P1 acts
  - P1 hand: Void Freak
  + P1 board: Void Freak
End of Turn 13: P1 board 3, P2 board 6, Dead Pool 12
Turn 14 - P2 acts
  - P2 hand: Shield Array Node
  + P2 board: Shield Array Node
End of Turn 14: P1 board 3, P2 board 7, Dead Pool 12
Turn 15 - P1 acts
  - P1 hand: Käsekobold
  + P1 board: Käsekobold
  - P2 board: Target Marker Probe
  + P2 retired: Target Marker Probe
  + Dead Pool: Target Marker Probe
End of Turn 15: P1 board 4, P2 board 6, Dead Pool 13
Turn 16 - P2 acts
  - P2 hand: Sausage Droid
  + P2 board: Sausage Droid
End of Turn 16: P1 board 4, P2 board 7, Dead Pool 13
Turn 17 - P1 acts
  - P1 hand: Vex
  + P1 board: Vex
  - P1 board: Mutt, Void Freak
  + P1 retired: Mutt, Void Freak
  - P2 board: Shield Array Node
  + P2 retired: Shield Array Node
  + Dead Pool: Mutt, Mutt, Void Freak, Void Freak, Shield Array Node
End of Turn 17: P1 board 3, P2 board 6, Dead Pool 18
Turn 18 - P2 acts
  - P2 hand: MediFlux-1NDS
  + P2 board: MediFlux-1NDS
End of Turn 18: P1 board 3, P2 board 7, Dead Pool 18
Turn 19 - P1 acts
  - P1 hand: Meat Vegetable
  + P1 board: Meat Vegetable
End of Turn 19: P1 board 4, P2 board 7, Dead Pool 18
Turn 20 - P2 acts
  - P2 hand: Hover Shield
  + P2 board: Hover Shield
  - P2 board: Shield Array Node
  + P2 retired: Shield Array Node
  + Dead Pool: Shield Array Node, Shield Array Node
End of Turn 20: P1 board 4, P2 board 7, Dead Pool 20
Turn 21 - P1 acts
  - P1 hand: Primordial Oozer
  + P1 board: Primordial Oozer
  - P1 board: Vex
  + P1 retired: Vex
  + Dead Pool: Vex, Vex
End of Turn 21: P1 board 4, P2 board 7, Dead Pool 22
Turn 22 - P2 acts
  - P2 hand: Hover Shield
  + P2 board: Hover Shield
End of Turn 22: P1 board 4, P2 board 8, Dead Pool 22
Turn 23 - P1 acts
  - P1 hand: Meat Vegetable
  + P1 board: Meat Vegetable
End of Turn 23: P1 board 5, P2 board 8, Dead Pool 22
Turn 24 - P2 acts
  - P2 hand: K-9.0
  + P2 board: K-9.0
  - P2 board: Task Mistres, Detainment Probe
  + P2 retired: Task Mistres, Detainment Probe
  + Dead Pool: Task Mistres, Task Mistres, Detainment Probe, Detainment Probe
End of Turn 24: P1 board 5, P2 board 7, Dead Pool 26
Turn 25 - P1 acts
  - P1 hand: Dragoon
  + P1 board: Dragoon
  - P1 board: Käsekobold
  + P1 retired: Käsekobold
  + Dead Pool: Käsekobold, Käsekobold
End of Turn 25: P1 board 5, P2 board 7, Dead Pool 28
Turn 26 - P2 acts
  - P1 board: Meat Vegetable
  + P1 retired: Meat Vegetable
  - P2 hand: Sausage Droid
  + P2 board: Sausage Droid
  + Dead Pool: Meat Vegetable
End of Turn 26: P1 board 4, P2 board 8, Dead Pool 29
Turn 27 - P1 acts
  - P1 hand: Meat Vegetable
  + P1 board: Meat Vegetable
End of Turn 27: P1 board 5, P2 board 8, Dead Pool 29
Turn 28 - P2 acts
  - P2 hand: Impact Simulant
  + P2 board: Impact Simulant
End of Turn 28: P1 board 5, P2 board 9, Dead Pool 29
Turn 29 - P1 acts
  - P1 hand: Käsekobold
  + P1 board: Käsekobold
  - P1 board: Primordial Oozer
  + P1 retired: Primordial Oozer
  + Dead Pool: Primordial Oozer, Primordial Oozer
End of Turn 29: P1 board 5, P2 board 9, Dead Pool 31
Turn 30 - P2 acts
  - P2 hand: Marine Marauder
  + P2 board: Marine Marauder
  - P2 board: Shield Array Node
  + P2 retired: Shield Array Node
  + Dead Pool: Shield Array Node, Shield Array Node
End of Turn 30: P1 board 5, P2 board 9, Dead Pool 33
Turn 31 - P1 acts
  - P1 hand: Local Singularity
  + P1 board: Local Singularity
End of Turn 31: P1 board 6, P2 board 9, Dead Pool 33
Turn 32 - P2 acts
  - P2 hand: K-9.0
  + P2 board: K-9.0
  - P2 board: Sausage Droid
  + P2 retired: Sausage Droid
  + Dead Pool: Sausage Droid, Sausage Droid
End of Turn 32: P1 board 6, P2 board 9, Dead Pool 35
Turn 33 - P1 acts
  - P1 hand: Restless Natives
  + P1 board: Restless Natives
End of Turn 33: P1 board 7, P2 board 9, Dead Pool 35
Turn 34 - P2 acts
  - P1 board: Dragoon
  + P1 retired: Dragoon
  - P2 hand: Detainment Probe
  + P2 board: Detainment Probe
  + Dead Pool: Dragoon
End of Turn 34: P1 board 6, P2 board 10, Dead Pool 36
Turn 35 - P1 acts
  - P1 hand: Krax
  + P1 board: Krax
  - P1 board: Meat Vegetable, Meat Vegetable
  + P1 retired: Meat Vegetable, Meat Vegetable
  + Dead Pool: Meat Vegetable, Meat Vegetable, Meat Vegetable, Meat Vegetable
End of Turn 35: P1 board 5, P2 board 10, Dead Pool 40
Turn 36 - P2 acts
  - P2 hand: Compliance Auditon
  + P2 board: Compliance Auditon
End of Turn 36: P1 board 5, P2 board 11, Dead Pool 40
Turn 37 - P1 acts
  - P1 hand: Nives
  + P1 board: Nives
  - P1 board: Käsekobold
  + P1 retired: Käsekobold
  - P2 board: Sausage Droid
  + P2 retired: Sausage Droid
  + Dead Pool: Käsekobold, Käsekobold, Sausage Droid
End of Turn 37: P1 board 5, P2 board 10, Dead Pool 43
Turn 38 - P2 acts
  - P2 hand: Hover Shield
  + P2 board: Hover Shield
End of Turn 38: P1 board 5, P2 board 11, Dead Pool 43
Turn 39 - P1 acts
  - P1 hand: Dragoon
  + P1 board: Dragoon
  - P1 board: Local Singularity
  + P1 retired: Local Singularity
  - P2 board: MediFlux-1NDS
  + P2 retired: MediFlux-1NDS
  + Dead Pool: Local Singularity, Local Singularity, MediFlux-1NDS
End of Turn 39: P1 board 5, P2 board 10, Dead Pool 46
Turn 40 - P2 acts
  - P2 hand: Dormex Lurker
  + P2 board: Dormex Lurker
End of Turn 40: P1 board 5, P2 board 11, Dead Pool 46
Turn 41 - P1 acts
  - P1 hand: Annihilist Overseer
  + P1 board: Annihilist Overseer
  - P1 board: Restless Natives
  + P1 retired: Restless Natives
  - P2 board: Hover Shield
  + P2 retired: Hover Shield
  + Dead Pool: Restless Natives, Restless Natives, Hover Shield
End of Turn 41: P1 board 5, P2 board 10, Dead Pool 49
Turn 42 - P2 acts
  - P2 hand: Marine Marauder
  + P2 board: Marine Marauder
End of Turn 42: P1 board 5, P2 board 11, Dead Pool 49
Turn 43 - P1 acts
  - P1 hand: Technomancer
  + P1 board: Technomancer
  - P1 board: Krax, Annihilist Overseer
  + P1 retired: Annihilist Overseer, Krax
  + Dead Pool: Annihilist Overseer, Annihilist Overseer, Krax, Krax
End of Turn 43: P1 board 4, P2 board 11, Dead Pool 53
Turn 44 - P2 acts
  - P2 hand: Bruut Enforcer
  + P2 board: Bruut Enforcer
  - P2 board: Hover Shield
  + P2 retired: Hover Shield
  + Dead Pool: Hover Shield, Hover Shield
End of Turn 44: P1 board 4, P2 board 11, Dead Pool 55
Turn 45 - P1 acts
  - P1 hand: Void Freak
  + P1 board: Void Freak
  - P1 board: Nives
  + P1 retired: Nives
  - P2 board: K-9.0
  + P2 retired: K-9.0
  + Dead Pool: Nives, Nives, K-9.0
End of Turn 45: P1 board 4, P2 board 10, Dead Pool 58
Turn 46 - P2 acts
  - P2 hand: Compliance Auditon
  + P2 board: Compliance Auditon
End of Turn 46: P1 board 4, P2 board 11, Dead Pool 58
Turn 47 - P1 acts
  - P1 hand: Käsekobold
  + P1 board: Käsekobold
  - P2 board: Impact Simulant
  + P2 retired: Impact Simulant
  + Dead Pool: Impact Simulant
End of Turn 47: P1 board 5, P2 board 10, Dead Pool 59
Turn 48 - P2 acts
  - P2 hand: Nob Lobber
  + P2 board: Nob Lobber
  - P2 board: Marine Marauder
  + P2 retired: Marine Marauder
  + Dead Pool: Marine Marauder, Marine Marauder
End of Turn 48: P1 board 5, P2 board 10, Dead Pool 61
Turn 49 - P1 acts
  - P1 hand: Vex
  + P1 board: Vex
  - P1 board: Dragoon
  + P1 retired: Dragoon
  + Dead Pool: Dragoon, Dragoon
End of Turn 49: P1 board 5, P2 board 10, Dead Pool 63
Turn 50 - P2 acts
  - P2 hand: Dormex Lurker
  + P2 board: Dormex Lurker
End of Turn 50: P1 board 5, P2 board 11, Dead Pool 63
Turn 51 - P1 acts
  - P1 hand: Annihilist Overseer
  + P1 board: Annihilist Overseer
  - P1 board: Technomancer, Void Freak
  + P1 retired: Technomancer, Void Freak
  + Dead Pool: Technomancer, Technomancer, Void Freak, Void Freak
End of Turn 51: P1 board 4, P2 board 11, Dead Pool 67
Turn 52 - P2 acts
  - P2 hand: Target Marker Probe
  + P2 board: Target Marker Probe
End of Turn 52: P1 board 4, P2 board 12, Dead Pool 67
Turn 53 - P1 acts
  - P1 hand: Technomancer
  + P1 board: Technomancer
  - P1 board: Käsekobold, Annihilist Overseer
  + P1 retired: Annihilist Overseer, Käsekobold
  + Dead Pool: Annihilist Overseer, Annihilist Overseer, Käsekobold, Käsekobold
End of Turn 53: P1 board 3, P2 board 12, Dead Pool 71
Turn 54 - P2 acts
  - P2 hand: Nob Lobber
  + P2 board: Nob Lobber
  - P2 board: K-9.0
  + P2 retired: K-9.0
  + Dead Pool: K-9.0, K-9.0
End of Turn 54: P1 board 3, P2 board 12, Dead Pool 73
Turn 55 - P1 acts
  - P1 hand: Mutt
  + P1 board: Mutt
  - P1 board: Vex
  + P1 retired: Vex
  + Dead Pool: Vex, Vex
End of Turn 55: P1 board 3, P2 board 12, Dead Pool 75
Turn 56 - P2 acts
  - P2 hand: Sausage Droid
  + P2 board: Sausage Droid
End of Turn 56: P1 board 3, P2 board 13, Dead Pool 75
Turn 57 - P1 acts
  - P1 hand: Krax
  + P1 board: Krax
  - P1 board: Technomancer, Mutt
  + P1 retired: Technomancer, Mutt
  + Dead Pool: Technomancer, Technomancer, Mutt, Mutt
End of Turn 57: P1 board 2, P2 board 13, Dead Pool 79
Turn 58 - P2 acts
  - P2 hand: Nob Lobber
  + P2 board: Nob Lobber
  - P2 board: Detainment Probe
  + P2 retired: Detainment Probe
  + Dead Pool: Detainment Probe, Detainment Probe
End of Turn 58: P1 board 2, P2 board 13, Dead Pool 81
Turn 59 - P1 acts
  - P1 hand: Käsekobold
  + P1 board: Käsekobold
End of Turn 59: P1 board 3, P2 board 13, Dead Pool 81
Turn 60 - P2 acts
  - P2 hand: Impact Simulant
  + P2 board: Impact Simulant
End of Turn 60: P1 board 3, P2 board 14, Dead Pool 81
Turn 61 - P1 acts
  - P1 hand: Dragoon
  + P1 board: Dragoon
  - P1 board: Krax, Käsekobold
  + P1 retired: Käsekobold, Krax
  + Dead Pool: Käsekobold, Käsekobold, Krax, Krax
End of Turn 61: P1 board 2, P2 board 14, Dead Pool 85
Turn 62 - P2 acts
  - P2 hand: Task Mistres
  + P2 board: Task Mistres
End of Turn 62: P1 board 2, P2 board 15, Dead Pool 85
Turn 63 - P1 acts
  - P1 hand: Primordial Oozer
  + P1 board: Primordial Oozer
  - P2 board: Compliance Auditon
  + P2 retired: Compliance Auditon
  + Dead Pool: Compliance Auditon
End of Turn 63: P1 board 3, P2 board 14, Dead Pool 86
Turn 64 - P2 acts
  - P2 hand: Marine Marauder
  + P2 board: Marine Marauder
End of Turn 64: P1 board 3, P2 board 15, Dead Pool 86
Turn 65 - P1 acts
  - P1 hand: Restless Natives
  + P1 board: Restless Natives
  - P1 board: Dragoon
  + P1 retired: Dragoon
  - P2 board: Hover Shield
  + P2 retired: Hover Shield
  + Dead Pool: Dragoon, Dragoon, Hover Shield
End of Turn 65: P1 board 3, P2 board 14, Dead Pool 89
Turn 66 - P2 acts
  - P2 hand: MediFlux-1NDS
  + P2 board: MediFlux-1NDS
End of Turn 66: P1 board 3, P2 board 15, Dead Pool 89
Turn 67 - P1 acts
  - P1 hand: Psychodelic Toad
  + P1 board: Psychodelic Toad
  - P1 board: Primordial Oozer
  + P1 retired: Primordial Oozer
  + Dead Pool: Primordial Oozer, Primordial Oozer
End of Turn 67: P1 board 3, P2 board 15, Dead Pool 91
Turn 68 - P2 acts
  - P2 hand: K-9.0
  + P2 board: K-9.0
  - P2 board: Dormex Lurker
  + P2 retired: Dormex Lurker
  + Dead Pool: Dormex Lurker, Dormex Lurker
End of Turn 68: P1 board 3, P2 board 15, Dead Pool 93
Turn 69 - P1 acts
  - P1 hand: Meat Vegetable
  + P1 board: Meat Vegetable
End of Turn 69: P1 board 4, P2 board 15, Dead Pool 93
Turn 70 - P2 acts
  - P2 hand: Task Mistres
  + P2 board: Task Mistres
End of Turn 70: P1 board 4, P2 board 16, Dead Pool 93
Turn 71 - P1 acts
  - P1 hand: Vex
  + P1 board: Vex
  - P1 board: Restless Natives, Psychodelic Toad
  + P1 retired: Restless Natives, Psychodelic Toad
  + Dead Pool: Restless Natives, Restless Natives, Psychodelic Toad, Psychodelic Toad
End of Turn 71: P1 board 3, P2 board 16, Dead Pool 97
Turn 72 - P2 acts
  - P2 hand: K-9.0
  + P2 board: K-9.0
  - P2 board: Marine Marauder
  + P2 retired: Marine Marauder
  + Dead Pool: Marine Marauder, Marine Marauder
End of Turn 72: P1 board 3, P2 board 16, Dead Pool 99
Turn 73 - P1 acts
  - P1 hand: Mutt
  + P1 board: Mutt
  - P1 board: Meat Vegetable
  + P1 retired: Meat Vegetable
  + Dead Pool: Meat Vegetable, Meat Vegetable
End of Turn 73: P1 board 3, P2 board 16, Dead Pool 101
Turn 74 - P2 acts
  - P2 hand: MediFlux-1NDS
  + P2 board: MediFlux-1NDS
End of Turn 74: P1 board 3, P2 board 17, Dead Pool 101
Turn 75 - P1 acts
  - P1 hand: Primordial Oozer
  + P1 board: Primordial Oozer
  - P1 board: Vex
  + P1 retired: Vex
  + Dead Pool: Vex, Vex
End of Turn 75: P1 board 3, P2 board 17, Dead Pool 103
Turn 76 - P2 acts
  - P2 hand: Task Mistres
  + P2 board: Task Mistres
  - P2 board: Bruut Enforcer
  + P2 retired: Bruut Enforcer
  + Dead Pool: Bruut Enforcer, Bruut Enforcer
End of Turn 76: P1 board 3, P2 board 17, Dead Pool 105
Turn 77 - P1 acts
  - P1 hand: Nives
  + P1 board: Nives
  - P1 board: Mutt
  + P1 retired: Mutt
  + Dead Pool: Mutt, Mutt
End of Turn 77: P1 board 3, P2 board 17, Dead Pool 107
Turn 78 - P2 acts
  - P2 hand: Impact Simulant
  + P2 board: Impact Simulant
End of Turn 78: P1 board 3, P2 board 18, Dead Pool 107
Turn 79 - P1 acts
  - P1 hand: Voidling
  + P1 board: Voidling
  - P1 board: Primordial Oozer
  + P1 retired: Primordial Oozer
  + Dead Pool: Primordial Oozer, Primordial Oozer
End of Turn 79: P1 board 3, P2 board 18, Dead Pool 109
Turn 80 - P2 acts
  - P2 hand: Killjoy
  + P2 board: Killjoy
  - P2 board: Compliance Auditon
  + P2 retired: Compliance Auditon
  + Dead Pool: Compliance Auditon, Compliance Auditon
End of Turn 80: P1 board 3, P2 board 18, Dead Pool 111
Turn 81 - P1 acts
  - P1 hand: Voidling
  + P1 board: Voidling
  - P1 board: Nives
  + P1 retired: Nives
  + Dead Pool: Nives, Nives
End of Turn 81: P1 board 3, P2 board 18, Dead Pool 113
Turn 82 - P2 acts
  - P2 hand: Dormex Lurker
  + P2 board: Dormex Lurker
End of Turn 82: P1 board 3, P2 board 19, Dead Pool 113
Turn 83 - P1 acts
  - P1 hand: Restless Natives
  + P1 board: Restless Natives
End of Turn 83: P1 board 4, P2 board 19, Dead Pool 113
Turn 84 - P2 acts
  - P1 board: Voidling
  + P1 retired: Voidling
  - P2 hand: Sentry Node
  + P2 board: Sentry Node
  - P2 board: Nob Lobber
  + P2 retired: Nob Lobber
  + Dead Pool: Voidling, Nob Lobber, Nob Lobber
End of Turn 84: P1 board 3, P2 board 19, Dead Pool 116
Turn 85 - P1 acts
  - P1 hand: Void Freak
  + P1 board: Void Freak
End of Turn 85: P1 board 4, P2 board 19, Dead Pool 116
Turn 86 - P2 acts
  - P2 hand: Impact Simulant
  + P2 board: Impact Simulant
End of Turn 86: P1 board 4, P2 board 20, Dead Pool 116
Turn 87 - P1 acts
  - P1 hand: Void Freak
  + P1 board: Void Freak
  - P2 board: Dormex Lurker
  + P2 retired: Dormex Lurker
  + Dead Pool: Dormex Lurker
End of Turn 87: P1 board 5, P2 board 19, Dead Pool 117
Turn 88 - P2 acts
  - P2 hand: Bruut Enforcer
  + P2 board: Bruut Enforcer
  - P2 board: Target Marker Probe
  + P2 retired: Target Marker Probe
  + Dead Pool: Target Marker Probe, Target Marker Probe
End of Turn 88: P1 board 5, P2 board 19, Dead Pool 119
Turn 89 - P1 acts
  - P1 hand: Restless Natives
  + P1 board: Restless Natives
  - P1 board: Voidling
  + P1 retired: Voidling
  + Dead Pool: Voidling, Voidling
End of Turn 89: P1 board 5, P2 board 19, Dead Pool 121
Turn 90 - P2 acts
  - P2 hand: Sentry Node
  + P2 board: Sentry Node
  - P2 board: Nob Lobber
  + P2 retired: Nob Lobber
  + Dead Pool: Nob Lobber, Nob Lobber
End of Turn 90: P1 board 5, P2 board 19, Dead Pool 123
Turn 91 - P1 acts
  - P1 hand: Krax
  + P1 board: Krax
  - P1 board: Restless Natives, Void Freak
  + P1 retired: Void Freak, Restless Natives
  - P2 board: Lokar Simmons
  + P2 retired: Lokar Simmons
  + Dead Pool: Void Freak, Void Freak, Restless Natives, Restless Natives, Lokar Simmons
Result: winner P1 | turns 90
Retired: P1 43, P2 28, Dead Pool 128

=== Game seed 11112 ===
Starting: P1 faction PCU vs P2 faction NARC
Turn 1 - P1 acts
  - P1 hand: Psychodelic Toad
  + P1 board: Psychodelic Toad
End of Turn 1: P1 board 2, P2 board 1, Dead Pool 0
Turn 2 - P2 acts
  - P2 hand: Compliance Auditon
  + P2 board: Compliance Auditon
End of Turn 2: P1 board 2, P2 board 2, Dead Pool 0
Turn 3 - P1 acts
  - P1 hand: Meat Vegetable
  + P1 board: Meat Vegetable
End of Turn 3: P1 board 3, P2 board 2, Dead Pool 0
Turn 4 - P2 acts
  - P2 hand: Detainment Probe
  + P2 board: Detainment Probe
End of Turn 4: P1 board 3, P2 board 3, Dead Pool 0
Turn 5 - P1 acts
  - P1 hand: Mutt
  + P1 board: Mutt
  - P1 board: Psychodelic Toad
  + P1 retired: Psychodelic Toad
  + Dead Pool: Psychodelic Toad, Psychodelic Toad
End of Turn 5: P1 board 3, P2 board 3, Dead Pool 2
Turn 6 - P2 acts
  - P2 hand: Target Marker Probe
  + P2 board: Target Marker Probe
End of Turn 6: P1 board 3, P2 board 4, Dead Pool 2
Turn 7 - P1 acts
  - P1 hand: Technomancer
  + P1 board: Technomancer
  - P1 board: Meat Vegetable
  + P1 retired: Meat Vegetable
  + Dead Pool: Meat Vegetable, Meat Vegetable
End of Turn 7: P1 board 3, P2 board 4, Dead Pool 4
Turn 8 - P2 acts
  - P2 hand: Hover Shield
  + P2 board: Hover Shield
  - P2 board: Compliance Auditon
  + P2 retired: Compliance Auditon
  + Dead Pool: Compliance Auditon, Compliance Auditon
End of Turn 8: P1 board 3, P2 board 4, Dead Pool 6
Turn 9 - P1 acts
  - P1 hand: Vex
  + P1 board: Vex
  - P1 board: Mutt
  + P1 retired: Mutt
  + Dead Pool: Mutt, Mutt
End of Turn 9: P1 board 3, P2 board 4, Dead Pool 8
Turn 10 - P2 acts
  - P2 hand: MediFlux-1NDS
  + P2 board: MediFlux-1NDS
End of Turn 10: P1 board 3, P2 board 5, Dead Pool 8
Turn 11 - P1 acts
  - P1 hand: Nives
  + P1 board: Nives
  - P1 board: Technomancer
  + P1 retired: Technomancer
  + Dead Pool: Technomancer, Technomancer
End of Turn 11: P1 board 3, P2 board 5, Dead Pool 10
Turn 12 - P2 acts
  - P2 hand: Impact Simulant
  + P2 board: Impact Simulant
  - P2 board: Detainment Probe
  + P2 retired: Detainment Probe
  + Dead Pool: Detainment Probe, Detainment Probe
End of Turn 12: P1 board 3, P2 board 5, Dead Pool 12
Turn 13 - P1 acts
  - P1 hand: Mutt
  + P1 board: Mutt
  - P1 board: Vex
  + P1 retired: Vex
  + Dead Pool: Vex, Vex
End of Turn 13: P1 board 3, P2 board 5, Dead Pool 14
Turn 14 - P2 acts
  - P2 hand: Compliance Auditon
  + P2 board: Compliance Auditon
End of Turn 14: P1 board 3, P2 board 6, Dead Pool 14
Turn 15 - P1 acts
  - P1 hand: Vex
  + P1 board: Vex
  - P1 board: Nives
  + P1 retired: Nives
  + Dead Pool: Nives, Nives
End of Turn 15: P1 board 3, P2 board 6, Dead Pool 16
Turn 16 - P2 acts
  - P2 hand: Sausage Droid
  + P2 board: Sausage Droid
End of Turn 16: P1 board 3, P2 board 7, Dead Pool 16
Turn 17 - P1 acts
  - P1 hand: Meat Vegetable
  + P1 board: Meat Vegetable
End of Turn 17: P1 board 4, P2 board 7, Dead Pool 16
Turn 18 - P2 acts
  - P2 hand: Hover Shield
  + P2 board: Hover Shield
End of Turn 18: P1 board 4, P2 board 8, Dead Pool 16
Turn 19 - P1 acts
  - P1 hand: Nives
  + P1 board: Nives
  - P1 board: Mutt, Vex
  + P1 retired: Mutt, Vex
  + Dead Pool: Mutt, Mutt, Vex, Vex
End of Turn 19: P1 board 3, P2 board 8, Dead Pool 20
Turn 20 - P2 acts
  - P2 hand: Dormex Lurker
  + P2 board: Dormex Lurker
  - P2 board: Target Marker Probe
  + P2 retired: Target Marker Probe
  + Dead Pool: Target Marker Probe, Target Marker Probe
End of Turn 20: P1 board 3, P2 board 8, Dead Pool 22
Turn 21 - P1 acts
  - P1 hand: Void Freak
  + P1 board: Void Freak
End of Turn 21: P1 board 4, P2 board 8, Dead Pool 22
Turn 22 - P2 acts
  - P2 hand: MediFlux-1NDS
  + P2 board: MediFlux-1NDS
End of Turn 22: P1 board 4, P2 board 9, Dead Pool 22
Turn 23 - P1 acts
  - P1 hand: Technomancer
  + P1 board: Technomancer
  - P1 board: Meat Vegetable
  + P1 retired: Meat Vegetable
  - P2 board: Hover Shield
  + P2 retired: Hover Shield
  + Dead Pool: Meat Vegetable, Meat Vegetable, Hover Shield
End of Turn 23: P1 board 4, P2 board 8, Dead Pool 25
Turn 24 - P2 acts
  - P2 hand: Hover Shield
  + P2 board: Hover Shield
End of Turn 24: P1 board 4, P2 board 9, Dead Pool 25
Turn 25 - P1 acts
  - P1 hand: Vex
  + P1 board: Vex
  - P1 board: Nives
  + P1 retired: Nives
  - P2 board: MediFlux-1NDS
  + P2 retired: MediFlux-1NDS
  + Dead Pool: Nives, Nives, MediFlux-1NDS
End of Turn 25: P1 board 4, P2 board 8, Dead Pool 28
Turn 26 - P2 acts
  - P1 board: Void Freak
  + P1 retired: Void Freak
  - P2 hand: Hover Shield
  + P2 board: Hover Shield
  + Dead Pool: Void Freak
End of Turn 26: P1 board 3, P2 board 9, Dead Pool 29
Turn 27 - P1 acts
  - P1 hand: Void Freak
  + P1 board: Void Freak
End of Turn 27: P1 board 4, P2 board 9, Dead Pool 29
Turn 28 - P2 acts
  - P2 hand: Task Mistres
  + P2 board: Task Mistres
End of Turn 28: P1 board 4, P2 board 10, Dead Pool 29
Turn 29 - P1 acts
  - P1 hand: Voidling
  + P1 board: Voidling
  - P2 board: Impact Simulant
  + P2 retired: Impact Simulant
  + Dead Pool: Impact Simulant
End of Turn 29: P1 board 5, P2 board 9, Dead Pool 30
Turn 30 - P2 acts
  - P1 board: Technomancer
  + P1 retired: Technomancer
  - P2 hand: Task Mistres
  + P2 board: Task Mistres
  + Dead Pool: Technomancer
End of Turn 30: P1 board 4, P2 board 10, Dead Pool 31
Turn 31 - P1 acts
  - P1 hand: Meat Vegetable
  + P1 board: Meat Vegetable
  - P2 board: Compliance Auditon
  + P2 retired: Compliance Auditon
  + Dead Pool: Compliance Auditon
End of Turn 31: P1 board 5, P2 board 9, Dead Pool 32
Turn 32 - P2 acts
  - P2 hand: Impact Simulant
  + P2 board: Impact Simulant
End of Turn 32: P1 board 5, P2 board 10, Dead Pool 32
Turn 33 - P1 acts
  - P1 hand: Mutt
  + P1 board: Mutt
  - P1 board: Vex, Void Freak
  + P1 retired: Vex, Void Freak
  + Dead Pool: Vex, Vex, Void Freak, Void Freak
End of Turn 33: P1 board 4, P2 board 10, Dead Pool 36
Turn 34 - P2 acts
  - P2 hand: Marine Marauder
  + P2 board: Marine Marauder
End of Turn 34: P1 board 4, P2 board 11, Dead Pool 36
Turn 35 - P1 acts
  - P1 hand: Blood Howler
  + P1 board: Blood Howler
  - P2 board: Sausage Droid
  + P2 retired: Sausage Droid
  + Dead Pool: Sausage Droid
End of Turn 35: P1 board 5, P2 board 10, Dead Pool 37
Turn 36 - P2 acts
  - P2 hand: K-9.0
  + P2 board: K-9.0
End of Turn 36: P1 board 5, P2 board 11, Dead Pool 37
Turn 37 - P1 acts
  - P1 hand: Blood Howler
  + P1 board: Blood Howler
  - P1 board: Voidling
  + P1 retired: Voidling
  - P2 board: Hover Shield
  + P2 retired: Hover Shield
  + Dead Pool: Hover Shield, Voidling, Voidling
End of Turn 37: P1 board 5, P2 board 10, Dead Pool 40
Turn 38 - P2 acts
  - P2 hand: Compliance Auditon
  + P2 board: Compliance Auditon
End of Turn 38: P1 board 5, P2 board 11, Dead Pool 40
Turn 39 - P1 acts
  - P1 hand: Restless Natives
  + P1 board: Restless Natives
End of Turn 39: P1 board 6, P2 board 11, Dead Pool 40
Turn 40 - P2 acts
  - P2 hand: Sentry Node
  + P2 board: Sentry Node
  - P2 board: Dormex Lurker
  + P2 retired: Dormex Lurker
  + Dead Pool: Dormex Lurker, Dormex Lurker
End of Turn 40: P1 board 6, P2 board 11, Dead Pool 42
Turn 41 - P1 acts
  - P1 hand: Restless Natives
  + P1 board: Restless Natives
End of Turn 41: P1 board 7, P2 board 11, Dead Pool 42
Turn 42 - P2 acts
  - P1 board: Mutt
  + P1 retired: Mutt
  - P2 hand: Shield Array Node
  + P2 board: Shield Array Node
  - P2 board: MediFlux-1NDS
  + P2 retired: MediFlux-1NDS
  + Dead Pool: Mutt, MediFlux-1NDS, MediFlux-1NDS
End of Turn 42: P1 board 6, P2 board 11, Dead Pool 45
Turn 43 - P1 acts
  - P1 hand: Käsekobold
  + P1 board: Käsekobold
  - P1 board: Meat Vegetable
  + P1 retired: Meat Vegetable
  + Dead Pool: Meat Vegetable, Meat Vegetable
End of Turn 43: P1 board 6, P2 board 11, Dead Pool 47
Turn 44 - P2 acts
  - P2 hand: Nob Lobber
  + P2 board: Nob Lobber
  - P2 board: Hover Shield, Sentry Node
  + P2 retired: Hover Shield, Sentry Node
  + Dead Pool: Hover Shield, Hover Shield, Sentry Node, Sentry Node
End of Turn 44: P1 board 6, P2 board 10, Dead Pool 51
Turn 45 - P1 acts
  - P1 hand: Krax
  + P1 board: Krax
  - P1 board: Blood Howler, Restless Natives
  + P1 retired: Blood Howler, Restless Natives
  + Dead Pool: Blood Howler, Blood Howler, Restless Natives, Restless Natives
End of Turn 45: P1 board 5, P2 board 10, Dead Pool 55
Turn 46 - P2 acts
  - P2 hand: Target Marker Probe
  + P2 board: Target Marker Probe
End of Turn 46: P1 board 5, P2 board 11, Dead Pool 55
Turn 47 - P1 acts
  - P1 hand: Voidling
  + P1 board: Voidling
  - P1 board: Blood Howler
  + P1 retired: Blood Howler
  + Dead Pool: Blood Howler, Blood Howler
End of Turn 47: P1 board 5, P2 board 11, Dead Pool 57
Turn 48 - P2 acts
  - P2 hand: Bruut Enforcer
  + P2 board: Bruut Enforcer
  - P2 board: Hover Shield
  + P2 retired: Hover Shield
  + Dead Pool: Hover Shield, Hover Shield
End of Turn 48: P1 board 5, P2 board 11, Dead Pool 59
Turn 49 - P1 acts
  - P1 hand: Void Freak
  + P1 board: Void Freak
  - P2 board: Marine Marauder
  + P2 retired: Marine Marauder
  + Dead Pool: Marine Marauder
End of Turn 49: P1 board 6, P2 board 10, Dead Pool 60
Turn 50 - P2 acts
  - P2 hand: Task Mistres
  + P2 board: Task Mistres
End of Turn 50: P1 board 6, P2 board 11, Dead Pool 60
Turn 51 - P1 acts
  - P1 hand: Dragoon
  + P1 board: Dragoon
  - P1 board: Restless Natives
  + P1 retired: Restless Natives
  - P2 board: Task Mistres
  + P2 retired: Task Mistres
  + Dead Pool: Restless Natives, Restless Natives, Task Mistres
End of Turn 51: P1 board 6, P2 board 10, Dead Pool 63
Turn 52 - P2 acts
  - P1 board: Käsekobold
  + P1 retired: Käsekobold
  - P2 hand: K-9.0
  + P2 board: K-9.0
  + Dead Pool: Käsekobold
End of Turn 52: P1 board 5, P2 board 11, Dead Pool 64
Turn 53 - P1 acts
  - P1 hand: Primordial Oozer
  + P1 board: Primordial Oozer
  - P2 board: Task Mistres
  + P2 retired: Task Mistres
  + Dead Pool: Task Mistres
End of Turn 53: P1 board 6, P2 board 10, Dead Pool 65
Turn 54 - P2 acts
  - P2 hand: Killjoy
  + P2 board: Killjoy
  - P2 board: Impact Simulant
  + P2 retired: Impact Simulant
  + Dead Pool: Impact Simulant, Impact Simulant
End of Turn 54: P1 board 6, P2 board 10, Dead Pool 67
Turn 55 - P1 acts
  - P1 hand: Annihilist Overseer
  + P1 board: Annihilist Overseer
  - P1 board: Krax, Void Freak
  + P1 retired: Void Freak, Krax
  - P2 board: Nob Lobber
  + P2 retired: Nob Lobber
  + Dead Pool: Void Freak, Void Freak, Krax, Krax, Nob Lobber
End of Turn 55: P1 board 5, P2 board 9, Dead Pool 72
Turn 56 - P2 acts
  - P2 hand: Sausage Droid
  + P2 board: Sausage Droid
End of Turn 56: P1 board 5, P2 board 10, Dead Pool 72
Turn 57 - P1 acts
  - P1 hand: Voidling
  + P1 board: Voidling
  - P1 board: Annihilist Overseer
  + P1 retired: Annihilist Overseer
  + Dead Pool: Annihilist Overseer, Annihilist Overseer
End of Turn 57: P1 board 5, P2 board 10, Dead Pool 74
Turn 58 - P2 acts
  - P1 board: Voidling
  + P1 retired: Voidling
  - P2 hand: MediFlux-1NDS
  + P2 board: MediFlux-1NDS
  + Dead Pool: Voidling
End of Turn 58: P1 board 4, P2 board 11, Dead Pool 75
Turn 59 - P1 acts
  - P1 hand: Dragoon
  + P1 retired: Dragoon
  + Dead Pool: Dragoon, Dragoon
End of Turn 59: P1 board 4, P2 board 11, Dead Pool 77
Turn 60 - P2 acts
  - P1 board: Primordial Oozer
  + P1 retired: Primordial Oozer
  - P2 hand: Task Mistres
  + P2 board: Task Mistres
  + Dead Pool: Primordial Oozer
End of Turn 60: P1 board 3, P2 board 12, Dead Pool 78
Turn 61 - P1 acts
  - P1 hand: Dragoon
  + P1 board: Dragoon
  - P1 board: Voidling
  + P1 retired: Voidling
  + Dead Pool: Voidling, Voidling
End of Turn 61: P1 board 3, P2 board 12, Dead Pool 80
Turn 62 - P2 acts
  - P1 board: Dragoon
  + P1 retired: Dragoon
  - P2 hand: Target Marker Probe
  + P2 board: Target Marker Probe
  - P2 board: Bruut Enforcer
  + P2 retired: Bruut Enforcer
  + Dead Pool: Dragoon, Bruut Enforcer, Bruut Enforcer
End of Turn 62: P1 board 2, P2 board 12, Dead Pool 83
Turn 63 - P1 acts
  - P1 hand: Dragoon
  + P1 retired: Dragoon
  + Dead Pool: Dragoon, Dragoon
End of Turn 63: P1 board 2, P2 board 12, Dead Pool 85
Turn 64 - P2 acts
  - P2 hand: Marine Marauder
  + P2 board: Marine Marauder
  - P2 board: K-9.0
  + P2 retired: K-9.0
  + Dead Pool: K-9.0, K-9.0
End of Turn 64: P1 board 2, P2 board 12, Dead Pool 87
Turn 65 - P1 acts
  - P1 hand: Käsekobold
  + P1 board: Käsekobold
End of Turn 65: P1 board 3, P2 board 12, Dead Pool 87
Turn 66 - P2 acts
  - P1 board: Dragoon
  + P1 retired: Dragoon
  - P2 hand: K-9.0
  + P2 board: K-9.0
  + Dead Pool: Dragoon
End of Turn 66: P1 board 2, P2 board 13, Dead Pool 88
Turn 67 - P1 acts
  - P1 hand: Technomancer
  + P1 board: Technomancer
  - P1 board: Käsekobold
  + P1 retired: Käsekobold
  + Dead Pool: Käsekobold, Käsekobold
End of Turn 67: P1 board 2, P2 board 13, Dead Pool 90
Turn 68 - P2 acts
  - P2 hand: K-9.0
  + P2 board: K-9.0
  - P2 board: Compliance Auditon
  + P2 retired: Compliance Auditon
  + Dead Pool: Compliance Auditon, Compliance Auditon
End of Turn 68: P1 board 2, P2 board 13, Dead Pool 92
Turn 69 - P1 acts
  - P1 hand: Annihilist Overseer
  + P1 board: Annihilist Overseer
  - P1 board: Technomancer
  + P1 retired: Technomancer
  + Dead Pool: Technomancer, Technomancer
End of Turn 69: P1 board 2, P2 board 13, Dead Pool 94
Turn 70 - P2 acts
  - P2 hand: Shield Array Node
  + P2 board: Shield Array Node
End of Turn 70: P1 board 2, P2 board 14, Dead Pool 94
Turn 71 - P1 acts
  - P1 hand: Restless Natives
  + P1 board: Restless Natives
  - P1 board: Annihilist Overseer
  + P1 retired: Annihilist Overseer
  + Dead Pool: Annihilist Overseer, Annihilist Overseer
End of Turn 71: P1 board 2, P2 board 14, Dead Pool 96
Turn 72 - P2 acts
  - P2 hand: Sentry Node
  + P2 board: Sentry Node
  - P2 board: Shield Array Node
  + P2 retired: Shield Array Node
  + Dead Pool: Shield Array Node, Shield Array Node
End of Turn 72: P1 board 2, P2 board 14, Dead Pool 98
Turn 73 - P1 acts
  - P1 hand: Void Freak
  + P1 board: Void Freak
End of Turn 73: P1 board 3, P2 board 14, Dead Pool 98
Turn 74 - P2 acts
  - P1 board: Restless Natives
  + P1 retired: Restless Natives
  - P2 hand: Dormex Lurker
  + P2 board: Dormex Lurker
  + Dead Pool: Restless Natives
End of Turn 74: P1 board 2, P2 board 15, Dead Pool 99
Turn 75 - P1 acts
  - P1 hand: Meat Vegetable
  + P1 board: Meat Vegetable
  - P2 board: Sentry Node
  + P2 retired: Sentry Node
  + Dead Pool: Sentry Node
End of Turn 75: P1 board 3, P2 board 14, Dead Pool 100
Turn 76 - P2 acts
  - P2 hand: Shield Array Node
  + P2 board: Shield Array Node
End of Turn 76: P1 board 3, P2 board 15, Dead Pool 100
Turn 77 - P1 acts
  - P1 hand: Local Singularity
  + P1 board: Local Singularity
  - P1 board: Void Freak
  + P1 retired: Void Freak
  + Dead Pool: Void Freak, Void Freak
End of Turn 77: P1 board 3, P2 board 15, Dead Pool 102
Turn 78 - P2 acts
  - P2 hand: Sausage Droid
  + P2 board: Sausage Droid
End of Turn 78: P1 board 3, P2 board 16, Dead Pool 102
Turn 79 - P1 acts
  - P1 hand: Blood Howler
  + P1 board: Blood Howler
End of Turn 79: P1 board 4, P2 board 16, Dead Pool 102
Turn 80 - P2 acts
  - P2 hand: Sentry Node
  + P2 board: Sentry Node
  - P2 board: Target Marker Probe
  + P2 retired: Target Marker Probe
  + Dead Pool: Target Marker Probe, Target Marker Probe
End of Turn 80: P1 board 4, P2 board 16, Dead Pool 104
Turn 81 - P1 acts
  - P1 hand: Psychodelic Toad
  + P1 board: Psychodelic Toad
  - P1 board: Meat Vegetable
  + P1 retired: Meat Vegetable
  + Dead Pool: Meat Vegetable, Meat Vegetable
End of Turn 81: P1 board 4, P2 board 16, Dead Pool 106
Turn 82 - P2 acts
  - P2 hand: Dormex Lurker
  + P2 board: Dormex Lurker
End of Turn 82: P1 board 4, P2 board 17, Dead Pool 106
Turn 83 - P1 acts
  - P1 hand: Käsekobold
  + P1 board: Käsekobold
End of Turn 83: P1 board 5, P2 board 17, Dead Pool 106
Turn 84 - P2 acts
  - P2 hand: Sausage Droid
  + P2 board: Sausage Droid
End of Turn 84: P1 board 5, P2 board 18, Dead Pool 106
Turn 85 - P1 acts
  - P1 hand: Krax
  + P1 board: Krax
  - P1 board: Local Singularity, Blood Howler, Psychodelic Toad
  + P1 retired: Psychodelic Toad, Blood Howler, Local Singularity
  + Dead Pool: Psychodelic Toad, Psychodelic Toad, Blood Howler, Blood Howler, Local Singularity, Local Singularity
End of Turn 85: P1 board 3, P2 board 18, Dead Pool 112
Turn 86 - P2 acts
  - P2 hand: Nob Lobber
  + P2 board: Nob Lobber
  - P2 board: Task Mistres
  + P2 retired: Task Mistres
  + Dead Pool: Task Mistres, Task Mistres
End of Turn 86: P1 board 3, P2 board 18, Dead Pool 114
Turn 87 - P1 acts
  - P1 hand: Nives
  + P1 board: Nives
  - P1 board: Käsekobold
  + P1 retired: Käsekobold
  - P2 board: K-9.0
  + P2 retired: K-9.0
  + Dead Pool: Käsekobold, Käsekobold, K-9.0
End of Turn 87: P1 board 3, P2 board 17, Dead Pool 117
Turn 88 - P2 acts
  - P2 hand: Impact Simulant
  + P2 board: Impact Simulant
End of Turn 88: P1 board 3, P2 board 18, Dead Pool 117
Turn 89 - P1 acts
  - P1 hand: Mutt
  + P1 board: Mutt
  - P1 board: Krax
  + P1 retired: Krax
  + Dead Pool: Krax, Krax
End of Turn 89: P1 board 3, P2 board 18, Dead Pool 119
Turn 90 - P2 acts
  - P2 hand: Detainment Probe
  + P2 board: Detainment Probe
End of Turn 90: P1 board 3, P2 board 19, Dead Pool 119
Turn 91 - P1 acts
  - P1 hand: Voidling
  + P1 board: Voidling
  - P1 board: Nives
  + P1 retired: Nives
  + Dead Pool: Nives, Nives
End of Turn 91: P1 board 3, P2 board 19, Dead Pool 121
Turn 92 - P2 acts
  - P2 hand: Detainment Probe
  + P2 board: Detainment Probe
End of Turn 92: P1 board 3, P2 board 20, Dead Pool 121
Turn 93 - P1 acts
  - P1 hand: Primordial Oozer
  + P1 board: Primordial Oozer
End of Turn 93: P1 board 4, P2 board 20, Dead Pool 121
Turn 94 - P2 acts
  - P1 board: Mutt
  + P1 retired: Mutt
  - P2 hand: MediFlux-1NDS
  + P2 board: MediFlux-1NDS
  + Dead Pool: Mutt
End of Turn 94: P1 board 3, P2 board 21, Dead Pool 122
Turn 95 - P1 acts
  - P1 hand: Primordial Oozer
  + P1 board: Primordial Oozer
End of Turn 95: P1 board 4, P2 board 21, Dead Pool 122
Turn 96 - P2 acts
  - P2 hand: Compliance Auditon
  + P2 board: Compliance Auditon
End of Turn 96: P1 board 4, P2 board 22, Dead Pool 122
Turn 97 - P1 acts
  - P1 hand: Krax
  + P1 board: Krax
  - P1 board: Voidling, Primordial Oozer
  + P1 retired: Voidling, Primordial Oozer
  + Dead Pool: Voidling, Voidling, Primordial Oozer, Primordial Oozer
End of Turn 97: P1 board 3, P2 board 22, Dead Pool 126
Turn 98 - P2 acts
  - P2 hand: Nob Lobber
  + P2 board: Nob Lobber
  - P2 board: Killjoy
  + P2 retired: Killjoy
  + Dead Pool: Killjoy, Killjoy
End of Turn 98: P1 board 3, P2 board 22, Dead Pool 128
Turn 99 - P1 acts
  - P1 hand: Restless Natives
  + P1 board: Restless Natives
End of Turn 99: P1 board 4, P2 board 22, Dead Pool 128
Turn 100 - P2 acts
  - P1 board: Primordial Oozer
  + P1 retired: Primordial Oozer
  - P2 hand: Killjoy
  + P2 board: Killjoy
  - P2 board: Sausage Droid
  + P2 retired: Sausage Droid
  + Dead Pool: Sausage Droid, Sausage Droid, Primordial Oozer
End of Turn 100: P1 board 3, P2 board 22, Dead Pool 131
Turn 101 - P1 acts
  - P1 hand: Käsekobold
  + P1 board: Käsekobold
  - P2 board: MediFlux-1NDS
  + P2 retired: MediFlux-1NDS
  + Dead Pool: MediFlux-1NDS
End of Turn 101: P1 board 4, P2 board 21, Dead Pool 132
Turn 102 - P2 acts
  - P2 hand: Bruut Enforcer
  + P2 board: Bruut Enforcer
  - P2 board: Task Mistres
  + P2 retired: Task Mistres
  + Dead Pool: Task Mistres, Task Mistres
End of Turn 102: P1 board 4, P2 board 21, Dead Pool 134
Turn 103 - P1 acts
  - P1 hand: Annihilist Overseer
  + P1 board: Annihilist Overseer
  - P1 board: Krax
  + P1 retired: Krax
  + Dead Pool: Krax, Krax
End of Turn 103: P1 board 4, P2 board 21, Dead Pool 136
Turn 104 - P2 acts
  - P1 board: Restless Natives
  + P1 retired: Restless Natives
  - P2 hand: Marine Marauder
  + P2 board: Marine Marauder
  + Dead Pool: Restless Natives
End of Turn 104: P1 board 3, P2 board 22, Dead Pool 137
Turn 105 - P1 acts
  - P1 hand: Local Singularity
  + P1 board: Local Singularity
  - P1 board: Annihilist Overseer
  + P1 retired: Annihilist Overseer
  + Dead Pool: Annihilist Overseer, Annihilist Overseer
End of Turn 105: P1 board 3, P2 board 22, Dead Pool 139
Turn 106 - P2 acts
  - P2 hand: Impact Simulant
  + P2 board: Impact Simulant
End of Turn 106: P1 board 3, P2 board 23, Dead Pool 139
Turn 107 - P1 acts
  - P1 hand: Krax
  + P1 board: Krax
  - P1 board: Käsekobold, Local Singularity
  + P1 retired: Käsekobold, Local Singularity
  + Dead Pool: Käsekobold, Käsekobold, Local Singularity, Local Singularity
End of Turn 107: P1 board 2, P2 board 23, Dead Pool 143
Result: winner P1 | turns 107
Retired: P1 53, P2 31, Dead Pool 143

=== Game seed 11113 ===
Starting: P1 faction PCU vs P2 faction NARC
Turn 1 - P1 acts
  - P1 hand: Primordial Oozer
  + P1 board: Primordial Oozer
End of Turn 1: P1 board 2, P2 board 1, Dead Pool 0
Turn 2 - P2 acts
  - P2 hand: Impact Simulant
  + P2 board: Impact Simulant
End of Turn 2: P1 board 2, P2 board 2, Dead Pool 0
Turn 3 - P1 acts
  - P1 hand: Primordial Oozer
  + P1 board: Primordial Oozer
End of Turn 3: P1 board 3, P2 board 2, Dead Pool 0
Turn 4 - P2 acts
  - P2 hand: Compliance Auditon
  + P2 board: Compliance Auditon
End of Turn 4: P1 board 3, P2 board 3, Dead Pool 0
Turn 5 - P1 acts
  - P1 hand: Meat Vegetable
  + P1 board: Meat Vegetable
End of Turn 5: P1 board 4, P2 board 3, Dead Pool 0
Turn 6 - P2 acts
  - P2 hand: Dormex Lurker
  + P2 board: Dormex Lurker
End of Turn 6: P1 board 4, P2 board 4, Dead Pool 0
Turn 7 - P1 acts
  - P1 hand: Void Freak
  + P1 board: Void Freak
  - P1 board: Primordial Oozer
  + P1 retired: Primordial Oozer
  - P2 board: Impact Simulant
  + P2 retired: Impact Simulant
  + Dead Pool: Primordial Oozer, Primordial Oozer, Impact Simulant
End of Turn 7: P1 board 4, P2 board 3, Dead Pool 3
Turn 8 - P2 acts
  - P2 hand: Hover Shield
  + P2 board: Hover Shield
End of Turn 8: P1 board 4, P2 board 4, Dead Pool 3
Turn 9 - P1 acts
  - P1 hand: Käsekobold
  + P1 board: Käsekobold
  - P2 board: Compliance Auditon
  + P2 retired: Compliance Auditon
  + Dead Pool: Compliance Auditon
End of Turn 9: P1 board 5, P2 board 3, Dead Pool 4
Turn 10 - P2 acts
  - P2 hand: Compliance Auditon
  + P2 board: Compliance Auditon
End of Turn 10: P1 board 5, P2 board 4, Dead Pool 4
Turn 11 - P1 acts
  - P1 hand: Restless Natives
  + P1 board: Restless Natives
  - P1 board: Primordial Oozer
  + P1 retired: Primordial Oozer
  - P2 board: Dormex Lurker
  + P2 retired: Dormex Lurker
  + Dead Pool: Primordial Oozer, Primordial Oozer, Dormex Lurker
End of Turn 11: P1 board 5, P2 board 3, Dead Pool 7
Turn 12 - P2 acts
  - P2 hand: MediFlux-1NDS
  + P2 board: MediFlux-1NDS
End of Turn 12: P1 board 5, P2 board 4, Dead Pool 7
Turn 13 - P1 acts
  - P1 hand: Käsekobold
  + P1 board: Käsekobold
  - P2 board: Hover Shield
  + P2 retired: Hover Shield
  + Dead Pool: Hover Shield
End of Turn 13: P1 board 6, P2 board 3, Dead Pool 8
Turn 14 - P2 acts
  - P2 hand: K-9.0
  + P2 board: K-9.0
End of Turn 14: P1 board 6, P2 board 4, Dead Pool 8
Turn 15 - P1 acts
  - P1 hand: Restless Natives
  + P1 board: Restless Natives
  - P1 board: Void Freak
  + P1 retired: Void Freak
  - P2 board: Compliance Auditon
  + P2 retired: Compliance Auditon
  + Dead Pool: Compliance Auditon, Void Freak, Void Freak
End of Turn 15: P1 board 6, P2 board 3, Dead Pool 11
Turn 16 - P2 acts
  - P2 hand: Task Mistres
  + P2 board: Task Mistres
End of Turn 16: P1 board 6, P2 board 4, Dead Pool 11
Turn 17 - P1 acts
  - P1 hand: Voidling
  + P1 board: Voidling
  - P1 board: Meat Vegetable
  + P1 retired: Meat Vegetable
  + Dead Pool: Meat Vegetable, Meat Vegetable
End of Turn 17: P1 board 6, P2 board 4, Dead Pool 13
Turn 18 - P2 acts
  - P2 hand: Target Marker Probe
  + P2 board: Target Marker Probe
End of Turn 18: P1 board 6, P2 board 5, Dead Pool 13
Turn 19 - P1 acts
  - P1 hand: Nives
  + P1 board: Nives
  - P1 board: Käsekobold
  + P1 retired: Käsekobold
  - P2 board: MediFlux-1NDS
  + P2 retired: MediFlux-1NDS
  + Dead Pool: Käsekobold, Käsekobold, MediFlux-1NDS
End of Turn 19: P1 board 6, P2 board 4, Dead Pool 16
Turn 20 - P2 acts
  - P2 hand: Hover Shield
  + P2 board: Hover Shield
End of Turn 20: P1 board 6, P2 board 5, Dead Pool 16
Turn 21 - P1 acts
  - P1 hand: Blood Howler
  + P1 board: Blood Howler
  - P1 board: Restless Natives
  + P1 retired: Restless Natives
  - P2 board: K-9.0
  + P2 retired: K-9.0
  + Dead Pool: Restless Natives, Restless Natives, K-9.0
End of Turn 21: P1 board 6, P2 board 4, Dead Pool 19
Turn 22 - P2 acts
  - P2 hand: Marine Marauder
  + P2 board: Marine Marauder
End of Turn 22: P1 board 6, P2 board 5, Dead Pool 19
Turn 23 - P1 acts
  - P1 hand: Void Freak
  + P1 board: Void Freak
  - P2 board: Task Mistres
  + P2 retired: Task Mistres
  + Dead Pool: Task Mistres
End of Turn 23: P1 board 7, P2 board 4, Dead Pool 20
Turn 24 - P2 acts
  - P2 hand: K-9.0
  + P2 board: K-9.0
End of Turn 24: P1 board 7, P2 board 5, Dead Pool 20
Turn 25 - P1 acts
  - P1 hand: Meat Vegetable
  + P1 board: Meat Vegetable
  - P2 board: Target Marker Probe
  + P2 retired: Target Marker Probe
  + Dead Pool: Target Marker Probe
End of Turn 25: P1 board 8, P2 board 4, Dead Pool 21
Turn 26 - P2 acts
  - P2 hand: Sausage Droid
  + P2 board: Sausage Droid
End of Turn 26: P1 board 8, P2 board 5, Dead Pool 21
Turn 27 - P1 acts
  - P1 hand: Käsekobold
  + P1 board: Käsekobold
  - P2 board: Marine Marauder
  + P2 retired: Marine Marauder
  + Dead Pool: Marine Marauder
End of Turn 27: P1 board 9, P2 board 4, Dead Pool 22
Turn 28 - P2 acts
  - P2 hand: K-9.0
  + P2 board: K-9.0
End of Turn 28: P1 board 9, P2 board 5, Dead Pool 22
Turn 29 - P1 acts
  - P1 hand: Mutt
  + P1 board: Mutt
  - P1 board: Käsekobold
  + P1 retired: Käsekobold
  - P2 board: Hover Shield
  + P2 retired: Hover Shield
  + Dead Pool: Hover Shield, Käsekobold, Käsekobold
End of Turn 29: P1 board 9, P2 board 4, Dead Pool 25
Turn 30 - P2 acts
  - P1 board: Void Freak
  + P1 retired: Void Freak
  - P2 hand: Bruut Enforcer
  + P2 board: Bruut Enforcer
  - P2 board: K-9.0
  + P2 retired: K-9.0
  + Dead Pool: Void Freak, K-9.0, K-9.0
End of Turn 30: P1 board 8, P2 board 4, Dead Pool 28
Turn 31 - P1 acts
  - P1 hand: Local Singularity
  + P1 board: Local Singularity
  - P1 board: Restless Natives
  + P1 retired: Restless Natives
  + Dead Pool: Restless Natives, Restless Natives
End of Turn 31: P1 board 8, P2 board 4, Dead Pool 30
Turn 32 - P2 acts
  - P2 hand: Marine Marauder
  + P2 board: Marine Marauder
  - P2 board: Sausage Droid
  + P2 retired: Sausage Droid
  + Dead Pool: Sausage Droid, Sausage Droid
End of Turn 32: P1 board 8, P2 board 4, Dead Pool 32
Turn 33 - P1 acts
  - P1 hand: Nives
  + P1 board: Nives
  - P1 board: Voidling
  + P1 retired: Voidling
  + Dead Pool: Voidling, Voidling
End of Turn 33: P1 board 8, P2 board 4, Dead Pool 34
Turn 34 - P2 acts
  - P2 hand: Shield Array Node
  + P2 board: Shield Array Node
  - P2 board: Bruut Enforcer
  + P2 retired: Bruut Enforcer
  + Dead Pool: Bruut Enforcer, Bruut Enforcer
End of Turn 34: P1 board 8, P2 board 4, Dead Pool 36
Turn 35 - P1 acts
  - P1 hand: Vex
  + P1 board: Vex
  - P1 board: Nives
  + P1 retired: Nives
  - P2 board: K-9.0
  + P2 retired: K-9.0
  + Dead Pool: K-9.0, Nives, Nives
End of Turn 35: P1 board 8, P2 board 3, Dead Pool 39
Turn 36 - P2 acts
  - P2 hand: Task Mistres
  + P2 board: Task Mistres
End of Turn 36: P1 board 8, P2 board 4, Dead Pool 39
Turn 37 - P1 acts
  - P1 hand: Restless Natives
  + P1 board: Restless Natives
  - P1 board: Blood Howler
  + P1 retired: Blood Howler
  - P2 board: Marine Marauder
  + P2 retired: Marine Marauder
  + Dead Pool: Marine Marauder, Blood Howler, Blood Howler
End of Turn 37: P1 board 8, P2 board 3, Dead Pool 42
Turn 38 - P2 acts
  - P2 hand: K-9.0
  + P2 board: K-9.0
End of Turn 38: P1 board 8, P2 board 4, Dead Pool 42
Turn 39 - P1 acts
  - P1 hand: Void Freak
  + P1 board: Void Freak
  - P2 board: Shield Array Node
  + P2 retired: Shield Array Node
  + Dead Pool: Shield Array Node
End of Turn 39: P1 board 9, P2 board 3, Dead Pool 43
Turn 40 - P2 acts
  - P2 hand: Detainment Probe
  + P2 board: Detainment Probe
End of Turn 40: P1 board 9, P2 board 4, Dead Pool 43
Turn 41 - P1 acts
  - P1 hand: Nives
  + P1 board: Nives
  - P1 board: Meat Vegetable
  + P1 retired: Meat Vegetable
  - P2 board: Task Mistres
  + P2 retired: Task Mistres
  + Dead Pool: Meat Vegetable, Meat Vegetable, Task Mistres
End of Turn 41: P1 board 9, P2 board 3, Dead Pool 46
Turn 42 - P2 acts
  - P2 hand: Killjoy
  + P2 board: Killjoy
  - P2 board: K-9.0
  + P2 retired: K-9.0
  + Dead Pool: K-9.0, K-9.0
End of Turn 42: P1 board 9, P2 board 3, Dead Pool 48
Turn 43 - P1 acts
  - P1 hand: Void Freak
  + P1 board: Void Freak
  - P2 board: Detainment Probe
  + P2 retired: Detainment Probe
  + Dead Pool: Detainment Probe
End of Turn 43: P1 board 10, P2 board 2, Dead Pool 49
Turn 44 - P2 acts
  - P2 hand: Sentry Node
  + P2 board: Sentry Node
  - P2 board: Killjoy
  + P2 retired: Killjoy
  + Dead Pool: Killjoy, Killjoy
End of Turn 44: P1 board 10, P2 board 2, Dead Pool 51
Turn 45 - P1 acts
  - P1 hand: Technomancer
  + P1 board: Technomancer
  - P1 board: Käsekobold
  + P1 retired: Käsekobold
  + Dead Pool: Käsekobold, Käsekobold
End of Turn 45: P1 board 10, P2 board 2, Dead Pool 53
Turn 46 - P2 acts
  - P1 board: Void Freak
  + P1 retired: Void Freak
  - P2 hand: Task Mistres
  + P2 board: Task Mistres
  - P2 board: Sentry Node
  + P2 retired: Sentry Node
  + Dead Pool: Void Freak, Sentry Node, Sentry Node
End of Turn 46: P1 board 9, P2 board 2, Dead Pool 56
Turn 47 - P1 acts
  - P1 hand: Dragoon
  + P1 board: Dragoon
  - P1 board: Mutt
  + P1 retired: Mutt
  - P2 board: Lokar Simmons
  + P2 retired: Lokar Simmons
  + Dead Pool: Mutt, Mutt, Lokar Simmons
Result: winner P1 | turns 46
Retired: P1 16, P2 23, Dead Pool 59

=== Game seed 11114 ===
Starting: P1 faction PCU vs P2 faction NARC
Turn 1 - P1 acts
  - P1 hand: Käsekobold
  + P1 board: Käsekobold
End of Turn 1: P1 board 2, P2 board 1, Dead Pool 0
Turn 2 - P2 acts
  - P2 hand: Dormex Lurker
  + P2 board: Dormex Lurker
End of Turn 2: P1 board 2, P2 board 2, Dead Pool 0
Turn 3 - P1 acts
  - P1 hand: Local Singularity
  + P1 board: Local Singularity
End of Turn 3: P1 board 3, P2 board 2, Dead Pool 0
Turn 4 - P2 acts
  - P1 board: Käsekobold
  + P1 retired: Käsekobold
  - P2 hand: Hover Shield
  + P2 board: Hover Shield
  + Dead Pool: Käsekobold
End of Turn 4: P1 board 2, P2 board 3, Dead Pool 1
Turn 5 - P1 acts
  - P1 hand: Käsekobold
  + P1 board: Käsekobold
End of Turn 5: P1 board 3, P2 board 3, Dead Pool 1
Turn 6 - P2 acts
  - P2 hand: Task Mistres
  + P2 board: Task Mistres
  - P2 board: Dormex Lurker
  + P2 retired: Dormex Lurker
  + Dead Pool: Dormex Lurker, Dormex Lurker
End of Turn 6: P1 board 3, P2 board 3, Dead Pool 3
Turn 7 - P1 acts
  - P1 hand: Käsekobold
  + P1 board: Käsekobold
  - P1 board: Local Singularity
  + P1 retired: Local Singularity
  + Dead Pool: Local Singularity, Local Singularity
End of Turn 7: P1 board 3, P2 board 3, Dead Pool 5
Turn 8 - P2 acts
  - P2 hand: Hover Shield
  + P2 board: Hover Shield
End of Turn 8: P1 board 3, P2 board 4, Dead Pool 5
Turn 9 - P1 acts
  - P1 hand: Voidling
  + P1 board: Voidling
  - P1 board: Käsekobold
  + P1 retired: Käsekobold
  + Dead Pool: Käsekobold, Käsekobold
End of Turn 9: P1 board 3, P2 board 4, Dead Pool 7
Turn 10 - P2 acts
  - P2 hand: K-9.0
  + P2 board: K-9.0
  - P2 board: Hover Shield
  + P2 retired: Hover Shield
  + Dead Pool: Hover Shield, Hover Shield
End of Turn 10: P1 board 3, P2 board 4, Dead Pool 9
Turn 11 - P1 acts
  - P1 hand: Nives
  + P1 board: Nives
  - P1 board: Käsekobold
  + P1 retired: Käsekobold
  + Dead Pool: Käsekobold, Käsekobold
End of Turn 11: P1 board 3, P2 board 4, Dead Pool 11
Turn 12 - P2 acts
  - P2 hand: Compliance Auditon
  + P2 board: Compliance Auditon
End of Turn 12: P1 board 3, P2 board 5, Dead Pool 11
Turn 13 - P1 acts
  - P1 hand: Vex
  + P1 board: Vex
  - P1 board: Voidling
  + P1 retired: Voidling
  + Dead Pool: Voidling, Voidling
End of Turn 13: P1 board 3, P2 board 5, Dead Pool 13
Turn 14 - P2 acts
  - P2 hand: K-9.0
  + P2 board: K-9.0
  - P2 board: Task Mistres
  + P2 retired: Task Mistres
  + Dead Pool: Task Mistres, Task Mistres
End of Turn 14: P1 board 3, P2 board 5, Dead Pool 15
Turn 15 - P1 acts
  - P1 hand: Mutt
  + P1 board: Mutt
  - P1 board: Nives
  + P1 retired: Nives
  + Dead Pool: Nives, Nives
End of Turn 15: P1 board 3, P2 board 5, Dead Pool 17
Turn 16 - P2 acts
  - P2 hand: Impact Simulant
  + P2 board: Impact Simulant
End of Turn 16: P1 board 3, P2 board 6, Dead Pool 17
Turn 17 - P1 acts
  - P1 hand: Technomancer
  + P1 board: Technomancer
  - P1 board: Vex
  + P1 retired: Vex
  + Dead Pool: Vex, Vex
End of Turn 17: P1 board 3, P2 board 6, Dead Pool 19
Turn 18 - P2 acts
  - P2 hand: Marine Marauder
  + P2 board: Marine Marauder
End of Turn 18: P1 board 3, P2 board 7, Dead Pool 19
Turn 19 - P1 acts
  - P1 hand: Blood Howler
  + P1 board: Blood Howler
  - P1 board: Mutt
  + P1 retired: Mutt
  + Dead Pool: Mutt, Mutt
End of Turn 19: P1 board 3, P2 board 7, Dead Pool 21
Turn 20 - P2 acts
  - P2 hand: Marine Marauder
  + P2 board: Marine Marauder
  - P2 board: Hover Shield
  + P2 retired: Hover Shield
  + Dead Pool: Hover Shield, Hover Shield
End of Turn 20: P1 board 3, P2 board 7, Dead Pool 23
Turn 21 - P1 acts
  - P1 hand: Meat Vegetable
  + P1 board: Meat Vegetable
End of Turn 21: P1 board 4, P2 board 7, Dead Pool 23
Turn 22 - P2 acts
  - P2 hand: Task Mistres
  + P2 board: Task Mistres
End of Turn 22: P1 board 4, P2 board 8, Dead Pool 23
Turn 23 - P1 acts
  - P1 hand: Annihilist Overseer
  + P1 board: Annihilist Overseer
  - P1 board: Technomancer
  + P1 retired: Technomancer
  + Dead Pool: Technomancer, Technomancer
End of Turn 23: P1 board 4, P2 board 8, Dead Pool 25
Turn 24 - P2 acts
  - P2 hand: Compliance Auditon
  + P2 board: Compliance Auditon
End of Turn 24: P1 board 4, P2 board 9, Dead Pool 25
Turn 25 - P1 acts
  - P1 hand: Technomancer
  + P1 board: Technomancer
  - P1 board: Blood Howler, Annihilist Overseer
  + P1 retired: Blood Howler, Annihilist Overseer
  + Dead Pool: Blood Howler, Blood Howler, Annihilist Overseer, Annihilist Overseer
End of Turn 25: P1 board 3, P2 board 9, Dead Pool 29
Turn 26 - P2 acts
  - P2 hand: Target Marker Probe
  + P2 board: Target Marker Probe
End of Turn 26: P1 board 3, P2 board 10, Dead Pool 29
Turn 27 - P1 acts
  - P1 hand: Voidling
  + P1 board: Voidling
End of Turn 27: P1 board 4, P2 board 10, Dead Pool 29
Turn 28 - P2 acts
  - P1 board: Meat Vegetable
  + P1 retired: Meat Vegetable
  - P2 hand: MediFlux-1NDS
  + P2 board: MediFlux-1NDS
  + Dead Pool: Meat Vegetable
End of Turn 28: P1 board 3, P2 board 11, Dead Pool 30
Turn 29 - P1 acts
  - P1 hand: Krax
  + P1 board: Krax
  - P1 board: Technomancer
  + P1 retired: Technomancer
  + Dead Pool: Technomancer, Technomancer
End of Turn 29: P1 board 3, P2 board 11, Dead Pool 32
Turn 30 - P2 acts
  - P2 hand: Sentry Node
  + P2 board: Sentry Node
  - P2 board: K-9.0
  + P2 retired: K-9.0
  + Dead Pool: K-9.0, K-9.0
End of Turn 30: P1 board 3, P2 board 11, Dead Pool 34
Turn 31 - P1 acts
  - P1 hand: Psychodelic Toad
  + P1 board: Psychodelic Toad
  - P1 board: Voidling
  + P1 retired: Voidling
  - P2 board: Compliance Auditon
  + P2 retired: Compliance Auditon
  + Dead Pool: Voidling, Voidling, Compliance Auditon
End of Turn 31: P1 board 3, P2 board 10, Dead Pool 37
Turn 32 - P2 acts
  - P2 hand: Hover Shield
  + P2 board: Hover Shield
End of Turn 32: P1 board 3, P2 board 11, Dead Pool 37
Turn 33 - P1 acts
  - P1 hand: Dragoon
  + P1 board: Dragoon
  - P1 board: Krax, Psychodelic Toad
  + P1 retired: Krax, Psychodelic Toad
  + Dead Pool: Krax, Krax, Psychodelic Toad, Psychodelic Toad
End of Turn 33: P1 board 2, P2 board 11, Dead Pool 41
Turn 34 - P2 acts
  - P2 hand: Impact Simulant
  + P2 board: Impact Simulant
End of Turn 34: P1 board 2, P2 board 12, Dead Pool 41
Turn 35 - P1 acts
  - P1 hand: Krax
  + P1 board: Krax
  - P1 board: Grim, Dragoon
  + P1 retired: Dragoon, Grim
  + Dead Pool: Dragoon, Dragoon, Grim
Result: winner P2 | turns 34
Retired: P1 18, P2 6, Dead Pool 44

=== Game seed 11115 ===
Starting: P1 faction PCU vs P2 faction NARC
Turn 1 - P1 acts
  - P1 hand: Void Freak
  + P1 board: Void Freak
End of Turn 1: P1 board 2, P2 board 1, Dead Pool 0
Turn 2 - P2 acts
  - P2 hand: Compliance Auditon
  + P2 board: Compliance Auditon
End of Turn 2: P1 board 2, P2 board 2, Dead Pool 0
Turn 3 - P1 acts
  - P1 hand: Käsekobold
  + P1 board: Käsekobold
  - P2 board: Lokar Simmons
  + P2 retired: Lokar Simmons
  + Dead Pool: Lokar Simmons
Result: winner P1 | turns 2
Retired: P1 0, P2 1, Dead Pool 1

=== Game seed 11116 ===
Starting: P1 faction PCU vs P2 faction NARC
Turn 1 - P2 acts
  - P2 hand: Impact Simulant
  + P2 board: Impact Simulant
End of Turn 1: P1 board 1, P2 board 2, Dead Pool 0
Turn 2 - P1 acts
  - P1 hand: Primordial Oozer
  + P1 board: Primordial Oozer
End of Turn 2: P1 board 2, P2 board 2, Dead Pool 0
Turn 3 - P2 acts
  - P2 hand: Sausage Droid
  + P2 board: Sausage Droid
End of Turn 3: P1 board 2, P2 board 3, Dead Pool 0
Turn 4 - P1 acts
  - P1 hand: Meat Vegetable
  + P1 board: Meat Vegetable
End of Turn 4: P1 board 3, P2 board 3, Dead Pool 0
Turn 5 - P2 acts
  - P2 hand: Shield Array Node
  + P2 board: Shield Array Node
End of Turn 5: P1 board 3, P2 board 4, Dead Pool 0
Turn 6 - P1 acts
  - P1 hand: Restless Natives
  + P1 board: Restless Natives
  - P1 board: Primordial Oozer
  + P1 retired: Primordial Oozer
  + Dead Pool: Primordial Oozer, Primordial Oozer
End of Turn 6: P1 board 3, P2 board 4, Dead Pool 2
Turn 7 - P2 acts
  - P2 hand: Dormex Lurker
  + P2 board: Dormex Lurker
  - P2 board: Impact Simulant
  + P2 retired: Impact Simulant
  + Dead Pool: Impact Simulant, Impact Simulant
End of Turn 7: P1 board 3, P2 board 4, Dead Pool 4
Turn 8 - P1 acts
  - P1 hand: Void Freak
  + P1 board: Void Freak
End of Turn 8: P1 board 4, P2 board 4, Dead Pool 4
Turn 9 - P2 acts
  - P2 hand: Hover Shield
  + P2 board: Hover Shield
End of Turn 9: P1 board 4, P2 board 5, Dead Pool 4
Turn 10 - P1 acts
  - P1 hand: Blood Howler
  + P1 board: Blood Howler
  - P2 board: Sausage Droid
  + P2 retired: Sausage Droid
  + Dead Pool: Sausage Droid
End of Turn 10: P1 board 5, P2 board 4, Dead Pool 5
Turn 11 - P2 acts
  - P2 hand: Task Mistres
  + P2 board: Task Mistres
End of Turn 11: P1 board 5, P2 board 5, Dead Pool 5
Turn 12 - P1 acts
  - P1 hand: Käsekobold
  + P1 board: Käsekobold
  - P2 board: Shield Array Node
  + P2 retired: Shield Array Node
  + Dead Pool: Shield Array Node
End of Turn 12: P1 board 6, P2 board 4, Dead Pool 6
Turn 13 - P2 acts
  - P1 board: Restless Natives
  + P1 retired: Restless Natives
  - P2 hand: Marine Marauder
  + P2 board: Marine Marauder
  + Dead Pool: Restless Natives
End of Turn 13: P1 board 5, P2 board 5, Dead Pool 7
Turn 14 - P1 acts
  - P1 hand: Voidling
  + P1 board: Voidling
  - P1 board: Meat Vegetable, Void Freak
  + P1 retired: Meat Vegetable, Void Freak
  - P2 board: Dormex Lurker
  + P2 retired: Dormex Lurker
  + Dead Pool: Meat Vegetable, Meat Vegetable, Void Freak, Void Freak, Void Freak, Dormex Lurker
End of Turn 14: P1 board 4, P2 board 4, Dead Pool 13
Turn 15 - P2 acts
  - P2 hand: K-9.0
  + P2 board: K-9.0
End of Turn 15: P1 board 4, P2 board 5, Dead Pool 13
Turn 16 - P1 acts
  - P1 hand: Blood Howler
  + P1 board: Blood Howler
  - P2 board: Hover Shield
  + P2 retired: Hover Shield
  + Dead Pool: Hover Shield
End of Turn 16: P1 board 5, P2 board 4, Dead Pool 14
Turn 17 - P2 acts
  - P2 hand: Sentry Node
  + P2 board: Sentry Node
  - P2 board: Task Mistres
  + P2 retired: Task Mistres
  + Dead Pool: Task Mistres, Task Mistres
End of Turn 17: P1 board 5, P2 board 4, Dead Pool 16
Turn 18 - P1 acts
  - P1 hand: Void Freak
  + P1 board: Void Freak
End of Turn 18: P1 board 6, P2 board 4, Dead Pool 16
Turn 19 - P2 acts
  - P1 board: Blood Howler
  + P1 retired: Blood Howler
  - P2 hand: Compliance Auditon
  + P2 board: Compliance Auditon
  + Dead Pool: Blood Howler
End of Turn 19: P1 board 5, P2 board 5, Dead Pool 17
Turn 20 - P1 acts
  - P1 hand: Voidling
  + P1 board: Voidling
  - P2 board: Sentry Node
  + P2 retired: Sentry Node
  + Dead Pool: Sentry Node
End of Turn 20: P1 board 6, P2 board 4, Dead Pool 18
Turn 21 - P2 acts
  - P2 hand: Killjoy
  + P2 board: Killjoy
  - P2 board: Marine Marauder
  + P2 retired: Marine Marauder
  + Dead Pool: Marine Marauder, Marine Marauder
End of Turn 21: P1 board 6, P2 board 4, Dead Pool 20
Turn 22 - P1 acts
  - P1 hand: Voidling
  + P1 board: Voidling
  - P1 board: Käsekobold
  + P1 retired: Käsekobold
  - P2 board: K-9.0
  + P2 retired: K-9.0
  + Dead Pool: Käsekobold, Käsekobold, K-9.0
End of Turn 22: P1 board 6, P2 board 3, Dead Pool 23
Turn 23 - P2 acts
  - P2 hand: Detainment Probe
  + P2 board: Detainment Probe
End of Turn 23: P1 board 6, P2 board 4, Dead Pool 23
Turn 24 - P1 acts
  - P1 hand: Technomancer
  + P1 board: Technomancer
  - P1 board: Voidling, Void Freak
  + P1 retired: Void Freak, Voidling
  - P2 board: Killjoy
  + P2 retired: Killjoy
  + Dead Pool: Void Freak, Void Freak, Voidling, Voidling, Killjoy
End of Turn 24: P1 board 5, P2 board 3, Dead Pool 28
Turn 25 - P2 acts
  - P2 hand: Impact Simulant
  + P2 board: Impact Simulant
End of Turn 25: P1 board 5, P2 board 4, Dead Pool 28
Turn 26 - P1 acts
  - P1 hand: Blood Howler
  + P1 board: Blood Howler
End of Turn 26: P1 board 6, P2 board 4, Dead Pool 28
Turn 27 - P2 acts
  - P2 hand: MediFlux-1NDS
  + P2 board: MediFlux-1NDS
End of Turn 27: P1 board 6, P2 board 5, Dead Pool 28
Turn 28 - P1 acts
  - P1 hand: Void Freak
  + P1 board: Void Freak
End of Turn 28: P1 board 7, P2 board 5, Dead Pool 28
Turn 29 - P2 acts
  - P2 hand: Hover Shield
  + P2 board: Hover Shield
  - P2 board: Compliance Auditon
  + P2 retired: Compliance Auditon
  + Dead Pool: Compliance Auditon, Compliance Auditon
End of Turn 29: P1 board 7, P2 board 5, Dead Pool 30
Turn 30 - P1 acts
  - P1 hand: Restless Natives
  + P1 board: Restless Natives
  - P2 board: Detainment Probe
  + P2 retired: Detainment Probe
  + Dead Pool: Detainment Probe
End of Turn 30: P1 board 8, P2 board 4, Dead Pool 31
Turn 31 - P2 acts
  - P2 hand: K-9.0
  + P2 board: K-9.0
End of Turn 31: P1 board 8, P2 board 5, Dead Pool 31
Turn 32 - P1 acts
  - P1 hand: Technomancer
  + P1 board: Technomancer
  - P1 board: Blood Howler
  + P1 retired: Blood Howler
  - P2 board: Impact Simulant
  + P2 retired: Impact Simulant
  + Dead Pool: Impact Simulant, Blood Howler, Blood Howler
End of Turn 32: P1 board 8, P2 board 4, Dead Pool 34
Turn 33 - P2 acts
  - P2 hand: Compliance Auditon
  + P2 board: Compliance Auditon
End of Turn 33: P1 board 8, P2 board 5, Dead Pool 34
Turn 34 - P1 acts
  - P1 hand: Annihilist Overseer
  + P1 board: Annihilist Overseer
  - P1 board: Voidling
  + P1 retired: Voidling
  - P2 board: MediFlux-1NDS
  + P2 retired: MediFlux-1NDS
  + Dead Pool: Voidling, Voidling, MediFlux-1NDS
End of Turn 34: P1 board 8, P2 board 4, Dead Pool 37
Turn 35 - P2 acts
  - P2 hand: Shield Array Node
  + P2 board: Shield Array Node
End of Turn 35: P1 board 8, P2 board 5, Dead Pool 37
Turn 36 - P1 acts
  - P1 hand: Void Freak
  + P1 board: Void Freak
  - P1 board: Annihilist Overseer
  + P1 retired: Annihilist Overseer
  + Dead Pool: Annihilist Overseer, Annihilist Overseer
End of Turn 36: P1 board 8, P2 board 5, Dead Pool 39
Turn 37 - P2 acts
  - P2 hand: Impact Simulant
  + P2 board: Impact Simulant
End of Turn 37: P1 board 8, P2 board 6, Dead Pool 39
Turn 38 - P1 acts
  - P1 hand: Mutt
  + P1 board: Mutt
  - P1 board: Voidling, Void Freak
  + P1 retired: Void Freak, Voidling
  - P2 board: Hover Shield
  + P2 retired: Hover Shield
  + Dead Pool: Void Freak, Void Freak, Hover Shield, Voidling, Voidling
End of Turn 38: P1 board 7, P2 board 5, Dead Pool 44
Turn 39 - P2 acts
  - P2 hand: MediFlux-1NDS
  + P2 board: MediFlux-1NDS
End of Turn 39: P1 board 7, P2 board 6, Dead Pool 44
Turn 40 - P1 acts
  - P1 hand: Voidling
  + P1 board: Voidling
  - P2 board: K-9.0
  + P2 retired: K-9.0
  + Dead Pool: K-9.0
End of Turn 40: P1 board 8, P2 board 5, Dead Pool 45
Turn 41 - P2 acts
  - P2 hand: Detainment Probe
  + P2 board: Detainment Probe
End of Turn 41: P1 board 8, P2 board 6, Dead Pool 45
Turn 42 - P1 acts
  - P1 hand: Psychodelic Toad
  + P1 board: Psychodelic Toad
  - P1 board: Technomancer
  + P1 retired: Technomancer
  - P2 board: Compliance Auditon
  + P2 retired: Compliance Auditon
  + Dead Pool: Compliance Auditon, Technomancer, Technomancer
End of Turn 42: P1 board 8, P2 board 5, Dead Pool 48
Turn 43 - P2 acts
  - P2 hand: Task Mistres
  + P2 board: Task Mistres
End of Turn 43: P1 board 8, P2 board 6, Dead Pool 48
Turn 44 - P1 acts
  - P1 hand: Primordial Oozer
  + P1 board: Primordial Oozer
  - P2 board: Shield Array Node
  + P2 retired: Shield Array Node
  + Dead Pool: Shield Array Node
End of Turn 44: P1 board 9, P2 board 5, Dead Pool 49
Turn 45 - P2 acts
  - P2 hand: Killjoy
  + P2 board: Killjoy
  - P2 board: Impact Simulant
  + P2 retired: Impact Simulant
  + Dead Pool: Impact Simulant, Impact Simulant
End of Turn 45: P1 board 9, P2 board 5, Dead Pool 51
Turn 46 - P1 acts
  - P1 hand: Käsekobold
  + P1 board: Käsekobold
  - P1 board: Void Freak
  + P1 retired: Void Freak
  - P2 board: Detainment Probe
  + P2 retired: Detainment Probe
  + Dead Pool: Void Freak, Void Freak, Detainment Probe
End of Turn 46: P1 board 9, P2 board 4, Dead Pool 54
Turn 47 - P2 acts
  - P2 hand: Dormex Lurker
  + P2 board: Dormex Lurker
End of Turn 47: P1 board 9, P2 board 5, Dead Pool 54
Turn 48 - P1 acts
  - P1 hand: Vex
  + P1 board: Vex
  - P1 board: Blood Howler
  + P1 retired: Blood Howler
  + Dead Pool: Blood Howler, Blood Howler
End of Turn 48: P1 board 9, P2 board 5, Dead Pool 56
Turn 49 - P2 acts
  - P2 hand: Sentry Node
  + P2 board: Sentry Node
  - P2 board: MediFlux-1NDS
  + P2 retired: MediFlux-1NDS
  + Dead Pool: MediFlux-1NDS, MediFlux-1NDS
End of Turn 49: P1 board 9, P2 board 5, Dead Pool 58
Turn 50 - P1 acts
  - P1 hand: Mutt
  + P1 board: Mutt
  - P1 board: Restless Natives
  + P1 retired: Restless Natives
  + Dead Pool: Restless Natives, Restless Natives
End of Turn 50: P1 board 9, P2 board 5, Dead Pool 60
Turn 51 - P2 acts
  - P1 board: Technomancer
  + P1 retired: Technomancer
  - P2 hand: Compliance Auditon
  + P2 board: Compliance Auditon
  + Dead Pool: Technomancer
End of Turn 51: P1 board 8, P2 board 6, Dead Pool 61
Turn 52 - P1 acts
  - P1 hand: Krax
  + P1 board: Krax
  - P1 board: Mutt, Psychodelic Toad
  + P1 retired: Mutt, Psychodelic Toad
  + Dead Pool: Mutt, Mutt, Psychodelic Toad, Psychodelic Toad
End of Turn 52: P1 board 7, P2 board 6, Dead Pool 65
Turn 53 - P2 acts
  - P2 hand: Bruut Enforcer
  + P2 board: Bruut Enforcer
  - P2 board: Task Mistres
  + P2 retired: Task Mistres
  + Dead Pool: Task Mistres, Task Mistres
End of Turn 53: P1 board 7, P2 board 6, Dead Pool 67
Turn 54 - P1 acts
  - P1 hand: Mutt
  + P1 board: Mutt
  - P1 board: Voidling
  + P1 retired: Voidling
  + Dead Pool: Voidling, Voidling
End of Turn 54: P1 board 7, P2 board 6, Dead Pool 69
Turn 55 - P2 acts
  - P2 hand: Detainment Probe
  + P2 board: Detainment Probe
End of Turn 55: P1 board 7, P2 board 7, Dead Pool 69
Turn 56 - P1 acts
  - P1 hand: Meat Vegetable
  + P1 board: Meat Vegetable
  - P2 board: Lokar Simmons
  + P2 retired: Lokar Simmons
  + Dead Pool: Lokar Simmons
Result: winner P1 | turns 55
Retired: P1 21, P2 23, Dead Pool 70

=== Game seed 11117 ===
Starting: P1 faction PCU vs P2 faction NARC
Turn 1 - P1 acts
  - P1 hand: Blood Howler
  + P1 board: Blood Howler
End of Turn 1: P1 board 2, P2 board 1, Dead Pool 0
Turn 2 - P2 acts
  - P2 hand: Target Marker Probe
  + P2 board: Target Marker Probe
End of Turn 2: P1 board 2, P2 board 2, Dead Pool 0
Turn 3 - P1 acts
  - P1 hand: Mutt
  + P1 board: Mutt
  - P1 board: Blood Howler
  + P1 retired: Blood Howler
  + Dead Pool: Blood Howler, Blood Howler
End of Turn 3: P1 board 2, P2 board 2, Dead Pool 2
Turn 4 - P2 acts
  - P2 hand: Target Marker Probe
  + P2 board: Target Marker Probe
End of Turn 4: P1 board 2, P2 board 3, Dead Pool 2
Turn 5 - P1 acts
  - P1 hand: Annihilist Overseer
  + P1 board: Annihilist Overseer
  - P1 board: Mutt
  + P1 retired: Mutt
  + Dead Pool: Mutt, Mutt
End of Turn 5: P1 board 2, P2 board 3, Dead Pool 4
Turn 6 - P2 acts
  - P2 hand: Sausage Droid
  + P2 board: Sausage Droid
End of Turn 6: P1 board 2, P2 board 4, Dead Pool 4
Turn 7 - P1 acts
  - P1 hand: Vex
  + P1 board: Vex
  - P1 board: Annihilist Overseer
  + P1 retired: Annihilist Overseer
  + Dead Pool: Annihilist Overseer, Annihilist Overseer
End of Turn 7: P1 board 2, P2 board 4, Dead Pool 6
Turn 8 - P2 acts
  - P2 hand: Shield Array Node
  + P2 board: Shield Array Node
End of Turn 8: P1 board 2, P2 board 5, Dead Pool 6
Turn 9 - P1 acts
  - P1 hand: Nives
  + P1 board: Nives
  - P1 board: Vex
  + P1 retired: Vex
  + Dead Pool: Vex, Vex
End of Turn 9: P1 board 2, P2 board 5, Dead Pool 8
Turn 10 - P2 acts
  - P2 hand: Dormex Lurker
  + P2 board: Dormex Lurker
End of Turn 10: P1 board 2, P2 board 6, Dead Pool 8
Turn 11 - P1 acts
  - P1 hand: Meat Vegetable
  + P1 board: Meat Vegetable
  - P2 board: Target Marker Probe
  + P2 retired: Target Marker Probe
  + Dead Pool: Target Marker Probe
End of Turn 11: P1 board 3, P2 board 5, Dead Pool 9
Turn 12 - P2 acts
  - P2 hand: Hover Shield
  + P2 board: Hover Shield
End of Turn 12: P1 board 3, P2 board 6, Dead Pool 9
Turn 13 - P1 acts
  - P1 hand: Meat Vegetable
  + P1 board: Meat Vegetable
  - P2 board: Target Marker Probe
  + P2 retired: Target Marker Probe
  + Dead Pool: Target Marker Probe
End of Turn 13: P1 board 4, P2 board 5, Dead Pool 10
Turn 14 - P2 acts
  - P2 hand: MediFlux-1NDS
  + P2 board: MediFlux-1NDS
End of Turn 14: P1 board 4, P2 board 6, Dead Pool 10
Turn 15 - P1 acts
  - P1 hand: Voidling
  + P1 board: Voidling
  - P1 board: Nives
  + P1 retired: Nives
  + Dead Pool: Nives, Nives
End of Turn 15: P1 board 4, P2 board 6, Dead Pool 12
Turn 16 - P2 acts
  - P2 hand: Sausage Droid
  + P2 board: Sausage Droid
End of Turn 16: P1 board 4, P2 board 7, Dead Pool 12
Turn 17 - P1 acts
  - P1 hand: Annihilist Overseer
  + P1 board: Annihilist Overseer
  - P1 board: Meat Vegetable
  + P1 retired: Meat Vegetable
  + Dead Pool: Meat Vegetable, Meat Vegetable
End of Turn 17: P1 board 4, P2 board 7, Dead Pool 14
Turn 18 - P2 acts
  - P2 hand: Impact Simulant
  + P2 board: Impact Simulant
End of Turn 18: P1 board 4, P2 board 8, Dead Pool 14
Turn 19 - P1 acts
  - P1 hand: Restless Natives
  + P1 board: Restless Natives
  - P1 board: Annihilist Overseer
  + P1 retired: Annihilist Overseer
  + Dead Pool: Annihilist Overseer, Annihilist Overseer
End of Turn 19: P1 board 4, P2 board 8, Dead Pool 16
Turn 20 - P2 acts
  - P1 board: Meat Vegetable
  + P1 retired: Meat Vegetable
  - P2 hand: Shield Array Node
  + P2 board: Shield Array Node
  + Dead Pool: Meat Vegetable
End of Turn 20: P1 board 3, P2 board 9, Dead Pool 17
Turn 21 - P1 acts
  - P1 hand: Blood Howler
  + P1 board: Blood Howler
End of Turn 21: P1 board 4, P2 board 9, Dead Pool 17
Turn 22 - P2 acts
  - P2 hand: Dormex Lurker
  + P2 board: Dormex Lurker
  - P2 board: Sausage Droid
  + P2 retired: Sausage Droid
  + Dead Pool: Sausage Droid, Sausage Droid
End of Turn 22: P1 board 4, P2 board 9, Dead Pool 19
Turn 23 - P1 acts
  - P1 hand: Voidling
  + P1 retired: Voidling
  + Dead Pool: Voidling, Voidling
End of Turn 23: P1 board 4, P2 board 9, Dead Pool 21
Turn 24 - P2 acts
  - P1 board: Restless Natives
  + P1 retired: Restless Natives
  - P2 hand: Marine Marauder
  + P2 board: Marine Marauder
  + Dead Pool: Restless Natives
End of Turn 24: P1 board 3, P2 board 10, Dead Pool 22
Turn 25 - P1 acts
  - P1 hand: Technomancer
  + P1 board: Technomancer
  - P1 board: Blood Howler
  + P1 retired: Blood Howler
  + Dead Pool: Blood Howler, Blood Howler
End of Turn 25: P1 board 3, P2 board 10, Dead Pool 24
Turn 26 - P2 acts
  - P2 hand: Bruut Enforcer
  + P2 board: Bruut Enforcer
  - P2 board: Shield Array Node
  + P2 retired: Shield Array Node
  + Dead Pool: Shield Array Node, Shield Array Node
End of Turn 26: P1 board 3, P2 board 10, Dead Pool 26
Turn 27 - P1 acts
  - P1 hand: Käsekobold
  + P1 board: Käsekobold
End of Turn 27: P1 board 4, P2 board 10, Dead Pool 26
Turn 28 - P2 acts
  - P2 hand: K-9.0
  + P2 board: K-9.0
  - P2 board: Dormex Lurker
  + P2 retired: Dormex Lurker
  + Dead Pool: Dormex Lurker, Dormex Lurker
End of Turn 28: P1 board 4, P2 board 10, Dead Pool 28
Turn 29 - P1 acts
  - P1 hand: Technomancer
  + P1 board: Technomancer
  - P1 board: Voidling
  + P1 retired: Voidling
  + Dead Pool: Voidling, Voidling
End of Turn 29: P1 board 4, P2 board 10, Dead Pool 30
Turn 30 - P2 acts
  - P2 hand: Shield Array Node
  + P2 board: Shield Array Node
End of Turn 30: P1 board 4, P2 board 11, Dead Pool 30
Turn 31 - P1 acts
  - P1 hand: Mutt
  + P1 board: Mutt
  - P1 board: Technomancer
  + P1 retired: Technomancer
  - P2 board: Hover Shield
  + P2 retired: Hover Shield
  + Dead Pool: Technomancer, Technomancer, Hover Shield
End of Turn 31: P1 board 4, P2 board 10, Dead Pool 33
Turn 32 - P2 acts
  - P1 board: Käsekobold
  + P1 retired: Käsekobold
  - P2 hand: Impact Simulant
  + P2 board: Impact Simulant
  + Dead Pool: Käsekobold
End of Turn 32: P1 board 3, P2 board 11, Dead Pool 34
Turn 33 - P1 acts
  - P1 hand: Käsekobold
  + P1 board: Käsekobold
End of Turn 33: P1 board 4, P2 board 11, Dead Pool 34
Turn 34 - P2 acts
  - P2 hand: Compliance Auditon
  + P2 board: Compliance Auditon
End of Turn 34: P1 board 4, P2 board 12, Dead Pool 34
Turn 35 - P1 acts
  - P1 hand: Restless Natives
  + P1 board: Restless Natives
  - P1 board: Technomancer
  + P1 retired: Technomancer
  + Dead Pool: Technomancer, Technomancer
End of Turn 35: P1 board 4, P2 board 12, Dead Pool 36
Turn 36 - P2 acts
  - P2 hand: Detainment Probe
  + P2 board: Detainment Probe
End of Turn 36: P1 board 4, P2 board 13, Dead Pool 36
Turn 37 - P1 acts
  - P1 hand: Blood Howler
  + P1 board: Blood Howler
  - P1 board: Mutt
  + P1 retired: Mutt
  + Dead Pool: Mutt, Mutt
End of Turn 37: P1 board 4, P2 board 13, Dead Pool 38
Turn 38 - P2 acts
  - P2 hand: Sentry Node
  + P2 board: Sentry Node
  - P2 board: MediFlux-1NDS
  + P2 retired: MediFlux-1NDS
  + Dead Pool: MediFlux-1NDS, MediFlux-1NDS
End of Turn 38: P1 board 4, P2 board 13, Dead Pool 40
Turn 39 - P1 acts
  - P1 hand: Void Freak
  + P1 board: Void Freak
End of Turn 39: P1 board 5, P2 board 13, Dead Pool 40
Turn 40 - P2 acts
  - P2 hand: MediFlux-1NDS
  + P2 board: MediFlux-1NDS
  - P2 board: Sausage Droid
  + P2 retired: Sausage Droid
  + Dead Pool: Sausage Droid, Sausage Droid
End of Turn 40: P1 board 5, P2 board 13, Dead Pool 42
Turn 41 - P1 acts
  - P1 hand: Psychodelic Toad
  + P1 board: Psychodelic Toad
  - P1 board: Käsekobold
  + P1 retired: Käsekobold
  + Dead Pool: Käsekobold, Käsekobold
End of Turn 41: P1 board 5, P2 board 13, Dead Pool 44
Turn 42 - P2 acts
  - P2 hand: Impact Simulant
  + P2 board: Impact Simulant
End of Turn 42: P1 board 5, P2 board 14, Dead Pool 44
Turn 43 - P1 acts
  - P1 hand: Nives
  + P1 board: Nives
  - P1 board: Restless Natives
  + P1 retired: Restless Natives
  - P2 board: Lokar Simmons
  + P2 retired: Lokar Simmons
  + Dead Pool: Restless Natives, Restless Natives, Lokar Simmons
Result: winner P1 | turns 42
Retired: P1 18, P2 9, Dead Pool 47

=== Game seed 11118 ===
Starting: P1 faction PCU vs P2 faction NARC
Turn 1 - P2 acts
  - P2 hand: Impact Simulant
  + P2 board: Impact Simulant
End of Turn 1: P1 board 1, P2 board 2, Dead Pool 0
Turn 2 - P1 acts
  - P1 hand: Voidling
  + P1 board: Voidling
End of Turn 2: P1 board 2, P2 board 2, Dead Pool 0
Turn 3 - P2 acts
  - P2 hand: Compliance Auditon
  + P2 board: Compliance Auditon
End of Turn 3: P1 board 2, P2 board 3, Dead Pool 0
Turn 4 - P1 acts
  - P1 hand: Restless Natives
  + P1 board: Restless Natives
End of Turn 4: P1 board 3, P2 board 3, Dead Pool 0
Turn 5 - P2 acts
  - P2 hand: Target Marker Probe
  + P2 board: Target Marker Probe
End of Turn 5: P1 board 3, P2 board 4, Dead Pool 0
Turn 6 - P1 acts
  - P1 hand: Meat Vegetable
  + P1 board: Meat Vegetable
End of Turn 6: P1 board 4, P2 board 4, Dead Pool 0
Turn 7 - P2 acts
  - P2 hand: Detainment Probe
  + P2 board: Detainment Probe
End of Turn 7: P1 board 4, P2 board 5, Dead Pool 0
Turn 8 - P1 acts
  - P1 hand: Psychodelic Toad
  + P1 board: Psychodelic Toad
End of Turn 8: P1 board 5, P2 board 5, Dead Pool 0
Turn 9 - P2 acts
  - P2 hand: Impact Simulant
  + P2 board: Impact Simulant
End of Turn 9: P1 board 5, P2 board 6, Dead Pool 0
Turn 10 - P1 acts
  - P1 hand: Local Singularity
  + P1 board: Local Singularity
End of Turn 10: P1 board 6, P2 board 6, Dead Pool 0
Turn 11 - P2 acts
  - P2 hand: Hover Shield
  + P2 board: Hover Shield
  - P2 board: Impact Simulant
  + P2 retired: Impact Simulant
  + Dead Pool: Impact Simulant, Impact Simulant
End of Turn 11: P1 board 6, P2 board 6, Dead Pool 2
Turn 12 - P1 acts
  - P1 hand: Void Freak
  + P1 board: Void Freak
End of Turn 12: P1 board 7, P2 board 6, Dead Pool 2
Turn 13 - P2 acts
  - P2 hand: MediFlux-1NDS
  + P2 board: MediFlux-1NDS
End of Turn 13: P1 board 7, P2 board 7, Dead Pool 2
Turn 14 - P1 acts
  - P1 hand: Mutt
  + P1 board: Mutt
  - P1 board: Voidling, Restless Natives
  + P1 retired: Voidling, Restless Natives
  - P2 board: Compliance Auditon
  + P2 retired: Compliance Auditon
  + Dead Pool: Voidling, Voidling, Restless Natives, Restless Natives, Compliance Auditon
End of Turn 14: P1 board 6, P2 board 6, Dead Pool 7
Turn 15 - P2 acts
  - P2 hand: Hover Shield
  + P2 board: Hover Shield
End of Turn 15: P1 board 6, P2 board 7, Dead Pool 7
Turn 16 - P1 acts
  - P1 hand: Blood Howler
  + P1 board: Blood Howler
  - P2 board: Target Marker Probe
  + P2 retired: Target Marker Probe
  + Dead Pool: Target Marker Probe
End of Turn 16: P1 board 7, P2 board 6, Dead Pool 8
Turn 17 - P2 acts
  - P2 hand: Shield Array Node
  + P2 board: Shield Array Node
End of Turn 17: P1 board 7, P2 board 7, Dead Pool 8
Turn 18 - P1 acts
  - P1 hand: Mutt
  + P1 board: Mutt
  - P1 board: Meat Vegetable
  + P1 retired: Meat Vegetable
  - P2 board: Detainment Probe
  + P2 retired: Detainment Probe
  + Dead Pool: Meat Vegetable, Meat Vegetable, Detainment Probe
End of Turn 18: P1 board 7, P2 board 6, Dead Pool 11
Turn 19 - P2 acts
  - P2 hand: Compliance Auditon
  + P2 board: Compliance Auditon
End of Turn 19: P1 board 7, P2 board 7, Dead Pool 11
Turn 20 - P1 acts
  - P1 hand: Technomancer
  + P1 board: Technomancer
  - P1 board: Psychodelic Toad, Void Freak
  + P1 retired: Psychodelic Toad, Void Freak
  - P2 board: Impact Simulant
  + P2 retired: Impact Simulant
  + Dead Pool: Impact Simulant, Psychodelic Toad, Psychodelic Toad, Void Freak, Void Freak
End of Turn 20: P1 board 6, P2 board 6, Dead Pool 16
Turn 21 - P2 acts
  - P2 hand: Detainment Probe
  + P2 board: Detainment Probe
End of Turn 21: P1 board 6, P2 board 7, Dead Pool 16
Turn 22 - P1 acts
  - P1 hand: Psychodelic Toad
  + P1 board: Psychodelic Toad
End of Turn 22: P1 board 7, P2 board 7, Dead Pool 16
Turn 23 - P2 acts
  - P2 hand: Sausage Droid
  + P2 board: Sausage Droid
End of Turn 23: P1 board 7, P2 board 8, Dead Pool 16
Turn 24 - P1 acts
  - P1 hand: Local Singularity
  + P1 retired: Local Singularity
  + Dead Pool: Local Singularity, Local Singularity
End of Turn 24: P1 board 7, P2 board 8, Dead Pool 18
Turn 25 - P2 acts
  - P2 hand: Dormex Lurker
  + P2 board: Dormex Lurker
  - P2 board: Hover Shield
  + P2 retired: Hover Shield
  + Dead Pool: Hover Shield, Hover Shield
End of Turn 25: P1 board 7, P2 board 8, Dead Pool 20
Turn 26 - P1 acts
  - P1 hand: Voidling
  + P1 board: Voidling
End of Turn 26: P1 board 8, P2 board 8, Dead Pool 20
Turn 27 - P2 acts
  - P1 board: Mutt
  + P1 retired: Mutt
  - P2 hand: Task Mistres
  + P2 board: Task Mistres
  + Dead Pool: Mutt
End of Turn 27: P1 board 7, P2 board 9, Dead Pool 21
Turn 28 - P1 acts
  - P1 hand: Vex
  + P1 board: Vex
  - P1 board: Blood Howler, Psychodelic Toad
  + P1 retired: Psychodelic Toad, Blood Howler
  + Dead Pool: Psychodelic Toad, Psychodelic Toad, Blood Howler, Blood Howler
End of Turn 28: P1 board 6, P2 board 9, Dead Pool 25
Turn 29 - P2 acts
  - P2 hand: Impact Simulant
  + P2 board: Impact Simulant
End of Turn 29: P1 board 6, P2 board 10, Dead Pool 25
Turn 30 - P1 acts
  - P1 hand: Nives
  + P1 board: Nives
  - P1 board: Mutt
  + P1 retired: Mutt
  + Dead Pool: Mutt, Mutt
End of Turn 30: P1 board 6, P2 board 10, Dead Pool 27
Turn 31 - P2 acts
  - P2 hand: Task Mistres
  + P2 board: Task Mistres
End of Turn 31: P1 board 6, P2 board 11, Dead Pool 27
Turn 32 - P1 acts
  - P1 hand: Annihilist Overseer
  + P1 board: Annihilist Overseer
  - P1 board: Technomancer
  + P1 retired: Technomancer
  - P2 board: MediFlux-1NDS
  + P2 retired: MediFlux-1NDS
  + Dead Pool: Technomancer, Technomancer, MediFlux-1NDS
End of Turn 32: P1 board 6, P2 board 10, Dead Pool 30
Turn 33 - P2 acts
  - P2 hand: Marine Marauder
  + P2 board: Marine Marauder
End of Turn 33: P1 board 6, P2 board 11, Dead Pool 30
Turn 34 - P1 acts
  - P1 hand: Käsekobold
  + P1 board: Käsekobold
  - P1 board: Annihilist Overseer
  + P1 retired: Annihilist Overseer
  + Dead Pool: Annihilist Overseer, Annihilist Overseer
End of Turn 34: P1 board 6, P2 board 11, Dead Pool 32
Turn 35 - P2 acts
  - P2 hand: Compliance Auditon
  + P2 board: Compliance Auditon
End of Turn 35: P1 board 6, P2 board 12, Dead Pool 32
Turn 36 - P1 acts
  - P1 hand: Primordial Oozer
  + P1 board: Primordial Oozer
  - P1 board: Local Singularity
  + P1 retired: Local Singularity
  - P2 board: Hover Shield
  + P2 retired: Hover Shield
  + Dead Pool: Local Singularity, Local Singularity, Hover Shield
End of Turn 36: P1 board 6, P2 board 11, Dead Pool 35
Turn 37 - P2 acts
  - P2 hand: Target Marker Probe
  + P2 board: Target Marker Probe
End of Turn 37: P1 board 6, P2 board 12, Dead Pool 35
Turn 38 - P1 acts
  - P1 hand: Blood Howler
  + P1 board: Blood Howler
End of Turn 38: P1 board 7, P2 board 12, Dead Pool 35
Turn 39 - P2 acts
  - P2 hand: Dormex Lurker
  + P2 board: Dormex Lurker
  - P2 board: Shield Array Node
  + P2 retired: Shield Array Node
  + Dead Pool: Shield Array Node, Shield Array Node
End of Turn 39: P1 board 7, P2 board 12, Dead Pool 37
Turn 40 - P1 acts
  - P1 hand: Restless Natives
  + P1 board: Restless Natives
End of Turn 40: P1 board 8, P2 board 12, Dead Pool 37
Turn 41 - P2 acts
  - P1 board: Nives
  + P1 retired: Nives
  - P2 hand: K-9.0
  + P2 board: K-9.0
  + Dead Pool: Nives
End of Turn 41: P1 board 7, P2 board 13, Dead Pool 38
Turn 42 - P1 acts
  - P1 hand: Mutt
  + P1 board: Mutt
  - P1 board: Voidling, Vex
  + P1 retired: Voidling, Vex
  - P2 board: Compliance Auditon
  + P2 retired: Compliance Auditon
  + Dead Pool: Voidling, Voidling, Compliance Auditon, Vex, Vex
End of Turn 42: P1 board 6, P2 board 12, Dead Pool 43
Turn 43 - P2 acts
  - P2 hand: Compliance Auditon
  + P2 board: Compliance Auditon
End of Turn 43: P1 board 6, P2 board 13, Dead Pool 43
Turn 44 - P1 acts
  - P1 hand: Void Freak
  + P1 board: Void Freak
End of Turn 44: P1 board 7, P2 board 13, Dead Pool 43
Turn 45 - P2 acts
  - P2 hand: Target Marker Probe
  + P2 board: Target Marker Probe
End of Turn 45: P1 board 7, P2 board 14, Dead Pool 43
Turn 46 - P1 acts
  - P1 hand: Vex
  + P1 board: Vex
  - P1 board: Käsekobold
  + P1 retired: Käsekobold
  - P2 board: Lokar Simmons
  + P2 retired: Lokar Simmons
  + Dead Pool: Käsekobold, Käsekobold, Lokar Simmons
Result: winner P1 | turns 45
Retired: P1 17, P2 11, Dead Pool 46

=== Game seed 11119 ===
Starting: P1 faction PCU vs P2 faction NARC
Turn 1 - P1 acts
  - P1 hand: Restless Natives
  + P1 board: Restless Natives
End of Turn 1: P1 board 2, P2 board 1, Dead Pool 0
Turn 2 - P2 acts
  - P2 hand: Sausage Droid
  + P2 board: Sausage Droid
End of Turn 2: P1 board 2, P2 board 2, Dead Pool 0
Turn 3 - P1 acts
  - P1 hand: Psychodelic Toad
  + P1 board: Psychodelic Toad
End of Turn 3: P1 board 3, P2 board 2, Dead Pool 0
Turn 4 - P2 acts
  - P1 board: Restless Natives
  + P1 retired: Restless Natives
  - P2 hand: Detainment Probe
  + P2 board: Detainment Probe
  + Dead Pool: Restless Natives
End of Turn 4: P1 board 2, P2 board 3, Dead Pool 1
Turn 5 - P1 acts
  - P1 hand: Meat Vegetable
  + P1 board: Meat Vegetable
End of Turn 5: P1 board 3, P2 board 3, Dead Pool 1
Turn 6 - P2 acts
  - P2 hand: MediFlux-1NDS
  + P2 board: MediFlux-1NDS
End of Turn 6: P1 board 3, P2 board 4, Dead Pool 1
Turn 7 - P1 acts
  - P1 hand: Primordial Oozer
  + P1 board: Primordial Oozer
  - P1 board: Psychodelic Toad
  + P1 retired: Psychodelic Toad
  + Dead Pool: Psychodelic Toad, Psychodelic Toad
End of Turn 7: P1 board 3, P2 board 4, Dead Pool 3
Turn 8 - P2 acts
  - P2 hand: K-9.0
  + P2 board: K-9.0
  - P2 board: Sausage Droid
  + P2 retired: Sausage Droid
  + Dead Pool: Sausage Droid, Sausage Droid
End of Turn 8: P1 board 3, P2 board 4, Dead Pool 5
Turn 9 - P1 acts
  - P1 hand: Voidling
  + P1 board: Voidling
  - P2 board: Detainment Probe
  + P2 retired: Detainment Probe
  + Dead Pool: Detainment Probe
End of Turn 9: P1 board 4, P2 board 3, Dead Pool 6
Turn 10 - P2 acts
  - P2 hand: Task Mistres
  + P2 board: Task Mistres
End of Turn 10: P1 board 4, P2 board 4, Dead Pool 6
Turn 11 - P1 acts
  - P1 hand: Voidling
  + P1 board: Voidling
  - P1 board: Meat Vegetable
  + P1 retired: Meat Vegetable
  + Dead Pool: Meat Vegetable, Meat Vegetable
End of Turn 11: P1 board 4, P2 board 4, Dead Pool 8
Turn 12 - P2 acts
  - P2 hand: MediFlux-1NDS
  + P2 retired: MediFlux-1NDS
  + Dead Pool: MediFlux-1NDS, MediFlux-1NDS
End of Turn 12: P1 board 4, P2 board 4, Dead Pool 10
Turn 13 - P1 acts
  - P1 hand: Meat Vegetable
  + P1 board: Meat Vegetable
End of Turn 13: P1 board 5, P2 board 4, Dead Pool 10
Turn 14 - P2 acts
  - P2 hand: Task Mistres
  + P2 board: Task Mistres
End of Turn 14: P1 board 5, P2 board 5, Dead Pool 10
Turn 15 - P1 acts
  - P1 hand: Voidling
  + P1 board: Voidling
  - P1 board: Primordial Oozer
  + P1 retired: Primordial Oozer
  + Dead Pool: Primordial Oozer, Primordial Oozer
End of Turn 15: P1 board 5, P2 board 5, Dead Pool 12
Turn 16 - P2 acts
  - P2 hand: Target Marker Probe
  + P2 board: Target Marker Probe
End of Turn 16: P1 board 5, P2 board 6, Dead Pool 12
Turn 17 - P1 acts
  - P1 hand: Käsekobold
  + P1 board: Käsekobold
End of Turn 17: P1 board 6, P2 board 6, Dead Pool 12
Turn 18 - P2 acts
  - P2 hand: Compliance Auditon
  + P2 board: Compliance Auditon
End of Turn 18: P1 board 6, P2 board 7, Dead Pool 12
Turn 19 - P1 acts
  - P1 hand: Technomancer
  + P1 board: Technomancer
  - P1 board: Voidling
  + P1 retired: Voidling
  + Dead Pool: Voidling, Voidling
End of Turn 19: P1 board 6, P2 board 7, Dead Pool 14
Turn 20 - P2 acts
  - P2 hand: Detainment Probe
  + P2 board: Detainment Probe
End of Turn 20: P1 board 6, P2 board 8, Dead Pool 14
Turn 21 - P1 acts
  - P1 hand: Void Freak
  + P1 board: Void Freak
  - P2 board: K-9.0
  + P2 retired: K-9.0
  + Dead Pool: K-9.0
End of Turn 21: P1 board 7, P2 board 7, Dead Pool 15
Turn 22 - P2 acts
  - P2 hand: Marine Marauder
  + P2 board: Marine Marauder
End of Turn 22: P1 board 7, P2 board 8, Dead Pool 15
Turn 23 - P1 acts
  - P1 hand: Psychodelic Toad
  + P1 board: Psychodelic Toad
  - P2 board: Task Mistres
  + P2 retired: Task Mistres
  + Dead Pool: Task Mistres
End of Turn 23: P1 board 8, P2 board 7, Dead Pool 16
Turn 24 - P2 acts
  - P2 hand: K-9.0
  + P2 board: K-9.0
End of Turn 24: P1 board 8, P2 board 8, Dead Pool 16
Turn 25 - P1 acts
  - P1 hand: Local Singularity
  + P1 board: Local Singularity
  - P2 board: MediFlux-1NDS
  + P2 retired: MediFlux-1NDS
  + Dead Pool: MediFlux-1NDS
End of Turn 25: P1 board 9, P2 board 7, Dead Pool 17
Turn 26 - P2 acts
  - P2 hand: Compliance Auditon
  + P2 board: Compliance Auditon
End of Turn 26: P1 board 9, P2 board 8, Dead Pool 17
Turn 27 - P1 acts
  - P1 hand: Käsekobold
  + P1 board: Käsekobold
  - P1 board: Voidling
  + P1 retired: Voidling
  - P2 board: Task Mistres
  + P2 retired: Task Mistres
  + Dead Pool: Voidling, Voidling, Task Mistres
End of Turn 27: P1 board 9, P2 board 7, Dead Pool 20
Turn 28 - P2 acts
  - P2 hand: Sausage Droid
  + P2 board: Sausage Droid
End of Turn 28: P1 board 9, P2 board 8, Dead Pool 20
Turn 29 - P1 acts
  - P1 hand: Nives
  + P1 board: Nives
  - P1 board: Meat Vegetable, Void Freak
  + P1 retired: Meat Vegetable, Void Freak
  - P2 board: Target Marker Probe
  + P2 retired: Target Marker Probe
  + Dead Pool: Meat Vegetable, Meat Vegetable, Void Freak, Void Freak, Target Marker Probe
End of Turn 29: P1 board 8, P2 board 7, Dead Pool 25
Turn 30 - P2 acts
  - P2 hand: Marine Marauder
  + P2 board: Marine Marauder
End of Turn 30: P1 board 8, P2 board 8, Dead Pool 25
Turn 31 - P1 acts
  - P1 hand: Vex
  + P1 board: Vex
  - P1 board: Voidling
  + P1 retired: Voidling
  - P2 board: Compliance Auditon
  + P2 retired: Compliance Auditon
  + Dead Pool: Voidling, Voidling, Compliance Auditon
End of Turn 31: P1 board 8, P2 board 7, Dead Pool 28
Turn 32 - P2 acts
  - P2 hand: K-9.0
  + P2 board: K-9.0
  - P2 board: Detainment Probe
  + P2 retired: Detainment Probe
  + Dead Pool: Detainment Probe, Detainment Probe
End of Turn 32: P1 board 8, P2 board 7, Dead Pool 30
Turn 33 - P1 acts
  - P1 hand: Local Singularity
  + P1 board: Local Singularity
End of Turn 33: P1 board 9, P2 board 7, Dead Pool 30
Turn 34 - P2 acts
  - P2 hand: Dormex Lurker
  + P2 board: Dormex Lurker
End of Turn 34: P1 board 9, P2 board 8, Dead Pool 30
Turn 35 - P1 acts
  - P1 hand: Void Freak
  + P1 board: Void Freak
  - P2 board: Marine Marauder
  + P2 retired: Marine Marauder
  + Dead Pool: Marine Marauder
End of Turn 35: P1 board 10, P2 board 7, Dead Pool 31
Turn 36 - P2 acts
  - P1 board: Käsekobold
  + P1 retired: Käsekobold
  - P2 hand: Hover Shield
  + P2 board: Hover Shield
  + Dead Pool: Käsekobold
End of Turn 36: P1 board 9, P2 board 8, Dead Pool 32
Turn 37 - P1 acts
  - P1 hand: Blood Howler
  + P1 board: Blood Howler
  - P2 board: K-9.0
  + P2 retired: K-9.0
  + Dead Pool: K-9.0
End of Turn 37: P1 board 10, P2 board 7, Dead Pool 33
Turn 38 - P2 acts
  - P2 hand: Dormex Lurker
  + P2 board: Dormex Lurker
End of Turn 38: P1 board 10, P2 board 8, Dead Pool 33
Turn 39 - P1 acts
  - P1 hand: Mutt
  + P1 board: Mutt
  - P1 board: Technomancer
  + P1 retired: Technomancer
  - P2 board: Compliance Auditon
  + P2 retired: Compliance Auditon
  + Dead Pool: Compliance Auditon, Technomancer, Technomancer
End of Turn 39: P1 board 10, P2 board 7, Dead Pool 36
Turn 40 - P2 acts
  - P2 hand: Task Mistres
  + P2 board: Task Mistres
End of Turn 40: P1 board 10, P2 board 8, Dead Pool 36
Turn 41 - P1 acts
  - P1 hand: Technomancer
  + P1 board: Technomancer
  - P1 board: Psychodelic Toad
  + P1 retired: Psychodelic Toad
  - P2 board: Sausage Droid
  + P2 retired: Sausage Droid
  + Dead Pool: Psychodelic Toad, Psychodelic Toad, Sausage Droid
End of Turn 41: P1 board 10, P2 board 7, Dead Pool 39
Turn 42 - P2 acts
  - P1 board: Void Freak
  + P1 retired: Void Freak
  - P2 hand: Bruut Enforcer
  + P2 board: Bruut Enforcer
  - P2 board: Marine Marauder
  + P2 retired: Marine Marauder
  + Dead Pool: Void Freak, Marine Marauder, Marine Marauder
End of Turn 42: P1 board 9, P2 board 7, Dead Pool 42
Turn 43 - P1 acts
  - P1 hand: Annihilist Overseer
  + P1 board: Annihilist Overseer
  - P1 board: Local Singularity
  + P1 retired: Local Singularity
  + Dead Pool: Local Singularity, Local Singularity
End of Turn 43: P1 board 9, P2 board 7, Dead Pool 44
Turn 44 - P2 acts
  - P2 hand: MediFlux-1NDS
  + P2 board: MediFlux-1NDS
End of Turn 44: P1 board 9, P2 board 8, Dead Pool 44
Turn 45 - P1 acts
  - P1 hand: Dragoon
  + P1 board: Dragoon
  - P1 board: Käsekobold, Nives, Annihilist Overseer
  + P1 retired: Käsekobold, Nives, Annihilist Overseer
  + Dead Pool: Käsekobold, Käsekobold, Nives, Nives, Annihilist Overseer, Annihilist Overseer
End of Turn 45: P1 board 7, P2 board 8, Dead Pool 50
Turn 46 - P2 acts
  - P2 hand: Compliance Auditon
  + P2 board: Compliance Auditon
End of Turn 46: P1 board 7, P2 board 9, Dead Pool 50
Turn 47 - P1 acts
  - P1 hand: Dragoon
  + P1 board: Dragoon
  - P1 board: Vex
  + P1 retired: Vex
  + Dead Pool: Vex, Vex
End of Turn 47: P1 board 7, P2 board 9, Dead Pool 52
Turn 48 - P2 acts
  - P2 hand: Sentry Node
  + P2 board: Sentry Node
  - P2 board: K-9.0
  + P2 retired: K-9.0
  + Dead Pool: K-9.0, K-9.0
End of Turn 48: P1 board 7, P2 board 9, Dead Pool 54
Turn 49 - P1 acts
  - P1 hand: Dragoon
  + P1 board: Dragoon
  - P1 board: Local Singularity, Blood Howler
  + P1 retired: Local Singularity, Blood Howler
  + Dead Pool: Local Singularity, Local Singularity, Blood Howler, Blood Howler
End of Turn 49: P1 board 6, P2 board 9, Dead Pool 58
Turn 50 - P2 acts
  - P2 hand: Nob Lobber
  + P2 board: Nob Lobber
  - P2 board: Dormex Lurker
  + P2 retired: Dormex Lurker
  + Dead Pool: Dormex Lurker, Dormex Lurker
End of Turn 50: P1 board 6, P2 board 9, Dead Pool 60
Turn 51 - P1 acts
  - P1 hand: Annihilist Overseer
  + P1 board: Annihilist Overseer
  - P1 board: Mutt
  + P1 retired: Mutt
  - P2 board: Hover Shield
  + P2 retired: Hover Shield
  + Dead Pool: Mutt, Mutt, Hover Shield
End of Turn 51: P1 board 6, P2 board 8, Dead Pool 63
Turn 52 - P2 acts
  - P2 hand: Detainment Probe
  + P2 board: Detainment Probe
End of Turn 52: P1 board 6, P2 board 9, Dead Pool 63
Turn 53 - P1 acts
  - P1 hand: Krax
  + P1 board: Krax
  - P1 board: Technomancer, Dragoon, Annihilist Overseer
  + P1 retired: Technomancer, Annihilist Overseer, Dragoon
  + Dead Pool: Technomancer, Technomancer, Annihilist Overseer, Annihilist Overseer, Dragoon, Dragoon
End of Turn 53: P1 board 4, P2 board 9, Dead Pool 69
Turn 54 - P2 acts
  - P2 hand: Impact Simulant
  + P2 board: Impact Simulant
End of Turn 54: P1 board 4, P2 board 10, Dead Pool 69
Turn 55 - P1 acts
  - P1 hand: Nives
  + P1 board: Nives
  - P1 board: Dragoon
  + P1 retired: Dragoon
  + Dead Pool: Dragoon, Dragoon
End of Turn 55: P1 board 4, P2 board 10, Dead Pool 71
Turn 56 - P2 acts
  - P2 hand: Hover Shield
  + P2 board: Hover Shield
  - P2 board: Dormex Lurker
  + P2 retired: Dormex Lurker
  + Dead Pool: Dormex Lurker, Dormex Lurker
End of Turn 56: P1 board 4, P2 board 10, Dead Pool 73
Turn 57 - P1 acts
  - P1 hand: Helvis
  + P1 board: Helvis
  - P1 board: Dragoon, Krax, Nives
  + P1 retired: Nives, Dragoon, Krax
  + Dead Pool: Nives, Nives, Dragoon, Dragoon, Krax, Krax
End of Turn 57: P1 board 2, P2 board 10, Dead Pool 79
Turn 58 - P2 acts
  - P2 hand: Sentry Node
  + P2 board: Sentry Node
  - P2 board: Task Mistres
  + P2 retired: Task Mistres
  + Dead Pool: Task Mistres, Task Mistres
End of Turn 58: P1 board 2, P2 board 10, Dead Pool 81
Turn 59 - P1 acts
  - P1 hand: Voidling
  + P1 board: Voidling
  - P1 board: Helvis
  + P1 retired: Helvis
  - P2 board: Sentry Node
  + P2 retired: Sentry Node
  + Dead Pool: Helvis, Helvis, Sentry Node
End of Turn 59: P1 board 2, P2 board 9, Dead Pool 84
Turn 60 - P2 acts
  - P1 board: Grim
  + P1 retired: Grim
  - P2 hand: Nob Lobber
  + P2 board: Nob Lobber
  - P2 board: Bruut Enforcer
  + P2 retired: Bruut Enforcer
  + Dead Pool: Bruut Enforcer, Bruut Enforcer, Grim
Result: winner P2 | turns 59
Retired: P1 30, P2 22, Dead Pool 87

=== Game seed 11120 ===
Starting: P1 faction PCU vs P2 faction NARC
Turn 1 - P1 acts
  - P1 hand: Meat Vegetable
  + P1 board: Meat Vegetable
End of Turn 1: P1 board 2, P2 board 1, Dead Pool 0
Turn 2 - P2 acts
  - P2 hand: Compliance Auditon
  + P2 board: Compliance Auditon
End of Turn 2: P1 board 2, P2 board 2, Dead Pool 0
Turn 3 - P1 acts
  - P1 hand: Meat Vegetable
  + P1 board: Meat Vegetable
End of Turn 3: P1 board 3, P2 board 2, Dead Pool 0
Turn 4 - P2 acts
  - P2 hand: Compliance Auditon
  + P2 board: Compliance Auditon
End of Turn 4: P1 board 3, P2 board 3, Dead Pool 0
Turn 5 - P1 acts
  - P1 hand: Restless Natives
  + P1 board: Restless Natives
End of Turn 5: P1 board 4, P2 board 3, Dead Pool 0
Turn 6 - P2 acts
  - P2 hand: MediFlux-1NDS
  + P2 board: MediFlux-1NDS
End of Turn 6: P1 board 4, P2 board 4, Dead Pool 0
Turn 7 - P1 acts
  - P1 hand: Käsekobold
  + P1 board: Käsekobold
End of Turn 7: P1 board 5, P2 board 4, Dead Pool 0
Turn 8 - P2 acts
  - P2 hand: Shield Array Node
  + P2 board: Shield Array Node
  - P2 board: Compliance Auditon
  + P2 retired: Compliance Auditon
  + Dead Pool: Compliance Auditon, Compliance Auditon
End of Turn 8: P1 board 5, P2 board 4, Dead Pool 2
Turn 9 - P1 acts
  - P1 hand: Voidling
  + P1 board: Voidling
  - P1 board: Meat Vegetable
  + P1 retired: Meat Vegetable
  + Dead Pool: Meat Vegetable, Meat Vegetable
End of Turn 9: P1 board 5, P2 board 4, Dead Pool 4
Turn 10 - P2 acts
  - P2 hand: Sausage Droid
  + P2 board: Sausage Droid
End of Turn 10: P1 board 5, P2 board 5, Dead Pool 4
Turn 11 - P1 acts
  - P1 hand: Annihilist Overseer
  + P1 board: Annihilist Overseer
  - P1 board: Meat Vegetable
  + P1 retired: Meat Vegetable
  + Dead Pool: Meat Vegetable, Meat Vegetable
End of Turn 11: P1 board 5, P2 board 5, Dead Pool 6
Turn 12 - P2 acts
  - P1 board: Restless Natives
  + P1 retired: Restless Natives
  - P2 hand: Impact Simulant
  + P2 board: Impact Simulant
  + Dead Pool: Restless Natives
End of Turn 12: P1 board 4, P2 board 6, Dead Pool 7
Turn 13 - P1 acts
  - P1 hand: Technomancer
  + P1 board: Technomancer
  - P1 board: Käsekobold, Annihilist Overseer
  + P1 retired: Käsekobold, Annihilist Overseer
  + Dead Pool: Käsekobold, Käsekobold, Annihilist Overseer, Annihilist Overseer
End of Turn 13: P1 board 3, P2 board 6, Dead Pool 11
Turn 14 - P2 acts
  - P2 hand: Detainment Probe
  + P2 board: Detainment Probe
End of Turn 14: P1 board 3, P2 board 7, Dead Pool 11
Turn 15 - P1 acts
  - P1 hand: Local Singularity
  + P1 board: Local Singularity
End of Turn 15: P1 board 4, P2 board 7, Dead Pool 11
Turn 16 - P2 acts
  - P2 hand: MediFlux-1NDS
  + P2 board: MediFlux-1NDS
End of Turn 16: P1 board 4, P2 board 8, Dead Pool 11
Turn 17 - P1 acts
  - P1 hand: Mutt
  + P1 board: Mutt
  - P1 board: Voidling
  + P1 retired: Voidling
  + Dead Pool: Voidling, Voidling
End of Turn 17: P1 board 4, P2 board 8, Dead Pool 13
Turn 18 - P2 acts
  - P2 hand: Shield Array Node
  + P2 board: Shield Array Node
  - P2 board: Compliance Auditon
  + P2 retired: Compliance Auditon
  + Dead Pool: Compliance Auditon, Compliance Auditon
End of Turn 18: P1 board 4, P2 board 8, Dead Pool 15
Turn 19 - P1 acts
  - P1 hand: Nives
  + P1 board: Nives
  - P1 board: Technomancer
  + P1 retired: Technomancer
  + Dead Pool: Technomancer, Technomancer
End of Turn 19: P1 board 4, P2 board 8, Dead Pool 17
Turn 20 - P2 acts
  - P2 hand: Impact Simulant
  + P2 board: Impact Simulant
End of Turn 20: P1 board 4, P2 board 9, Dead Pool 17
Turn 21 - P1 acts
  - P1 hand: Krax
  + P1 board: Krax
  - P1 board: Local Singularity
  + P1 retired: Local Singularity
  - P2 board: Detainment Probe
  + P2 retired: Detainment Probe
  + Dead Pool: Local Singularity, Local Singularity, Detainment Probe
End of Turn 21: P1 board 4, P2 board 8, Dead Pool 20
Turn 22 - P2 acts
  - P2 hand: Target Marker Probe
  + P2 board: Target Marker Probe
End of Turn 22: P1 board 4, P2 board 9, Dead Pool 20
Turn 23 - P1 acts
  - P1 hand: Vex
  + P1 board: Vex
  - P1 board: Mutt
  + P1 retired: Mutt
  + Dead Pool: Mutt, Mutt
End of Turn 23: P1 board 4, P2 board 9, Dead Pool 22
Turn 24 - P2 acts
  - P2 hand: Impact Simulant
  + P2 board: Impact Simulant
End of Turn 24: P1 board 4, P2 board 10, Dead Pool 22
Turn 25 - P1 acts
  - P1 hand: Dragoon
  + P1 board: Dragoon
  - P1 board: Nives, Krax
  + P1 retired: Nives, Krax
  + Dead Pool: Nives, Nives, Krax, Krax
End of Turn 25: P1 board 3, P2 board 10, Dead Pool 26
Turn 26 - P2 acts
  - P2 hand: Hover Shield
  + P2 board: Hover Shield
End of Turn 26: P1 board 3, P2 board 11, Dead Pool 26
Turn 27 - P1 acts
  - P1 hand: Psychodelic Toad
  + P1 board: Psychodelic Toad
  - P1 board: Vex
  + P1 retired: Vex
  - P2 board: MediFlux-1NDS
  + P2 retired: MediFlux-1NDS
  + Dead Pool: Vex, Vex, MediFlux-1NDS
End of Turn 27: P1 board 3, P2 board 10, Dead Pool 29
Turn 28 - P2 acts
  - P2 hand: Task Mistres
  + P2 board: Task Mistres
End of Turn 28: P1 board 3, P2 board 11, Dead Pool 29
Turn 29 - P1 acts
  - P1 hand: Dragoon
  - P1 board: Psychodelic Toad
  + P1 retired: Dragoon, Psychodelic Toad
  + Dead Pool: Dragoon, Dragoon, Psychodelic Toad, Psychodelic Toad
End of Turn 29: P1 board 2, P2 board 11, Dead Pool 33
Turn 30 - P2 acts
  - P2 hand: Marine Marauder
  + P2 board: Marine Marauder
  - P2 board: Shield Array Node
  + P2 retired: Shield Array Node
  + Dead Pool: Shield Array Node, Shield Array Node
End of Turn 30: P1 board 2, P2 board 11, Dead Pool 35
Turn 31 - P1 acts
  - P1 hand: Käsekobold
  + P1 board: Käsekobold
End of Turn 31: P1 board 3, P2 board 11, Dead Pool 35
Turn 32 - P2 acts
  - P1 board: Dragoon
  + P1 retired: Dragoon
  - P2 hand: Killjoy
  + P2 board: Killjoy
  - P2 board: Sausage Droid
  + P2 retired: Sausage Droid
  + Dead Pool: Dragoon, Sausage Droid, Sausage Droid
End of Turn 32: P1 board 2, P2 board 11, Dead Pool 38
Turn 33 - P1 acts
  - P1 hand: Void Freak
  + P1 board: Void Freak
End of Turn 33: P1 board 3, P2 board 11, Dead Pool 38
Turn 34 - P2 acts
  - P2 hand: Task Mistres
  + P2 board: Task Mistres
End of Turn 34: P1 board 3, P2 board 12, Dead Pool 38
Turn 35 - P1 acts
  - P1 hand: Blood Howler
  + P1 board: Blood Howler
  - P1 board: Käsekobold
  + P1 retired: Käsekobold
  - P2 board: Marine Marauder
  + P2 retired: Marine Marauder
  + Dead Pool: Käsekobold, Käsekobold, Marine Marauder
End of Turn 35: P1 board 3, P2 board 11, Dead Pool 41
Turn 36 - P2 acts
  - P2 hand: Sausage Droid
  + P2 board: Sausage Droid
End of Turn 36: P1 board 3, P2 board 12, Dead Pool 41
Turn 37 - P1 acts
  - P1 hand: Krax
  + P1 board: Krax
  - P1 board: Void Freak, Blood Howler
  + P1 retired: Void Freak, Blood Howler
  + Dead Pool: Void Freak, Void Freak, Blood Howler, Blood Howler
End of Turn 37: P1 board 2, P2 board 12, Dead Pool 45
Turn 38 - P2 acts
  - P2 hand: Sausage Droid
  + P2 board: Sausage Droid
End of Turn 38: P1 board 2, P2 board 13, Dead Pool 45
Turn 39 - P1 acts
  - P1 hand: Primordial Oozer
  + P1 board: Primordial Oozer
  - P2 board: Impact Simulant
  + P2 retired: Impact Simulant
  + Dead Pool: Impact Simulant
End of Turn 39: P1 board 3, P2 board 12, Dead Pool 46
Turn 40 - P2 acts
  - P2 hand: Detainment Probe
  + P2 board: Detainment Probe
End of Turn 40: P1 board 3, P2 board 13, Dead Pool 46
Turn 41 - P1 acts
  - P1 hand: Annihilist Overseer
  + P1 board: Annihilist Overseer
  - P1 board: Krax
  + P1 retired: Krax
  + Dead Pool: Krax, Krax
End of Turn 41: P1 board 3, P2 board 13, Dead Pool 48
Turn 42 - P2 acts
  - P2 hand: Impact Simulant
  + P2 board: Impact Simulant
End of Turn 42: P1 board 3, P2 board 14, Dead Pool 48
Turn 43 - P1 acts
  - P1 hand: Käsekobold
  + P1 board: Käsekobold
  - P1 board: Primordial Oozer, Annihilist Overseer
  + P1 retired: Annihilist Overseer, Primordial Oozer
  + Dead Pool: Annihilist Overseer, Annihilist Overseer, Primordial Oozer, Primordial Oozer
End of Turn 43: P1 board 2, P2 board 14, Dead Pool 52
Turn 44 - P2 acts
  - P2 hand: Sentry Node
  + P2 board: Sentry Node
  - P2 board: MediFlux-1NDS
  + P2 retired: MediFlux-1NDS
  + Dead Pool: MediFlux-1NDS, MediFlux-1NDS
End of Turn 44: P1 board 2, P2 board 14, Dead Pool 54
Turn 45 - P1 acts
  - P1 hand: Dragoon
  + P1 board: Dragoon
  - P1 board: Käsekobold
  + P1 retired: Käsekobold
  + Dead Pool: Käsekobold, Käsekobold
End of Turn 45: P1 board 2, P2 board 14, Dead Pool 56
Turn 46 - P2 acts
  - P2 hand: MediFlux-1NDS
  + P2 board: MediFlux-1NDS
End of Turn 46: P1 board 2, P2 board 15, Dead Pool 56
Turn 47 - P1 acts
  - P1 hand: Voidling
  + P1 board: Voidling
  - P1 board: Dragoon
  + P1 retired: Dragoon
  + Dead Pool: Dragoon, Dragoon
End of Turn 47: P1 board 2, P2 board 15, Dead Pool 58
Turn 48 - P2 acts
  - P1 board: Grim
  + P1 retired: Grim
  - P2 hand: Compliance Auditon
  + P2 board: Compliance Auditon
  - P2 board: Sentry Node
  + P2 retired: Sentry Node
  + Dead Pool: Sentry Node, Sentry Node, Grim
Result: winner P2 | turns 47
Retired: P1 24, P2 10, Dead Pool 61

=== Game seed 11121 ===
Starting: P1 faction PCU vs P2 faction NARC
Turn 1 - P2 acts
  - P2 hand: Target Marker Probe
  + P2 board: Target Marker Probe
End of Turn 1: P1 board 1, P2 board 2, Dead Pool 0
Turn 2 - P1 acts
  - P1 hand: Meat Vegetable
  + P1 board: Meat Vegetable
End of Turn 2: P1 board 2, P2 board 2, Dead Pool 0
Turn 3 - P2 acts
  - P2 hand: Sausage Droid
  + P2 board: Sausage Droid
End of Turn 3: P1 board 2, P2 board 3, Dead Pool 0
Turn 4 - P1 acts
  - P1 hand: Primordial Oozer
  + P1 board: Primordial Oozer
End of Turn 4: P1 board 3, P2 board 3, Dead Pool 0
Turn 5 - P2 acts
  - P2 hand: Task Mistres
  + P2 board: Task Mistres
End of Turn 5: P1 board 3, P2 board 4, Dead Pool 0
Turn 6 - P1 acts
  - P1 hand: Restless Natives
  + P1 board: Restless Natives
End of Turn 6: P1 board 4, P2 board 4, Dead Pool 0
Turn 7 - P2 acts
  - P1 board: Meat Vegetable
  + P1 retired: Meat Vegetable
  - P2 hand: Shield Array Node
  + P2 board: Shield Array Node
  - P2 board: Target Marker Probe
  + P2 retired: Target Marker Probe
  + Dead Pool: Target Marker Probe, Target Marker Probe, Meat Vegetable
End of Turn 7: P1 board 3, P2 board 4, Dead Pool 3
Turn 8 - P1 acts
  - P1 hand: Meat Vegetable
  + P1 board: Meat Vegetable
End of Turn 8: P1 board 4, P2 board 4, Dead Pool 3
Turn 9 - P2 acts
  - P2 hand: Shield Array Node
  + P2 board: Shield Array Node
  - P2 board: Sausage Droid
  + P2 retired: Sausage Droid
  + Dead Pool: Sausage Droid, Sausage Droid
End of Turn 9: P1 board 4, P2 board 4, Dead Pool 5
Turn 10 - P1 acts
  - P1 hand: Nives
  + P1 board: Nives
  - P1 board: Primordial Oozer
  + P1 retired: Primordial Oozer
  + Dead Pool: Primordial Oozer, Primordial Oozer
End of Turn 10: P1 board 4, P2 board 4, Dead Pool 7
Turn 11 - P2 acts
  - P2 hand: K-9.0
  + P2 board: K-9.0
End of Turn 11: P1 board 4, P2 board 5, Dead Pool 7
Turn 12 - P1 acts
  - P1 hand: Psychodelic Toad
  + P1 board: Psychodelic Toad
  - P1 board: Restless Natives
  + P1 retired: Restless Natives
  - P2 board: Task Mistres
  + P2 retired: Task Mistres
  + Dead Pool: Restless Natives, Restless Natives, Task Mistres
End of Turn 12: P1 board 4, P2 board 4, Dead Pool 10
Turn 13 - P2 acts
  - P2 hand: Sausage Droid
  + P2 board: Sausage Droid
End of Turn 13: P1 board 4, P2 board 5, Dead Pool 10
Turn 14 - P1 acts
  - P1 hand: Mutt
  + P1 board: Mutt
  - P1 board: Meat Vegetable
  + P1 retired: Meat Vegetable
  + Dead Pool: Meat Vegetable, Meat Vegetable
End of Turn 14: P1 board 4, P2 board 5, Dead Pool 12
Turn 15 - P2 acts
  - P2 hand: Marine Marauder
  + P2 board: Marine Marauder
  - P2 board: Shield Array Node
  + P2 retired: Shield Array Node
  + Dead Pool: Shield Array Node, Shield Array Node
End of Turn 15: P1 board 4, P2 board 5, Dead Pool 14
Turn 16 - P1 acts
  - P1 hand: Annihilist Overseer
  + P1 board: Annihilist Overseer
  - P1 board: Nives
  + P1 retired: Nives
  + Dead Pool: Nives, Nives
End of Turn 16: P1 board 4, P2 board 5, Dead Pool 16
Turn 17 - P2 acts
  - P1 board: Psychodelic Toad
  + P1 retired: Psychodelic Toad
  - P2 hand: Impact Simulant
  + P2 board: Impact Simulant
  + Dead Pool: Psychodelic Toad
End of Turn 17: P1 board 3, P2 board 6, Dead Pool 17
Turn 18 - P1 acts
  - P1 hand: Vex
  + P1 board: Vex
  - P1 board: Mutt, Annihilist Overseer
  + P1 retired: Mutt, Annihilist Overseer
  + Dead Pool: Mutt, Mutt, Annihilist Overseer, Annihilist Overseer
End of Turn 18: P1 board 2, P2 board 6, Dead Pool 21
Turn 19 - P2 acts
  - P2 hand: K-9.0
  + P2 board: K-9.0
End of Turn 19: P1 board 2, P2 board 7, Dead Pool 21
Turn 20 - P1 acts
  - P1 hand: Void Freak
  + P1 board: Void Freak
  - P1 board: Vex
  + P1 retired: Vex
  + Dead Pool: Vex, Vex
End of Turn 20: P1 board 2, P2 board 7, Dead Pool 23
Turn 21 - P2 acts
  - P2 hand: MediFlux-1NDS
  + P2 board: MediFlux-1NDS
  - P2 board: Shield Array Node
  + P2 retired: Shield Array Node
  + Dead Pool: Shield Array Node, Shield Array Node
End of Turn 21: P1 board 2, P2 board 7, Dead Pool 25
Turn 22 - P1 acts
  - P1 hand: Blood Howler
  + P1 board: Blood Howler
  - P2 board: Sausage Droid
  + P2 retired: Sausage Droid
  + Dead Pool: Sausage Droid
End of Turn 22: P1 board 3, P2 board 6, Dead Pool 26
Turn 23 - P2 acts
  - P1 board: Void Freak
  + P1 retired: Void Freak
  - P2 hand: Compliance Auditon
  + P2 board: Compliance Auditon
  + Dead Pool: Void Freak
End of Turn 23: P1 board 2, P2 board 7, Dead Pool 27
Turn 24 - P1 acts
  - P1 hand: Meat Vegetable
  + P1 board: Meat Vegetable
End of Turn 24: P1 board 3, P2 board 7, Dead Pool 27
Turn 25 - P2 acts
  - P2 hand: Dormex Lurker
  + P2 board: Dormex Lurker
End of Turn 25: P1 board 3, P2 board 8, Dead Pool 27
Turn 26 - P1 acts
  - P1 hand: Mutt
  + P1 board: Mutt
  - P1 board: Blood Howler
  + P1 retired: Blood Howler
  + Dead Pool: Blood Howler, Blood Howler
End of Turn 26: P1 board 3, P2 board 8, Dead Pool 29
Turn 27 - P2 acts
  - P2 hand: Detainment Probe
  + P2 board: Detainment Probe
End of Turn 27: P1 board 3, P2 board 9, Dead Pool 29
Turn 28 - P1 acts
  - P1 hand: Käsekobold
  + P1 board: Käsekobold
End of Turn 28: P1 board 4, P2 board 9, Dead Pool 29
Turn 29 - P2 acts
  - P2 hand: Hover Shield
  + P2 board: Hover Shield
  - P2 board: K-9.0
  + P2 retired: K-9.0
  + Dead Pool: K-9.0, K-9.0
End of Turn 29: P1 board 4, P2 board 9, Dead Pool 31
Turn 30 - P1 acts
  - P1 hand: Void Freak
  + P1 board: Void Freak
End of Turn 30: P1 board 5, P2 board 9, Dead Pool 31
Turn 31 - P2 acts
  - P1 board: Meat Vegetable
  + P1 retired: Meat Vegetable
  - P2 hand: Bruut Enforcer
  + P2 board: Bruut Enforcer
  - P2 board: Marine Marauder
  + P2 retired: Marine Marauder
  + Dead Pool: Meat Vegetable, Marine Marauder, Marine Marauder
End of Turn 31: P1 board 4, P2 board 9, Dead Pool 34
Turn 32 - P1 acts
  - P1 hand: Technomancer
  + P1 board: Technomancer
  - P1 board: Mutt
  + P1 retired: Mutt
  + Dead Pool: Mutt, Mutt
End of Turn 32: P1 board 4, P2 board 9, Dead Pool 36
Turn 33 - P2 acts
  - P2 hand: Impact Simulant
  + P2 board: Impact Simulant
End of Turn 33: P1 board 4, P2 board 10, Dead Pool 36
Turn 34 - P1 acts
  - P1 hand: Blood Howler
  + P1 board: Blood Howler
  - P2 board: Lokar Simmons
  + P2 retired: Lokar Simmons
  + Dead Pool: Lokar Simmons
Result: winner P1 | turns 33
Retired: P1 13, P2 9, Dead Pool 37

=== Game seed 11122 ===
Starting: P1 faction PCU vs P2 faction NARC
Turn 1 - P2 acts
  - P2 hand: Sausage Droid
  + P2 board: Sausage Droid
End of Turn 1: P1 board 1, P2 board 2, Dead Pool 0
Turn 2 - P1 acts
  - P1 hand: Restless Natives
  + P1 board: Restless Natives
End of Turn 2: P1 board 2, P2 board 2, Dead Pool 0
Turn 3 - P2 acts
  - P2 hand: Task Mistres
  + P2 board: Task Mistres
End of Turn 3: P1 board 2, P2 board 3, Dead Pool 0
Turn 4 - P1 acts
  - P1 hand: Blood Howler
  + P1 board: Blood Howler
  - P2 board: Sausage Droid
  + P2 retired: Sausage Droid
  + Dead Pool: Sausage Droid
End of Turn 4: P1 board 3, P2 board 2, Dead Pool 1
Turn 5 - P2 acts
  - P2 hand: Task Mistres
  + P2 board: Task Mistres
End of Turn 5: P1 board 3, P2 board 3, Dead Pool 1
Turn 6 - P1 acts
  - P1 hand: Blood Howler
  + P1 board: Blood Howler
  - P1 board: Restless Natives
  + P1 retired: Restless Natives
  + Dead Pool: Restless Natives, Restless Natives
End of Turn 6: P1 board 3, P2 board 3, Dead Pool 3
Turn 7 - P2 acts
  - P2 hand: Shield Array Node
  + P2 board: Shield Array Node
End of Turn 7: P1 board 3, P2 board 4, Dead Pool 3
Turn 8 - P1 acts
  - P1 hand: Voidling
  + P1 board: Voidling
End of Turn 8: P1 board 4, P2 board 4, Dead Pool 3
Turn 9 - P2 acts
  - P2 hand: Dormex Lurker
  + P2 board: Dormex Lurker
  - P2 board: Task Mistres
  + P2 retired: Task Mistres
  + Dead Pool: Task Mistres, Task Mistres
End of Turn 9: P1 board 4, P2 board 4, Dead Pool 5
Turn 10 - P1 acts
  - P1 hand: Technomancer
  + P1 board: Technomancer
  - P1 board: Blood Howler
  + P1 retired: Blood Howler
  + Dead Pool: Blood Howler, Blood Howler
End of Turn 10: P1 board 4, P2 board 4, Dead Pool 7
Turn 11 - P2 acts
  - P2 hand: MediFlux-1NDS
  + P2 board: MediFlux-1NDS
End of Turn 11: P1 board 4, P2 board 5, Dead Pool 7
Turn 12 - P1 acts
  - P1 hand: Void Freak
  + P1 board: Void Freak
End of Turn 12: P1 board 5, P2 board 5, Dead Pool 7
Turn 13 - P2 acts
  - P1 board: Blood Howler
  + P1 retired: Blood Howler
  - P2 hand: Hover Shield
  + P2 board: Hover Shield
  + Dead Pool: Blood Howler
End of Turn 13: P1 board 4, P2 board 6, Dead Pool 8
Turn 14 - P1 acts
  - P1 hand: Technomancer
  + P1 board: Technomancer
  - P1 board: Voidling
  + P1 retired: Voidling
  - P2 board: Task Mistres
  + P2 retired: Task Mistres
  + Dead Pool: Task Mistres, Voidling, Voidling
End of Turn 14: P1 board 4, P2 board 5, Dead Pool 11
Turn 15 - P2 acts
  - P2 hand: Shield Array Node
  + P2 board: Shield Array Node
End of Turn 15: P1 board 4, P2 board 6, Dead Pool 11
Turn 16 - P1 acts
  - P1 hand: Annihilist Overseer
  + P1 board: Annihilist Overseer
  - P1 board: Technomancer
  + P1 retired: Technomancer
  - P2 board: Shield Array Node
  + P2 retired: Shield Array Node
  + Dead Pool: Technomancer, Technomancer, Shield Array Node
End of Turn 16: P1 board 4, P2 board 5, Dead Pool 14
Turn 17 - P2 acts
  - P1 board: Void Freak
  + P1 retired: Void Freak
  - P2 hand: Sausage Droid
  + P2 board: Sausage Droid
  + Dead Pool: Void Freak
End of Turn 17: P1 board 3, P2 board 6, Dead Pool 15
Turn 18 - P1 acts
  - P1 hand: Käsekobold
  + P1 board: Käsekobold
  - P1 board: Annihilist Overseer
  + P1 retired: Annihilist Overseer
  + Dead Pool: Annihilist Overseer, Annihilist Overseer
End of Turn 18: P1 board 3, P2 board 6, Dead Pool 17
Turn 19 - P2 acts
  - P2 hand: Hover Shield
  + P2 board: Hover Shield
End of Turn 19: P1 board 3, P2 board 7, Dead Pool 17
Turn 20 - P1 acts
  - P1 hand: Psychodelic Toad
  + P1 board: Psychodelic Toad
  - P1 board: Technomancer
  + P1 retired: Technomancer
  - P2 board: Dormex Lurker
  + P2 retired: Dormex Lurker
  + Dead Pool: Technomancer, Technomancer, Dormex Lurker
End of Turn 20: P1 board 3, P2 board 6, Dead Pool 20
Turn 21 - P2 acts
  - P2 hand: Detainment Probe
  + P2 board: Detainment Probe
End of Turn 21: P1 board 3, P2 board 7, Dead Pool 20
Turn 22 - P1 acts
  - P1 hand: Mutt
  + P1 board: Mutt
  - P1 board: Käsekobold
  + P1 retired: Käsekobold
  + Dead Pool: Käsekobold, Käsekobold
End of Turn 22: P1 board 3, P2 board 7, Dead Pool 22
Turn 23 - P2 acts
  - P2 hand: Hover Shield
  + P2 board: Hover Shield
End of Turn 23: P1 board 3, P2 board 8, Dead Pool 22
Turn 24 - P1 acts
  - P1 hand: Krax
  + P1 board: Krax
  - P1 board: Psychodelic Toad, Mutt
  + P1 retired: Psychodelic Toad, Mutt
  + Dead Pool: Psychodelic Toad, Psychodelic Toad, Mutt, Mutt
End of Turn 24: P1 board 2, P2 board 8, Dead Pool 26
Turn 25 - P2 acts
  - P2 hand: Compliance Auditon
  + P2 board: Compliance Auditon
End of Turn 25: P1 board 2, P2 board 9, Dead Pool 26
Turn 26 - P1 acts
  - P1 hand: Voidling
  + P1 board: Voidling
  - P1 board: Krax
  + P1 retired: Krax
  - P2 board: MediFlux-1NDS
  + P2 retired: MediFlux-1NDS
  + Dead Pool: Krax, Krax, MediFlux-1NDS
End of Turn 26: P1 board 2, P2 board 8, Dead Pool 29
Turn 27 - P2 acts
  - P2 hand: K-9.0
  + P2 board: K-9.0
End of Turn 27: P1 board 2, P2 board 9, Dead Pool 29
Turn 28 - P1 acts
  - P1 hand: Nives
  + P1 board: Nives
  - P1 board: Voidling
  + P1 retired: Voidling
  + Dead Pool: Voidling, Voidling
End of Turn 28: P1 board 2, P2 board 9, Dead Pool 31
Turn 29 - P2 acts
  - P2 hand: MediFlux-1NDS
  + P2 board: MediFlux-1NDS
  - P2 board: Hover Shield
  + P2 retired: Hover Shield
  + Dead Pool: Hover Shield, Hover Shield
End of Turn 29: P1 board 2, P2 board 9, Dead Pool 33
Turn 30 - P1 acts
  - P1 hand: Vex
  + P1 board: Vex
  - P1 board: Nives
  + P1 retired: Nives
  + Dead Pool: Nives, Nives
End of Turn 30: P1 board 2, P2 board 9, Dead Pool 35
Turn 31 - P2 acts
  - P2 hand: Detainment Probe
  + P2 board: Detainment Probe
End of Turn 31: P1 board 2, P2 board 10, Dead Pool 35
Turn 32 - P1 acts
  - P1 hand: Restless Natives
  + P1 board: Restless Natives
  - P1 board: Vex
  + P1 retired: Vex
  + Dead Pool: Vex, Vex
End of Turn 32: P1 board 2, P2 board 10, Dead Pool 37
Turn 33 - P2 acts
  - P2 hand: K-9.0
  + P2 board: K-9.0
  - P2 board: Shield Array Node
  + P2 retired: Shield Array Node
  + Dead Pool: Shield Array Node, Shield Array Node
End of Turn 33: P1 board 2, P2 board 10, Dead Pool 39
Turn 34 - P1 acts
  - P1 hand: Dragoon
  + P1 board: Dragoon
  - P1 board: Restless Natives
  + P1 retired: Restless Natives
  + Dead Pool: Restless Natives, Restless Natives
End of Turn 34: P1 board 2, P2 board 10, Dead Pool 41
Turn 35 - P2 acts
  - P2 hand: Marine Marauder
  + P2 board: Marine Marauder
  - P2 board: Sausage Droid
  + P2 retired: Sausage Droid
  + Dead Pool: Sausage Droid, Sausage Droid
End of Turn 35: P1 board 2, P2 board 10, Dead Pool 43
Turn 36 - P1 acts
  - P1 hand: Meat Vegetable
  + P1 board: Meat Vegetable
End of Turn 36: P1 board 3, P2 board 10, Dead Pool 43
Turn 37 - P2 acts
  - P2 hand: Bruut Enforcer
  + P2 board: Bruut Enforcer
  - P2 board: Hover Shield
  + P2 retired: Hover Shield
  + Dead Pool: Hover Shield, Hover Shield
End of Turn 37: P1 board 3, P2 board 10, Dead Pool 45
Turn 38 - P1 acts
  - P1 hand: Krax
  + P1 board: Krax
  - P1 board: Dragoon
  + P1 retired: Dragoon
  + Dead Pool: Dragoon, Dragoon
End of Turn 38: P1 board 3, P2 board 10, Dead Pool 47
Turn 39 - P2 acts
  - P2 hand: Impact Simulant
  + P2 board: Impact Simulant
  - P2 board: Detainment Probe
  + P2 retired: Detainment Probe
  + Dead Pool: Detainment Probe, Detainment Probe
End of Turn 39: P1 board 3, P2 board 10, Dead Pool 49
Turn 40 - P1 acts
  - P1 hand: Käsekobold
  + P1 board: Käsekobold
End of Turn 40: P1 board 4, P2 board 10, Dead Pool 49
Turn 41 - P2 acts
  - P2 hand: Killjoy
  + P2 board: Killjoy
  - P2 board: Hover Shield
  + P2 retired: Hover Shield
  + Dead Pool: Hover Shield, Hover Shield
End of Turn 41: P1 board 4, P2 board 10, Dead Pool 51
Turn 42 - P1 acts
  - P1 hand: Void Freak
  + P1 board: Void Freak
End of Turn 42: P1 board 5, P2 board 10, Dead Pool 51
Turn 43 - P2 acts
  - P2 hand: Sentry Node
  + P2 board: Sentry Node
  - P2 board: Compliance Auditon
  + P2 retired: Compliance Auditon
  + Dead Pool: Compliance Auditon, Compliance Auditon
End of Turn 43: P1 board 5, P2 board 10, Dead Pool 53
Turn 44 - P1 acts
  - P1 hand: Vex
  + P1 board: Vex
  - P1 board: Meat Vegetable
  + P1 retired: Meat Vegetable
  - P2 board: Lokar Simmons
  + P2 retired: Lokar Simmons
  + Dead Pool: Meat Vegetable, Meat Vegetable, Lokar Simmons
Result: winner P1 | turns 43
Retired: P1 18, P2 14, Dead Pool 56

=== Game seed 11123 ===
Starting: P1 faction PCU vs P2 faction NARC
Turn 1 - P2 acts
  - P2 hand: Sausage Droid
  + P2 board: Sausage Droid
End of Turn 1: P1 board 1, P2 board 2, Dead Pool 0
Turn 2 - P1 acts
  - P1 hand: Psychodelic Toad
  + P1 board: Psychodelic Toad
End of Turn 2: P1 board 2, P2 board 2, Dead Pool 0
Turn 3 - P2 acts
  - P2 hand: Impact Simulant
  + P2 board: Impact Simulant
End of Turn 3: P1 board 2, P2 board 3, Dead Pool 0
Turn 4 - P1 acts
  - P1 hand: Blood Howler
  + P1 board: Blood Howler
  - P1 board: Psychodelic Toad
  + P1 retired: Psychodelic Toad
  + Dead Pool: Psychodelic Toad, Psychodelic Toad
End of Turn 4: P1 board 2, P2 board 3, Dead Pool 2
Turn 5 - P2 acts
  - P2 hand: Target Marker Probe
  + P2 board: Target Marker Probe
End of Turn 5: P1 board 2, P2 board 4, Dead Pool 2
Turn 6 - P1 acts
  - P1 hand: Restless Natives
  + P1 board: Restless Natives
End of Turn 6: P1 board 3, P2 board 4, Dead Pool 2
Turn 7 - P2 acts
  - P2 hand: Compliance Auditon
  + P2 board: Compliance Auditon
End of Turn 7: P1 board 3, P2 board 5, Dead Pool 2
Turn 8 - P1 acts
  - P1 hand: Restless Natives
  + P1 board: Restless Natives
  - P1 board: Blood Howler
  + P1 retired: Blood Howler
  - P2 board: Sausage Droid
  + P2 retired: Sausage Droid
  + Dead Pool: Blood Howler, Blood Howler, Sausage Droid
End of Turn 8: P1 board 3, P2 board 4, Dead Pool 5
Turn 9 - P2 acts
  - P2 hand: Dormex Lurker
  + P2 board: Dormex Lurker
End of Turn 9: P1 board 3, P2 board 5, Dead Pool 5
Turn 10 - P1 acts
  - P1 hand: Local Singularity
  + P1 board: Local Singularity
  - P1 board: Restless Natives
  + P1 retired: Restless Natives
  + Dead Pool: Restless Natives, Restless Natives
End of Turn 10: P1 board 3, P2 board 5, Dead Pool 7
Turn 11 - P2 acts
  - P2 hand: Hover Shield
  + P2 board: Hover Shield
  - P2 board: Impact Simulant
  + P2 retired: Impact Simulant
  + Dead Pool: Impact Simulant, Impact Simulant
End of Turn 11: P1 board 3, P2 board 5, Dead Pool 9
Turn 12 - P1 acts
  - P1 hand: Restless Natives
  + P1 board: Restless Natives
End of Turn 12: P1 board 4, P2 board 5, Dead Pool 9
Turn 13 - P2 acts
  - P1 board: Restless Natives
  + P1 retired: Restless Natives
  - P2 hand: Hover Shield
  + P2 board: Hover Shield
  + Dead Pool: Restless Natives
End of Turn 13: P1 board 3, P2 board 6, Dead Pool 10
Turn 14 - P1 acts
  - P1 hand: Voidling
  + P1 board: Voidling
End of Turn 14: P1 board 4, P2 board 6, Dead Pool 10
Turn 15 - P2 acts
  - P1 board: Local Singularity
  + P1 retired: Local Singularity
  - P2 hand: Impact Simulant
  + P2 board: Impact Simulant
  + Dead Pool: Local Singularity
End of Turn 15: P1 board 3, P2 board 7, Dead Pool 11
Turn 16 - P1 acts
  - P1 hand: Voidling
  + P1 board: Voidling
  - P1 board: Restless Natives
  + P1 retired: Restless Natives
  + Dead Pool: Restless Natives, Restless Natives
End of Turn 16: P1 board 3, P2 board 7, Dead Pool 13
Turn 17 - P2 acts
  - P2 hand: Hover Shield
  + P2 board: Hover Shield
End of Turn 17: P1 board 3, P2 board 8, Dead Pool 13
Turn 18 - P1 acts
  - P1 hand: Restless Natives
  + P1 board: Restless Natives
End of Turn 18: P1 board 4, P2 board 8, Dead Pool 13
Turn 19 - P2 acts
  - P2 hand: K-9.0
  + P2 board: K-9.0
  - P2 board: Target Marker Probe
  + P2 retired: Target Marker Probe
  + Dead Pool: Target Marker Probe, Target Marker Probe
End of Turn 19: P1 board 4, P2 board 8, Dead Pool 15
Turn 20 - P1 acts
  - P1 hand: Void Freak
  + P1 board: Void Freak
End of Turn 20: P1 board 5, P2 board 8, Dead Pool 15
Turn 21 - P2 acts
  - P1 board: Voidling
  + P1 retired: Voidling
  - P2 hand: Marine Marauder
  + P2 board: Marine Marauder
  - P2 board: Compliance Auditon
  + P2 retired: Compliance Auditon
  + Dead Pool: Compliance Auditon, Compliance Auditon, Voidling
End of Turn 21: P1 board 4, P2 board 8, Dead Pool 18
Turn 22 - P1 acts
  - P1 hand: Primordial Oozer
  + P1 board: Primordial Oozer
End of Turn 22: P1 board 5, P2 board 8, Dead Pool 18
Turn 23 - P2 acts
  - P2 hand: MediFlux-1NDS
  + P2 board: MediFlux-1NDS
End of Turn 23: P1 board 5, P2 board 9, Dead Pool 18
Turn 24 - P1 acts
  - P1 hand: Käsekobold
  + P1 board: Käsekobold
  - P2 board: Lokar Simmons
  + P2 retired: Lokar Simmons
  + Dead Pool: Lokar Simmons
Result: winner P1 | turns 23
Retired: P1 7, P2 5, Dead Pool 19

=== Game seed 11124 ===
Starting: P1 faction PCU vs P2 faction NARC
Turn 1 - P2 acts
  - P2 hand: Impact Simulant
  + P2 board: Impact Simulant
End of Turn 1: P1 board 1, P2 board 2, Dead Pool 0
Turn 2 - P1 acts
  - P1 hand: Primordial Oozer
  + P1 board: Primordial Oozer
End of Turn 2: P1 board 2, P2 board 2, Dead Pool 0
Turn 3 - P2 acts
  - P2 hand: Sausage Droid
  + P2 board: Sausage Droid
End of Turn 3: P1 board 2, P2 board 3, Dead Pool 0
Turn 4 - P1 acts
  - P1 hand: Vex
  + P1 board: Vex
  - P1 board: Primordial Oozer
  + P1 retired: Primordial Oozer
  + Dead Pool: Primordial Oozer, Primordial Oozer
End of Turn 4: P1 board 2, P2 board 3, Dead Pool 2
Turn 5 - P2 acts
  - P2 hand: Detainment Probe
  + P2 board: Detainment Probe
End of Turn 5: P1 board 2, P2 board 4, Dead Pool 2
Turn 6 - P1 acts
  - P1 hand: Nives
  + P1 board: Nives
  - P1 board: Vex
  + P1 retired: Vex
  + Dead Pool: Vex, Vex
End of Turn 6: P1 board 2, P2 board 4, Dead Pool 4
Turn 7 - P2 acts
  - P2 hand: Shield Array Node
  + P2 board: Shield Array Node
End of Turn 7: P1 board 2, P2 board 5, Dead Pool 4
Turn 8 - P1 acts
  - P1 hand: Annihilist Overseer
  + P1 board: Annihilist Overseer
  - P1 board: Nives
  + P1 retired: Nives
  + Dead Pool: Nives, Nives
End of Turn 8: P1 board 2, P2 board 5, Dead Pool 6
Turn 9 - P2 acts
  - P2 hand: MediFlux-1NDS
  + P2 board: MediFlux-1NDS
  - P2 board: Impact Simulant
  + P2 retired: Impact Simulant
  + Dead Pool: Impact Simulant, Impact Simulant
End of Turn 9: P1 board 2, P2 board 5, Dead Pool 8
Turn 10 - P1 acts
  - P1 hand: Käsekobold
  + P1 board: Käsekobold
  - P1 board: Annihilist Overseer
  + P1 retired: Annihilist Overseer
  + Dead Pool: Annihilist Overseer, Annihilist Overseer
End of Turn 10: P1 board 2, P2 board 5, Dead Pool 10
Turn 11 - P2 acts
  - P2 hand: MediFlux-1NDS
  + P2 board: MediFlux-1NDS
End of Turn 11: P1 board 2, P2 board 6, Dead Pool 10
Turn 12 - P1 acts
  - P1 hand: Nives
  + P1 board: Nives
  - P1 board: Käsekobold
  + P1 retired: Käsekobold
  + Dead Pool: Käsekobold, Käsekobold
End of Turn 12: P1 board 2, P2 board 6, Dead Pool 12
Turn 13 - P2 acts
  - P2 hand: Hover Shield
  + P2 board: Hover Shield
  - P2 board: Sausage Droid
  + P2 retired: Sausage Droid
  + Dead Pool: Sausage Droid, Sausage Droid
End of Turn 13: P1 board 2, P2 board 6, Dead Pool 14
Turn 14 - P1 acts
  - P1 hand: Mutt
  + P1 board: Mutt
  - P1 board: Nives
  + P1 retired: Nives
  + Dead Pool: Nives, Nives
End of Turn 14: P1 board 2, P2 board 6, Dead Pool 16
Turn 15 - P2 acts
  - P2 hand: MediFlux-1NDS
  + P2 board: MediFlux-1NDS
End of Turn 15: P1 board 2, P2 board 7, Dead Pool 16
Turn 16 - P1 acts
  - P1 hand: Restless Natives
  + P1 board: Restless Natives
  - P2 board: Detainment Probe
  + P2 retired: Detainment Probe
  + Dead Pool: Detainment Probe
End of Turn 16: P1 board 3, P2 board 6, Dead Pool 17
Turn 17 - P2 acts
  - P2 hand: Hover Shield
  + P2 board: Hover Shield
End of Turn 17: P1 board 3, P2 board 7, Dead Pool 17
Turn 18 - P1 acts
  - P1 hand: Meat Vegetable
  + P1 board: Meat Vegetable
End of Turn 18: P1 board 4, P2 board 7, Dead Pool 17
Turn 19 - P2 acts
  - P2 hand: Hover Shield
  + P2 board: Hover Shield
  - P2 board: Shield Array Node
  + P2 retired: Shield Array Node
  + Dead Pool: Shield Array Node, Shield Array Node
End of Turn 19: P1 board 4, P2 board 7, Dead Pool 19
Turn 20 - P1 acts
  - P1 hand: Voidling
  + P1 board: Voidling
  - P1 board: Mutt
  + P1 retired: Mutt
  + Dead Pool: Mutt, Mutt
End of Turn 20: P1 board 4, P2 board 7, Dead Pool 21
Turn 21 - P2 acts
  - P2 hand: Dormex Lurker
  + P2 board: Dormex Lurker
End of Turn 21: P1 board 4, P2 board 8, Dead Pool 21
Turn 22 - P1 acts
  - P1 hand: Vex
  + P1 board: Vex
  - P1 board: Restless Natives
  + P1 retired: Restless Natives
  + Dead Pool: Restless Natives, Restless Natives
End of Turn 22: P1 board 4, P2 board 8, Dead Pool 23
Turn 23 - P2 acts
  - P2 hand: Compliance Auditon
  + P2 board: Compliance Auditon
End of Turn 23: P1 board 4, P2 board 9, Dead Pool 23
Turn 24 - P1 acts
  - P1 hand: Void Freak
  + P1 board: Void Freak
End of Turn 24: P1 board 5, P2 board 9, Dead Pool 23
Turn 25 - P2 acts
  - P2 hand: Detainment Probe
  + P2 board: Detainment Probe
End of Turn 25: P1 board 5, P2 board 10, Dead Pool 23
Turn 26 - P1 acts
  - P1 hand: Psychodelic Toad
  + P1 board: Psychodelic Toad
  - P1 board: Meat Vegetable
  + P1 retired: Meat Vegetable
  - P2 board: MediFlux-1NDS
  + P2 retired: MediFlux-1NDS
  + Dead Pool: Meat Vegetable, Meat Vegetable, MediFlux-1NDS
End of Turn 26: P1 board 5, P2 board 9, Dead Pool 26
Turn 27 - P2 acts
  - P2 hand: Task Mistres
  + P2 board: Task Mistres
End of Turn 27: P1 board 5, P2 board 10, Dead Pool 26
Turn 28 - P1 acts
  - P1 hand: Käsekobold
  + P1 board: Käsekobold
  - P2 board: MediFlux-1NDS
  + P2 retired: MediFlux-1NDS
  + Dead Pool: MediFlux-1NDS
End of Turn 28: P1 board 6, P2 board 9, Dead Pool 27
Turn 29 - P2 acts
  - P2 hand: Dormex Lurker
  + P2 board: Dormex Lurker
End of Turn 29: P1 board 6, P2 board 10, Dead Pool 27
Turn 30 - P1 acts
  - P1 hand: Annihilist Overseer
  + P1 board: Annihilist Overseer
  - P1 board: Voidling
  + P1 retired: Voidling
  - P2 board: Hover Shield
  + P2 retired: Hover Shield
  + Dead Pool: Voidling, Voidling, Hover Shield
End of Turn 30: P1 board 6, P2 board 9, Dead Pool 30
Turn 31 - P2 acts
  - P1 board: Void Freak
  + P1 retired: Void Freak
  - P2 hand: Shield Array Node
  + P2 board: Shield Array Node
  + Dead Pool: Void Freak
End of Turn 31: P1 board 5, P2 board 10, Dead Pool 31
Turn 32 - P1 acts
  - P1 hand: Restless Natives
  + P1 board: Restless Natives
  - P1 board: Annihilist Overseer
  + P1 retired: Annihilist Overseer
  + Dead Pool: Annihilist Overseer, Annihilist Overseer
End of Turn 32: P1 board 5, P2 board 10, Dead Pool 33
Turn 33 - P2 acts
  - P2 hand: K-9.0
  + P2 board: K-9.0
  - P2 board: MediFlux-1NDS
  + P2 retired: MediFlux-1NDS
  + Dead Pool: MediFlux-1NDS, MediFlux-1NDS
End of Turn 33: P1 board 5, P2 board 10, Dead Pool 35
Turn 34 - P1 acts
  - P1 hand: Nives
  + P1 board: Nives
  - P1 board: Vex, Psychodelic Toad
  + P1 retired: Vex, Psychodelic Toad
  + Dead Pool: Vex, Vex, Psychodelic Toad, Psychodelic Toad
End of Turn 34: P1 board 4, P2 board 10, Dead Pool 39
Turn 35 - P2 acts
  - P2 hand: Marine Marauder
  + P2 board: Marine Marauder
End of Turn 35: P1 board 4, P2 board 11, Dead Pool 39
Turn 36 - P1 acts
  - P1 hand: Meat Vegetable
  + P1 board: Meat Vegetable
  - P2 board: Hover Shield
  + P2 retired: Hover Shield
  + Dead Pool: Hover Shield
End of Turn 36: P1 board 5, P2 board 10, Dead Pool 40
Turn 37 - P2 acts
  - P2 hand: Compliance Auditon
  + P2 board: Compliance Auditon
End of Turn 37: P1 board 5, P2 board 11, Dead Pool 40
Turn 38 - P1 acts
  - P1 hand: Dragoon
  + P1 board: Dragoon
  - P1 board: Käsekobold
  + P1 retired: Käsekobold
  + Dead Pool: Käsekobold, Käsekobold
End of Turn 38: P1 board 5, P2 board 11, Dead Pool 42
Turn 39 - P2 acts
  - P2 hand: Task Mistres
  + P2 board: Task Mistres
  - P2 board: Hover Shield
  + P2 retired: Hover Shield
  + Dead Pool: Hover Shield, Hover Shield
End of Turn 39: P1 board 5, P2 board 11, Dead Pool 44
Turn 40 - P1 acts
  - P1 hand: Krax
  + P1 board: Krax
  - P1 board: Restless Natives, Nives
  + P1 retired: Nives, Restless Natives
  + Dead Pool: Nives, Nives, Restless Natives, Restless Natives
End of Turn 40: P1 board 4, P2 board 11, Dead Pool 48
Turn 41 - P2 acts
  - P2 hand: Target Marker Probe
  + P2 board: Target Marker Probe
End of Turn 41: P1 board 4, P2 board 12, Dead Pool 48
Turn 42 - P1 acts
  - P1 hand: Restless Natives
  + P1 board: Restless Natives
End of Turn 42: P1 board 5, P2 board 12, Dead Pool 48
Turn 43 - P2 acts
  - P1 board: Meat Vegetable
  + P1 retired: Meat Vegetable
  - P2 hand: Target Marker Probe
  + P2 board: Target Marker Probe
  - P2 board: Dormex Lurker
  + P2 retired: Dormex Lurker
  + Dead Pool: Meat Vegetable, Dormex Lurker, Dormex Lurker
End of Turn 43: P1 board 4, P2 board 12, Dead Pool 51
Turn 44 - P1 acts
  - P1 hand: Mutt
  + P1 board: Mutt
  - P1 board: Dragoon
  + P1 retired: Dragoon
  + Dead Pool: Dragoon, Dragoon
End of Turn 44: P1 board 4, P2 board 12, Dead Pool 53
Turn 45 - P2 acts
  - P2 hand: Compliance Auditon
  + P2 board: Compliance Auditon
End of Turn 45: P1 board 4, P2 board 13, Dead Pool 53
Turn 46 - P1 acts
  - P1 hand: Mutt
  + P1 board: Mutt
  - P1 board: Krax
  + P1 retired: Krax
  + Dead Pool: Krax, Krax
End of Turn 46: P1 board 4, P2 board 13, Dead Pool 55
Turn 47 - P2 acts
  - P2 hand: Task Mistres
  + P2 board: Task Mistres
End of Turn 47: P1 board 4, P2 board 14, Dead Pool 55
Turn 48 - P1 acts
  - P1 hand: Void Freak
  + P1 board: Void Freak
  - P1 board: Restless Natives
  + P1 retired: Restless Natives
  + Dead Pool: Restless Natives, Restless Natives
End of Turn 48: P1 board 4, P2 board 14, Dead Pool 57
Turn 49 - P2 acts
  - P2 hand: K-9.0
  + P2 board: K-9.0
  - P2 board: Compliance Auditon
  + P2 retired: Compliance Auditon
  + Dead Pool: Compliance Auditon, Compliance Auditon
End of Turn 49: P1 board 4, P2 board 14, Dead Pool 59
Turn 50 - P1 acts
  - P1 hand: Voidling
  + P1 board: Voidling
  - P2 board: Lokar Simmons
  + P2 retired: Lokar Simmons
  + Dead Pool: Lokar Simmons
Result: winner P1 | turns 49
Retired: P1 21, P2 13, Dead Pool 60

=== Game seed 11125 ===
Starting: P1 faction PCU vs P2 faction NARC
Turn 1 - P1 acts
  - P1 hand: Meat Vegetable
  + P1 board: Meat Vegetable
End of Turn 1: P1 board 2, P2 board 1, Dead Pool 0
Turn 2 - P2 acts
  - P2 hand: Impact Simulant
  + P2 board: Impact Simulant
End of Turn 2: P1 board 2, P2 board 2, Dead Pool 0
Turn 3 - P1 acts
  - P1 hand: Primordial Oozer
  + P1 board: Primordial Oozer
End of Turn 3: P1 board 3, P2 board 2, Dead Pool 0
Turn 4 - P2 acts
  - P2 hand: Compliance Auditon
  + P2 board: Compliance Auditon
End of Turn 4: P1 board 3, P2 board 3, Dead Pool 0
Turn 5 - P1 acts
  - P1 hand: Local Singularity
  + P1 board: Local Singularity
End of Turn 5: P1 board 4, P2 board 3, Dead Pool 0
Turn 6 - P2 acts
  - P2 hand: Sausage Droid
  + P2 board: Sausage Droid
End of Turn 6: P1 board 4, P2 board 4, Dead Pool 0
Turn 7 - P1 acts
  - P1 hand: Mutt
  + P1 board: Mutt
  - P1 board: Meat Vegetable
  + P1 retired: Meat Vegetable
  + Dead Pool: Meat Vegetable, Meat Vegetable
End of Turn 7: P1 board 4, P2 board 4, Dead Pool 2
Turn 8 - P2 acts
  - P1 board: Primordial Oozer
  + P1 retired: Primordial Oozer
  - P2 hand: Sausage Droid
  + P2 board: Sausage Droid
  + Dead Pool: Primordial Oozer
End of Turn 8: P1 board 3, P2 board 5, Dead Pool 3
Turn 9 - P1 acts
  - P1 hand: Blood Howler
  + P1 board: Blood Howler
  - P2 board: Impact Simulant
  + P2 retired: Impact Simulant
  + Dead Pool: Impact Simulant
End of Turn 9: P1 board 4, P2 board 4, Dead Pool 4
Turn 10 - P2 acts
  - P2 hand: Target Marker Probe
  + P2 board: Target Marker Probe
End of Turn 10: P1 board 4, P2 board 5, Dead Pool 4
Turn 11 - P1 acts
  - P1 hand: Void Freak
  + P1 board: Void Freak
  - P1 board: Local Singularity
  + P1 retired: Local Singularity
  + Dead Pool: Local Singularity, Local Singularity
End of Turn 11: P1 board 4, P2 board 5, Dead Pool 6
Turn 12 - P2 acts
  - P2 hand: Compliance Auditon
  + P2 board: Compliance Auditon
End of Turn 12: P1 board 4, P2 board 6, Dead Pool 6
Turn 13 - P1 acts
  - P1 hand: Meat Vegetable
  + P1 board: Meat Vegetable
  - P2 board: Compliance Auditon
  + P2 retired: Compliance Auditon
  + Dead Pool: Compliance Auditon
End of Turn 13: P1 board 5, P2 board 5, Dead Pool 7
Turn 14 - P2 acts
  - P2 hand: MediFlux-1NDS
  + P2 board: MediFlux-1NDS
End of Turn 14: P1 board 5, P2 board 6, Dead Pool 7
Turn 15 - P1 acts
  - P1 hand: Void Freak
  + P1 board: Void Freak
  - P2 board: Sausage Droid
  + P2 retired: Sausage Droid
  + Dead Pool: Sausage Droid
End of Turn 15: P1 board 6, P2 board 5, Dead Pool 8
Turn 16 - P2 acts
  - P2 hand: Shield Array Node
  + P2 board: Shield Array Node
End of Turn 16: P1 board 6, P2 board 6, Dead Pool 8
Turn 17 - P1 acts
  - P1 hand: Annihilist Overseer
  + P1 board: Annihilist Overseer
  - P1 board: Mutt
  + P1 retired: Mutt
  - P2 board: Sausage Droid
  + P2 retired: Sausage Droid
  + Dead Pool: Sausage Droid, Mutt, Mutt
End of Turn 17: P1 board 6, P2 board 5, Dead Pool 11
Turn 18 - P2 acts
  - P2 hand: Detainment Probe
  + P2 board: Detainment Probe
End of Turn 18: P1 board 6, P2 board 6, Dead Pool 11
Turn 19 - P1 acts
  - P1 hand: Nives
  + P1 board: Nives
  - P1 board: Blood Howler, Void Freak, Annihilist Overseer
  + P1 retired: Blood Howler, Void Freak, Annihilist Overseer
  + Dead Pool: Blood Howler, Blood Howler, Void Freak, Void Freak, Annihilist Overseer, Annihilist Overseer
End of Turn 19: P1 board 4, P2 board 6, Dead Pool 17
Turn 20 - P2 acts
  - P2 hand: Dormex Lurker
  + P2 board: Dormex Lurker
End of Turn 20: P1 board 4, P2 board 7, Dead Pool 17
Turn 21 - P1 acts
  - P1 hand: Blood Howler
  + P1 board: Blood Howler
  - P2 board: Target Marker Probe
  + P2 retired: Target Marker Probe
  + Dead Pool: Target Marker Probe
End of Turn 21: P1 board 5, P2 board 6, Dead Pool 18
Turn 22 - P2 acts
  - P2 hand: Task Mistres
  + P2 board: Task Mistres
End of Turn 22: P1 board 5, P2 board 7, Dead Pool 18
Turn 23 - P1 acts
  - P1 hand: Primordial Oozer
  + P1 board: Primordial Oozer
  - P2 board: Compliance Auditon
  + P2 retired: Compliance Auditon
  + Dead Pool: Compliance Auditon
End of Turn 23: P1 board 6, P2 board 6, Dead Pool 19
Turn 24 - P2 acts
  - P1 board: Meat Vegetable
  + P1 retired: Meat Vegetable
  - P2 hand: Hover Shield
  + P2 board: Hover Shield
  + Dead Pool: Meat Vegetable
End of Turn 24: P1 board 5, P2 board 7, Dead Pool 20
Turn 25 - P1 acts
  - P1 hand: Nives
  + P1 board: Nives
  - P1 board: Void Freak
  + P1 retired: Void Freak
  - P2 board: MediFlux-1NDS
  + P2 retired: MediFlux-1NDS
  + Dead Pool: Void Freak, Void Freak, MediFlux-1NDS
End of Turn 25: P1 board 5, P2 board 6, Dead Pool 23
Turn 26 - P2 acts
  - P1 board: Nives
  + P1 retired: Nives
  - P2 hand: Task Mistres
  + P2 board: Task Mistres
  + Dead Pool: Nives
End of Turn 26: P1 board 4, P2 board 7, Dead Pool 24
Turn 27 - P1 acts
  - P1 hand: Annihilist Overseer
  + P1 board: Annihilist Overseer
  - P1 board: Blood Howler
  + P1 retired: Blood Howler
  - P2 board: Shield Array Node
  + P2 retired: Shield Array Node
  + Dead Pool: Blood Howler, Blood Howler, Shield Array Node
End of Turn 27: P1 board 4, P2 board 6, Dead Pool 27
Turn 28 - P2 acts
  - P2 hand: K-9.0
  + P2 board: K-9.0
End of Turn 28: P1 board 4, P2 board 7, Dead Pool 27
Turn 29 - P1 acts
  - P1 hand: Käsekobold
  + P1 board: Käsekobold
  - P1 board: Annihilist Overseer
  + P1 retired: Annihilist Overseer
  + Dead Pool: Annihilist Overseer, Annihilist Overseer
End of Turn 29: P1 board 4, P2 board 7, Dead Pool 29
Turn 30 - P2 acts
  - P2 hand: Marine Marauder
  + P2 board: Marine Marauder
  - P2 board: Detainment Probe
  + P2 retired: Detainment Probe
  + Dead Pool: Detainment Probe, Detainment Probe
End of Turn 30: P1 board 4, P2 board 7, Dead Pool 31
Turn 31 - P1 acts
  - P1 hand: Vex
  + P1 board: Vex
  - P1 board: Primordial Oozer, Nives
  + P1 retired: Primordial Oozer, Nives
  + Dead Pool: Primordial Oozer, Primordial Oozer, Nives, Nives
End of Turn 31: P1 board 3, P2 board 7, Dead Pool 35
Turn 32 - P2 acts
  - P2 hand: Dormex Lurker
  + P2 retired: Dormex Lurker
  + Dead Pool: Dormex Lurker, Dormex Lurker
End of Turn 32: P1 board 3, P2 board 7, Dead Pool 37
Turn 33 - P1 acts
  - P1 hand: Psychodelic Toad
  + P1 board: Psychodelic Toad
End of Turn 33: P1 board 4, P2 board 7, Dead Pool 37
Turn 34 - P2 acts
  - P2 hand: Sausage Droid
  + P2 board: Sausage Droid
End of Turn 34: P1 board 4, P2 board 8, Dead Pool 37
Turn 35 - P1 acts
  - P1 hand: Voidling
  + P1 board: Voidling
  - P1 board: Käsekobold, Vex
  + P1 retired: Käsekobold, Vex
  + Dead Pool: Käsekobold, Käsekobold, Vex, Vex
End of Turn 35: P1 board 3, P2 board 8, Dead Pool 41
Turn 36 - P2 acts
  - P2 hand: Hover Shield
  + P2 board: Hover Shield
End of Turn 36: P1 board 3, P2 board 9, Dead Pool 41
Turn 37 - P1 acts
  - P1 hand: Technomancer
  + P1 board: Technomancer
  - P1 board: Psychodelic Toad
  + P1 retired: Psychodelic Toad
  + Dead Pool: Psychodelic Toad, Psychodelic Toad
End of Turn 37: P1 board 3, P2 board 9, Dead Pool 43
Turn 38 - P2 acts
  - P2 hand: Detainment Probe
  + P2 board: Detainment Probe
End of Turn 38: P1 board 3, P2 board 10, Dead Pool 43
Turn 39 - P1 acts
  - P1 hand: Vex
  + P1 board: Vex
  - P1 board: Voidling
  + P1 retired: Voidling
  + Dead Pool: Voidling, Voidling
End of Turn 39: P1 board 3, P2 board 10, Dead Pool 45
Turn 40 - P2 acts
  - P2 hand: MediFlux-1NDS
  + P2 board: MediFlux-1NDS
End of Turn 40: P1 board 3, P2 board 11, Dead Pool 45
Turn 41 - P1 acts
  - P1 hand: Annihilist Overseer
  + P1 board: Annihilist Overseer
  - P1 board: Technomancer, Vex
  + P1 retired: Vex, Technomancer
  - P2 board: Task Mistres
  + P2 retired: Task Mistres
  + Dead Pool: Vex, Vex, Technomancer, Technomancer, Task Mistres
End of Turn 41: P1 board 2, P2 board 10, Dead Pool 50
Turn 42 - P2 acts
  - P2 hand: K-9.0
  + P2 board: K-9.0
End of Turn 42: P1 board 2, P2 board 11, Dead Pool 50
Turn 43 - P1 acts
  - P1 hand: Restless Natives
  + P1 board: Restless Natives
  - P1 board: Annihilist Overseer
  + P1 retired: Annihilist Overseer
  + Dead Pool: Annihilist Overseer, Annihilist Overseer
End of Turn 43: P1 board 2, P2 board 11, Dead Pool 52
Turn 44 - P2 acts
  - P2 hand: Impact Simulant
  + P2 board: Impact Simulant
End of Turn 44: P1 board 2, P2 board 12, Dead Pool 52
Turn 45 - P1 acts
  - P1 hand: Voidling
  + P1 board: Voidling
  - P1 board: Restless Natives
  + P1 retired: Restless Natives
  + Dead Pool: Restless Natives, Restless Natives
End of Turn 45: P1 board 2, P2 board 12, Dead Pool 54
Turn 46 - P2 acts
  - P2 hand: Nob Lobber
  + P2 board: Nob Lobber
  - P2 board: Hover Shield
  + P2 retired: Hover Shield
  + Dead Pool: Hover Shield, Hover Shield
End of Turn 46: P1 board 2, P2 board 12, Dead Pool 56
Turn 47 - P1 acts
  - P1 hand: Nives
  + P1 board: Nives
  - P1 board: Voidling
  + P1 retired: Voidling
  + Dead Pool: Voidling, Voidling
End of Turn 47: P1 board 2, P2 board 12, Dead Pool 58
Turn 48 - P2 acts
  - P2 hand: Marine Marauder
  + P2 board: Marine Marauder
  - P2 board: Task Mistres
  + P2 retired: Task Mistres
  + Dead Pool: Task Mistres, Task Mistres
End of Turn 48: P1 board 2, P2 board 12, Dead Pool 60
Turn 49 - P1 acts
  - P1 hand: Mutt
  + P1 board: Mutt
  - P1 board: Nives
  + P1 retired: Nives
  + Dead Pool: Nives, Nives
End of Turn 49: P1 board 2, P2 board 12, Dead Pool 62
Turn 50 - P2 acts
  - P2 hand: Hover Shield
  + P2 board: Hover Shield
End of Turn 50: P1 board 2, P2 board 13, Dead Pool 62
Turn 51 - P1 acts
  - P1 hand: Dragoon
  + P1 board: Dragoon
  - P1 board: Mutt
  + P1 retired: Mutt
  + Dead Pool: Mutt, Mutt
End of Turn 51: P1 board 2, P2 board 13, Dead Pool 64
Turn 52 - P2 acts
  - P2 hand: Nob Lobber
  + P2 board: Nob Lobber
  - P2 board: K-9.0
  + P2 retired: K-9.0
  + Dead Pool: K-9.0, K-9.0
End of Turn 52: P1 board 2, P2 board 13, Dead Pool 66
Turn 53 - P1 acts
  - P1 hand: Dragoon
  + P1 retired: Dragoon
  + Dead Pool: Dragoon, Dragoon
End of Turn 53: P1 board 2, P2 board 13, Dead Pool 68
Turn 54 - P2 acts
  - P2 hand: Bruut Enforcer
  + P2 board: Bruut Enforcer
  - P2 board: Marine Marauder
  + P2 retired: Marine Marauder
  + Dead Pool: Marine Marauder, Marine Marauder
End of Turn 54: P1 board 2, P2 board 13, Dead Pool 70
Turn 55 - P1 acts
  - P1 hand: Käsekobold
  + P1 board: Käsekobold
End of Turn 55: P1 board 3, P2 board 13, Dead Pool 70
Turn 56 - P2 acts
  - P2 hand: Killjoy
  + P2 board: Killjoy
  - P2 board: Dormex Lurker
  + P2 retired: Dormex Lurker
  + Dead Pool: Dormex Lurker, Dormex Lurker
End of Turn 56: P1 board 3, P2 board 13, Dead Pool 72
Turn 57 - P1 acts
  - P1 hand: Krax
  + P1 board: Krax
  - P1 board: Dragoon, Käsekobold
  + P1 retired: Käsekobold, Dragoon
  + Dead Pool: Käsekobold, Käsekobold, Dragoon, Dragoon
End of Turn 57: P1 board 2, P2 board 13, Dead Pool 76
Turn 58 - P2 acts
  - P2 hand: Compliance Auditon
  + P2 board: Compliance Auditon
End of Turn 58: P1 board 2, P2 board 14, Dead Pool 76
Turn 59 - P1 acts
  - P1 hand: Meat Vegetable
  + P1 board: Meat Vegetable
End of Turn 59: P1 board 3, P2 board 14, Dead Pool 76
Turn 60 - P2 acts
  - P2 hand: Impact Simulant
  + P2 board: Impact Simulant
End of Turn 60: P1 board 3, P2 board 15, Dead Pool 76
Turn 61 - P1 acts
  - P1 hand: Käsekobold
  + P1 board: Käsekobold
  - P2 board: Sausage Droid
  + P2 retired: Sausage Droid
  + Dead Pool: Sausage Droid
End of Turn 61: P1 board 4, P2 board 14, Dead Pool 77
Turn 62 - P2 acts
  - P2 hand: Sentry Node
  + P2 board: Sentry Node
  - P2 board: Hover Shield
  + P2 retired: Hover Shield
  + Dead Pool: Hover Shield, Hover Shield
End of Turn 62: P1 board 4, P2 board 14, Dead Pool 79
Turn 63 - P1 acts
  - P1 hand: Technomancer
  + P1 board: Technomancer
  - P1 board: Krax
  + P1 retired: Krax
  + Dead Pool: Krax, Krax
End of Turn 63: P1 board 4, P2 board 14, Dead Pool 81
Turn 64 - P2 acts
  - P1 board: Meat Vegetable
  + P1 retired: Meat Vegetable
  - P2 hand: Shield Array Node
  + P2 board: Shield Array Node
  + Dead Pool: Meat Vegetable
End of Turn 64: P1 board 3, P2 board 15, Dead Pool 82
Turn 65 - P1 acts
  - P1 hand: Technomancer
  + P1 board: Technomancer
  - P1 board: Käsekobold
  + P1 retired: Käsekobold
  + Dead Pool: Käsekobold, Käsekobold
End of Turn 65: P1 board 3, P2 board 15, Dead Pool 84
Turn 66 - P2 acts
  - P2 hand: Compliance Auditon
  + P2 board: Compliance Auditon
End of Turn 66: P1 board 3, P2 board 16, Dead Pool 84
Turn 67 - P1 acts
  - P1 hand: Krax
  + P1 board: Krax
  - P1 board: Technomancer
  + P1 retired: Technomancer
  + Dead Pool: Technomancer, Technomancer
End of Turn 67: P1 board 3, P2 board 16, Dead Pool 86
Turn 68 - P2 acts
  - P1 board: Grim
  + P1 retired: Grim
  - P2 hand: Hover Shield
  + P2 board: Hover Shield
  - P2 board: Detainment Probe, Sentry Node
  + P2 retired: Detainment Probe, Sentry Node
  + Dead Pool: Detainment Probe, Detainment Probe, Sentry Node, Sentry Node, Grim
Result: winner P2 | turns 67
Retired: P1 33, P2 20, Dead Pool 91

=== Game seed 11126 ===
Starting: P1 faction PCU vs P2 faction NARC
Turn 1 - P1 acts
  - P1 hand: Meat Vegetable
  + P1 board: Meat Vegetable
End of Turn 1: P1 board 2, P2 board 1, Dead Pool 0
Turn 2 - P2 acts
  - P2 hand: Sausage Droid
  + P2 board: Sausage Droid
End of Turn 2: P1 board 2, P2 board 2, Dead Pool 0
Turn 3 - P1 acts
  - P1 hand: Primordial Oozer
  + P1 board: Primordial Oozer
End of Turn 3: P1 board 3, P2 board 2, Dead Pool 0
Turn 4 - P2 acts
  - P2 hand: Sausage Droid
  + P2 board: Sausage Droid
End of Turn 4: P1 board 3, P2 board 3, Dead Pool 0
Turn 5 - P1 acts
  - P1 hand: Meat Vegetable
  + P1 board: Meat Vegetable
End of Turn 5: P1 board 4, P2 board 3, Dead Pool 0
Turn 6 - P2 acts
  - P2 hand: Dormex Lurker
  + P2 board: Dormex Lurker
  - P2 board: Sausage Droid
  + P2 retired: Sausage Droid
  + Dead Pool: Sausage Droid, Sausage Droid
End of Turn 6: P1 board 4, P2 board 3, Dead Pool 2
Turn 7 - P1 acts
  - P1 hand: Void Freak
  + P1 board: Void Freak
End of Turn 7: P1 board 5, P2 board 3, Dead Pool 2
Turn 8 - P2 acts
  - P1 board: Primordial Oozer
  + P1 retired: Primordial Oozer
  - P2 hand: Compliance Auditon
  + P2 board: Compliance Auditon
  + Dead Pool: Primordial Oozer
End of Turn 8: P1 board 4, P2 board 4, Dead Pool 3
Turn 9 - P1 acts
  - P1 hand: Psychodelic Toad
  + P1 board: Psychodelic Toad
  - P2 board: Sausage Droid
  + P2 retired: Sausage Droid
  + Dead Pool: Sausage Droid
End of Turn 9: P1 board 5, P2 board 3, Dead Pool 4
Turn 10 - P2 acts
  - P2 hand: Target Marker Probe
  + P2 board: Target Marker Probe
End of Turn 10: P1 board 5, P2 board 4, Dead Pool 4
Turn 11 - P1 acts
  - P1 hand: Käsekobold
  + P1 board: Käsekobold
  - P1 board: Meat Vegetable
  + P1 retired: Meat Vegetable
  - P2 board: Dormex Lurker
  + P2 retired: Dormex Lurker
  + Dead Pool: Meat Vegetable, Meat Vegetable, Dormex Lurker
End of Turn 11: P1 board 5, P2 board 3, Dead Pool 7
Turn 12 - P2 acts
  - P2 hand: Sausage Droid
  + P2 board: Sausage Droid
End of Turn 12: P1 board 5, P2 board 4, Dead Pool 7
Turn 13 - P1 acts
  - P1 hand: Local Singularity
  + P1 board: Local Singularity
  - P2 board: Compliance Auditon
  + P2 retired: Compliance Auditon
  + Dead Pool: Compliance Auditon
End of Turn 13: P1 board 6, P2 board 3, Dead Pool 8
Turn 14 - P2 acts
  - P1 board: Void Freak
  + P1 retired: Void Freak
  - P2 hand: MediFlux-1NDS
  + P2 board: MediFlux-1NDS
  + Dead Pool: Void Freak
End of Turn 14: P1 board 5, P2 board 4, Dead Pool 9
Turn 15 - P1 acts
  - P1 hand: Local Singularity
  + P1 board: Local Singularity
End of Turn 15: P1 board 6, P2 board 4, Dead Pool 9
Turn 16 - P2 acts
  - P1 board: Meat Vegetable
  + P1 retired: Meat Vegetable
  - P2 hand: Dormex Lurker
  + P2 board: Dormex Lurker
  + Dead Pool: Meat Vegetable
End of Turn 16: P1 board 5, P2 board 5, Dead Pool 10
Turn 17 - P1 acts
  - P1 hand: Primordial Oozer
  + P1 board: Primordial Oozer
  - P1 board: Psychodelic Toad
  + P1 retired: Psychodelic Toad
  + Dead Pool: Psychodelic Toad, Psychodelic Toad
End of Turn 17: P1 board 5, P2 board 5, Dead Pool 12
Turn 18 - P2 acts
  - P2 hand: Compliance Auditon
  + P2 board: Compliance Auditon
End of Turn 18: P1 board 5, P2 board 6, Dead Pool 12
Turn 19 - P1 acts
  - P1 hand: Restless Natives
  + P1 board: Restless Natives
  - P2 board: Target Marker Probe
  + P2 retired: Target Marker Probe
  + Dead Pool: Target Marker Probe
End of Turn 19: P1 board 6, P2 board 5, Dead Pool 13
Turn 20 - P2 acts
  - P1 board: Käsekobold
  + P1 retired: Käsekobold
  - P2 hand: Task Mistres
  + P2 board: Task Mistres
  + Dead Pool: Käsekobold
End of Turn 20: P1 board 5, P2 board 6, Dead Pool 14
Turn 21 - P1 acts
  - P1 hand: Annihilist Overseer
  + P1 board: Annihilist Overseer
  - P1 board: Local Singularity
  + P1 retired: Local Singularity
  + Dead Pool: Local Singularity, Local Singularity
End of Turn 21: P1 board 5, P2 board 6, Dead Pool 16
Turn 22 - P2 acts
  - P2 hand: K-9.0
  + P2 board: K-9.0
  - P2 board: Sausage Droid
  + P2 retired: Sausage Droid
  + Dead Pool: Sausage Droid, Sausage Droid
End of Turn 22: P1 board 5, P2 board 6, Dead Pool 18
Turn 23 - P1 acts
  - P1 hand: Restless Natives
  + P1 board: Restless Natives
  - P1 board: Annihilist Overseer
  + P1 retired: Annihilist Overseer
  + Dead Pool: Annihilist Overseer, Annihilist Overseer
End of Turn 23: P1 board 5, P2 board 6, Dead Pool 20
Turn 24 - P2 acts
  - P2 hand: Marine Marauder
  + P2 board: Marine Marauder
End of Turn 24: P1 board 5, P2 board 7, Dead Pool 20
Turn 25 - P1 acts
  - P1 hand: Mutt
  + P1 board: Mutt
  - P1 board: Local Singularity, Primordial Oozer
  + P1 retired: Primordial Oozer, Local Singularity
  - P2 board: MediFlux-1NDS
  + P2 retired: MediFlux-1NDS
  + Dead Pool: Primordial Oozer, Primordial Oozer, Local Singularity, Local Singularity, MediFlux-1NDS
End of Turn 25: P1 board 4, P2 board 6, Dead Pool 25
Turn 26 - P2 acts
  - P2 hand: Compliance Auditon
  + P2 board: Compliance Auditon
End of Turn 26: P1 board 4, P2 board 7, Dead Pool 25
Turn 27 - P1 acts
  - P1 hand: Mutt
  + P1 board: Mutt
  - P1 board: Restless Natives
  + P1 retired: Restless Natives
  + Dead Pool: Restless Natives, Restless Natives
End of Turn 27: P1 board 4, P2 board 7, Dead Pool 27
Turn 28 - P2 acts
  - P1 board: Restless Natives
  + P1 retired: Restless Natives
  - P2 hand: MediFlux-1NDS
  + P2 board: MediFlux-1NDS
  - P2 board: Dormex Lurker
  + P2 retired: Dormex Lurker
  + Dead Pool: Dormex Lurker, Dormex Lurker, Restless Natives
End of Turn 28: P1 board 3, P2 board 7, Dead Pool 30
Turn 29 - P1 acts
  - P1 hand: Blood Howler
  + P1 board: Blood Howler
End of Turn 29: P1 board 4, P2 board 7, Dead Pool 30
Turn 30 - P2 acts
  - P1 board: Mutt
  + P1 retired: Mutt
  - P2 hand: Detainment Probe
  + P2 board: Detainment Probe
  + Dead Pool: Mutt
End of Turn 30: P1 board 3, P2 board 8, Dead Pool 31
Turn 31 - P1 acts
  - P1 hand: Annihilist Overseer
  + P1 board: Annihilist Overseer
  - P1 board: Mutt
  + P1 retired: Mutt
  + Dead Pool: Mutt, Mutt
End of Turn 31: P1 board 3, P2 board 8, Dead Pool 33
Turn 32 - P2 acts
  - P2 hand: Marine Marauder
  + P2 board: Marine Marauder
End of Turn 32: P1 board 3, P2 board 9, Dead Pool 33
Turn 33 - P1 acts
  - P1 hand: Dragoon
  + P1 board: Dragoon
  - P1 board: Blood Howler, Annihilist Overseer
  + P1 retired: Annihilist Overseer, Blood Howler
  + Dead Pool: Annihilist Overseer, Annihilist Overseer, Blood Howler, Blood Howler
End of Turn 33: P1 board 2, P2 board 9, Dead Pool 37
Turn 34 - P2 acts
  - P2 hand: Sentry Node
  + P2 board: Sentry Node
  - P2 board: Compliance Auditon
  + P2 retired: Compliance Auditon
  + Dead Pool: Compliance Auditon, Compliance Auditon
End of Turn 34: P1 board 2, P2 board 9, Dead Pool 39
Turn 35 - P1 acts
  - P1 hand: Technomancer
  + P1 board: Technomancer
  - P1 board: Dragoon
  + P1 retired: Dragoon
  + Dead Pool: Dragoon, Dragoon
End of Turn 35: P1 board 2, P2 board 9, Dead Pool 41
Turn 36 - P2 acts
  - P2 hand: Compliance Auditon
  + P2 board: Compliance Auditon
  - P2 board: Task Mistres
  + P2 retired: Task Mistres
  + Dead Pool: Task Mistres, Task Mistres
End of Turn 36: P1 board 2, P2 board 9, Dead Pool 43
Turn 37 - P1 acts
  - P1 hand: Restless Natives
  + P1 board: Restless Natives
End of Turn 37: P1 board 3, P2 board 9, Dead Pool 43
Turn 38 - P2 acts
  - P1 board: Technomancer
  + P1 retired: Technomancer
  - P2 hand: Sentry Node
  + P2 board: Sentry Node
  - P2 board: K-9.0
  + P2 retired: K-9.0
  + Dead Pool: K-9.0, K-9.0, Technomancer
End of Turn 38: P1 board 2, P2 board 9, Dead Pool 46
Turn 39 - P1 acts
  - P1 hand: Void Freak
  + P1 board: Void Freak
  - P2 board: Sentry Node
  + P2 retired: Sentry Node
  + Dead Pool: Sentry Node
End of Turn 39: P1 board 3, P2 board 8, Dead Pool 47
Turn 40 - P2 acts
  - P1 board: Restless Natives
  + P1 retired: Restless Natives
  - P2 hand: Marine Marauder
  + P2 board: Marine Marauder
  + Dead Pool: Restless Natives
End of Turn 40: P1 board 2, P2 board 9, Dead Pool 48
Turn 41 - P1 acts
  - P1 hand: Voidling
  + P1 board: Voidling
  - P1 board: Void Freak
  + P1 retired: Void Freak
  - P2 board: Marine Marauder
  + P2 retired: Marine Marauder
  + Dead Pool: Void Freak, Void Freak, Marine Marauder
End of Turn 41: P1 board 2, P2 board 8, Dead Pool 51
Turn 42 - P2 acts
  - P2 hand: K-9.0
  + P2 board: K-9.0
End of Turn 42: P1 board 2, P2 board 9, Dead Pool 51
Turn 43 - P1 acts
  - P1 hand: Meat Vegetable
  + P1 board: Meat Vegetable
End of Turn 43: P1 board 3, P2 board 9, Dead Pool 51
Turn 44 - P2 acts
  - P2 hand: Impact Simulant
  + P2 board: Impact Simulant
  - P2 board: Sentry Node
  + P2 retired: Sentry Node
  + Dead Pool: Sentry Node, Sentry Node
End of Turn 44: P1 board 3, P2 board 9, Dead Pool 53
Turn 45 - P1 acts
  - P1 hand: Voidling
  + P1 board: Voidling
End of Turn 45: P1 board 4, P2 board 9, Dead Pool 53
Turn 46 - P2 acts
  - P2 hand: Shield Array Node
  + P2 board: Shield Array Node
End of Turn 46: P1 board 4, P2 board 10, Dead Pool 53
Turn 47 - P1 acts
  - P1 hand: Primordial Oozer
  + P1 board: Primordial Oozer
End of Turn 47: P1 board 5, P2 board 10, Dead Pool 53
Turn 48 - P2 acts
  - P2 hand: Impact Simulant
  + P2 board: Impact Simulant
End of Turn 48: P1 board 5, P2 board 11, Dead Pool 53
Turn 49 - P1 acts
  - P1 hand: Technomancer
  + P1 board: Technomancer
  - P1 board: Voidling
  + P1 retired: Voidling
  - P2 board: Compliance Auditon
  + P2 retired: Compliance Auditon
  + Dead Pool: Compliance Auditon, Voidling, Voidling
End of Turn 49: P1 board 5, P2 board 10, Dead Pool 56
Turn 50 - P2 acts
  - P2 hand: Dormex Lurker
  + P2 board: Dormex Lurker
End of Turn 50: P1 board 5, P2 board 11, Dead Pool 56
Turn 51 - P1 acts
  - P1 hand: Voidling
  + P1 board: Voidling
  - P1 board: Meat Vegetable
  + P1 retired: Meat Vegetable
  + Dead Pool: Meat Vegetable, Meat Vegetable
End of Turn 51: P1 board 5, P2 board 11, Dead Pool 58
Turn 52 - P2 acts
  - P2 hand: Bruut Enforcer
  + P2 board: Bruut Enforcer
  - P2 board: MediFlux-1NDS
  + P2 retired: MediFlux-1NDS
  + Dead Pool: MediFlux-1NDS, MediFlux-1NDS
End of Turn 52: P1 board 5, P2 board 11, Dead Pool 60
Turn 53 - P1 acts
  - P1 hand: Blood Howler
  + P1 board: Blood Howler
  - P2 board: Detainment Probe
  + P2 retired: Detainment Probe
  + Dead Pool: Detainment Probe
End of Turn 53: P1 board 6, P2 board 10, Dead Pool 61
Turn 54 - P2 acts
  - P1 board: Primordial Oozer
  + P1 retired: Primordial Oozer
  - P2 hand: Hover Shield
  + P2 board: Hover Shield
  + Dead Pool: Primordial Oozer
End of Turn 54: P1 board 5, P2 board 11, Dead Pool 62
Turn 55 - P1 acts
  - P1 hand: Nives
  + P1 board: Nives
  - P1 board: Voidling
  + P1 retired: Voidling
  + Dead Pool: Voidling, Voidling
End of Turn 55: P1 board 5, P2 board 11, Dead Pool 64
Turn 56 - P2 acts
  - P2 hand: K-9.0
  + P2 board: K-9.0
  - P2 board: Marine Marauder
  + P2 retired: Marine Marauder
  + Dead Pool: Marine Marauder, Marine Marauder
End of Turn 56: P1 board 5, P2 board 11, Dead Pool 66
Turn 57 - P1 acts
  - P1 hand: Käsekobold
  + P1 board: Käsekobold
End of Turn 57: P1 board 6, P2 board 11, Dead Pool 66
Turn 58 - P2 acts
  - P1 board: Technomancer
  + P1 retired: Technomancer
  - P2 hand: Task Mistres
  + P2 board: Task Mistres
  + Dead Pool: Technomancer
End of Turn 58: P1 board 5, P2 board 12, Dead Pool 67
Turn 59 - P1 acts
  - P1 hand: Nives
  + P1 board: Nives
  - P1 board: Voidling
  + P1 retired: Voidling
  - P2 board: Compliance Auditon
  + P2 retired: Compliance Auditon
  + Dead Pool: Compliance Auditon, Voidling, Voidling
End of Turn 59: P1 board 5, P2 board 11, Dead Pool 70
Turn 60 - P2 acts
  - P2 hand: MediFlux-1NDS
  + P2 board: MediFlux-1NDS
End of Turn 60: P1 board 5, P2 board 12, Dead Pool 70
Turn 61 - P1 acts
  - P1 hand: Void Freak
  + P1 board: Void Freak
  - P2 board: Marine Marauder
  + P2 retired: Marine Marauder
  + Dead Pool: Marine Marauder
End of Turn 61: P1 board 6, P2 board 11, Dead Pool 71
Turn 62 - P2 acts
  - P2 hand: MediFlux-1NDS
  + P2 board: MediFlux-1NDS
End of Turn 62: P1 board 6, P2 board 12, Dead Pool 71
Turn 63 - P1 acts
  - P1 hand: Vex
  + P1 board: Vex
  - P1 board: Blood Howler
  + P1 retired: Blood Howler
  - P2 board: K-9.0
  + P2 retired: K-9.0
  + Dead Pool: Blood Howler, Blood Howler, K-9.0
End of Turn 63: P1 board 6, P2 board 11, Dead Pool 74
Turn 64 - P2 acts
  - P2 hand: Sausage Droid
  + P2 board: Sausage Droid
End of Turn 64: P1 board 6, P2 board 12, Dead Pool 74
Turn 65 - P1 acts
  - P1 hand: Krax
  + P1 board: Krax
  - P1 board: Nives, Käsekobold
  + P1 retired: Käsekobold, Nives
  - P2 board: Impact Simulant
  + P2 retired: Impact Simulant
  + Dead Pool: Käsekobold, Käsekobold, Nives, Nives, Impact Simulant
End of Turn 65: P1 board 5, P2 board 11, Dead Pool 79
Turn 66 - P2 acts
  - P2 hand: Shield Array Node
  + P2 board: Shield Array Node
End of Turn 66: P1 board 5, P2 board 12, Dead Pool 79
Turn 67 - P1 acts
  - P1 hand: Restless Natives
  + P1 board: Restless Natives
  - P2 board: Shield Array Node
  + P2 retired: Shield Array Node
  + Dead Pool: Shield Array Node
End of Turn 67: P1 board 6, P2 board 11, Dead Pool 80
Turn 68 - P2 acts
  - P1 board: Void Freak
  + P1 retired: Void Freak
  - P2 hand: Task Mistres
  + P2 board: Task Mistres
  + Dead Pool: Void Freak
End of Turn 68: P1 board 5, P2 board 12, Dead Pool 81
Turn 69 - P1 acts
  - P1 hand: Dragoon
  + P1 board: Dragoon
  - P1 board: Nives
  + P1 retired: Nives
  - P2 board: Impact Simulant
  + P2 retired: Impact Simulant
  + Dead Pool: Nives, Nives, Impact Simulant
End of Turn 69: P1 board 5, P2 board 11, Dead Pool 84
Turn 70 - P2 acts
  - P2 hand: Target Marker Probe
  + P2 board: Target Marker Probe
End of Turn 70: P1 board 5, P2 board 12, Dead Pool 84
Turn 71 - P1 acts
  - P1 hand: Annihilist Overseer
  + P1 board: Annihilist Overseer
  - P1 board: Vex
  + P1 retired: Vex
  + Dead Pool: Vex, Vex
End of Turn 71: P1 board 5, P2 board 12, Dead Pool 86
Turn 72 - P2 acts
  - P2 hand: Killjoy
  + P2 board: Killjoy
  - P2 board: Dormex Lurker, Bruut Enforcer
  + P2 retired: Dormex Lurker, Bruut Enforcer
  + Dead Pool: Dormex Lurker, Dormex Lurker, Bruut Enforcer, Bruut Enforcer
End of Turn 72: P1 board 5, P2 board 11, Dead Pool 90
Turn 73 - P1 acts
  - P1 hand: Mutt
  + P1 board: Mutt
  - P1 board: Krax, Annihilist Overseer
  + P1 retired: Annihilist Overseer, Krax
  + Dead Pool: Annihilist Overseer, Annihilist Overseer, Krax, Krax
End of Turn 73: P1 board 4, P2 board 11, Dead Pool 94
Turn 74 - P2 acts
  - P2 hand: Impact Simulant
  + P2 board: Impact Simulant
End of Turn 74: P1 board 4, P2 board 12, Dead Pool 94
Turn 75 - P1 acts
  - P1 hand: Technomancer
  + P1 board: Technomancer
  - P1 board: Restless Natives, Dragoon
  + P1 retired: Restless Natives, Dragoon
  + Dead Pool: Restless Natives, Restless Natives, Dragoon, Dragoon
End of Turn 75: P1 board 3, P2 board 12, Dead Pool 98
Turn 76 - P2 acts
  - P2 hand: Nob Lobber
  + P2 board: Nob Lobber
  - P2 board: Hover Shield
  + P2 retired: Hover Shield
  + Dead Pool: Hover Shield, Hover Shield
End of Turn 76: P1 board 3, P2 board 12, Dead Pool 100
Turn 77 - P1 acts
  - P1 hand: Dragoon
  + P1 board: Dragoon
  - P1 board: Mutt
  + P1 retired: Mutt
  + Dead Pool: Mutt, Mutt
End of Turn 77: P1 board 3, P2 board 12, Dead Pool 102
Turn 78 - P2 acts
  - P2 hand: Target Marker Probe
  + P2 board: Target Marker Probe
End of Turn 78: P1 board 3, P2 board 13, Dead Pool 102
Turn 79 - P1 acts
  - P1 hand: Void Freak
  + P1 board: Void Freak
End of Turn 79: P1 board 4, P2 board 13, Dead Pool 102
Turn 80 - P2 acts
  - P1 board: Technomancer
  + P1 retired: Technomancer
  - P2 hand: Task Mistres
  + P2 board: Task Mistres
  + Dead Pool: Technomancer
End of Turn 80: P1 board 3, P2 board 14, Dead Pool 103
Turn 81 - P1 acts
  - P1 hand: Käsekobold
  + P1 board: Käsekobold
  - P2 board: Sausage Droid
  + P2 retired: Sausage Droid
  + Dead Pool: Sausage Droid
End of Turn 81: P1 board 4, P2 board 13, Dead Pool 104
Turn 82 - P2 acts
  - P2 hand: Detainment Probe
  + P2 board: Detainment Probe
End of Turn 82: P1 board 4, P2 board 14, Dead Pool 104
Turn 83 - P1 acts
  - P1 hand: Käsekobold
  + P1 board: Käsekobold
  - P1 board: Dragoon
  + P1 retired: Dragoon
  - P2 board: K-9.0
  + P2 retired: K-9.0
  + Dead Pool: Dragoon, Dragoon, K-9.0
End of Turn 83: P1 board 4, P2 board 13, Dead Pool 107
Turn 84 - P2 acts
  - P2 hand: Hover Shield
  + P2 board: Hover Shield
End of Turn 84: P1 board 4, P2 board 14, Dead Pool 107
Turn 85 - P1 acts
  - P1 hand: Vex
  + P1 board: Vex
  - P1 board: Void Freak
  + P1 retired: Void Freak
  + Dead Pool: Void Freak, Void Freak
End of Turn 85: P1 board 4, P2 board 14, Dead Pool 109
Turn 86 - P2 acts
  - P2 hand: Bruut Enforcer
  + P2 board: Bruut Enforcer
  - P2 board: Task Mistres
  + P2 retired: Task Mistres
  + Dead Pool: Task Mistres, Task Mistres
End of Turn 86: P1 board 4, P2 board 14, Dead Pool 111
Turn 87 - P1 acts
  - P1 hand: Krax
  + P1 board: Krax
  - P1 board: Käsekobold, Käsekobold
  + P1 retired: Käsekobold, Käsekobold
  + Dead Pool: Käsekobold, Käsekobold, Käsekobold, Käsekobold
End of Turn 87: P1 board 3, P2 board 14, Dead Pool 115
Turn 88 - P2 acts
  - P2 hand: Impact Simulant
  + P2 board: Impact Simulant
End of Turn 88: P1 board 3, P2 board 15, Dead Pool 115
Turn 89 - P1 acts
  - P1 hand: Nives
  + P1 board: Nives
  - P1 board: Vex
  + P1 retired: Vex
  - P2 board: MediFlux-1NDS
  + P2 retired: MediFlux-1NDS
  + Dead Pool: MediFlux-1NDS, Vex, Vex
End of Turn 89: P1 board 3, P2 board 14, Dead Pool 118
Turn 90 - P2 acts
  - P2 hand: Nob Lobber
  + P2 board: Nob Lobber
  - P2 board: MediFlux-1NDS
  + P2 retired: MediFlux-1NDS
  + Dead Pool: MediFlux-1NDS, MediFlux-1NDS
End of Turn 90: P1 board 3, P2 board 14, Dead Pool 120
Turn 91 - P1 acts
  - P1 hand: Vex
  + P1 board: Vex
  - P1 board: Krax
  + P1 retired: Krax
  + Dead Pool: Krax, Krax
End of Turn 91: P1 board 3, P2 board 14, Dead Pool 122
Turn 92 - P2 acts
  - P2 hand: Detainment Probe
  + P2 board: Detainment Probe
End of Turn 92: P1 board 3, P2 board 15, Dead Pool 122
Turn 93 - P1 acts
  - P1 hand: Blood Howler
  + P1 board: Blood Howler
  - P1 board: Nives
  + P1 retired: Nives
  + Dead Pool: Nives, Nives
End of Turn 93: P1 board 3, P2 board 15, Dead Pool 124
Turn 94 - P2 acts
  - P2 hand: Hover Shield
  + P2 board: Hover Shield
  - P2 board: Detainment Probe
  + P2 retired: Detainment Probe
  + Dead Pool: Detainment Probe, Detainment Probe
End of Turn 94: P1 board 3, P2 board 15, Dead Pool 126
Turn 95 - P1 acts
  - P1 hand: Mutt
  + P1 board: Mutt
  - P1 board: Vex
  + P1 retired: Vex
  + Dead Pool: Vex, Vex
End of Turn 95: P1 board 3, P2 board 15, Dead Pool 128
Turn 96 - P2 acts
  - P2 hand: Shield Array Node
  + P2 board: Shield Array Node
End of Turn 96: P1 board 3, P2 board 16, Dead Pool 128
Turn 97 - P1 acts
  - P1 hand: Krax
  + P1 board: Krax
  - P1 board: Blood Howler, Mutt
  + P1 retired: Mutt, Blood Howler
  - P2 board: Shield Array Node
  + P2 retired: Shield Array Node
  + Dead Pool: Mutt, Mutt, Blood Howler, Blood Howler, Shield Array Node
End of Turn 97: P1 board 2, P2 board 15, Dead Pool 133
Turn 98 - P2 acts
  - P2 hand: K-9.0
  + P2 board: K-9.0
End of Turn 98: P1 board 2, P2 board 16, Dead Pool 133
Turn 99 - P1 acts
  - P2 board: Task Mistres
  + P2 retired: Task Mistres
  + Dead Pool: Task Mistres
End of Turn 99: P1 board 2, P2 board 15, Dead Pool 134
Turn 100 - P2 acts
  - P2 hand: Sentry Node
  + P2 board: Sentry Node
  - P2 board: Target Marker Probe
  + P2 retired: Target Marker Probe
  + Dead Pool: Target Marker Probe, Target Marker Probe
End of Turn 100: P1 board 2, P2 board 15, Dead Pool 136
Turn 101 - P1 acts
  - P1 hand: Psychodelic Toad
  + P1 board: Psychodelic Toad
End of Turn 101: P1 board 3, P2 board 15, Dead Pool 136
Turn 102 - P2 acts
  - P1 board: Krax
  + P1 retired: Krax
  - P2 hand: Nob Lobber
  + P2 board: Nob Lobber
  - P2 board: Killjoy
  + P2 retired: Killjoy
  + Dead Pool: Krax, Killjoy, Killjoy
End of Turn 102: P1 board 2, P2 board 15, Dead Pool 139
Turn 103 - P1 acts
  - P1 hand: Voidling
  + P1 board: Voidling
  - P1 board: Psychodelic Toad
  + P1 retired: Psychodelic Toad
  + Dead Pool: Psychodelic Toad, Psychodelic Toad
End of Turn 103: P1 board 2, P2 board 15, Dead Pool 141
Turn 104 - P2 acts
  - P2 hand: Hover Shield
  + P2 board: Hover Shield
End of Turn 104: P1 board 2, P2 board 16, Dead Pool 141
Turn 105 - P1 acts
  - P1 hand: Krax
  + P1 board: Krax
  - P1 board: Grim, Voidling
  + P1 retired: Voidling, Grim
  + Dead Pool: Voidling, Voidling, Grim
Result: winner P2 | turns 104
Retired: P1 52, P2 37, Dead Pool 144

=== Game seed 11127 ===
Starting: P1 faction PCU vs P2 faction NARC
Turn 1 - P2 acts
  - P2 hand: Target Marker Probe
  + P2 board: Target Marker Probe
End of Turn 1: P1 board 1, P2 board 2, Dead Pool 0
Turn 2 - P1 acts
  - P1 hand: Meat Vegetable
  + P1 board: Meat Vegetable
End of Turn 2: P1 board 2, P2 board 2, Dead Pool 0
Turn 3 - P2 acts
  - P2 hand: Sausage Droid
  + P2 board: Sausage Droid
End of Turn 3: P1 board 2, P2 board 3, Dead Pool 0
Turn 4 - P1 acts
  - P1 hand: Restless Natives
  + P1 board: Restless Natives
End of Turn 4: P1 board 3, P2 board 3, Dead Pool 0
Turn 5 - P2 acts
  - P2 hand: MediFlux-1NDS
  + P2 board: MediFlux-1NDS
End of Turn 5: P1 board 3, P2 board 4, Dead Pool 0
Turn 6 - P1 acts
  - P1 hand: Psychodelic Toad
  + P1 board: Psychodelic Toad
  - P1 board: Meat Vegetable
  + P1 retired: Meat Vegetable
  + Dead Pool: Meat Vegetable, Meat Vegetable
End of Turn 6: P1 board 3, P2 board 4, Dead Pool 2
Turn 7 - P2 acts
  - P2 hand: Hover Shield
  + P2 board: Hover Shield
  - P2 board: Target Marker Probe
  + P2 retired: Target Marker Probe
  + Dead Pool: Target Marker Probe, Target Marker Probe
End of Turn 7: P1 board 3, P2 board 4, Dead Pool 4
Turn 8 - P1 acts
  - P1 hand: Void Freak
  + P1 board: Void Freak
End of Turn 8: P1 board 4, P2 board 4, Dead Pool 4
Turn 9 - P2 acts
  - P1 board: Restless Natives
  + P1 retired: Restless Natives
  - P2 hand: Task Mistres
  + P2 board: Task Mistres
  + Dead Pool: Restless Natives
End of Turn 9: P1 board 3, P2 board 5, Dead Pool 5
Turn 10 - P1 acts
  - P1 hand: Restless Natives
  + P1 board: Restless Natives
  - P2 board: Sausage Droid
  + P2 retired: Sausage Droid
  + Dead Pool: Sausage Droid
End of Turn 10: P1 board 4, P2 board 4, Dead Pool 6
Turn 11 - P2 acts
  - P2 hand: MediFlux-1NDS
  + P2 board: MediFlux-1NDS
End of Turn 11: P1 board 4, P2 board 5, Dead Pool 6
Turn 12 - P1 acts
  - P1 hand: Local Singularity
  + P1 board: Local Singularity
  - P1 board: Psychodelic Toad
  + P1 retired: Psychodelic Toad
  - P2 board: MediFlux-1NDS
  + P2 retired: MediFlux-1NDS
  + Dead Pool: Psychodelic Toad, Psychodelic Toad, MediFlux-1NDS
End of Turn 12: P1 board 4, P2 board 4, Dead Pool 9
Turn 13 - P2 acts
  - P2 hand: Hover Shield
  + P2 board: Hover Shield
End of Turn 13: P1 board 4, P2 board 5, Dead Pool 9
Turn 14 - P1 acts
  - P1 hand: Restless Natives
  + P1 board: Restless Natives
  - P1 board: Void Freak
  + P1 retired: Void Freak
  + Dead Pool: Void Freak, Void Freak
End of Turn 14: P1 board 4, P2 board 5, Dead Pool 11
Turn 15 - P2 acts
  - P2 hand: Target Marker Probe
  + P2 board: Target Marker Probe
End of Turn 15: P1 board 4, P2 board 6, Dead Pool 11
Turn 16 - P1 acts
  - P1 hand: Technomancer
  + P1 board: Technomancer
  - P1 board: Restless Natives
  + P1 retired: Restless Natives
  - P2 board: Hover Shield
  + P2 retired: Hover Shield
  + Dead Pool: Restless Natives, Restless Natives, Hover Shield
End of Turn 16: P1 board 4, P2 board 5, Dead Pool 14
Turn 17 - P2 acts
  - P2 hand: Compliance Auditon
  + P2 board: Compliance Auditon
End of Turn 17: P1 board 4, P2 board 6, Dead Pool 14
Turn 18 - P1 acts
  - P1 hand: Void Freak
  + P1 board: Void Freak
End of Turn 18: P1 board 5, P2 board 6, Dead Pool 14
Turn 19 - P2 acts
  - P2 hand: K-9.0
  + P2 board: K-9.0
  - P2 board: Task Mistres
  + P2 retired: Task Mistres
  + Dead Pool: Task Mistres, Task Mistres
End of Turn 19: P1 board 5, P2 board 6, Dead Pool 16
Turn 20 - P1 acts
  - P1 hand: Meat Vegetable
  + P1 board: Meat Vegetable
End of Turn 20: P1 board 6, P2 board 6, Dead Pool 16
Turn 21 - P2 acts
  - P2 hand: Impact Simulant
  + P2 board: Impact Simulant
End of Turn 21: P1 board 6, P2 board 7, Dead Pool 16
Turn 22 - P1 acts
  - P1 hand: Vex
  + P1 board: Vex
  - P1 board: Local Singularity, Restless Natives
  + P1 retired: Restless Natives, Local Singularity
  - P2 board: Lokar Simmons
  + P2 retired: Lokar Simmons
  + Dead Pool: Restless Natives, Restless Natives, Local Singularity, Local Singularity, Lokar Simmons
Result: winner P1 | turns 21
Retired: P1 7, P2 6, Dead Pool 21

=== Game seed 11128 ===
Starting: P1 faction PCU vs P2 faction NARC
Turn 1 - P1 acts
  - P1 hand: Void Freak
  + P1 board: Void Freak
End of Turn 1: P1 board 2, P2 board 1, Dead Pool 0
Turn 2 - P2 acts
  - P2 hand: Compliance Auditon
  + P2 board: Compliance Auditon
End of Turn 2: P1 board 2, P2 board 2, Dead Pool 0
Turn 3 - P1 acts
  - P1 hand: Käsekobold
  + P1 board: Käsekobold
  - P2 board: Lokar Simmons
  + P2 retired: Lokar Simmons
  + Dead Pool: Lokar Simmons
Result: winner P1 | turns 2
Retired: P1 0, P2 1, Dead Pool 1

=== Game seed 11129 ===
Starting: P1 faction PCU vs P2 faction NARC
Turn 1 - P2 acts
  - P2 hand: Detainment Probe
  + P2 board: Detainment Probe
End of Turn 1: P1 board 1, P2 board 2, Dead Pool 0
Turn 2 - P1 acts
  - P1 hand: Void Freak
  + P1 board: Void Freak
End of Turn 2: P1 board 2, P2 board 2, Dead Pool 0
Turn 3 - P2 acts
  - P2 hand: Target Marker Probe
  + P2 board: Target Marker Probe
End of Turn 3: P1 board 2, P2 board 3, Dead Pool 0
Turn 4 - P1 acts
  - P1 hand: Käsekobold
  + P1 board: Käsekobold
  - P2 board: Detainment Probe
  + P2 retired: Detainment Probe
  + Dead Pool: Detainment Probe
End of Turn 4: P1 board 3, P2 board 2, Dead Pool 1
Turn 5 - P2 acts
  - P2 hand: MediFlux-1NDS
  + P2 board: MediFlux-1NDS
End of Turn 5: P1 board 3, P2 board 3, Dead Pool 1
Turn 6 - P1 acts
  - P1 hand: Restless Natives
  + P1 board: Restless Natives
  - P1 board: Void Freak
  + P1 retired: Void Freak
  + Dead Pool: Void Freak, Void Freak
End of Turn 6: P1 board 3, P2 board 3, Dead Pool 3
Turn 7 - P2 acts
  - P2 hand: Dormex Lurker
  + P2 board: Dormex Lurker
  - P2 board: Target Marker Probe
  + P2 retired: Target Marker Probe
  + Dead Pool: Target Marker Probe, Target Marker Probe
End of Turn 7: P1 board 3, P2 board 3, Dead Pool 5
Turn 8 - P1 acts
  - P1 hand: Voidling
  + P1 board: Voidling
  - P1 board: Käsekobold
  + P1 retired: Käsekobold
  + Dead Pool: Käsekobold, Käsekobold
End of Turn 8: P1 board 3, P2 board 3, Dead Pool 7
Turn 9 - P2 acts
  - P2 hand: Shield Array Node
  + P2 board: Shield Array Node
End of Turn 9: P1 board 3, P2 board 4, Dead Pool 7
Turn 10 - P1 acts
  - P1 hand: Nives
  + P1 board: Nives
  - P1 board: Restless Natives
  + P1 retired: Restless Natives
  + Dead Pool: Restless Natives, Restless Natives
End of Turn 10: P1 board 3, P2 board 4, Dead Pool 9
Turn 11 - P2 acts
  - P2 hand: Marine Marauder
  + P2 board: Marine Marauder
  - P2 board: MediFlux-1NDS
  + P2 retired: MediFlux-1NDS
  + Dead Pool: MediFlux-1NDS, MediFlux-1NDS
End of Turn 11: P1 board 3, P2 board 4, Dead Pool 11
Turn 12 - P1 acts
  - P1 hand: Käsekobold
  + P1 board: Käsekobold
  - P1 board: Voidling
  + P1 retired: Voidling
  + Dead Pool: Voidling, Voidling
End of Turn 12: P1 board 3, P2 board 4, Dead Pool 13
Turn 13 - P2 acts
  - P2 hand: MediFlux-1NDS
  + P2 board: MediFlux-1NDS
End of Turn 13: P1 board 3, P2 board 5, Dead Pool 13
Turn 14 - P1 acts
  - P1 hand: Technomancer
  + P1 board: Technomancer
  - P1 board: Nives
  + P1 retired: Nives
  + Dead Pool: Nives, Nives
End of Turn 14: P1 board 3, P2 board 5, Dead Pool 15
Turn 15 - P2 acts
  - P2 hand: Task Mistres
  + P2 board: Task Mistres
  - P2 board: Dormex Lurker
  + P2 retired: Dormex Lurker
  + Dead Pool: Dormex Lurker, Dormex Lurker
End of Turn 15: P1 board 3, P2 board 5, Dead Pool 17
Turn 16 - P1 acts
  - P1 hand: Blood Howler
  + P1 board: Blood Howler
  - P1 board: Käsekobold
  + P1 retired: Käsekobold
  + Dead Pool: Käsekobold, Käsekobold
End of Turn 16: P1 board 3, P2 board 5, Dead Pool 19
Turn 17 - P2 acts
  - P2 hand: Marine Marauder
  + P2 board: Marine Marauder
End of Turn 17: P1 board 3, P2 board 6, Dead Pool 19
Turn 18 - P1 acts
  - P1 hand: Voidling
  + P1 board: Voidling
End of Turn 18: P1 board 4, P2 board 6, Dead Pool 19
Turn 19 - P2 acts
  - P1 board: Technomancer
  + P1 retired: Technomancer
  - P2 hand: K-9.0
  + P2 board: K-9.0
  - P2 board: Shield Array Node
  + P2 retired: Shield Array Node
  + Dead Pool: Shield Array Node, Shield Array Node, Technomancer
End of Turn 19: P1 board 3, P2 board 6, Dead Pool 22
Turn 20 - P1 acts
  - P1 hand: Vex
  + P1 board: Vex
  - P1 board: Blood Howler
  + P1 retired: Blood Howler
  + Dead Pool: Blood Howler, Blood Howler
End of Turn 20: P1 board 3, P2 board 6, Dead Pool 24
Turn 21 - P2 acts
  - P2 hand: Marine Marauder
  + P2 retired: Marine Marauder
  + Dead Pool: Marine Marauder, Marine Marauder
End of Turn 21: P1 board 3, P2 board 6, Dead Pool 26
Turn 22 - P1 acts
  - P1 hand: Psychodelic Toad
  + P1 board: Psychodelic Toad
End of Turn 22: P1 board 4, P2 board 6, Dead Pool 26
Turn 23 - P2 acts
  - P2 hand: Impact Simulant
  + P2 board: Impact Simulant
End of Turn 23: P1 board 4, P2 board 7, Dead Pool 26
Turn 24 - P1 acts
  - P1 hand: Restless Natives
  + P1 board: Restless Natives
  - P1 board: Vex
  + P1 retired: Vex
  + Dead Pool: Vex, Vex
End of Turn 24: P1 board 4, P2 board 7, Dead Pool 28
Turn 25 - P2 acts
  - P1 board: Voidling
  + P1 retired: Voidling
  - P2 hand: Nob Lobber
  + P2 board: Nob Lobber
  - P2 board: MediFlux-1NDS
  + P2 retired: MediFlux-1NDS
  + Dead Pool: MediFlux-1NDS, MediFlux-1NDS, Voidling
End of Turn 25: P1 board 3, P2 board 7, Dead Pool 31
Turn 26 - P1 acts
  - P1 hand: Käsekobold
  + P1 board: Käsekobold
  - P1 board: Psychodelic Toad
  + P1 retired: Psychodelic Toad
  + Dead Pool: Psychodelic Toad, Psychodelic Toad
End of Turn 26: P1 board 3, P2 board 7, Dead Pool 33
Turn 27 - P2 acts
  - P2 hand: K-9.0
  + P2 board: K-9.0
End of Turn 27: P1 board 3, P2 board 8, Dead Pool 33
Turn 28 - P1 acts
  - P1 hand: Nives
  + P1 board: Nives
  - P1 board: Restless Natives
  + P1 retired: Restless Natives
  - P2 board: Task Mistres
  + P2 retired: Task Mistres
  + Dead Pool: Restless Natives, Restless Natives, Task Mistres
End of Turn 28: P1 board 3, P2 board 7, Dead Pool 36
Turn 29 - P2 acts
  - P1 board: Käsekobold
  + P1 retired: Käsekobold
  - P2 hand: Sausage Droid
  + P2 board: Sausage Droid
  + Dead Pool: Käsekobold
End of Turn 29: P1 board 2, P2 board 8, Dead Pool 37
Turn 30 - P1 acts
  - P1 hand: Annihilist Overseer
  + P1 board: Annihilist Overseer
  - P1 board: Nives
  + P1 retired: Nives
  + Dead Pool: Nives, Nives
End of Turn 30: P1 board 2, P2 board 8, Dead Pool 39
Turn 31 - P2 acts
  - P2 hand: Target Marker Probe
  + P2 board: Target Marker Probe
  - P2 board: Marine Marauder
  + P2 retired: Marine Marauder
  + Dead Pool: Marine Marauder, Marine Marauder
End of Turn 31: P1 board 2, P2 board 8, Dead Pool 41
Turn 32 - P1 acts
  - P1 hand: Annihilist Overseer
  + P1 retired: Annihilist Overseer
  + Dead Pool: Annihilist Overseer, Annihilist Overseer
End of Turn 32: P1 board 2, P2 board 8, Dead Pool 43
Turn 33 - P2 acts
  - P2 hand: Dormex Lurker
  + P2 board: Dormex Lurker
End of Turn 33: P1 board 2, P2 board 9, Dead Pool 43
Turn 34 - P1 acts
  - P1 hand: Technomancer
  + P1 board: Technomancer
  - P1 board: Annihilist Overseer
  + P1 retired: Annihilist Overseer
  + Dead Pool: Annihilist Overseer, Annihilist Overseer
End of Turn 34: P1 board 2, P2 board 9, Dead Pool 45
Turn 35 - P2 acts
  - P2 hand: Bruut Enforcer
  + P2 board: Bruut Enforcer
  - P2 board: K-9.0
  + P2 retired: K-9.0
  + Dead Pool: K-9.0, K-9.0
End of Turn 35: P1 board 2, P2 board 9, Dead Pool 47
Turn 36 - P1 acts
  - P1 hand: Blood Howler
  + P1 board: Blood Howler
End of Turn 36: P1 board 3, P2 board 9, Dead Pool 47
Turn 37 - P2 acts
  - P2 hand: Nob Lobber
  + P2 board: Nob Lobber
  - P2 board: Marine Marauder
  + P2 retired: Marine Marauder
  + Dead Pool: Marine Marauder, Marine Marauder
End of Turn 37: P1 board 3, P2 board 9, Dead Pool 49
Turn 38 - P1 acts
  - P1 hand: Vex
  + P1 board: Vex
  - P1 board: Technomancer
  + P1 retired: Technomancer
  + Dead Pool: Technomancer, Technomancer
End of Turn 38: P1 board 3, P2 board 9, Dead Pool 51
Turn 39 - P2 acts
  - P2 hand: Sentry Node
  + P2 board: Sentry Node
  - P2 board: Impact Simulant
  + P2 retired: Impact Simulant
  + Dead Pool: Impact Simulant, Impact Simulant
End of Turn 39: P1 board 3, P2 board 9, Dead Pool 53
Turn 40 - P1 acts
  - P1 hand: Dragoon
  + P1 board: Dragoon
  - P1 board: Blood Howler, Vex
  + P1 retired: Blood Howler, Vex
  + Dead Pool: Blood Howler, Blood Howler, Vex, Vex
End of Turn 40: P1 board 2, P2 board 9, Dead Pool 57
Turn 41 - P2 acts
  - P2 hand: Compliance Auditon
  + P2 board: Compliance Auditon
End of Turn 41: P1 board 2, P2 board 10, Dead Pool 57
Turn 42 - P1 acts
  - P1 hand: Local Singularity
  + P1 board: Local Singularity
End of Turn 42: P1 board 3, P2 board 10, Dead Pool 57
Turn 43 - P2 acts
  - P1 board: Dragoon
  + P1 retired: Dragoon
  - P2 hand: K-9.0
  + P2 board: K-9.0
  - P2 board: Nob Lobber
  + P2 retired: Nob Lobber
  + Dead Pool: Nob Lobber, Nob Lobber, Dragoon
End of Turn 43: P1 board 2, P2 board 10, Dead Pool 60
Turn 44 - P1 acts
  - P1 hand: Restless Natives
  + P1 board: Restless Natives
End of Turn 44: P1 board 3, P2 board 10, Dead Pool 60
Turn 45 - P2 acts
  - P2 hand: Sausage Droid
  + P2 board: Sausage Droid
End of Turn 45: P1 board 3, P2 board 11, Dead Pool 60
Turn 46 - P1 acts
  - P1 hand: Vex
  + P1 board: Vex
  - P1 board: Local Singularity, Restless Natives
  + P1 retired: Restless Natives, Local Singularity
  + Dead Pool: Restless Natives, Restless Natives, Local Singularity, Local Singularity
End of Turn 46: P1 board 2, P2 board 11, Dead Pool 64
Turn 47 - P2 acts
  - P2 hand: Sentry Node
  + P2 board: Sentry Node
  - P2 board: K-9.0
  + P2 retired: K-9.0
  + Dead Pool: K-9.0, K-9.0
End of Turn 47: P1 board 2, P2 board 11, Dead Pool 66
Turn 48 - P1 acts
  - P1 hand: Voidling
  + P1 board: Voidling
  - P1 board: Vex
  + P1 retired: Vex
  + Dead Pool: Vex, Vex
End of Turn 48: P1 board 2, P2 board 11, Dead Pool 68
Turn 49 - P2 acts
  - P2 hand: Sentry Node
  + P2 board: Sentry Node
  - P2 board: Sausage Droid
  + P2 retired: Sausage Droid
  + Dead Pool: Sausage Droid, Sausage Droid
End of Turn 49: P1 board 2, P2 board 11, Dead Pool 70
Turn 50 - P1 acts
  - P1 hand: Local Singularity
  + P1 board: Local Singularity
End of Turn 50: P1 board 3, P2 board 11, Dead Pool 70
Turn 51 - P2 acts
  - P2 hand: Nob Lobber
  + P2 board: Nob Lobber
  - P2 board: Target Marker Probe
  + P2 retired: Target Marker Probe
  + Dead Pool: Target Marker Probe, Target Marker Probe
End of Turn 51: P1 board 3, P2 board 11, Dead Pool 72
Turn 52 - P1 acts
  - P1 hand: Mutt
  + P1 board: Mutt
  - P1 board: Voidling
  + P1 retired: Voidling
  + Dead Pool: Voidling, Voidling
End of Turn 52: P1 board 3, P2 board 11, Dead Pool 74
Turn 53 - P2 acts
  - P2 hand: Detainment Probe
  + P2 board: Detainment Probe
End of Turn 53: P1 board 3, P2 board 12, Dead Pool 74
Turn 54 - P1 acts
  - P1 hand: Mutt
  - P1 board: Local Singularity
  + P1 retired: Local Singularity, Mutt
  + Dead Pool: Local Singularity, Local Singularity, Mutt, Mutt
End of Turn 54: P1 board 2, P2 board 12, Dead Pool 78
Turn 55 - P2 acts
  - P2 hand: Hover Shield
  + P2 board: Hover Shield
  - P2 board: Dormex Lurker
  + P2 retired: Dormex Lurker
  + Dead Pool: Dormex Lurker, Dormex Lurker
End of Turn 55: P1 board 2, P2 board 12, Dead Pool 80
Turn 56 - P1 acts
  - P1 hand: Primordial Oozer
  + P1 board: Primordial Oozer
End of Turn 56: P1 board 3, P2 board 12, Dead Pool 80
Turn 57 - P2 acts
  - P1 board: Mutt
  + P1 retired: Mutt
  - P2 hand: Compliance Auditon
  + P2 board: Compliance Auditon
  - P2 board: Sentry Node
  + P2 retired: Sentry Node
  + Dead Pool: Mutt, Sentry Node, Sentry Node
End of Turn 57: P1 board 2, P2 board 12, Dead Pool 83
Turn 58 - P1 acts
  - P1 hand: Nives
  + P1 board: Nives
  - P1 board: Primordial Oozer
  + P1 retired: Primordial Oozer
  + Dead Pool: Primordial Oozer, Primordial Oozer
End of Turn 58: P1 board 2, P2 board 12, Dead Pool 85
Turn 59 - P2 acts
  - P2 hand: Shield Array Node
  + P2 board: Shield Array Node
End of Turn 59: P1 board 2, P2 board 13, Dead Pool 85
Turn 60 - P1 acts
  - P1 hand: Dragoon
  + P1 board: Dragoon
  - P1 board: Nives
  + P1 retired: Nives
  + Dead Pool: Nives, Nives
End of Turn 60: P1 board 2, P2 board 13, Dead Pool 87
Turn 61 - P2 acts
  - P1 board: Grim
  + P1 retired: Grim
  - P2 hand: Shield Array Node
  + P2 board: Shield Array Node
  - P2 board: Bruut Enforcer
  + P2 retired: Bruut Enforcer
  + Dead Pool: Bruut Enforcer, Bruut Enforcer, Grim
Result: winner P2 | turns 60
Retired: P1 30, P2 19, Dead Pool 90
